artifact_group,target_id,path,bytes,sha256
drfold_checkpoint_output,8BU8_A,data/cache/v4_final_drfold2/8BU8_A/rets_dir/cfg_97_model_0.ret,29086482,79feb40ce7bdfd8dc988473bebe477ae69a5d08de47e3da22d7a5ae1faf7e5e0
drfold_checkpoint_output,8BU8_A,data/cache/v4_final_drfold2/8BU8_A/rets_dir/cfg_97_model_1.ret,29086482,9fd493154507d11d9f9b1acf2ffa697c0a250e97eab0794c08669264eb70ac69
drfold_checkpoint_output,8BU8_A,data/cache/v4_final_drfold2/8BU8_A/rets_dir/cfg_97_model_10.ret,29086482,8455d14831501fbba8bac70e1869f7b892c022583a2332ed2ee672e2ea113cf7
drfold_checkpoint_output,8BU8_A,data/cache/v4_final_drfold2/8BU8_A/rets_dir/cfg_97_model_11.ret,29086482,f4450807eeafc8532cafb4e0f3d04158defe6a8552d1880c066ba441dd13c7ca
drfold_checkpoint_output,8BU8_A,data/cache/v4_final_drfold2/8BU8_A/rets_dir/cfg_97_model_12.ret,29086482,4686d7a2dccb831b23a77babe77640c9e29ab2eaf6da2a7f1e7676ece6e3b337
drfold_checkpoint_output,8BU8_A,data/cache/v4_final_drfold2/8BU8_A/rets_dir/cfg_97_model_13.ret,29086482,6a9fa6e43b558f9cb4c396eefdb338fed6890616456f9cdd1ac317b1524fcc4e
drfold_checkpoint_output,8BU8_A,data/cache/v4_final_drfold2/8BU8_A/rets_dir/cfg_97_model_14.ret,29086482,093099768a9fe09fc962b65120110ddda7313a4cf1fb312868dc1b24a4406eea
drfold_checkpoint_output,8BU8_A,data/cache/v4_final_drfold2/8BU8_A/rets_dir/cfg_97_model_15.ret,29086482,84f47256d9074e2b8c92af86866cf3631a90002299f14699be8a1f5c4423079b
drfold_checkpoint_output,8BU8_A,data/cache/v4_final_drfold2/8BU8_A/rets_dir/cfg_97_model_16.ret,29086482,e70706bb32e55313f8f72fd3abdf5e5112f91ae00b911baf4dfac37051e50261
drfold_checkpoint_output,8BU8_A,data/cache/v4_final_drfold2/8BU8_A/rets_dir/cfg_97_model_17.ret,29086482,5a4a88153ec1b5b2e099c458c25fc964b28fbea061f189dcbd432482e0e1ef9d
drfold_checkpoint_output,8BU8_A,data/cache/v4_final_drfold2/8BU8_A/rets_dir/cfg_97_model_18.ret,29086482,a115b382d3926b0850fabd9a0749c2aa649ecf860a82986fc2539ee3ce9828af
drfold_checkpoint_output,8BU8_A,data/cache/v4_final_drfold2/8BU8_A/rets_dir/cfg_97_model_19.ret,29086482,35a48d587719fe42273353e8aa057fe47b69e562d2d9a4e2268549ebc13d05ad
drfold_checkpoint_output,8BU8_A,data/cache/v4_final_drfold2/8BU8_A/rets_dir/cfg_97_model_2.ret,29086482,2435c58f768868248152bc4ec0833fed797223cdd4f2577d5bb50a8a94e64019
drfold_checkpoint_output,8BU8_A,data/cache/v4_final_drfold2/8BU8_A/rets_dir/cfg_97_model_3.ret,29086482,36969b4a76f650232c10ca544a8928f51a3c34ad4b5a8ddca8ac7f792185ee06
drfold_checkpoint_output,8BU8_A,data/cache/v4_final_drfold2/8BU8_A/rets_dir/cfg_97_model_4.ret,29086482,8815f3abec61099e14031861185e810439e2c5f4a804a1d2a25aaeb0b038a389
drfold_checkpoint_output,8BU8_A,data/cache/v4_final_drfold2/8BU8_A/rets_dir/cfg_97_model_5.ret,29086482,85ae2a621d9c8ac2af2cfb0eefdcddacf564e3185cde98eadb192336401b0493
drfold_checkpoint_output,8BU8_A,data/cache/v4_final_drfold2/8BU8_A/rets_dir/cfg_97_model_6.ret,29086482,20210f2359c69497a795bbd4f5fbdc3957bbad7cd9d2e8f12ac3e2d0d92b499f
drfold_checkpoint_output,8BU8_A,data/cache/v4_final_drfold2/8BU8_A/rets_dir/cfg_97_model_7.ret,29086482,6a16eb54ed5f5c6c5962952f4124744039e6358d2d50afd39c227d623e7141db
drfold_checkpoint_output,8BU8_A,data/cache/v4_final_drfold2/8BU8_A/rets_dir/cfg_97_model_8.ret,29086482,710f303a96c4cbc56891d6eaef940cff70b3925d0d02323eb72eca0776b2ec44
drfold_checkpoint_output,8BU8_A,data/cache/v4_final_drfold2/8BU8_A/rets_dir/cfg_97_model_9.ret,29086482,f4e9ec9fcd48b94baf689e6bf83b99e40b1deb845d29d1458239fe995d16ee3b
drfold_checkpoint_output,8CBM_T,data/cache/v4_final_drfold2/8CBM_T/rets_dir/cfg_97_model_0.ret,1107444,4afaf198d1ff1df9b7c38d2fdb0db5966c2549d2312f1ef2353987f90df3b3c8
drfold_checkpoint_output,8CBM_T,data/cache/v4_final_drfold2/8CBM_T/rets_dir/cfg_97_model_1.ret,1107444,aca82492c8792115eeceab3806dcf27c2f25883d5b76b3fd8f802cf185ae47f7
drfold_checkpoint_output,8CBM_T,data/cache/v4_final_drfold2/8CBM_T/rets_dir/cfg_97_model_10.ret,1107444,4de6f54c306d67c49b904d8bda5ee6b26de9a7396a2eb3303cfddd518575e779
drfold_checkpoint_output,8CBM_T,data/cache/v4_final_drfold2/8CBM_T/rets_dir/cfg_97_model_11.ret,1107444,c2499a9c20c7f0611036fb11be6e5c77a3a29f5d9afe8e38a4ab32686317aee6
drfold_checkpoint_output,8CBM_T,data/cache/v4_final_drfold2/8CBM_T/rets_dir/cfg_97_model_12.ret,1107444,ca55643483ed395659852a1de4e5f5d184f8baf6faf87bd04f32097750120895
drfold_checkpoint_output,8CBM_T,data/cache/v4_final_drfold2/8CBM_T/rets_dir/cfg_97_model_13.ret,1107444,453915d99a8ed340912bb4903095f36c54fdd67053115b0c1615d20d383cc4f5
drfold_checkpoint_output,8CBM_T,data/cache/v4_final_drfold2/8CBM_T/rets_dir/cfg_97_model_14.ret,1107444,97f7e94c258e7fc2e783e10f7f4dff96ad5256db907768ef0f21c904a4b1c992
drfold_checkpoint_output,8CBM_T,data/cache/v4_final_drfold2/8CBM_T/rets_dir/cfg_97_model_15.ret,1107444,c391ee630ee74adecb7315c4eaae45ec2e71442a7ceb257fdff10e59860369df
drfold_checkpoint_output,8CBM_T,data/cache/v4_final_drfold2/8CBM_T/rets_dir/cfg_97_model_16.ret,1107444,949c3bb915aa986d23edbec9c09b31ff64c2494875b8e680aa6fa9a18ffb631b
drfold_checkpoint_output,8CBM_T,data/cache/v4_final_drfold2/8CBM_T/rets_dir/cfg_97_model_17.ret,1107444,a5646d9f5688735e7c8920213b6a7d6d32ab5cdbdbb29a0c31aa7c10ed48cbd4
drfold_checkpoint_output,8CBM_T,data/cache/v4_final_drfold2/8CBM_T/rets_dir/cfg_97_model_18.ret,1107444,22954f861160f4413045114bd04b1131e05a043067b85f5dc47641dd1bdffe1b
drfold_checkpoint_output,8CBM_T,data/cache/v4_final_drfold2/8CBM_T/rets_dir/cfg_97_model_19.ret,1107444,466fa46a6e3dd525811ed4f845e3d7b285084b77d75da793f4b598ad9fa34cb2
drfold_checkpoint_output,8CBM_T,data/cache/v4_final_drfold2/8CBM_T/rets_dir/cfg_97_model_2.ret,1107444,eb128e72a2664727dccfc73364ab5f0ee091a654ad93ad4cad4d1b98b4ee9a80
drfold_checkpoint_output,8CBM_T,data/cache/v4_final_drfold2/8CBM_T/rets_dir/cfg_97_model_3.ret,1107444,0504837828e621d70d44de2503034b2390ce72b84f0f250950773aa739e0e5d7
drfold_checkpoint_output,8CBM_T,data/cache/v4_final_drfold2/8CBM_T/rets_dir/cfg_97_model_4.ret,1107444,b2f9ae955845fb9fee80aff1fc010eb14370d53c5fdaa5136850880d2e2284cf
drfold_checkpoint_output,8CBM_T,data/cache/v4_final_drfold2/8CBM_T/rets_dir/cfg_97_model_5.ret,1107444,9c4e2119c12a08f60db054ce3cb0cc34aae34355e19ece689520c5ebaf204c94
drfold_checkpoint_output,8CBM_T,data/cache/v4_final_drfold2/8CBM_T/rets_dir/cfg_97_model_6.ret,1107444,c3624517494dbd4bbc6d4042cb8e6063dc282529cadde68912b389ca08efdf46
drfold_checkpoint_output,8CBM_T,data/cache/v4_final_drfold2/8CBM_T/rets_dir/cfg_97_model_7.ret,1107444,6f2ba02102b110e74f08fa31382b053038e7ce3302f2d04ff4c3220f5aed7736
drfold_checkpoint_output,8CBM_T,data/cache/v4_final_drfold2/8CBM_T/rets_dir/cfg_97_model_8.ret,1107444,1e19ab7894033a341c702c761773fe0fa182a9790392b0d49d1d217304f3b62f
drfold_checkpoint_output,8CBM_T,data/cache/v4_final_drfold2/8CBM_T/rets_dir/cfg_97_model_9.ret,1107444,340d61955d54ba0c7898bfd4eab137d0dadd1dcf107b0ad16f13947ab13ddafa
drfold_checkpoint_output,8K85_A,data/cache/v4_final_drfold2/8K85_A/rets_dir/cfg_97_model_0.ret,729976,cd3d898ef024f135da89c61b31f39401b55fc6ca80f38e321a33a31549416328
drfold_checkpoint_output,8K85_A,data/cache/v4_final_drfold2/8K85_A/rets_dir/cfg_97_model_1.ret,729976,d154eb84f4a1aa95a30736742fd4729e6582dd62c90f2712d41b32c586035a63
drfold_checkpoint_output,8K85_A,data/cache/v4_final_drfold2/8K85_A/rets_dir/cfg_97_model_10.ret,729976,ee03df35c006296e94b2f5b64e59ff40ef949511535b5afa438ab678c51e2aa1
drfold_checkpoint_output,8K85_A,data/cache/v4_final_drfold2/8K85_A/rets_dir/cfg_97_model_11.ret,729976,1f0d21d6eac3d75375a07b7b7a9778573feb39379c463e5d780ea7cd48970d69
drfold_checkpoint_output,8K85_A,data/cache/v4_final_drfold2/8K85_A/rets_dir/cfg_97_model_12.ret,729976,d22db37480c9593ea0babed01b97fc308a5096385763be29989223afa7f82a78
drfold_checkpoint_output,8K85_A,data/cache/v4_final_drfold2/8K85_A/rets_dir/cfg_97_model_13.ret,729976,0a450f12e53b1610d48973fb596786e6bc697943ec26cada564246743b8ebeee
drfold_checkpoint_output,8K85_A,data/cache/v4_final_drfold2/8K85_A/rets_dir/cfg_97_model_14.ret,729976,10dac388420e252bb53bdc4e1c6d8a8e2ed1db5c0d8cb434aef01215cc4a16ed
drfold_checkpoint_output,8K85_A,data/cache/v4_final_drfold2/8K85_A/rets_dir/cfg_97_model_15.ret,729976,ba498dbe0c422815b1a3f743f3a7f3d82358b804fc0fcba449c8c0ea14966e8d
drfold_checkpoint_output,8K85_A,data/cache/v4_final_drfold2/8K85_A/rets_dir/cfg_97_model_16.ret,729976,9a7f0899b437fffe7b1db7e87ae2d2520bcd0181e73faf9da085e513e7cce9e1
drfold_checkpoint_output,8K85_A,data/cache/v4_final_drfold2/8K85_A/rets_dir/cfg_97_model_17.ret,729976,17b9f359508e280b378553bbf6206338cd78cc16a54926b447dc30bcc6be0bcc
drfold_checkpoint_output,8K85_A,data/cache/v4_final_drfold2/8K85_A/rets_dir/cfg_97_model_18.ret,729976,ef64b2c1e9e33a5bfc5c3bdbdbb54b7b43a9024c7e1a425309d4c2d82ac736c6
drfold_checkpoint_output,8K85_A,data/cache/v4_final_drfold2/8K85_A/rets_dir/cfg_97_model_19.ret,729976,526a0fb6b91cf1b5dd5362263b9d9540616c5f8c0915584751ebf73bc642a032
drfold_checkpoint_output,8K85_A,data/cache/v4_final_drfold2/8K85_A/rets_dir/cfg_97_model_2.ret,729976,fc6f9d99b84e0a249583845d8dd4863606afd232b7cc86b665e13514495d426e
drfold_checkpoint_output,8K85_A,data/cache/v4_final_drfold2/8K85_A/rets_dir/cfg_97_model_3.ret,729976,1f5f142aa3873e2124258f93f47f82afcbcd2aaf4efd8b4f62d8ce3791995251
drfold_checkpoint_output,8K85_A,data/cache/v4_final_drfold2/8K85_A/rets_dir/cfg_97_model_4.ret,729976,193028f13060128ecf75c0954e729323dd998c737ed6c827925468e812652c10
drfold_checkpoint_output,8K85_A,data/cache/v4_final_drfold2/8K85_A/rets_dir/cfg_97_model_5.ret,729976,923045137b35c70dd1811ad22b67f9a6366e68e02fcea780c93e9564cc667da1
drfold_checkpoint_output,8K85_A,data/cache/v4_final_drfold2/8K85_A/rets_dir/cfg_97_model_6.ret,729976,edfe127c4d5daa25b59c666188290eb1489fd2d36a5317ac3ace7465de73af2e
drfold_checkpoint_output,8K85_A,data/cache/v4_final_drfold2/8K85_A/rets_dir/cfg_97_model_7.ret,729976,a67267a3d9e63ab3c15010cc802b069c23fd7536ea7bf3db139d6c4e64655512
drfold_checkpoint_output,8K85_A,data/cache/v4_final_drfold2/8K85_A/rets_dir/cfg_97_model_8.ret,729976,b8edcdeb35b9441a04ca5f60c0ec75548034872981bb1d5ad13745a78c23eb17
drfold_checkpoint_output,8K85_A,data/cache/v4_final_drfold2/8K85_A/rets_dir/cfg_97_model_9.ret,729976,0a1a35df4e2bbf44ecf357efd6781c2c7ac258945cb41eb4f8446a590ff1e453
drfold_checkpoint_output,8KIE_a,data/cache/v4_final_drfold2/8KIE_a/rets_dir/cfg_97_model_0.ret,29747362,097eb41b3a2c735a55e54a7b956176e0365103410513a12a984aa84dda3e91a6
drfold_checkpoint_output,8KIE_a,data/cache/v4_final_drfold2/8KIE_a/rets_dir/cfg_97_model_1.ret,29747362,12c5638335ff94da6c3a1930f0e5ea1d22781c361d5b5a37c725046febac3d19
drfold_checkpoint_output,8KIE_a,data/cache/v4_final_drfold2/8KIE_a/rets_dir/cfg_97_model_10.ret,29747362,51fa71a2703831b6bd06fcc6b766627350da2905bf0d8cbfcde624bb7ca76179
drfold_checkpoint_output,8KIE_a,data/cache/v4_final_drfold2/8KIE_a/rets_dir/cfg_97_model_11.ret,29747362,f4fdcb7e4f4a8d5b0e2cf3a5774395ff40e6832f56f40f12de54cc289f153dd9
drfold_checkpoint_output,8KIE_a,data/cache/v4_final_drfold2/8KIE_a/rets_dir/cfg_97_model_12.ret,29747362,d495bcabb5e9b808826ab832461aa7dad07f67c34a9d940ac2da25b3bb2a1f92
drfold_checkpoint_output,8KIE_a,data/cache/v4_final_drfold2/8KIE_a/rets_dir/cfg_97_model_13.ret,29747362,ce0fbb46fd2b7dbc5632fb140536a1052894c8a1cf8134f58616f8dc6d80051a
drfold_checkpoint_output,8KIE_a,data/cache/v4_final_drfold2/8KIE_a/rets_dir/cfg_97_model_14.ret,29747362,728627dee44fc02031ee0ca106063fe1b0b24494c30ee3bceea76a166b05fec9
drfold_checkpoint_output,8KIE_a,data/cache/v4_final_drfold2/8KIE_a/rets_dir/cfg_97_model_15.ret,29747362,a19eb4064001410e28738cf81a507b33f0723c73e91de556fad32461cd660ade
drfold_checkpoint_output,8KIE_a,data/cache/v4_final_drfold2/8KIE_a/rets_dir/cfg_97_model_16.ret,29747362,8d53580d2e2fc9c2017f3d4f9e0cbc229c6e09580b33363efcdb2bc151bb17ed
drfold_checkpoint_output,8KIE_a,data/cache/v4_final_drfold2/8KIE_a/rets_dir/cfg_97_model_17.ret,29747362,7ccddbb2365ebafa86cc211c7fa123decad3213531a4f59d1b6c68f0c9742aa8
drfold_checkpoint_output,8KIE_a,data/cache/v4_final_drfold2/8KIE_a/rets_dir/cfg_97_model_18.ret,29747362,4544b00917f26690d983e94784e28930fd4ff8d152246930458b78650d486eed
drfold_checkpoint_output,8KIE_a,data/cache/v4_final_drfold2/8KIE_a/rets_dir/cfg_97_model_19.ret,29747362,c6185a6b199e8aafceb82ac1e0706056f60dabeda75cc9c01ed8151a792c2441
drfold_checkpoint_output,8KIE_a,data/cache/v4_final_drfold2/8KIE_a/rets_dir/cfg_97_model_2.ret,29747362,4abeba7b42105012c42011c2f6209132706a7c956afb3993156c761580f4b3d2
drfold_checkpoint_output,8KIE_a,data/cache/v4_final_drfold2/8KIE_a/rets_dir/cfg_97_model_3.ret,29747362,f50b9f01049cf3a7fec06fb80b1272dbc1dcb6a9d0301f675e62a2b7251f65a5
drfold_checkpoint_output,8KIE_a,data/cache/v4_final_drfold2/8KIE_a/rets_dir/cfg_97_model_4.ret,29747362,a95ac1eed68e2b27ba04f9ecf309d551a47c6122bd97561f68afae7ade035c9e
drfold_checkpoint_output,8KIE_a,data/cache/v4_final_drfold2/8KIE_a/rets_dir/cfg_97_model_5.ret,29747362,89274d46211bed3c2e3841a7ce9c21b21e7de3e1706ec1b7c385f1f9bc9b21d7
drfold_checkpoint_output,8KIE_a,data/cache/v4_final_drfold2/8KIE_a/rets_dir/cfg_97_model_6.ret,29747362,64235466fe10a2520f705fd6d04e2bbbea76681db6a1aeae094fa1cebbfd253f
drfold_checkpoint_output,8KIE_a,data/cache/v4_final_drfold2/8KIE_a/rets_dir/cfg_97_model_7.ret,29747362,ac59764e9e3a691673868539d34ab726ddc8e38f4e35daf94ce62c3186cf2803
drfold_checkpoint_output,8KIE_a,data/cache/v4_final_drfold2/8KIE_a/rets_dir/cfg_97_model_8.ret,29747362,735d638cef2f2ce6319d69687bff070fb17f735fc6d3deb3b6cc41d2a849e55c
drfold_checkpoint_output,8KIE_a,data/cache/v4_final_drfold2/8KIE_a/rets_dir/cfg_97_model_9.ret,29747362,d66758d46864e45b665ef122601df5b9a7fadf1bffd7a56eedfdcce218fb7320
drfold_checkpoint_output,8ONY_5,data/cache/v4_final_drfold2/8ONY_5/rets_dir/cfg_97_model_0.ret,5651985,e0c059181ebdece549dd3244fea9d29d8f60e485e07b5d13d6710cfd805777ef
drfold_checkpoint_output,8ONY_5,data/cache/v4_final_drfold2/8ONY_5/rets_dir/cfg_97_model_1.ret,5651985,3ab79aa00e809457b76406baaa6e4833debe4aaaf33cd4e308474d8d40c59baa
drfold_checkpoint_output,8ONY_5,data/cache/v4_final_drfold2/8ONY_5/rets_dir/cfg_97_model_10.ret,5651985,f2d04f57a2172059fbeebebad0fd8f77d99faf728807049c089c83a19576c374
drfold_checkpoint_output,8ONY_5,data/cache/v4_final_drfold2/8ONY_5/rets_dir/cfg_97_model_11.ret,5651985,652e680b33c40ccfcbd29cb3107e13cdaffb895caf41d1d6a1003b6d0c89cab6
drfold_checkpoint_output,8ONY_5,data/cache/v4_final_drfold2/8ONY_5/rets_dir/cfg_97_model_12.ret,5651985,9a6260316fdfec7f8b35b9cd2ed1c202f7724f9ea189a817f6d21148a9b5acb1
drfold_checkpoint_output,8ONY_5,data/cache/v4_final_drfold2/8ONY_5/rets_dir/cfg_97_model_13.ret,5651985,1807fa9e9ca601c513364de417525367ba86c3ab440142700af98502982ed0e7
drfold_checkpoint_output,8ONY_5,data/cache/v4_final_drfold2/8ONY_5/rets_dir/cfg_97_model_14.ret,5651985,04aef4fe5985e99932cdc4c82c043a6868bf9f2cc805b0bdca8c65fe3af1de10
drfold_checkpoint_output,8ONY_5,data/cache/v4_final_drfold2/8ONY_5/rets_dir/cfg_97_model_15.ret,5651985,c0f51dcb84379a15249190b3255baea48351e6d0d432ee66160e57d6c89f35c0
drfold_checkpoint_output,8ONY_5,data/cache/v4_final_drfold2/8ONY_5/rets_dir/cfg_97_model_16.ret,5651985,7054e49e70c452167203017765f5b8950bbc8817826b03ae54412066a6859a34
drfold_checkpoint_output,8ONY_5,data/cache/v4_final_drfold2/8ONY_5/rets_dir/cfg_97_model_17.ret,5651985,f39ee1b1b7f02eda2b97b0fc194345b1cf2cb5069f417a1f4b6059e8902bfc38
drfold_checkpoint_output,8ONY_5,data/cache/v4_final_drfold2/8ONY_5/rets_dir/cfg_97_model_18.ret,5651985,4caac3c711006452c43d6074742d716a7cae8a81d40bebaed671d1c137670c3d
drfold_checkpoint_output,8ONY_5,data/cache/v4_final_drfold2/8ONY_5/rets_dir/cfg_97_model_19.ret,5651985,a8c8f9d0fdb0d270b0dbde41f878dec7e5e1a1318873c4d1801663b25c131ec4
drfold_checkpoint_output,8ONY_5,data/cache/v4_final_drfold2/8ONY_5/rets_dir/cfg_97_model_2.ret,5651985,a870898015511eb301d64e51e51be25fca6f66bc8eb31f0a3ce55155f22828fd
drfold_checkpoint_output,8ONY_5,data/cache/v4_final_drfold2/8ONY_5/rets_dir/cfg_97_model_3.ret,5651985,681b58a9e21fbc91fba88afd94f4eb5e17b90a597604413bb90ad7c6a02e7bcd
drfold_checkpoint_output,8ONY_5,data/cache/v4_final_drfold2/8ONY_5/rets_dir/cfg_97_model_4.ret,5651985,184e8f844b835b3fd39043e99eaa50bf4b5e42e9b34034beeeba726053256cf5
drfold_checkpoint_output,8ONY_5,data/cache/v4_final_drfold2/8ONY_5/rets_dir/cfg_97_model_5.ret,5651985,c73f0c3ab33b97b9a96185d18bba1854050cb764d80960867d43e8b0d0751829
drfold_checkpoint_output,8ONY_5,data/cache/v4_final_drfold2/8ONY_5/rets_dir/cfg_97_model_6.ret,5651985,58c60fec181244d0ee116ac920a90e7e2a312aa468802caa3405637c8c3dd7c8
drfold_checkpoint_output,8ONY_5,data/cache/v4_final_drfold2/8ONY_5/rets_dir/cfg_97_model_7.ret,5651985,425a94b8a283e9ebe4677bf7d8f64062b4a4ae286c41fdf200ca81ed6bdb5641
drfold_checkpoint_output,8ONY_5,data/cache/v4_final_drfold2/8ONY_5/rets_dir/cfg_97_model_8.ret,5651985,8c9e144a4a3ffe0ddaaf7a31bdc5417e2ca93a40e1946cf5c784c34f35a8c38a
drfold_checkpoint_output,8ONY_5,data/cache/v4_final_drfold2/8ONY_5/rets_dir/cfg_97_model_9.ret,5651985,d4cc7da6030861a908dcac7c986491bfc5bf60390bfa000f6e0f13024eb64729
drfold_checkpoint_output,8ONZ_1,data/cache/v4_final_drfold2/8ONZ_1/rets_dir/cfg_97_model_0.ret,16922946,c3202f297be84c87fc5789cf45a3d9ef6c226a1c042cf5678f2d0ac019f14ad4
drfold_checkpoint_output,8ONZ_1,data/cache/v4_final_drfold2/8ONZ_1/rets_dir/cfg_97_model_1.ret,16922946,40dce1261f0f5b244ccd49127413e8548050126109dcd48c6baa7b60cbfb5db8
drfold_checkpoint_output,8ONZ_1,data/cache/v4_final_drfold2/8ONZ_1/rets_dir/cfg_97_model_10.ret,16922946,ecb48167cf03dc4dae04603a5cbb8f20b2c217178905bb1974e3f0cab59dd442
drfold_checkpoint_output,8ONZ_1,data/cache/v4_final_drfold2/8ONZ_1/rets_dir/cfg_97_model_11.ret,16922946,4e84911029769121632b9c3c30e046eb7085affa90d1d3ed3a08b06a62ccd77e
drfold_checkpoint_output,8ONZ_1,data/cache/v4_final_drfold2/8ONZ_1/rets_dir/cfg_97_model_12.ret,16922946,7fd83de707d01dcc92dc169e2890e06ad02165cf9ccbb0a3e147c73c711f7da8
drfold_checkpoint_output,8ONZ_1,data/cache/v4_final_drfold2/8ONZ_1/rets_dir/cfg_97_model_13.ret,16922946,7b5af25f105e5ee99a4cab52601f49187f3c41b76a6440e62cc43dda894ea477
drfold_checkpoint_output,8ONZ_1,data/cache/v4_final_drfold2/8ONZ_1/rets_dir/cfg_97_model_14.ret,16922946,8657fd86f2fab842845ece608f7fc766d1836a3b699337119d4b964291992646
drfold_checkpoint_output,8ONZ_1,data/cache/v4_final_drfold2/8ONZ_1/rets_dir/cfg_97_model_15.ret,16922946,ba9d2aecf9535a217c07c44a29dfe25137edfb827f51eacc1fe0afcd22d79c17
drfold_checkpoint_output,8ONZ_1,data/cache/v4_final_drfold2/8ONZ_1/rets_dir/cfg_97_model_16.ret,16922946,f743d2f5781fea3e9f06c65ef04f71b012d4df010a77264aaff569ef0f4a5966
drfold_checkpoint_output,8ONZ_1,data/cache/v4_final_drfold2/8ONZ_1/rets_dir/cfg_97_model_17.ret,16922946,b8c2e713efe27c7ba1a46827c81fa6f524055c8f75cf8bb664424bee04ab42e7
drfold_checkpoint_output,8ONZ_1,data/cache/v4_final_drfold2/8ONZ_1/rets_dir/cfg_97_model_18.ret,16922946,298eacd71f83741cc95886fda87e9a6c1734ea3ba383cfb187ecd4594c47c7cb
drfold_checkpoint_output,8ONZ_1,data/cache/v4_final_drfold2/8ONZ_1/rets_dir/cfg_97_model_19.ret,16922946,c8e5c163bbe5cb389ca53cc25ffe523152f4db52a430a1eefb540ce49945e5e8
drfold_checkpoint_output,8ONZ_1,data/cache/v4_final_drfold2/8ONZ_1/rets_dir/cfg_97_model_2.ret,16922946,880468f482a9e23bdad90cfb7373b644a865e3fc5d2f56010506d8c00a332797
drfold_checkpoint_output,8ONZ_1,data/cache/v4_final_drfold2/8ONZ_1/rets_dir/cfg_97_model_3.ret,16922946,47595a28cac6a9f1165becaab52a8084736d555cf4bd7b0408dc0adab61b7c5b
drfold_checkpoint_output,8ONZ_1,data/cache/v4_final_drfold2/8ONZ_1/rets_dir/cfg_97_model_4.ret,16922946,f83fa9423b6f780af3cd056d4865f9c18af3827c4f130e3a5f3d0ea866ed4602
drfold_checkpoint_output,8ONZ_1,data/cache/v4_final_drfold2/8ONZ_1/rets_dir/cfg_97_model_5.ret,16922946,34e2b41a9c15ea966360f2417ae4ba25aaf7d88238311f56205ab5bfde2bc180
drfold_checkpoint_output,8ONZ_1,data/cache/v4_final_drfold2/8ONZ_1/rets_dir/cfg_97_model_6.ret,16922946,6c0d980c2d3512ad3a064acedfe9e7b1156592b8056e14cb97c56dcb931c1555
drfold_checkpoint_output,8ONZ_1,data/cache/v4_final_drfold2/8ONZ_1/rets_dir/cfg_97_model_7.ret,16922946,c79f644ed6a6ad7c4011c8e401d95ec9cd5049e1277c70d95d73a38282222aa5
drfold_checkpoint_output,8ONZ_1,data/cache/v4_final_drfold2/8ONZ_1/rets_dir/cfg_97_model_8.ret,16922946,bc1e1baaa3254d354a0a7402bd1c50ad23e70b136a541cbb08fd9c379e8e128d
drfold_checkpoint_output,8ONZ_1,data/cache/v4_final_drfold2/8ONZ_1/rets_dir/cfg_97_model_9.ret,16922946,1d4e5514a5e46b4bc7833c1b0f9172196fe403b9471b2199f154afaa14d82256
drfold_checkpoint_output,8OPT_D,data/cache/v4_final_drfold2/8OPT_D/rets_dir/cfg_97_model_0.ret,678864,6d55e7a9b7a5eea4a9da5ee2f58d61b07aadd159f11ecb86d86750af669177ad
drfold_checkpoint_output,8OPT_D,data/cache/v4_final_drfold2/8OPT_D/rets_dir/cfg_97_model_1.ret,678864,e2ec1a8cc6bb9cacbda9fd7afbce969ba6db1e78ef0bbdd54439d88751814380
drfold_checkpoint_output,8OPT_D,data/cache/v4_final_drfold2/8OPT_D/rets_dir/cfg_97_model_10.ret,678864,94215bca9400f30e66386c0d501a7845778194df7055917fbd126c1894dd75f0
drfold_checkpoint_output,8OPT_D,data/cache/v4_final_drfold2/8OPT_D/rets_dir/cfg_97_model_11.ret,678864,23af645a35bb145636b271e83fa9fd143b52295f3e362b804971d8eb707b0632
drfold_checkpoint_output,8OPT_D,data/cache/v4_final_drfold2/8OPT_D/rets_dir/cfg_97_model_12.ret,678864,0f3ac3287e13acc1a538a499fcc3de83b19105d134d8255eb08bc23808b811dd
drfold_checkpoint_output,8OPT_D,data/cache/v4_final_drfold2/8OPT_D/rets_dir/cfg_97_model_13.ret,678864,023cf0dbbcccfdc4f7086c1914501f6c79811f3df02ff8daaf6fa05434d9bc6a
drfold_checkpoint_output,8OPT_D,data/cache/v4_final_drfold2/8OPT_D/rets_dir/cfg_97_model_14.ret,678864,f04302fd609a77c953bbf8765db4445fd429488693202992bf1c6b562095ab25
drfold_checkpoint_output,8OPT_D,data/cache/v4_final_drfold2/8OPT_D/rets_dir/cfg_97_model_15.ret,678864,04c84379582d6fc4b0123e8c92ecb4d1ff5c8a0819f1d782e46ba08704d5165d
drfold_checkpoint_output,8OPT_D,data/cache/v4_final_drfold2/8OPT_D/rets_dir/cfg_97_model_16.ret,678864,29bf2f1b051404288957894f11ff2daf54b9b1335bb8e5562b18bfd370a2d95f
drfold_checkpoint_output,8OPT_D,data/cache/v4_final_drfold2/8OPT_D/rets_dir/cfg_97_model_17.ret,678864,ae7cfd065dcf009bb742c546b11d54bf1b7d39b5f330cffce5a672b32ccb33f9
drfold_checkpoint_output,8OPT_D,data/cache/v4_final_drfold2/8OPT_D/rets_dir/cfg_97_model_18.ret,678864,d48a6b0f7251b265434f08f0b67b561a416d7c2055a39520123990360ddcc8ae
drfold_checkpoint_output,8OPT_D,data/cache/v4_final_drfold2/8OPT_D/rets_dir/cfg_97_model_19.ret,678864,964b9e565e44af339777d35fe646e7cc86b215b312ef1a3080cc6e079ecde01e
drfold_checkpoint_output,8OPT_D,data/cache/v4_final_drfold2/8OPT_D/rets_dir/cfg_97_model_2.ret,678864,cd604fc2bbf3558e48d33e05ce600faf7d94fec85d6c15ca5a5ab24eb7ee5db2
drfold_checkpoint_output,8OPT_D,data/cache/v4_final_drfold2/8OPT_D/rets_dir/cfg_97_model_3.ret,678864,773f207370d97d81362c8e64dd3d116b9abb28f2c79a25b84b18e07fd5be80c9
drfold_checkpoint_output,8OPT_D,data/cache/v4_final_drfold2/8OPT_D/rets_dir/cfg_97_model_4.ret,678864,2ef8d161a88ec1e5b1709abf22417ec4a0584f5f98d4056a8a5d50efff446461
drfold_checkpoint_output,8OPT_D,data/cache/v4_final_drfold2/8OPT_D/rets_dir/cfg_97_model_5.ret,678864,9d128727c6efd6c3089d5ede911b6f40d03fd50144ed4422d2703970570fe65a
drfold_checkpoint_output,8OPT_D,data/cache/v4_final_drfold2/8OPT_D/rets_dir/cfg_97_model_6.ret,678864,a356a305aacaa9092e381a026187ba1d00bc5bb055cb0f9f5619f7d4947ae72d
drfold_checkpoint_output,8OPT_D,data/cache/v4_final_drfold2/8OPT_D/rets_dir/cfg_97_model_7.ret,678864,39f38bb5cb2b809718794c1c240d5fefc4efbb598eb32c47db7151a59092dd43
drfold_checkpoint_output,8OPT_D,data/cache/v4_final_drfold2/8OPT_D/rets_dir/cfg_97_model_8.ret,678864,be45f2aed789cf7005b58c90817f83abf22a7d6c086d3c21fc9425a6380d433c
drfold_checkpoint_output,8OPT_D,data/cache/v4_final_drfold2/8OPT_D/rets_dir/cfg_97_model_9.ret,678864,f34aec6e67aaa28ef04f3347a2ccb90fa58e6ade9562c13c43490b914698f9bd
drfold_checkpoint_output,8P7X_7,data/cache/v4_final_drfold2/8P7X_7/rets_dir/cfg_97_model_0.ret,1308108,23c98b4dc69c0196b8c6bbf4dea42760f5fd2ec37f5030bbb974e015e7f80fb1
drfold_checkpoint_output,8P7X_7,data/cache/v4_final_drfold2/8P7X_7/rets_dir/cfg_97_model_1.ret,1308108,3209d1f00b1f62fdba2e683b8266f57357c8e9f067cd9f624b50127e42e498bb
drfold_checkpoint_output,8P7X_7,data/cache/v4_final_drfold2/8P7X_7/rets_dir/cfg_97_model_10.ret,1308108,8b14e7a62ee935ecf284c2c0458830c89a126270b4cdf020dd9bf073afe46eba
drfold_checkpoint_output,8P7X_7,data/cache/v4_final_drfold2/8P7X_7/rets_dir/cfg_97_model_11.ret,1308108,b425d641acea2ab43d186d51c81690c5513c4994bfa447da3b9d36af0d5bd297
drfold_checkpoint_output,8P7X_7,data/cache/v4_final_drfold2/8P7X_7/rets_dir/cfg_97_model_12.ret,1308108,aaf5ad838caf74606d8c952cb56907d4e4982a2c846a6e32a0d906e293a6f08c
drfold_checkpoint_output,8P7X_7,data/cache/v4_final_drfold2/8P7X_7/rets_dir/cfg_97_model_13.ret,1308108,da80b466b26b7072d8b71b9407775c8cc1f6f50182fdba6b902e5177a2bb4800
drfold_checkpoint_output,8P7X_7,data/cache/v4_final_drfold2/8P7X_7/rets_dir/cfg_97_model_14.ret,1308108,c5bee99e1a5b4175840e5de73fb022e273e39d980336b9407f4e8909d167fea5
drfold_checkpoint_output,8P7X_7,data/cache/v4_final_drfold2/8P7X_7/rets_dir/cfg_97_model_15.ret,1308108,7464ed78d0bcb5bd772491b65eee3591c8c749ae4f54c8d4775b9ece75e18999
drfold_checkpoint_output,8P7X_7,data/cache/v4_final_drfold2/8P7X_7/rets_dir/cfg_97_model_16.ret,1308108,d576d1432bbefb18492c69e880bf59a6cf5dcc0ec07950fcab2d43f678e92655
drfold_checkpoint_output,8P7X_7,data/cache/v4_final_drfold2/8P7X_7/rets_dir/cfg_97_model_17.ret,1308108,7ec8f13d13c4ddbe84b43c38591115753865d42c6fd5de8a4238d08f5d067bc8
drfold_checkpoint_output,8P7X_7,data/cache/v4_final_drfold2/8P7X_7/rets_dir/cfg_97_model_18.ret,1308108,b9de3b1352922c140379e8e7468bb9be787de731590782434d67ebb6fe92772f
drfold_checkpoint_output,8P7X_7,data/cache/v4_final_drfold2/8P7X_7/rets_dir/cfg_97_model_19.ret,1308108,9803e09e971f154472ab68c473cb6431b2452bad69ec57269c721a4616aa6e72
drfold_checkpoint_output,8P7X_7,data/cache/v4_final_drfold2/8P7X_7/rets_dir/cfg_97_model_2.ret,1308108,a756fe7c3fcb07210077bd429caa6644f60777b11df1eef9e5365ccbe7155028
drfold_checkpoint_output,8P7X_7,data/cache/v4_final_drfold2/8P7X_7/rets_dir/cfg_97_model_3.ret,1308108,fd45c6a6c8077f978e55edc7142cf333837a3ffc0ce8341cc31dccd08ad049f6
drfold_checkpoint_output,8P7X_7,data/cache/v4_final_drfold2/8P7X_7/rets_dir/cfg_97_model_4.ret,1308108,fc0b3ebc714f8bd26d975e773e3da721fe40bccec3bf1119dcc6ef2b381db238
drfold_checkpoint_output,8P7X_7,data/cache/v4_final_drfold2/8P7X_7/rets_dir/cfg_97_model_5.ret,1308108,13fdacaaa68a8705d7257c1874ea332bbe363c16df6683e36230fd7614ede0da
drfold_checkpoint_output,8P7X_7,data/cache/v4_final_drfold2/8P7X_7/rets_dir/cfg_97_model_6.ret,1308108,7be89e51758ee67fca4cc476e404a58f54497a35c2efb5bf23205751016281b2
drfold_checkpoint_output,8P7X_7,data/cache/v4_final_drfold2/8P7X_7/rets_dir/cfg_97_model_7.ret,1308108,0c7bac5a9d1349d69af6255f56ccf939b9ab747b4c74e22d586fb158b23fe03d
drfold_checkpoint_output,8P7X_7,data/cache/v4_final_drfold2/8P7X_7/rets_dir/cfg_97_model_8.ret,1308108,d3675f364723e5fcd94799ae6a01510f6e7a44ecd53d3b168ebb4a0433242dea
drfold_checkpoint_output,8P7X_7,data/cache/v4_final_drfold2/8P7X_7/rets_dir/cfg_97_model_9.ret,1308108,b59f42d47fe21f289f9a45591eca8b367fe8b266c5681f5e37def6a6e5ad90ac
drfold_checkpoint_output,8P8B_5,data/cache/v4_final_drfold2/8P8B_5/rets_dir/cfg_97_model_0.ret,210288,b5b12edee7798c02617a796b38a29a4d67b325ce656f3f41d3c861386a45740a
drfold_checkpoint_output,8P8B_5,data/cache/v4_final_drfold2/8P8B_5/rets_dir/cfg_97_model_1.ret,210288,d286909d805d8e038e66351c97992343941818595da9aba8e222b4d850d9c0ab
drfold_checkpoint_output,8P8B_5,data/cache/v4_final_drfold2/8P8B_5/rets_dir/cfg_97_model_10.ret,210288,88a05ad1de8208806de5761e1d9d324e6c4da2a274b298d6a4f840a051d51e0a
drfold_checkpoint_output,8P8B_5,data/cache/v4_final_drfold2/8P8B_5/rets_dir/cfg_97_model_11.ret,210288,ffc6724065c7fca64ac68dc3fc2ee8b812801b422fd882dc66eb174433d080cf
drfold_checkpoint_output,8P8B_5,data/cache/v4_final_drfold2/8P8B_5/rets_dir/cfg_97_model_12.ret,210288,c0850d36d90f800c15ff7ae1dd4fb79c5b70257246cde03633890c5a9a3a9b2e
drfold_checkpoint_output,8P8B_5,data/cache/v4_final_drfold2/8P8B_5/rets_dir/cfg_97_model_13.ret,210288,74a2f02734e1ac1fd1e0cad156314d69effa7ad14dfb8d4e0a07e677e198b229
drfold_checkpoint_output,8P8B_5,data/cache/v4_final_drfold2/8P8B_5/rets_dir/cfg_97_model_14.ret,210288,6a4bbeabb0f402344e3829252b94bb5d99ddb958f27e556b5317a864f74d2e55
drfold_checkpoint_output,8P8B_5,data/cache/v4_final_drfold2/8P8B_5/rets_dir/cfg_97_model_15.ret,210288,df7f583bf3d41b357a7f79f0da8ebebd25376835292cf119f55055e374384669
drfold_checkpoint_output,8P8B_5,data/cache/v4_final_drfold2/8P8B_5/rets_dir/cfg_97_model_16.ret,210288,30527dd2f0ef21da21794ea617e0cee75f9f642276f022e5bd9c9231b1dbe7d7
drfold_checkpoint_output,8P8B_5,data/cache/v4_final_drfold2/8P8B_5/rets_dir/cfg_97_model_17.ret,210288,4384b7e05332127db7b059fd63b2bcc99118d7007931f648db793599117be308
drfold_checkpoint_output,8P8B_5,data/cache/v4_final_drfold2/8P8B_5/rets_dir/cfg_97_model_18.ret,210288,3dce06a4e3cb2a8cd68efba536c04b606b5db5971c504db975be8131e13ee19c
drfold_checkpoint_output,8P8B_5,data/cache/v4_final_drfold2/8P8B_5/rets_dir/cfg_97_model_19.ret,210288,2d1dcfa3142d1a298be67aa99e77484fe0fa5b893765d0cdc2c3d91341cc6b55
drfold_checkpoint_output,8P8B_5,data/cache/v4_final_drfold2/8P8B_5/rets_dir/cfg_97_model_2.ret,210288,91579c400991e1fa51db9c678e0c2e67d397f09e967682b3df17f3e6158e438f
drfold_checkpoint_output,8P8B_5,data/cache/v4_final_drfold2/8P8B_5/rets_dir/cfg_97_model_3.ret,210288,4649a378c950955e4780fb4c34c4168ed72f7fc7ddc476ad20caedbd275aec17
drfold_checkpoint_output,8P8B_5,data/cache/v4_final_drfold2/8P8B_5/rets_dir/cfg_97_model_4.ret,210288,8eeb386ba62f5e3dee71ec30d8e907021e42381e2ced84a636a31fda4612ab0f
drfold_checkpoint_output,8P8B_5,data/cache/v4_final_drfold2/8P8B_5/rets_dir/cfg_97_model_5.ret,210288,1ede96917d58ada98d12c890a61a834933afa768dac38d9bcccc9c0c6d1ff390
drfold_checkpoint_output,8P8B_5,data/cache/v4_final_drfold2/8P8B_5/rets_dir/cfg_97_model_6.ret,210288,466951384ad8c61128f9a1c7b9f10e5cac5033bc1b28767cc750e05ee2c3ee5d
drfold_checkpoint_output,8P8B_5,data/cache/v4_final_drfold2/8P8B_5/rets_dir/cfg_97_model_7.ret,210288,8cd7508396c781670afbd1e3014d6358875a8f97d0b7ca4214e59dfc7301f30e
drfold_checkpoint_output,8P8B_5,data/cache/v4_final_drfold2/8P8B_5/rets_dir/cfg_97_model_8.ret,210288,baed114b309ada4346545d8d2dfabe2fc9d5ea4742f21e924393959349ac2b9d
drfold_checkpoint_output,8P8B_5,data/cache/v4_final_drfold2/8P8B_5/rets_dir/cfg_97_model_9.ret,210288,a32c358ec4dff53e68899e3437ce100a87c73d10fcd0fd81bce297ba22418115
drfold_checkpoint_output,8PM0_V,data/cache/v4_final_drfold2/8PM0_V/rets_dir/cfg_97_model_0.ret,224476,d11484ea7f19412dd72435f79b4e2ce1f80c25a8891a1326a154bd878a8a9667
drfold_checkpoint_output,8PM0_V,data/cache/v4_final_drfold2/8PM0_V/rets_dir/cfg_97_model_1.ret,224476,1a7714ad41bf8c46bbaf2f402c25fecb884e19e2bcb34274f5111970d9318422
drfold_checkpoint_output,8PM0_V,data/cache/v4_final_drfold2/8PM0_V/rets_dir/cfg_97_model_10.ret,224476,935133ec4efd426279435613f43b982bd0bb124b526e6eacf32331f6ba674c5e
drfold_checkpoint_output,8PM0_V,data/cache/v4_final_drfold2/8PM0_V/rets_dir/cfg_97_model_11.ret,224476,88a435de3cf5e777a9c4be56e3ed11cdec34c17f762c8e94d24bf6d03d1ceb99
drfold_checkpoint_output,8PM0_V,data/cache/v4_final_drfold2/8PM0_V/rets_dir/cfg_97_model_12.ret,224476,c0f846610f1a33f7e11efba330a0dfb2bc4dcdcc617b8a405426957ce50a13ab
drfold_checkpoint_output,8PM0_V,data/cache/v4_final_drfold2/8PM0_V/rets_dir/cfg_97_model_13.ret,224476,390c6ced469ad21446bb59cc7fe137d991b7fe493a3c0d06ea4538ff0f287f0f
drfold_checkpoint_output,8PM0_V,data/cache/v4_final_drfold2/8PM0_V/rets_dir/cfg_97_model_14.ret,224476,98787b546dbc7e5f21f1f64fd34e074b0067456cc7ba4f655444a37c173bb59e
drfold_checkpoint_output,8PM0_V,data/cache/v4_final_drfold2/8PM0_V/rets_dir/cfg_97_model_15.ret,224476,7a9cc7976ddc4845036e94d2211db2429402db6e1b64ccfcc3a632e43f525234
drfold_checkpoint_output,8PM0_V,data/cache/v4_final_drfold2/8PM0_V/rets_dir/cfg_97_model_16.ret,224476,3df8bec142d55b86ee2ec43c4b4415683e6223f4df7c9e5690cd06f796b37fea
drfold_checkpoint_output,8PM0_V,data/cache/v4_final_drfold2/8PM0_V/rets_dir/cfg_97_model_17.ret,224476,ec799e76787f08d278270ba42327a6e213e0c38929c30ef4a981209f9747c4bb
drfold_checkpoint_output,8PM0_V,data/cache/v4_final_drfold2/8PM0_V/rets_dir/cfg_97_model_18.ret,224476,8a024c15506292d739eafdbfaa43b87ab56dcafe767ebcf04569041c638b8c90
drfold_checkpoint_output,8PM0_V,data/cache/v4_final_drfold2/8PM0_V/rets_dir/cfg_97_model_19.ret,224476,b497d9fb024dd74df4e4e7a6b67b3e2e71cb1629d0733b9ef8572574bc45c46b
drfold_checkpoint_output,8PM0_V,data/cache/v4_final_drfold2/8PM0_V/rets_dir/cfg_97_model_2.ret,224476,620a86d2b26944176c57e239d6ee40fddc4013fca0e44ececedad141bd6208f8
drfold_checkpoint_output,8PM0_V,data/cache/v4_final_drfold2/8PM0_V/rets_dir/cfg_97_model_3.ret,224476,f850dcecc5c256b794b4be56c214613b5c9fad9ea1a903be5691c6ddbf1bee8b
drfold_checkpoint_output,8PM0_V,data/cache/v4_final_drfold2/8PM0_V/rets_dir/cfg_97_model_4.ret,224476,c3e1f7c2cfcbbfd8ec22d677791a71d16a95f2bcd5ca65d8154762db6950e4b8
drfold_checkpoint_output,8PM0_V,data/cache/v4_final_drfold2/8PM0_V/rets_dir/cfg_97_model_5.ret,224476,5980e82ed38910177dd5a9cd17a5037c11c2018fa22fd22f9b05f8e5cb171b9e
drfold_checkpoint_output,8PM0_V,data/cache/v4_final_drfold2/8PM0_V/rets_dir/cfg_97_model_6.ret,224476,742a7b5f92607c8c0a48affb6b8b37c9b8bad2521729d6ea749c2e6a24b03764
drfold_checkpoint_output,8PM0_V,data/cache/v4_final_drfold2/8PM0_V/rets_dir/cfg_97_model_7.ret,224476,bdddc70285c6d459af5761f442820495aa5e70a743c6812704211a2d0e1c62af
drfold_checkpoint_output,8PM0_V,data/cache/v4_final_drfold2/8PM0_V/rets_dir/cfg_97_model_8.ret,224476,0940f99f3f9dacd382b4f222049eb3dbd773cdc7818b3c11acec9c32ee32d6fe
drfold_checkpoint_output,8PM0_V,data/cache/v4_final_drfold2/8PM0_V/rets_dir/cfg_97_model_9.ret,224476,9002ac633854548d0ae8164ff4354f085bbf6f6f65fed6a7d3de6624ff97e116
drfold_checkpoint_output,8Q6N_A,data/cache/v4_final_drfold2/8Q6N_A/rets_dir/cfg_97_model_0.ret,492976,8e6c62cbaa600636b138cec6e63afa370ce75b408653faa30d22044447cfad5d
drfold_checkpoint_output,8Q6N_A,data/cache/v4_final_drfold2/8Q6N_A/rets_dir/cfg_97_model_1.ret,492976,549c622d7cb84522c2a8e8eb317a69165a9aae7c324b25132be16b0ba70301a2
drfold_checkpoint_output,8Q6N_A,data/cache/v4_final_drfold2/8Q6N_A/rets_dir/cfg_97_model_10.ret,492976,74ac0e521bf5a0c1d9ff79c3a56512f093c7f726c2eaa7ca49080a269d87ea70
drfold_checkpoint_output,8Q6N_A,data/cache/v4_final_drfold2/8Q6N_A/rets_dir/cfg_97_model_11.ret,492976,d46fd2fa1b1a9921a0715db488b9d6879f6f65ede64562e30c9304a7e0ac3505
drfold_checkpoint_output,8Q6N_A,data/cache/v4_final_drfold2/8Q6N_A/rets_dir/cfg_97_model_12.ret,492976,66646b630befc24abfe2d2cc5b9edadc37d53396c842c7f8fa81763d09ed2f46
drfold_checkpoint_output,8Q6N_A,data/cache/v4_final_drfold2/8Q6N_A/rets_dir/cfg_97_model_13.ret,492976,de604cc9d3629940dcddf5fa9eae2b0ca64e44bf20945c137ac1a2ee7d48f5c1
drfold_checkpoint_output,8Q6N_A,data/cache/v4_final_drfold2/8Q6N_A/rets_dir/cfg_97_model_14.ret,492976,eaa41fb61a964c948f741c3db7d5c2ea4ee5b48c6cf1d3b687b45a65d2e3f608
drfold_checkpoint_output,8Q6N_A,data/cache/v4_final_drfold2/8Q6N_A/rets_dir/cfg_97_model_15.ret,492976,093bca031342caa6a18b30297e069bb75ceedb48e4f0b28a34a83da0b4c25a62
drfold_checkpoint_output,8Q6N_A,data/cache/v4_final_drfold2/8Q6N_A/rets_dir/cfg_97_model_16.ret,492976,f69d191afb5dabd506d6a1c115e37e7275afdf99e7f7ffb3234709a4bcd1a4e5
drfold_checkpoint_output,8Q6N_A,data/cache/v4_final_drfold2/8Q6N_A/rets_dir/cfg_97_model_17.ret,492976,19031d47967993d2046da328c5be7a6fc460a476094d40738481e0a6c41623c5
drfold_checkpoint_output,8Q6N_A,data/cache/v4_final_drfold2/8Q6N_A/rets_dir/cfg_97_model_18.ret,492976,8d62f0eb138934eef0c6b77b2b6dc0b79b2dbf3670b7c740bf6a5f1d868f9a35
drfold_checkpoint_output,8Q6N_A,data/cache/v4_final_drfold2/8Q6N_A/rets_dir/cfg_97_model_19.ret,492976,fdbbca64c68f3b9003be6948a30c5a5891614a5fa7f60cff6853b9b2e404ccbb
drfold_checkpoint_output,8Q6N_A,data/cache/v4_final_drfold2/8Q6N_A/rets_dir/cfg_97_model_2.ret,492976,4d208810ef4fa9260d803fd6d95ee13b293ff79414b9673644888cb780eb220b
drfold_checkpoint_output,8Q6N_A,data/cache/v4_final_drfold2/8Q6N_A/rets_dir/cfg_97_model_3.ret,492976,0ab171319b2b886964f47598bdae259da6203a0bc107b7f3f3329f3da33bddaa
drfold_checkpoint_output,8Q6N_A,data/cache/v4_final_drfold2/8Q6N_A/rets_dir/cfg_97_model_4.ret,492976,cc5b31fc7838fd408fe05dabd61ee59d86e0ccac8829823098d01f8df58ba195
drfold_checkpoint_output,8Q6N_A,data/cache/v4_final_drfold2/8Q6N_A/rets_dir/cfg_97_model_5.ret,492976,9be3407ee43c2e4d7419e08e71586f850408541294cbb79112247833bee42733
drfold_checkpoint_output,8Q6N_A,data/cache/v4_final_drfold2/8Q6N_A/rets_dir/cfg_97_model_6.ret,492976,521a1e0895c425e5a731b015a184a03e5b14a7365991d6167e0cc7fae81db98e
drfold_checkpoint_output,8Q6N_A,data/cache/v4_final_drfold2/8Q6N_A/rets_dir/cfg_97_model_7.ret,492976,8ede98636ec9beec58b49cd0b4d9bb1da6f30441e01b26ccd7cd5a21cb918668
drfold_checkpoint_output,8Q6N_A,data/cache/v4_final_drfold2/8Q6N_A/rets_dir/cfg_97_model_8.ret,492976,c99b2afd8d59b9bbe53ee2aad6e21278f136e5d43ccabd7565127feb87e6fef0
drfold_checkpoint_output,8Q6N_A,data/cache/v4_final_drfold2/8Q6N_A/rets_dir/cfg_97_model_9.ret,492976,41346705430b5dba2218b3c759e7e52420642b6442658e59c6d6c37effa93f0b
drfold_checkpoint_output,8QBK_Q,data/cache/v4_final_drfold2/8QBK_Q/rets_dir/cfg_97_model_0.ret,1679668,8a07ed74b782367f4ecf6089c762eed44b1150662f1c93e34eecec587a472ed9
drfold_checkpoint_output,8QBK_Q,data/cache/v4_final_drfold2/8QBK_Q/rets_dir/cfg_97_model_1.ret,1679668,e9c2f0b911d102cf8b9f617f1070907e524d8217967d9ed07dcc55829c7a2c02
drfold_checkpoint_output,8QBK_Q,data/cache/v4_final_drfold2/8QBK_Q/rets_dir/cfg_97_model_10.ret,1679668,48e4816059ecdd6dc02db07ac34cccccf41f23704324132ddc79d0fbd0b4570c
drfold_checkpoint_output,8QBK_Q,data/cache/v4_final_drfold2/8QBK_Q/rets_dir/cfg_97_model_11.ret,1679668,e751b335bfddb78e90fe70a1a9cc5fe01243bf26f62b64621179eb78572b4aff
drfold_checkpoint_output,8QBK_Q,data/cache/v4_final_drfold2/8QBK_Q/rets_dir/cfg_97_model_12.ret,1679668,371fa81444ddbe1a3575df006713b48e709ade736a7d5e50187f2bd97704ec66
drfold_checkpoint_output,8QBK_Q,data/cache/v4_final_drfold2/8QBK_Q/rets_dir/cfg_97_model_13.ret,1679668,2ebe9bbef457582f31b4e3861e1f3076ee787f1bb33ed1b34910d2975ae5692a
drfold_checkpoint_output,8QBK_Q,data/cache/v4_final_drfold2/8QBK_Q/rets_dir/cfg_97_model_14.ret,1679668,cbbaf84e5e88ed73e22e4e911852e98390781ea8c84bb4dc0a18a7018ab883d1
drfold_checkpoint_output,8QBK_Q,data/cache/v4_final_drfold2/8QBK_Q/rets_dir/cfg_97_model_15.ret,1679668,afcf3044d9938e045eeb381912ec03be364a36071da3ec429e4597cff371b312
drfold_checkpoint_output,8QBK_Q,data/cache/v4_final_drfold2/8QBK_Q/rets_dir/cfg_97_model_16.ret,1679668,f129583d796a269469a554a351bcc7443a250eb23552fb6c2fc995ebf8633203
drfold_checkpoint_output,8QBK_Q,data/cache/v4_final_drfold2/8QBK_Q/rets_dir/cfg_97_model_17.ret,1679668,028b6b999e938833bfbfb3925f530140b171aa78e18855cae7e5b6caad6347e7
drfold_checkpoint_output,8QBK_Q,data/cache/v4_final_drfold2/8QBK_Q/rets_dir/cfg_97_model_18.ret,1679668,9cd10129a561db2ea0ac63eb9b866870017a1a0f818c1d096230994788d40b4d
drfold_checkpoint_output,8QBK_Q,data/cache/v4_final_drfold2/8QBK_Q/rets_dir/cfg_97_model_19.ret,1679668,3033ca331cb9d3a997eb11816db80833c98340400f839db49bb0ff3334056fdc
drfold_checkpoint_output,8QBK_Q,data/cache/v4_final_drfold2/8QBK_Q/rets_dir/cfg_97_model_2.ret,1679668,4e48bd48e3ba2a8bf122cdbf363fa94e5d3c20a41f60f7c1cdeee34cfa86c846
drfold_checkpoint_output,8QBK_Q,data/cache/v4_final_drfold2/8QBK_Q/rets_dir/cfg_97_model_3.ret,1679668,0b55f5baadf90faea4797a1ad0168a89be962900f85f88ae6259feabd87cc936
drfold_checkpoint_output,8QBK_Q,data/cache/v4_final_drfold2/8QBK_Q/rets_dir/cfg_97_model_4.ret,1679668,c1acba42ad8e49cf6449d9441a341757ae38dc3f06c061654c4d2856f0dffa4f
drfold_checkpoint_output,8QBK_Q,data/cache/v4_final_drfold2/8QBK_Q/rets_dir/cfg_97_model_5.ret,1679668,91c804e3f82248ffaf96ea2611dd056e301f2093f33c4ae38d8930dd36c5dbf5
drfold_checkpoint_output,8QBK_Q,data/cache/v4_final_drfold2/8QBK_Q/rets_dir/cfg_97_model_6.ret,1679668,a1fd5a7538c42f2118d7cbf96fc6d69d786a96df4bfccbb07caa7a31e7ada1a1
drfold_checkpoint_output,8QBK_Q,data/cache/v4_final_drfold2/8QBK_Q/rets_dir/cfg_97_model_7.ret,1679668,b68f99dd914948d8bd6d792bfab9233c49d55177a59fb4f9852699664231f2f6
drfold_checkpoint_output,8QBK_Q,data/cache/v4_final_drfold2/8QBK_Q/rets_dir/cfg_97_model_8.ret,1679668,0ef70af60710e2acc86e4c898167f8847b45f62349e1ee100a912ef57af6a974
drfold_checkpoint_output,8QBK_Q,data/cache/v4_final_drfold2/8QBK_Q/rets_dir/cfg_97_model_9.ret,1679668,332bf4735697f87693b534731b3613cb2f1dafdec72b61ba967bc277896281f6
drfold_checkpoint_output,8QBL_L,data/cache/v4_final_drfold2/8QBL_L/rets_dir/cfg_97_model_0.ret,319348,3e194b791b35c00e4692b6e6cb19d1b9c3b0e33b096b8f08bd55d3332048ec1b
drfold_checkpoint_output,8QBL_L,data/cache/v4_final_drfold2/8QBL_L/rets_dir/cfg_97_model_1.ret,319348,9be3c3ec4ae097f96d77dc3e1429f2321b5b66bc1289fef46f400a426a64b2d6
drfold_checkpoint_output,8QBL_L,data/cache/v4_final_drfold2/8QBL_L/rets_dir/cfg_97_model_10.ret,319348,b32bc517b68abc75daaaa94defc2bb12e1f183e3ab6477ecd41d74a4c18c638c
drfold_checkpoint_output,8QBL_L,data/cache/v4_final_drfold2/8QBL_L/rets_dir/cfg_97_model_11.ret,319348,4d63012bfa6f2226e4caf7ee145cd4d04ecb2623ef1f512b261458f4dbfbc514
drfold_checkpoint_output,8QBL_L,data/cache/v4_final_drfold2/8QBL_L/rets_dir/cfg_97_model_12.ret,319348,5f832e0550c8d511c4a09fc86131fcb6c96e01bccf30de35229eeae88257f5f7
drfold_checkpoint_output,8QBL_L,data/cache/v4_final_drfold2/8QBL_L/rets_dir/cfg_97_model_13.ret,319348,59fc850588cdfd3b7e92970900c8e51717d0959a420ef48485f3c07a51721636
drfold_checkpoint_output,8QBL_L,data/cache/v4_final_drfold2/8QBL_L/rets_dir/cfg_97_model_14.ret,319348,3dcbb524d2dc6a9d77ee3e9c237798358230993143e4990863a708c7c1c88fcc
drfold_checkpoint_output,8QBL_L,data/cache/v4_final_drfold2/8QBL_L/rets_dir/cfg_97_model_15.ret,319348,1c5a780b2b4561b9160e0045aebd2b00c3a1ceab87b29e760b33cd99e32f97b8
drfold_checkpoint_output,8QBL_L,data/cache/v4_final_drfold2/8QBL_L/rets_dir/cfg_97_model_16.ret,319348,1983424feaba971950d9b9154b7e0ec8e1fd456888ed03de5a413838d4456584
drfold_checkpoint_output,8QBL_L,data/cache/v4_final_drfold2/8QBL_L/rets_dir/cfg_97_model_17.ret,319348,87627bb2ff8d9a3a61794134ec3c6de85aad1ccdb9a7a0e000ac1d0c698d24ec
drfold_checkpoint_output,8QBL_L,data/cache/v4_final_drfold2/8QBL_L/rets_dir/cfg_97_model_18.ret,319348,a8d022a369e57903cb913a5af43b9e36cc8ebee7bba5ff1e454bb92dc782cf59
drfold_checkpoint_output,8QBL_L,data/cache/v4_final_drfold2/8QBL_L/rets_dir/cfg_97_model_19.ret,319348,cfd74e58277810dd14af8b325471c6d869a18d130bb0954945373b8fa771f30a
drfold_checkpoint_output,8QBL_L,data/cache/v4_final_drfold2/8QBL_L/rets_dir/cfg_97_model_2.ret,319348,0323598df1d530223e0f58f2ecf7eb351e0ba644539b8ced21e0215b571acf8c
drfold_checkpoint_output,8QBL_L,data/cache/v4_final_drfold2/8QBL_L/rets_dir/cfg_97_model_3.ret,319348,f8f7e3745328a649744659f8efa579a80092340fc1ee3e0b35f45bfdfea22479
drfold_checkpoint_output,8QBL_L,data/cache/v4_final_drfold2/8QBL_L/rets_dir/cfg_97_model_4.ret,319348,9a06e069cd1815603ac223aea1cc242bb7cd4cfbcfe4467f5cc035aa8d66db96
drfold_checkpoint_output,8QBL_L,data/cache/v4_final_drfold2/8QBL_L/rets_dir/cfg_97_model_5.ret,319348,823bc9ae27b283ef5e58cad184fbde64ba48a98f1d843e0c29d415fe92e43da1
drfold_checkpoint_output,8QBL_L,data/cache/v4_final_drfold2/8QBL_L/rets_dir/cfg_97_model_6.ret,319348,6b24a529f79fedcf05fc0e89387422f0fe9e02e0274cb7eb3387a3fd9044260e
drfold_checkpoint_output,8QBL_L,data/cache/v4_final_drfold2/8QBL_L/rets_dir/cfg_97_model_7.ret,319348,6535cc2f8aea4b55244002758e666319ffa5eca1cab2875be4fa0ff68c3df76f
drfold_checkpoint_output,8QBL_L,data/cache/v4_final_drfold2/8QBL_L/rets_dir/cfg_97_model_8.ret,319348,82cbf68ade3c148135a8c36af6f624b7d2f31f51d8ae0fad612ae729e881e11c
drfold_checkpoint_output,8QBL_L,data/cache/v4_final_drfold2/8QBL_L/rets_dir/cfg_97_model_9.ret,319348,b18e414c346ca823d0f738af1baf68dc0aad99d05e8980b9d86ff695cb26bc1c
drfold_checkpoint_output,8QO2_A,data/cache/v4_final_drfold2/8QO2_A/rets_dir/cfg_97_model_0.ret,11442297,79563f91926b27a73213fefccb859029c20569114b7066145d98b5aa662289ca
drfold_checkpoint_output,8QO2_A,data/cache/v4_final_drfold2/8QO2_A/rets_dir/cfg_97_model_1.ret,11442297,da235af114093bf922b8ca3c0cbfd5b84fd26c036cd8d37a20d87be6b644cd46
drfold_checkpoint_output,8QO2_A,data/cache/v4_final_drfold2/8QO2_A/rets_dir/cfg_97_model_10.ret,11442297,c80d38683af7288172ceeb64f2ab5034f40c8f12c28c8a20c7e14ebdf978a52c
drfold_checkpoint_output,8QO2_A,data/cache/v4_final_drfold2/8QO2_A/rets_dir/cfg_97_model_11.ret,11442297,c6f4391d0d3c268770cf4397e56ca522f76755be0cb1f97edfdfa615306de1e7
drfold_checkpoint_output,8QO2_A,data/cache/v4_final_drfold2/8QO2_A/rets_dir/cfg_97_model_12.ret,11442297,36e484e6b44093067e8ae7b9ce73b90bf80d97b817dd2833d10d830d6015574c
drfold_checkpoint_output,8QO2_A,data/cache/v4_final_drfold2/8QO2_A/rets_dir/cfg_97_model_13.ret,11442297,319d1d98cc2184cd7f4fdfd8ac03e88cf8e368dc8cf20d7d0522459fc79f766b
drfold_checkpoint_output,8QO2_A,data/cache/v4_final_drfold2/8QO2_A/rets_dir/cfg_97_model_14.ret,11442297,c4cbbffb37458c3c15deefce71d31f30064bece526111d88428eda000076774f
drfold_checkpoint_output,8QO2_A,data/cache/v4_final_drfold2/8QO2_A/rets_dir/cfg_97_model_15.ret,11442297,8dc85af8737e397f273dcc58c64ad403bbba0b4baf910cdb788e21114a740b14
drfold_checkpoint_output,8QO2_A,data/cache/v4_final_drfold2/8QO2_A/rets_dir/cfg_97_model_16.ret,11442297,00e5147d5c65fa3200058dafaf86a46a1f63a0a67670ba44e0b2b6b834e481e8
drfold_checkpoint_output,8QO2_A,data/cache/v4_final_drfold2/8QO2_A/rets_dir/cfg_97_model_17.ret,11442297,f519cf59b9576d780118d296ac1e8df99ccfb7279aad460729feff17ae814980
drfold_checkpoint_output,8QO2_A,data/cache/v4_final_drfold2/8QO2_A/rets_dir/cfg_97_model_18.ret,11442297,b51b6e8a5f8911af7f0e96ccbb8e65a38ddf6baddc454da8597530a6f2a86dad
drfold_checkpoint_output,8QO2_A,data/cache/v4_final_drfold2/8QO2_A/rets_dir/cfg_97_model_19.ret,11442297,7ab8e7ad44d3431e325d4370782857f74d6d4fdf61a0b52c4e28f8a44e9e13e4
drfold_checkpoint_output,8QO2_A,data/cache/v4_final_drfold2/8QO2_A/rets_dir/cfg_97_model_2.ret,11442297,bab43d9080a7a6444553c825eea68ade31af5de19e6bd0d52ffc83cac5d01b46
drfold_checkpoint_output,8QO2_A,data/cache/v4_final_drfold2/8QO2_A/rets_dir/cfg_97_model_3.ret,11442297,10a076d78f039352e2b7af86e5038cb248e5eb9c648e4d3a397182ac0ee77c40
drfold_checkpoint_output,8QO2_A,data/cache/v4_final_drfold2/8QO2_A/rets_dir/cfg_97_model_4.ret,11442297,25231e886844893e01233079d9d0ecf94eb77dbf0ea09745c5e4e9ea7e2dba11
drfold_checkpoint_output,8QO2_A,data/cache/v4_final_drfold2/8QO2_A/rets_dir/cfg_97_model_5.ret,11442297,183e31c85b580c2e369b5aeb8c4d398b8ff3a19a624985cc26e31be0d6f7cd21
drfold_checkpoint_output,8QO2_A,data/cache/v4_final_drfold2/8QO2_A/rets_dir/cfg_97_model_6.ret,11442297,b7820234b7be4984dba41f82c69cc512c7d07eeb7328b719223ee8a4da3341d2
drfold_checkpoint_output,8QO2_A,data/cache/v4_final_drfold2/8QO2_A/rets_dir/cfg_97_model_7.ret,11442297,5d4193182fe940c1ed84bed13b3d6c63a542573722dec0d7fe265de5a6009ea5
drfold_checkpoint_output,8QO2_A,data/cache/v4_final_drfold2/8QO2_A/rets_dir/cfg_97_model_8.ret,11442297,56965bdecd71f885ba9f2d15dba55660eeb4e957e993b4a419d154120974d7d1
drfold_checkpoint_output,8QO2_A,data/cache/v4_final_drfold2/8QO2_A/rets_dir/cfg_97_model_9.ret,11442297,47b3e9b31e696ca7bbfda5490f2c5abd9347da219e7be9d14c700a84a888c502
drfold_checkpoint_output,8QO3_A,data/cache/v4_final_drfold2/8QO3_A/rets_dir/cfg_97_model_0.ret,3235024,3c1e68dcd309bf18cbcda8aa84ceb35774ede945abd34289711455ef2b2406c7
drfold_checkpoint_output,8QO3_A,data/cache/v4_final_drfold2/8QO3_A/rets_dir/cfg_97_model_1.ret,3235024,9810a14722fbf9414b5efedd8477dbdbd47221e3a74473d29bc24c24ce326861
drfold_checkpoint_output,8QO3_A,data/cache/v4_final_drfold2/8QO3_A/rets_dir/cfg_97_model_10.ret,3235024,1720a68aca4440e41f0cafe652b8792824852177b8dd9d996edc7675cd92e679
drfold_checkpoint_output,8QO3_A,data/cache/v4_final_drfold2/8QO3_A/rets_dir/cfg_97_model_11.ret,3235024,0d170e581c82b4e1844faf832e2bf2e7a99e6bd6608cf7e537447202ea2e535a
drfold_checkpoint_output,8QO3_A,data/cache/v4_final_drfold2/8QO3_A/rets_dir/cfg_97_model_12.ret,3235024,aa0f9c36728e90206c19808af6e9ab133d2f3e9dfcfc266c47e4af2af26092bb
drfold_checkpoint_output,8QO3_A,data/cache/v4_final_drfold2/8QO3_A/rets_dir/cfg_97_model_13.ret,3235024,0df29bc952e28c43a3d38298be4b4a4050d5ed8085be7570f886d88defd3de3e
drfold_checkpoint_output,8QO3_A,data/cache/v4_final_drfold2/8QO3_A/rets_dir/cfg_97_model_14.ret,3235024,a8ec133b79b40f7777a1a996cc01b3df8e24e7a1be98ebba970626616ae10e7c
drfold_checkpoint_output,8QO3_A,data/cache/v4_final_drfold2/8QO3_A/rets_dir/cfg_97_model_15.ret,3235024,0d29302e3b3e331bcc64229388f4b0a9249b9ef298783ccccd3866e0b9af5a87
drfold_checkpoint_output,8QO3_A,data/cache/v4_final_drfold2/8QO3_A/rets_dir/cfg_97_model_16.ret,3235024,355193ed31bb3d40da5f4a03af05ebb738a5436fce1dad21a221d66bb88c4f1f
drfold_checkpoint_output,8QO3_A,data/cache/v4_final_drfold2/8QO3_A/rets_dir/cfg_97_model_17.ret,3235024,cd0098c45afa42cad81ee0f16501a648f2afbd83ff75d48d8169aede8055b1f9
drfold_checkpoint_output,8QO3_A,data/cache/v4_final_drfold2/8QO3_A/rets_dir/cfg_97_model_18.ret,3235024,ae31e1781b5e25a455da4203afe5decd1ebf0605436144b0472f1dda024fff11
drfold_checkpoint_output,8QO3_A,data/cache/v4_final_drfold2/8QO3_A/rets_dir/cfg_97_model_19.ret,3235024,f6f6a357ec516d65098b4a46004c98936bd760f3c58fab894af35571aa43df52
drfold_checkpoint_output,8QO3_A,data/cache/v4_final_drfold2/8QO3_A/rets_dir/cfg_97_model_2.ret,3235024,630e214c73c744a41d366e28b66c3df91fd35c999ecce6dcc48b41711b1aa886
drfold_checkpoint_output,8QO3_A,data/cache/v4_final_drfold2/8QO3_A/rets_dir/cfg_97_model_3.ret,3235024,7e0e07a8b96d159c182a79a8c0158091fbd839f165ec2d54b958c84553d533da
drfold_checkpoint_output,8QO3_A,data/cache/v4_final_drfold2/8QO3_A/rets_dir/cfg_97_model_4.ret,3235024,892c76fd5616a2a1f63c60daebd79413c6986f38cc1ddf8660fa4ab4cefe0024
drfold_checkpoint_output,8QO3_A,data/cache/v4_final_drfold2/8QO3_A/rets_dir/cfg_97_model_5.ret,3235024,aa375b2b327b0456904a3aa273dd5db0f9841ca89e21c6eb6cea29f038693461
drfold_checkpoint_output,8QO3_A,data/cache/v4_final_drfold2/8QO3_A/rets_dir/cfg_97_model_6.ret,3235024,9fa2e15c9bbd66ae265f857b54795cefe9c2f66b3519156cf082b722679fc440
drfold_checkpoint_output,8QO3_A,data/cache/v4_final_drfold2/8QO3_A/rets_dir/cfg_97_model_7.ret,3235024,4cf72a893a6d290c2a0d7d01cc401f44b7c3685763885ddb07c25b03197f18b5
drfold_checkpoint_output,8QO3_A,data/cache/v4_final_drfold2/8QO3_A/rets_dir/cfg_97_model_8.ret,3235024,febe379b7425658b179923dec41cce41ff515599082c27cf8d3a368bb46a125d
drfold_checkpoint_output,8QO3_A,data/cache/v4_final_drfold2/8QO3_A/rets_dir/cfg_97_model_9.ret,3235024,055dc4eed7e6f25812fd99db206eeca1bbbadedc8c4d51bc1e59e9ec4f8f45b9
drfold_checkpoint_output,8R7N_A,data/cache/v4_final_drfold2/8R7N_A/rets_dir/cfg_97_model_0.ret,4233477,d5870b6804b30013a8beee4a837c74b55f9ad16d10dbf207b5ce99861923b119
drfold_checkpoint_output,8R7N_A,data/cache/v4_final_drfold2/8R7N_A/rets_dir/cfg_97_model_1.ret,4233477,0e7a7af4ea1f23379e9341292b3e59f1be82e4e1c82b7f19e69d041b754230bf
drfold_checkpoint_output,8R7N_A,data/cache/v4_final_drfold2/8R7N_A/rets_dir/cfg_97_model_10.ret,4233477,2fb49397a119db4bab0ebf865bff356dd71674fd6c78fd0e36db797e255c1e19
drfold_checkpoint_output,8R7N_A,data/cache/v4_final_drfold2/8R7N_A/rets_dir/cfg_97_model_11.ret,4233477,22e9704d059ed290eb5219d99b9d8f876d49a1b7ef55e8dafee660cce6fe17d0
drfold_checkpoint_output,8R7N_A,data/cache/v4_final_drfold2/8R7N_A/rets_dir/cfg_97_model_12.ret,4233477,270bc8288853647660d4dbde017aa8c3750b6499ad607f80000603008aeb48e4
drfold_checkpoint_output,8R7N_A,data/cache/v4_final_drfold2/8R7N_A/rets_dir/cfg_97_model_13.ret,4233477,026f52dda086ff1cc4857a4ecdcd259855149785597622776194257266f43ab2
drfold_checkpoint_output,8R7N_A,data/cache/v4_final_drfold2/8R7N_A/rets_dir/cfg_97_model_14.ret,4233477,41fa014a6f7abdde7f973a64210b59e9004b89af60bada6156f061992d66d343
drfold_checkpoint_output,8R7N_A,data/cache/v4_final_drfold2/8R7N_A/rets_dir/cfg_97_model_15.ret,4233477,b1330bd397125ee79c60be4322c40ccfd1882166138cb56ab9e585b8189e06c2
drfold_checkpoint_output,8R7N_A,data/cache/v4_final_drfold2/8R7N_A/rets_dir/cfg_97_model_16.ret,4233477,ebaf57f2c71e93dc519f878f3f40cea0a7b8e10adb67173d73c6d2d870255668
drfold_checkpoint_output,8R7N_A,data/cache/v4_final_drfold2/8R7N_A/rets_dir/cfg_97_model_17.ret,4233477,8ae7e0517252ccc99459e0d8a4fb59005bbcd369eb4d695d6c9d9c2a75b455b4
drfold_checkpoint_output,8R7N_A,data/cache/v4_final_drfold2/8R7N_A/rets_dir/cfg_97_model_18.ret,4233477,53835bc8d4dfa20ed1a4ede18eef9ffa24afe243ce8988de994840d32cbfa1ab
drfold_checkpoint_output,8R7N_A,data/cache/v4_final_drfold2/8R7N_A/rets_dir/cfg_97_model_19.ret,4233477,76db898d1e18408053e7b3b1fa65d50b0a25085c5089c56a18bbf9689f530005
drfold_checkpoint_output,8R7N_A,data/cache/v4_final_drfold2/8R7N_A/rets_dir/cfg_97_model_2.ret,4233477,58b1597660163058d89c2f16d109225c1a529b78c0353299026a51ed7851ecc4
drfold_checkpoint_output,8R7N_A,data/cache/v4_final_drfold2/8R7N_A/rets_dir/cfg_97_model_3.ret,4233477,43e16436eb40f8edcb0b8b0f207e1550ef937f57ff325ac8c99689d99683eba9
drfold_checkpoint_output,8R7N_A,data/cache/v4_final_drfold2/8R7N_A/rets_dir/cfg_97_model_4.ret,4233477,5431d98a63a229524c4fbd36e85dc1d3e0c1f64870a660de13b858c412f2c3e0
drfold_checkpoint_output,8R7N_A,data/cache/v4_final_drfold2/8R7N_A/rets_dir/cfg_97_model_5.ret,4233477,cea11c2c1881134c47f884de80a8c5b3bbb690d6afef821a6834d26e93f1f495
drfold_checkpoint_output,8R7N_A,data/cache/v4_final_drfold2/8R7N_A/rets_dir/cfg_97_model_6.ret,4233477,0a7e4441b0c486b9a77fe231d6dffa055c71f4c8823172b6e16fee22739bbd37
drfold_checkpoint_output,8R7N_A,data/cache/v4_final_drfold2/8R7N_A/rets_dir/cfg_97_model_7.ret,4233477,194ee78347c6f10f1735e83cf3b983abe88ff5db658429a12cfcb73e4c6475d7
drfold_checkpoint_output,8R7N_A,data/cache/v4_final_drfold2/8R7N_A/rets_dir/cfg_97_model_8.ret,4233477,2d1e40c719c580cbee4381389ee39efe11b98b6c596c0f54cd3864e82c0265e6
drfold_checkpoint_output,8R7N_A,data/cache/v4_final_drfold2/8R7N_A/rets_dir/cfg_97_model_9.ret,4233477,3d2eb44cdac19bb1cbfa9caa7c7a2fe40f2d307e15ba21e3bbc4f3dec8aa4682
drfold_checkpoint_output,8RDV_V,data/cache/v4_final_drfold2/8RDV_V/rets_dir/cfg_97_model_0.ret,1343176,888d7d37be79eac49071ba1c5967a2bb654517aba8e6de0b07a1e643906ad663
drfold_checkpoint_output,8RDV_V,data/cache/v4_final_drfold2/8RDV_V/rets_dir/cfg_97_model_1.ret,1343176,0da137bbc668757285ff3bbd1b83f5a9f422f76bae198daa36f02246788be6cb
drfold_checkpoint_output,8RDV_V,data/cache/v4_final_drfold2/8RDV_V/rets_dir/cfg_97_model_10.ret,1343176,8dff5acf319c36ef2c1fbe4321e7eeda7b91547172379232e04e3b6032cd3805
drfold_checkpoint_output,8RDV_V,data/cache/v4_final_drfold2/8RDV_V/rets_dir/cfg_97_model_11.ret,1343176,95780392af1fd58ffebe667f2e6d9d9218e40c62907d9fcf39411e40535ce0de
drfold_checkpoint_output,8RDV_V,data/cache/v4_final_drfold2/8RDV_V/rets_dir/cfg_97_model_12.ret,1343176,bbcea50789df0d3f12afd15b3540331359bebdb9f6bcd5b8f0f9f75ff480e3c7
drfold_checkpoint_output,8RDV_V,data/cache/v4_final_drfold2/8RDV_V/rets_dir/cfg_97_model_13.ret,1343176,cca0fe908baeacd3ca61fbeba5c279240e9757662908cb9aa3a46c64a98d2b9e
drfold_checkpoint_output,8RDV_V,data/cache/v4_final_drfold2/8RDV_V/rets_dir/cfg_97_model_14.ret,1343176,ab49a8015ed917141480764067a9a5cb7c84fc659c605b9693fe6badf02e1843
drfold_checkpoint_output,8RDV_V,data/cache/v4_final_drfold2/8RDV_V/rets_dir/cfg_97_model_15.ret,1343176,7214f0b69cedc80e31f40e2556d6b0bb05d5352b81a814b3c5c9763cdf307aa2
drfold_checkpoint_output,8RDV_V,data/cache/v4_final_drfold2/8RDV_V/rets_dir/cfg_97_model_16.ret,1343176,5e2fc3a027da376a95472e1718e03bb11a7d97649d697ca202b6e53c3d2babcd
drfold_checkpoint_output,8RDV_V,data/cache/v4_final_drfold2/8RDV_V/rets_dir/cfg_97_model_17.ret,1343176,0ed0117d724fab7991477b19677a09eb5780f91c9ff96e2673971d81e20c3ae1
drfold_checkpoint_output,8RDV_V,data/cache/v4_final_drfold2/8RDV_V/rets_dir/cfg_97_model_18.ret,1343176,cd217c467759c0cef553bdda74da5bbba0cdc631df77e1254e859ecbbde563da
drfold_checkpoint_output,8RDV_V,data/cache/v4_final_drfold2/8RDV_V/rets_dir/cfg_97_model_19.ret,1343176,f5e099233712008cbd3e3ecc84e21b5cfbaaad298c29b003bd6cf2a9bfb2f4ec
drfold_checkpoint_output,8RDV_V,data/cache/v4_final_drfold2/8RDV_V/rets_dir/cfg_97_model_2.ret,1343176,4a851a7a734736fcb888a977d03951a7aa5711dcab72b32b7a5a98cafd0f204d
drfold_checkpoint_output,8RDV_V,data/cache/v4_final_drfold2/8RDV_V/rets_dir/cfg_97_model_3.ret,1343176,0e4fba98ec90a505ffad0a35b7aa6ebe7aaf1906858cc9ee41f3d183523def20
drfold_checkpoint_output,8RDV_V,data/cache/v4_final_drfold2/8RDV_V/rets_dir/cfg_97_model_4.ret,1343176,61cb58f65ef5e8a898b9e73b90efeaafa714e63c49bc66a7ffae20f591d820b7
drfold_checkpoint_output,8RDV_V,data/cache/v4_final_drfold2/8RDV_V/rets_dir/cfg_97_model_5.ret,1343176,7165b5adf463389e3468ffcc9a77dcec73507a299fc7146ad201a5e3222ea418
drfold_checkpoint_output,8RDV_V,data/cache/v4_final_drfold2/8RDV_V/rets_dir/cfg_97_model_6.ret,1343176,c44893428c63d99ec2ade4ad48598eb8b4d453b403d5da37507a8c4ab04f537f
drfold_checkpoint_output,8RDV_V,data/cache/v4_final_drfold2/8RDV_V/rets_dir/cfg_97_model_7.ret,1343176,9a3cd18528daabe26dcc880b8dcdd84c3aed0878c6e6adf31989eb022697d488
drfold_checkpoint_output,8RDV_V,data/cache/v4_final_drfold2/8RDV_V/rets_dir/cfg_97_model_8.ret,1343176,5fd7dbadbc369eea5b16771a1b2619df70d4ea83940c206f799c51232e0252fa
drfold_checkpoint_output,8RDV_V,data/cache/v4_final_drfold2/8RDV_V/rets_dir/cfg_97_model_9.ret,1343176,bb641a09016590bbebbd31dacd0f87af384f85feea1866d9f3a7b81620a8e84b
drfold_checkpoint_output,8RG0_A,data/cache/v4_final_drfold2/8RG0_A/rets_dir/cfg_97_model_0.ret,3401476,d3ca9e922515eb9307af6afd15150e95ed7ddb6ce4da2c12eb68ac6fb082d9b6
drfold_checkpoint_output,8RG0_A,data/cache/v4_final_drfold2/8RG0_A/rets_dir/cfg_97_model_1.ret,3401476,6c71d434e8085f3337e35201911796e9914b555b94e534aea69209f228a94671
drfold_checkpoint_output,8RG0_A,data/cache/v4_final_drfold2/8RG0_A/rets_dir/cfg_97_model_10.ret,3401476,5cb4102a0ddff4ac10350a427d6421fc70151605a2a4875c340c9c6e4b79d6d2
drfold_checkpoint_output,8RG0_A,data/cache/v4_final_drfold2/8RG0_A/rets_dir/cfg_97_model_11.ret,3401476,455516f93dcafc057346646475460deaee6de21d77fe47652db9a075c8f2687c
drfold_checkpoint_output,8RG0_A,data/cache/v4_final_drfold2/8RG0_A/rets_dir/cfg_97_model_12.ret,3401476,6430e493598aa211b06fd0afd49c0ca091fa0e900248052ce085a70099e4dda9
drfold_checkpoint_output,8RG0_A,data/cache/v4_final_drfold2/8RG0_A/rets_dir/cfg_97_model_13.ret,3401476,ad77ce221d80a36760d80e91d81a5c95df8702d0ff2053e1fde03febdd0aa525
drfold_checkpoint_output,8RG0_A,data/cache/v4_final_drfold2/8RG0_A/rets_dir/cfg_97_model_14.ret,3401476,92d0b36194bae5765743a7fa243715a87f40999d60bec941d141d325db2c4d3e
drfold_checkpoint_output,8RG0_A,data/cache/v4_final_drfold2/8RG0_A/rets_dir/cfg_97_model_15.ret,3401476,7c1ddb872c0412b7b27e2add4fd727bca1a9b38644b329c7673ed793b8b08dcc
drfold_checkpoint_output,8RG0_A,data/cache/v4_final_drfold2/8RG0_A/rets_dir/cfg_97_model_16.ret,3401476,f9c6a2d9fc77c3e866840ec995a6cdb36524951e77f2d16f4bbf212da844c5c1
drfold_checkpoint_output,8RG0_A,data/cache/v4_final_drfold2/8RG0_A/rets_dir/cfg_97_model_17.ret,3401476,90a574b3486baead8859dc89e72a26fdc57c8a86dbbdad138ccfe3dc9566626c
drfold_checkpoint_output,8RG0_A,data/cache/v4_final_drfold2/8RG0_A/rets_dir/cfg_97_model_18.ret,3401476,a9c901b51f8fcedf93c0a9829e94d27faa275a5bde9236e2c8ab84bb5ece46aa
drfold_checkpoint_output,8RG0_A,data/cache/v4_final_drfold2/8RG0_A/rets_dir/cfg_97_model_19.ret,3401476,1460af449e96057daef7163ab5741aa487d4cf1026576f91b1fa8ab1d4e294cf
drfold_checkpoint_output,8RG0_A,data/cache/v4_final_drfold2/8RG0_A/rets_dir/cfg_97_model_2.ret,3401476,bd8246df78afa0a6958f01a8379b3b09122540dad3013f3600b1ab0957bd3fc8
drfold_checkpoint_output,8RG0_A,data/cache/v4_final_drfold2/8RG0_A/rets_dir/cfg_97_model_3.ret,3401476,839ef65f04b19879675b84935b6c91099c1b8f0c20e043fc8d235cbad9d78e22
drfold_checkpoint_output,8RG0_A,data/cache/v4_final_drfold2/8RG0_A/rets_dir/cfg_97_model_4.ret,3401476,665dd27768b3c5cd78a2dc46112e201dee28ed968b570ecf9be81e6c1c523bf5
drfold_checkpoint_output,8RG0_A,data/cache/v4_final_drfold2/8RG0_A/rets_dir/cfg_97_model_5.ret,3401476,05982c6e0d31f22c5560e1ddd932097c633eb68ee2e01ac90604b46dc796b4b7
drfold_checkpoint_output,8RG0_A,data/cache/v4_final_drfold2/8RG0_A/rets_dir/cfg_97_model_6.ret,3401476,1c3a92606dcc8fe664a8f7595c8bdad019e0ee2479c893f7a0ed0a4df06f832e
drfold_checkpoint_output,8RG0_A,data/cache/v4_final_drfold2/8RG0_A/rets_dir/cfg_97_model_7.ret,3401476,d33732751a3a245c7a9ef44914e9c3ad05b8175677e0ceee20d9291660574571
drfold_checkpoint_output,8RG0_A,data/cache/v4_final_drfold2/8RG0_A/rets_dir/cfg_97_model_8.ret,3401476,2b75f63a95bdc41e0eaf5322bc9ede1bf21655d17363139a62320b04f5d4514a
drfold_checkpoint_output,8RG0_A,data/cache/v4_final_drfold2/8RG0_A/rets_dir/cfg_97_model_9.ret,3401476,5195be4455668882a87de178c0a039a7847e3396a97b5f5f2015a23ec436b561
drfold_checkpoint_output,8RO0_5,data/cache/v4_final_drfold2/8RO0_5/rets_dir/cfg_97_model_0.ret,3401476,6c50c0f280f38bb4ce136819c772dbc99398d814ba12dadfb923db3fb21e4ef4
drfold_checkpoint_output,8RO0_5,data/cache/v4_final_drfold2/8RO0_5/rets_dir/cfg_97_model_1.ret,3401476,a4c9ad95a9a8bc39617181a780f409484ae397a25fdc80b2f7c0b77cbf7565bd
drfold_checkpoint_output,8RO0_5,data/cache/v4_final_drfold2/8RO0_5/rets_dir/cfg_97_model_10.ret,3401476,73470d5228ce2e918092eeba28b782c5ad96fe50d9d5b873e021edcdeeba28bd
drfold_checkpoint_output,8RO0_5,data/cache/v4_final_drfold2/8RO0_5/rets_dir/cfg_97_model_11.ret,3401476,3d572cd1ab944e56b8337a29fe3a9eacc8404ba0f1d9ea083c8824ab47ea7cd3
drfold_checkpoint_output,8RO0_5,data/cache/v4_final_drfold2/8RO0_5/rets_dir/cfg_97_model_12.ret,3401476,e5cc821099ac46d9c54f205f3d25c8f30f8bd521f392181ef45d43c53d57583d
drfold_checkpoint_output,8RO0_5,data/cache/v4_final_drfold2/8RO0_5/rets_dir/cfg_97_model_13.ret,3401476,cd0fb287b74acd23e392df03ed6d22df4a2b62c804ead48ed3bbd8c552ea7064
drfold_checkpoint_output,8RO0_5,data/cache/v4_final_drfold2/8RO0_5/rets_dir/cfg_97_model_14.ret,3401476,fbedd41cad3cf935274436334d3e77755191709de1067b29e2b0892b859938f2
drfold_checkpoint_output,8RO0_5,data/cache/v4_final_drfold2/8RO0_5/rets_dir/cfg_97_model_15.ret,3401476,9d2221891efe76149e0ca63f659a41c689e07bb11e63ede5cdbe51b5c25d0110
drfold_checkpoint_output,8RO0_5,data/cache/v4_final_drfold2/8RO0_5/rets_dir/cfg_97_model_16.ret,3401476,cf31cb28b194532e1413d28704e33c9634502dc7d1fad265bac55f33a9193d9f
drfold_checkpoint_output,8RO0_5,data/cache/v4_final_drfold2/8RO0_5/rets_dir/cfg_97_model_17.ret,3401476,a49b7d7ab2f010f083f7b6af6693dabb47b0272febdc2e0400bef5f358778ffc
drfold_checkpoint_output,8RO0_5,data/cache/v4_final_drfold2/8RO0_5/rets_dir/cfg_97_model_18.ret,3401476,d70bfdcb214fbfc930d975a705420ac54ab6c2b3367226a1b4042ea3fcac2121
drfold_checkpoint_output,8RO0_5,data/cache/v4_final_drfold2/8RO0_5/rets_dir/cfg_97_model_19.ret,3401476,9c2731e28bfb7b369bc05ad216a5e798fff83a0441173c6171f16e1374b5952c
drfold_checkpoint_output,8RO0_5,data/cache/v4_final_drfold2/8RO0_5/rets_dir/cfg_97_model_2.ret,3401476,efef19a7f5d2a4e068253a2276fe9506af73c024748415e3e211d6c1d816f882
drfold_checkpoint_output,8RO0_5,data/cache/v4_final_drfold2/8RO0_5/rets_dir/cfg_97_model_3.ret,3401476,a0190658d8f2811498ba86c7ca17a2caa86900395bceac9cb595e8cda7de4692
drfold_checkpoint_output,8RO0_5,data/cache/v4_final_drfold2/8RO0_5/rets_dir/cfg_97_model_4.ret,3401476,9386dd750fe7bc68bd8117bef04c401b4f4fef689959862af717f68dc747c212
drfold_checkpoint_output,8RO0_5,data/cache/v4_final_drfold2/8RO0_5/rets_dir/cfg_97_model_5.ret,3401476,91f58fe6ded0b2f8c692bf749767c18aa62f3ca348a2b67a520d1454c653046d
drfold_checkpoint_output,8RO0_5,data/cache/v4_final_drfold2/8RO0_5/rets_dir/cfg_97_model_6.ret,3401476,d85f17549e6628fea11fc6adbfa461cd9373d82b4faf1bc335b0a3565fdb9691
drfold_checkpoint_output,8RO0_5,data/cache/v4_final_drfold2/8RO0_5/rets_dir/cfg_97_model_7.ret,3401476,c64e7e43bed974cf35a40490b871299df765b46682321103981a4efbbf0c2cd4
drfold_checkpoint_output,8RO0_5,data/cache/v4_final_drfold2/8RO0_5/rets_dir/cfg_97_model_8.ret,3401476,26e10686a2c53be61d1c4fac5ed2b1ff537808b06a5d72e7a122cbbd8c1595c4
drfold_checkpoint_output,8RO0_5,data/cache/v4_final_drfold2/8RO0_5/rets_dir/cfg_97_model_9.ret,3401476,5c082e0572c4c9f3ea161b416cb2fd86d2e2ffd55b6ca622507f5b9a438e52a8
drfold_checkpoint_output,8RO1_5,data/cache/v4_final_drfold2/8RO1_5/rets_dir/cfg_97_model_0.ret,2914648,6dbe0b3e172646ce1ffcf62ece3f0ac4150383738b3f958552e1467bb704224a
drfold_checkpoint_output,8RO1_5,data/cache/v4_final_drfold2/8RO1_5/rets_dir/cfg_97_model_1.ret,2914648,d6d728e4e413e6f9f09720ded2416efdf5ebdad7b9a86ead6e5053832be61e24
drfold_checkpoint_output,8RO1_5,data/cache/v4_final_drfold2/8RO1_5/rets_dir/cfg_97_model_10.ret,2914648,5f05b7c2ab8472be43e0617e72ae8ed117dc365d61f73c1152f29d2d24a7a49f
drfold_checkpoint_output,8RO1_5,data/cache/v4_final_drfold2/8RO1_5/rets_dir/cfg_97_model_11.ret,2914648,4eb602feb36ca60fc108dec4ae49d93843d46c4bac5d8343e202e5d2a0e79605
drfold_checkpoint_output,8RO1_5,data/cache/v4_final_drfold2/8RO1_5/rets_dir/cfg_97_model_12.ret,2914648,8168295403a2ecea0e1228f8446777de36f30ae20e2c85f2fe39d932fc2a900e
drfold_checkpoint_output,8RO1_5,data/cache/v4_final_drfold2/8RO1_5/rets_dir/cfg_97_model_13.ret,2914648,e2ab5b6e4986f36428f1afd05f932a6781999e988e9090a90c78f9ea7b3e7325
drfold_checkpoint_output,8RO1_5,data/cache/v4_final_drfold2/8RO1_5/rets_dir/cfg_97_model_14.ret,2914648,4be2ad9ede4a4ff80a0354fefab9c30e7b297304629625db6793610dd25c8090
drfold_checkpoint_output,8RO1_5,data/cache/v4_final_drfold2/8RO1_5/rets_dir/cfg_97_model_15.ret,2914648,35534261ad5514233ea138ee65a3f9f87b6fdb99ebac7160ec96be11732dd2dc
drfold_checkpoint_output,8RO1_5,data/cache/v4_final_drfold2/8RO1_5/rets_dir/cfg_97_model_16.ret,2914648,c9bcf0da52cc6929c8bc23a7fb9dd26e013c4908cb60f11dcbef52604c6acf99
drfold_checkpoint_output,8RO1_5,data/cache/v4_final_drfold2/8RO1_5/rets_dir/cfg_97_model_17.ret,2914648,96fa0e45efbcb6aeafb4edca2739c1ff9f27e0eba6cd31a84f26cd6b4c351f4a
drfold_checkpoint_output,8RO1_5,data/cache/v4_final_drfold2/8RO1_5/rets_dir/cfg_97_model_18.ret,2914648,3a27d911c21f0e44998838a227275c7a3120ae8d4693b9121c2ec3fd9a7b4ea3
drfold_checkpoint_output,8RO1_5,data/cache/v4_final_drfold2/8RO1_5/rets_dir/cfg_97_model_19.ret,2914648,00096188ad111b91dc5457073c6953f0262e88eea44d1e8affa859ef8eef65a7
drfold_checkpoint_output,8RO1_5,data/cache/v4_final_drfold2/8RO1_5/rets_dir/cfg_97_model_2.ret,2914648,aeeaedc23e7ffbe5d35be9b1420cd1bf9124b5fe743b540227c2dbe1c48f8531
drfold_checkpoint_output,8RO1_5,data/cache/v4_final_drfold2/8RO1_5/rets_dir/cfg_97_model_3.ret,2914648,bf9f0f4a0ab8c31d252b9da4b34101bd9e0b133b06c01657a82af42cbc8c68a7
drfold_checkpoint_output,8RO1_5,data/cache/v4_final_drfold2/8RO1_5/rets_dir/cfg_97_model_4.ret,2914648,3eb260e237405089b620fe86d88996e0607a253f73f4fc51832e6fa89b2b0499
drfold_checkpoint_output,8RO1_5,data/cache/v4_final_drfold2/8RO1_5/rets_dir/cfg_97_model_5.ret,2914648,4b181701db3f8e8102a244c369ffd01e7f77346ac10cfbbbd6792a1b6a578477
drfold_checkpoint_output,8RO1_5,data/cache/v4_final_drfold2/8RO1_5/rets_dir/cfg_97_model_6.ret,2914648,b8aaa36c9d4e69b300b443c186fd39b604ed5740b3d872461450d8414201cf76
drfold_checkpoint_output,8RO1_5,data/cache/v4_final_drfold2/8RO1_5/rets_dir/cfg_97_model_7.ret,2914648,e8711111eac9dfa48a01ead783303b93ee8e37893985afd9f1d6d68de7737962
drfold_checkpoint_output,8RO1_5,data/cache/v4_final_drfold2/8RO1_5/rets_dir/cfg_97_model_8.ret,2914648,082c53afe0dafd2bef0de0f4b304892edd0e219aa5b087485b95c70ae93ab4db
drfold_checkpoint_output,8RO1_5,data/cache/v4_final_drfold2/8RO1_5/rets_dir/cfg_97_model_9.ret,2914648,7523196efbc211cdb31a3775bfa0a1ff0294adf05061d3d845629f1c137359e1
drfold_checkpoint_output,8SD0_B,data/cache/v4_final_drfold2/8SD0_B/rets_dir/cfg_97_model_0.ret,239128,153501d6e7572d6bd06188cdf61bf367fb211024fced805799ca90bf70392b41
drfold_checkpoint_output,8SD0_B,data/cache/v4_final_drfold2/8SD0_B/rets_dir/cfg_97_model_1.ret,239128,b22131831cf612c0b9121a7e2f742ceb3acdbc54469591daf3d44d1a1593217d
drfold_checkpoint_output,8SD0_B,data/cache/v4_final_drfold2/8SD0_B/rets_dir/cfg_97_model_10.ret,239128,cddefe015b982b6c18a00ce9efba635fdd0247c2bccf93fd734696e2e2ad3e17
drfold_checkpoint_output,8SD0_B,data/cache/v4_final_drfold2/8SD0_B/rets_dir/cfg_97_model_11.ret,239128,e895a3c03eb3840adf00b4639a411ea0bcb45fec83805d7b32cafaf8c7dce959
drfold_checkpoint_output,8SD0_B,data/cache/v4_final_drfold2/8SD0_B/rets_dir/cfg_97_model_12.ret,239128,d37d9b01f137dd7a8997ebcf907949f5651fdc9af73d8a40e3754381c3df8a4a
drfold_checkpoint_output,8SD0_B,data/cache/v4_final_drfold2/8SD0_B/rets_dir/cfg_97_model_13.ret,239128,eea5042f84deb44c5553f8881ff7fba640c46b9b2e2ed19378a3b0d8bcde2619
drfold_checkpoint_output,8SD0_B,data/cache/v4_final_drfold2/8SD0_B/rets_dir/cfg_97_model_14.ret,239128,da805574ab766f68dea85ff2803dbc97739172bb0171b2bd7972bb37be6d2a04
drfold_checkpoint_output,8SD0_B,data/cache/v4_final_drfold2/8SD0_B/rets_dir/cfg_97_model_15.ret,239128,eb2a12abc25a367441c46900a23ee4644bc3c1013a02e6bfb19fb32c2701f262
drfold_checkpoint_output,8SD0_B,data/cache/v4_final_drfold2/8SD0_B/rets_dir/cfg_97_model_16.ret,239128,2b3669db2643b4d7b0367be7ea770b8adba90ab8cc298ed4bdedb30c0ae851be
drfold_checkpoint_output,8SD0_B,data/cache/v4_final_drfold2/8SD0_B/rets_dir/cfg_97_model_17.ret,239128,ec7073052997844f983d6637a242befe686009067a61e59522da9c2e8ffecc91
drfold_checkpoint_output,8SD0_B,data/cache/v4_final_drfold2/8SD0_B/rets_dir/cfg_97_model_18.ret,239128,b0a76587c5fd9adb56b767f17191c58ac0ae8168a2a511c968b6c5f398854e2e
drfold_checkpoint_output,8SD0_B,data/cache/v4_final_drfold2/8SD0_B/rets_dir/cfg_97_model_19.ret,239128,fea00a5973ad2d13b1bb6ad0822cb57cba74f8d358f0873c93d7c9061e52a765
drfold_checkpoint_output,8SD0_B,data/cache/v4_final_drfold2/8SD0_B/rets_dir/cfg_97_model_2.ret,239128,dee2a2f68b27c0cb1f48c348cb33212f74e2500c3ea30d45ab8e8f7df1de8937
drfold_checkpoint_output,8SD0_B,data/cache/v4_final_drfold2/8SD0_B/rets_dir/cfg_97_model_3.ret,239128,ee69fb781d9941c612db3950ba9ef6df9a6ff47dd13f46f1fbebbe441c0c6f10
drfold_checkpoint_output,8SD0_B,data/cache/v4_final_drfold2/8SD0_B/rets_dir/cfg_97_model_4.ret,239128,7a0f7130dac4fd999752c2175b70e225cc328c811348b86ab6d5c69d9c04505f
drfold_checkpoint_output,8SD0_B,data/cache/v4_final_drfold2/8SD0_B/rets_dir/cfg_97_model_5.ret,239128,81f2e54ccd863d10d8e365ebccb8489947ca4884a65a3660cb45de10700642c9
drfold_checkpoint_output,8SD0_B,data/cache/v4_final_drfold2/8SD0_B/rets_dir/cfg_97_model_6.ret,239128,0c678cf7173dd2158ce0be8ff6b7db2f38ae163a278b3d7a1c6c921c6d85dafd
drfold_checkpoint_output,8SD0_B,data/cache/v4_final_drfold2/8SD0_B/rets_dir/cfg_97_model_7.ret,239128,e8477ec0c8b9f4d163ee51e85399b1deced36067dfd08b10ddde00baf6418b7c
drfold_checkpoint_output,8SD0_B,data/cache/v4_final_drfold2/8SD0_B/rets_dir/cfg_97_model_8.ret,239128,c9804044aac1b4e623c1c92830eca16292a5e802aab7cbf1988ea4b97549b3b8
drfold_checkpoint_output,8SD0_B,data/cache/v4_final_drfold2/8SD0_B/rets_dir/cfg_97_model_9.ret,239128,50bf7fd030b5d4fad1fb13c03d51303d1bc45495efa1890a1bd1ee9b4604e6b5
drfold_checkpoint_output,8SFP_B,data/cache/v4_final_drfold2/8SFP_B/rets_dir/cfg_97_model_0.ret,536664,b9c6cfa270e43cc5eeb6c4c6f21e7133f28ef3a49b1072c63fa2653912628e74
drfold_checkpoint_output,8SFP_B,data/cache/v4_final_drfold2/8SFP_B/rets_dir/cfg_97_model_1.ret,536664,c6d12efeac183d658e4dc51a75ad2d548fcdeef59aa407eacce3dc395f2e3c16
drfold_checkpoint_output,8SFP_B,data/cache/v4_final_drfold2/8SFP_B/rets_dir/cfg_97_model_10.ret,536664,cb8e3fc3b1b3c4fa8cb3f764251e1276bf79429f160bf6e7b51ba88599685bb4
drfold_checkpoint_output,8SFP_B,data/cache/v4_final_drfold2/8SFP_B/rets_dir/cfg_97_model_11.ret,536664,421cf496ce40be21065a92d6b80a7962a0a1dc27c09b096860df771895f5c238
drfold_checkpoint_output,8SFP_B,data/cache/v4_final_drfold2/8SFP_B/rets_dir/cfg_97_model_12.ret,536664,f16b052a875fe360041ab2d049efbb343bb9720f2dc2cebcb535446157eb134e
drfold_checkpoint_output,8SFP_B,data/cache/v4_final_drfold2/8SFP_B/rets_dir/cfg_97_model_13.ret,536664,4de1c93aa808f73dffccbad54878e85a38f7ceac5f33f320f9f2a8e769aa8dbe
drfold_checkpoint_output,8SFP_B,data/cache/v4_final_drfold2/8SFP_B/rets_dir/cfg_97_model_14.ret,536664,c0312609997586f73fab0e7c8a2e09fab1a84bcab52fab411feeb8ddc3f6c840
drfold_checkpoint_output,8SFP_B,data/cache/v4_final_drfold2/8SFP_B/rets_dir/cfg_97_model_15.ret,536664,c70b6d18a93ca2d9b3c97e515d016af34b8384014103f1996e666be96ac5bffc
drfold_checkpoint_output,8SFP_B,data/cache/v4_final_drfold2/8SFP_B/rets_dir/cfg_97_model_16.ret,536664,67d9ff32e5a07c4a5582aea75733e42a4edec2af90add144d716834ac5cc3ed1
drfold_checkpoint_output,8SFP_B,data/cache/v4_final_drfold2/8SFP_B/rets_dir/cfg_97_model_17.ret,536664,b63f7095c3a9c6233621b5c0beb4f43967828c23db1a1bc5035827b0fbbd9074
drfold_checkpoint_output,8SFP_B,data/cache/v4_final_drfold2/8SFP_B/rets_dir/cfg_97_model_18.ret,536664,743f15dbfc5201d83f03aa79c69e1620c9fcd6addfc3fba0dad663a601d679b2
drfold_checkpoint_output,8SFP_B,data/cache/v4_final_drfold2/8SFP_B/rets_dir/cfg_97_model_19.ret,536664,0534f462e21b86d07ece99022dcd666e301da8da3054f6d0af627f0526d4978d
drfold_checkpoint_output,8SFP_B,data/cache/v4_final_drfold2/8SFP_B/rets_dir/cfg_97_model_2.ret,536664,ca85805436a6cc185b436a627b3fe25a4d0e30f071d6ac55c857ee16d6b9ddc2
drfold_checkpoint_output,8SFP_B,data/cache/v4_final_drfold2/8SFP_B/rets_dir/cfg_97_model_3.ret,536664,ea67df664d61b4a89ac8cff438d4e7c16156975cf375819465d7678e3d8e88e1
drfold_checkpoint_output,8SFP_B,data/cache/v4_final_drfold2/8SFP_B/rets_dir/cfg_97_model_4.ret,536664,94d3205b70d253862f1d261e6e342ae39cf22a91c246a2aba3e2317ec6cedc9e
drfold_checkpoint_output,8SFP_B,data/cache/v4_final_drfold2/8SFP_B/rets_dir/cfg_97_model_5.ret,536664,9a9907e0d4df96540b805b2b705cf7f2d9db515ed9d6b71582fa99c957193490
drfold_checkpoint_output,8SFP_B,data/cache/v4_final_drfold2/8SFP_B/rets_dir/cfg_97_model_6.ret,536664,43b87042dee56c5e878ac3e5dbf62be41f275f3f96f5479eaf3b379c43fd18f3
drfold_checkpoint_output,8SFP_B,data/cache/v4_final_drfold2/8SFP_B/rets_dir/cfg_97_model_7.ret,536664,8dd9736c8285adaad2f97b6fb5142badb4d5874ccbd9f8971f848e53b8308b7f
drfold_checkpoint_output,8SFP_B,data/cache/v4_final_drfold2/8SFP_B/rets_dir/cfg_97_model_8.ret,536664,2ca3200b63b2e9d88b7939b520773cf8c02fd60c50aeed7e2fe328115970570a
drfold_checkpoint_output,8SFP_B,data/cache/v4_final_drfold2/8SFP_B/rets_dir/cfg_97_model_9.ret,536664,aa3098b839211aff37be53b4477db58ec948e2055d41ffcfb8ab1dc8c71899ca
drfold_checkpoint_output,8SYK_B,data/cache/v4_final_drfold2/8SYK_B/rets_dir/cfg_97_model_0.ret,2660428,bda3e2596c0ed8a868085098f2982fc44645a77ec47565f5a47beaff526f857c
drfold_checkpoint_output,8SYK_B,data/cache/v4_final_drfold2/8SYK_B/rets_dir/cfg_97_model_1.ret,2660428,fabad6743d13f46d35943c201227004d6089901fca8361c8a33d2e318e7a7291
drfold_checkpoint_output,8SYK_B,data/cache/v4_final_drfold2/8SYK_B/rets_dir/cfg_97_model_10.ret,2660428,93980bb2d485f713a84fec1c0303c32b5a0bfebd5a54a201cbb36468c0f2ea0f
drfold_checkpoint_output,8SYK_B,data/cache/v4_final_drfold2/8SYK_B/rets_dir/cfg_97_model_11.ret,2660428,22ae6d3179376455fbca04c78d05e8e8db3e72a9c681d5fb270da7ebfae992e9
drfold_checkpoint_output,8SYK_B,data/cache/v4_final_drfold2/8SYK_B/rets_dir/cfg_97_model_12.ret,2660428,9382ebd80ac549183cdb17a5b37209683dfae8c66e09d90f6cb6a4b72ca61c96
drfold_checkpoint_output,8SYK_B,data/cache/v4_final_drfold2/8SYK_B/rets_dir/cfg_97_model_13.ret,2660428,17bc5eb09a6952a58523c0b04011b1a2c883829266b4a2be3a21b17d36dd330d
drfold_checkpoint_output,8SYK_B,data/cache/v4_final_drfold2/8SYK_B/rets_dir/cfg_97_model_14.ret,2660428,865e4c1886b484b830e4d51d26017c0459e87b6daef4d58075d27713f5ea2cf5
drfold_checkpoint_output,8SYK_B,data/cache/v4_final_drfold2/8SYK_B/rets_dir/cfg_97_model_15.ret,2660428,17f7d517f7797a670914564c2398a4ef338167591b758a7b50a78c90211cadc0
drfold_checkpoint_output,8SYK_B,data/cache/v4_final_drfold2/8SYK_B/rets_dir/cfg_97_model_16.ret,2660428,95406cf2bf8128d0e3bf56979610a9daaf1a5651a11435f70b08923daa3da1b2
drfold_checkpoint_output,8SYK_B,data/cache/v4_final_drfold2/8SYK_B/rets_dir/cfg_97_model_17.ret,2660428,e20094097785b9ff65b19e26704f2898975e81f44b01d6120f9e077e2da147af
drfold_checkpoint_output,8SYK_B,data/cache/v4_final_drfold2/8SYK_B/rets_dir/cfg_97_model_18.ret,2660428,726c58385322c0dbd60c196d75eab442ffab5f647ff14c77e40183fb338c7972
drfold_checkpoint_output,8SYK_B,data/cache/v4_final_drfold2/8SYK_B/rets_dir/cfg_97_model_19.ret,2660428,5d184357f2379086443ee8d9f87e49e52cb3179b2b3aff2313bfe244426c1ea6
drfold_checkpoint_output,8SYK_B,data/cache/v4_final_drfold2/8SYK_B/rets_dir/cfg_97_model_2.ret,2660428,dcc5257a9d6889e5242aae9b996f6e67702c2d37317c72e71ff8b9e524252e96
drfold_checkpoint_output,8SYK_B,data/cache/v4_final_drfold2/8SYK_B/rets_dir/cfg_97_model_3.ret,2660428,f5d3b0f3c81d07050b470cbe8131c6f2c2b9b80e80d45fa2198ce8a0bed64968
drfold_checkpoint_output,8SYK_B,data/cache/v4_final_drfold2/8SYK_B/rets_dir/cfg_97_model_4.ret,2660428,b5572892da10c2dbe73987e7d416c4b5dd5f29944aa19389c545e8ee7a1b55cc
drfold_checkpoint_output,8SYK_B,data/cache/v4_final_drfold2/8SYK_B/rets_dir/cfg_97_model_5.ret,2660428,61e8e288bd53843092d478759c014aee21691ec338836635f387730983d89917
drfold_checkpoint_output,8SYK_B,data/cache/v4_final_drfold2/8SYK_B/rets_dir/cfg_97_model_6.ret,2660428,eec46d1f5eaa803658c8def5b988fe527d4c165512e407bec78d0b87da0e7a2b
drfold_checkpoint_output,8SYK_B,data/cache/v4_final_drfold2/8SYK_B/rets_dir/cfg_97_model_7.ret,2660428,4426982ba26938fb756d9434f740a70140808c0c62d5b85b430a11e6aae7d17a
drfold_checkpoint_output,8SYK_B,data/cache/v4_final_drfold2/8SYK_B/rets_dir/cfg_97_model_8.ret,2660428,717cf04f8901ef2c953516a56a28bc1c295e660c4e2170d0ad82541665e581ee
drfold_checkpoint_output,8SYK_B,data/cache/v4_final_drfold2/8SYK_B/rets_dir/cfg_97_model_9.ret,2660428,53399b0ff6c1055817d2475d9745456272dd23591f10b9445db0948811d536c0
drfold_checkpoint_output,8T2P_A,data/cache/v4_final_drfold2/8T2P_A/rets_dir/cfg_97_model_0.ret,4233477,509cf48cec63f4967b45457ef31b61d18d9dda8901f0c5b2e72e28b7650ed621
drfold_checkpoint_output,8T2P_A,data/cache/v4_final_drfold2/8T2P_A/rets_dir/cfg_97_model_1.ret,4233477,b36800a5689b2b9748e597f8ed30f9e82e16995774326dc43af8be80f2bfd5da
drfold_checkpoint_output,8T2P_A,data/cache/v4_final_drfold2/8T2P_A/rets_dir/cfg_97_model_10.ret,4233477,6be551f8fcaaa4686883bd84edc67a860ecd3f23e49a3478d1cf5cdcad0625c3
drfold_checkpoint_output,8T2P_A,data/cache/v4_final_drfold2/8T2P_A/rets_dir/cfg_97_model_11.ret,4233477,b9edf8c0b28475cb9f6b5261e3e0ed4ce720432c0e8c475a0e8abf4c29c91b9f
drfold_checkpoint_output,8T2P_A,data/cache/v4_final_drfold2/8T2P_A/rets_dir/cfg_97_model_12.ret,4233477,f89cea34344c5d41b44daef6038f09c60086ff35947ee55501ffcf049147de3e
drfold_checkpoint_output,8T2P_A,data/cache/v4_final_drfold2/8T2P_A/rets_dir/cfg_97_model_13.ret,4233477,738d5a54f6c0ced4f2c76a7ba889d70c6897a945a680aa7f6cde5001c263c103
drfold_checkpoint_output,8T2P_A,data/cache/v4_final_drfold2/8T2P_A/rets_dir/cfg_97_model_14.ret,4233477,d823e0035fc9e7666738828117aac7bf32700a2c8cbdc6837ea552bd65600ab9
drfold_checkpoint_output,8T2P_A,data/cache/v4_final_drfold2/8T2P_A/rets_dir/cfg_97_model_15.ret,4233477,1a50393d102fe51f3d14a91939ed057af0d927a8d68c386031e8db6da7e6c983
drfold_checkpoint_output,8T2P_A,data/cache/v4_final_drfold2/8T2P_A/rets_dir/cfg_97_model_16.ret,4233477,587b5a826ec6141be5f492ff535f0f00271186f65468bad76a4bc18e31056f63
drfold_checkpoint_output,8T2P_A,data/cache/v4_final_drfold2/8T2P_A/rets_dir/cfg_97_model_17.ret,4233477,3ba9ba4529b88d02f50a1c85d058ee68d8109ac41d4f2b1aee8812069a0b8dfe
drfold_checkpoint_output,8T2P_A,data/cache/v4_final_drfold2/8T2P_A/rets_dir/cfg_97_model_18.ret,4233477,4bdbb601cfd9a379926da049f164b91ddb42dbb8bf71c26d7433cfa2d3bc51ef
drfold_checkpoint_output,8T2P_A,data/cache/v4_final_drfold2/8T2P_A/rets_dir/cfg_97_model_19.ret,4233477,ddebaf44368c20ed5d891883395f6310e2553d535ec05a3e0d926e1ea9e76be8
drfold_checkpoint_output,8T2P_A,data/cache/v4_final_drfold2/8T2P_A/rets_dir/cfg_97_model_2.ret,4233477,17b7229d389555ef8b53febb0103c6a040ac3974b6a2dffb2c6efc4556c7840e
drfold_checkpoint_output,8T2P_A,data/cache/v4_final_drfold2/8T2P_A/rets_dir/cfg_97_model_3.ret,4233477,73c352877385e867c317c3a7779ce3e5d9c0da3da8fa79f9a0718d06bd1909a0
drfold_checkpoint_output,8T2P_A,data/cache/v4_final_drfold2/8T2P_A/rets_dir/cfg_97_model_4.ret,4233477,453d8b67fb9f9132b0f7bf90a5f8e5abaa5db33c385d4f2b8d3b685cebd8b042
drfold_checkpoint_output,8T2P_A,data/cache/v4_final_drfold2/8T2P_A/rets_dir/cfg_97_model_5.ret,4233477,29c54c04fd663cca01f8ee341e932d809caeaa9bae5375ebd7e78218081329ff
drfold_checkpoint_output,8T2P_A,data/cache/v4_final_drfold2/8T2P_A/rets_dir/cfg_97_model_6.ret,4233477,1409ddc2d73a21022db1b5f77eec51d93bce43310fdd25770617813ec1bad215
drfold_checkpoint_output,8T2P_A,data/cache/v4_final_drfold2/8T2P_A/rets_dir/cfg_97_model_7.ret,4233477,2359abdcfdc439de28f25a1e453b31390ab95ff585c7d7c0c7680a2f2c73a68a
drfold_checkpoint_output,8T2P_A,data/cache/v4_final_drfold2/8T2P_A/rets_dir/cfg_97_model_8.ret,4233477,f10d756d59661916ab6c4aa3df85affb5d2a61cef4f56597f656a5c86ca2a8bc
drfold_checkpoint_output,8T2P_A,data/cache/v4_final_drfold2/8T2P_A/rets_dir/cfg_97_model_9.ret,4233477,665c4c1aa08607ef97b3a733fd6d856520513f76e8d0389242c3dee5fb2e6423
drfold_checkpoint_output,8T2P_B,data/cache/v4_final_drfold2/8T2P_B/rets_dir/cfg_97_model_0.ret,5366017,0c2634935700c872c283c086f180cf0733c5b4302b3fe74edb3ec1d4a2b44cce
drfold_checkpoint_output,8T2P_B,data/cache/v4_final_drfold2/8T2P_B/rets_dir/cfg_97_model_1.ret,5366017,27e5be7e9ee9c939ae0510567ee6f8b4a336e80f68a11598590619d68189f546
drfold_checkpoint_output,8T2P_B,data/cache/v4_final_drfold2/8T2P_B/rets_dir/cfg_97_model_10.ret,5366017,debcda2d091adb8474c22a710ff4e6146243bae0b795c5479b3aa6b7dd37772a
drfold_checkpoint_output,8T2P_B,data/cache/v4_final_drfold2/8T2P_B/rets_dir/cfg_97_model_11.ret,5366017,050b39136b114ba90a08c2d08898a33ccd039fe916cc2573bb92bc922e7da96f
drfold_checkpoint_output,8T2P_B,data/cache/v4_final_drfold2/8T2P_B/rets_dir/cfg_97_model_12.ret,5366017,40e60964403714bf01b3f731923cafb7374a9f945c03a5bab7f503e443a2f34f
drfold_checkpoint_output,8T2P_B,data/cache/v4_final_drfold2/8T2P_B/rets_dir/cfg_97_model_13.ret,5366017,fae1f93b371b8779f01fe17dead8db13706a101b1c43978708c851baba34aea9
drfold_checkpoint_output,8T2P_B,data/cache/v4_final_drfold2/8T2P_B/rets_dir/cfg_97_model_14.ret,5366017,ebefb846e1c9ff2f8c35d2c8795a20b133c60bd986502835ad341627469c4421
drfold_checkpoint_output,8T2P_B,data/cache/v4_final_drfold2/8T2P_B/rets_dir/cfg_97_model_15.ret,5366017,a14b4c342932f003c829c1856249cd8b88852e5dae1634275ba560aac70be2ae
drfold_checkpoint_output,8T2P_B,data/cache/v4_final_drfold2/8T2P_B/rets_dir/cfg_97_model_16.ret,5366017,7cb4877810b4d5030c04dd10d8abbd188ca7583e78aed6681e89473c69db1801
drfold_checkpoint_output,8T2P_B,data/cache/v4_final_drfold2/8T2P_B/rets_dir/cfg_97_model_17.ret,5366017,d1a3dbb96c82605cb5fd934d98095b89376ac003b0ad3809e07ddb09d18ebeb1
drfold_checkpoint_output,8T2P_B,data/cache/v4_final_drfold2/8T2P_B/rets_dir/cfg_97_model_18.ret,5366017,c4901e531fb439d891af3a1b78894bc5dbd522856a9704e440614327dcce0400
drfold_checkpoint_output,8T2P_B,data/cache/v4_final_drfold2/8T2P_B/rets_dir/cfg_97_model_19.ret,5366017,1a08290459e89caa07436289ca5dacc07a7f8657f08cc0b038e5ed7b47dcffa5
drfold_checkpoint_output,8T2P_B,data/cache/v4_final_drfold2/8T2P_B/rets_dir/cfg_97_model_2.ret,5366017,c454b4e4ed38b3960dc489b679dc47b72c02ce92700ed04046a2bae69dfe38a5
drfold_checkpoint_output,8T2P_B,data/cache/v4_final_drfold2/8T2P_B/rets_dir/cfg_97_model_3.ret,5366017,4ce04a7ab722b07d007932fa8ef4bc4ba5bda1d7f4218a5d1f55c8d253b176c3
drfold_checkpoint_output,8T2P_B,data/cache/v4_final_drfold2/8T2P_B/rets_dir/cfg_97_model_4.ret,5366017,f6a37989b8b8f3b24f0ca9db5aabd6416b296f8b51154d4b6dfcd22b8754a76d
drfold_checkpoint_output,8T2P_B,data/cache/v4_final_drfold2/8T2P_B/rets_dir/cfg_97_model_5.ret,5366017,37e5f9d61cc7745fcb6c4e99f1116e0f6d0ca05d518a9be333d9b548c07170a4
drfold_checkpoint_output,8T2P_B,data/cache/v4_final_drfold2/8T2P_B/rets_dir/cfg_97_model_6.ret,5366017,864250e6f74e9f2bf888f81b04e7901456d41040456b1d1a6152643d59cfb41a
drfold_checkpoint_output,8T2P_B,data/cache/v4_final_drfold2/8T2P_B/rets_dir/cfg_97_model_7.ret,5366017,d231793b4dc02b170a74d60af8586d6376f737fd4c76c575d276a9cbc8190fa2
drfold_checkpoint_output,8T2P_B,data/cache/v4_final_drfold2/8T2P_B/rets_dir/cfg_97_model_8.ret,5366017,10cc379926db9708f2f8e362c90a9b2ac014d27be28ea088d0706a3c86f07963
drfold_checkpoint_output,8T2P_B,data/cache/v4_final_drfold2/8T2P_B/rets_dir/cfg_97_model_9.ret,5366017,45f3685506c38deb66eb5170404e5f3ab5216fd3235f2325d7bc3092dbf5edfc
drfold_checkpoint_output,8T5O_A,data/cache/v4_final_drfold2/8T5O_A/rets_dir/cfg_97_model_0.ret,3572104,6ddb115288fa1759bc005c91dca71ea13d209a3372348c712262a216c9703458
drfold_checkpoint_output,8T5O_A,data/cache/v4_final_drfold2/8T5O_A/rets_dir/cfg_97_model_1.ret,3572104,1d81f28b467d2fbd7305af7473a7f76111b0dd4aed966ad93f3e4810920ed1b9
drfold_checkpoint_output,8T5O_A,data/cache/v4_final_drfold2/8T5O_A/rets_dir/cfg_97_model_10.ret,3572104,44a8dc3d2620d154d2d8342aac79ef3da8b646fed9f5b00955490f72f5c7adcf
drfold_checkpoint_output,8T5O_A,data/cache/v4_final_drfold2/8T5O_A/rets_dir/cfg_97_model_11.ret,3572104,7a70e15c3171e18a7bc3e331fb1e6f0829f2df1f0042f18e17a74ce9137a498a
drfold_checkpoint_output,8T5O_A,data/cache/v4_final_drfold2/8T5O_A/rets_dir/cfg_97_model_12.ret,3572104,0f3a789bc1ee6f84fbaeba4d6170cd1e2e03235b80d7b61a2e6dcaeb90c3ddd3
drfold_checkpoint_output,8T5O_A,data/cache/v4_final_drfold2/8T5O_A/rets_dir/cfg_97_model_13.ret,3572104,c9d2fb4e6567c19728d02bbd3bdc47405cb33bd2702c1aaae461ccab378c9933
drfold_checkpoint_output,8T5O_A,data/cache/v4_final_drfold2/8T5O_A/rets_dir/cfg_97_model_14.ret,3572104,1e4dfdfd8739dc416ee90c778ded7b1343b829ed934a3bf04dcc2c17113a7137
drfold_checkpoint_output,8T5O_A,data/cache/v4_final_drfold2/8T5O_A/rets_dir/cfg_97_model_15.ret,3572104,11eb399f87deb0570e3dbce77fff5f20f267cabe28860169cbc42374524dfb5e
drfold_checkpoint_output,8T5O_A,data/cache/v4_final_drfold2/8T5O_A/rets_dir/cfg_97_model_16.ret,3572104,ee462aef16f4c12c24223bd3d9e3078b8658ffc40fefdc265127368ec4d90fdf
drfold_checkpoint_output,8T5O_A,data/cache/v4_final_drfold2/8T5O_A/rets_dir/cfg_97_model_17.ret,3572104,032c53f96ba2e22e2742504bd4fae9208da482fb621ca0b1a80b4f9dae707a05
drfold_checkpoint_output,8T5O_A,data/cache/v4_final_drfold2/8T5O_A/rets_dir/cfg_97_model_18.ret,3572104,cd9d98145be03a5aaf6d6a959ee330c6ed517f82c3ceefd95f655c4487a72d45
drfold_checkpoint_output,8T5O_A,data/cache/v4_final_drfold2/8T5O_A/rets_dir/cfg_97_model_19.ret,3572104,8a1129bd0cbabbf41eac0dbd61cc330b10f65598445935473210c69e7469c7a6
drfold_checkpoint_output,8T5O_A,data/cache/v4_final_drfold2/8T5O_A/rets_dir/cfg_97_model_2.ret,3572104,65a3a47b5c22613c9544ad9298f94ac39596b8ce155124c400be473763dae1fa
drfold_checkpoint_output,8T5O_A,data/cache/v4_final_drfold2/8T5O_A/rets_dir/cfg_97_model_3.ret,3572104,35e5ff749b5fd51ec88457fe5e12251c0dca57ee58425c702dfecc3f7167e6c4
drfold_checkpoint_output,8T5O_A,data/cache/v4_final_drfold2/8T5O_A/rets_dir/cfg_97_model_4.ret,3572104,809ce1edf232b42b6babd2931a750a35429234377d5da2eabb88b7a645cd729b
drfold_checkpoint_output,8T5O_A,data/cache/v4_final_drfold2/8T5O_A/rets_dir/cfg_97_model_5.ret,3572104,f6804102132c4c75befd474d22f81e3bff72de2d47d09947feabe69103474104
drfold_checkpoint_output,8T5O_A,data/cache/v4_final_drfold2/8T5O_A/rets_dir/cfg_97_model_6.ret,3572104,afc8bca15d9e0b51babc20f65f5df337296ef0e60e83bc46c9dd814daf2c5075
drfold_checkpoint_output,8T5O_A,data/cache/v4_final_drfold2/8T5O_A/rets_dir/cfg_97_model_7.ret,3572104,955f4cbcbbc76a5809936f0c083ead1935392f5d37b9eb237898272925fb0118
drfold_checkpoint_output,8T5O_A,data/cache/v4_final_drfold2/8T5O_A/rets_dir/cfg_97_model_8.ret,3572104,79062c85cc1ad8985c426ff5e0447e40da4f63cbb793d3b9a21b7cac8e3e049e
drfold_checkpoint_output,8T5O_A,data/cache/v4_final_drfold2/8T5O_A/rets_dir/cfg_97_model_9.ret,3572104,68d04bb88a75eef080cce321b418545d2ff5a1d1574d7a287bb031aa51e564f3
drfold_checkpoint_output,8TUX_R,data/cache/v4_final_drfold2/8TUX_R/rets_dir/cfg_97_model_0.ret,2097628,10553f975af3e1c796d1f47fedc3d746920086fd26f92808fe8f8df064e73cdf
drfold_checkpoint_output,8TUX_R,data/cache/v4_final_drfold2/8TUX_R/rets_dir/cfg_97_model_1.ret,2097628,5c7e26d2500cbdffe5fe02861af2099618285af49575c9be0a007c355a354034
drfold_checkpoint_output,8TUX_R,data/cache/v4_final_drfold2/8TUX_R/rets_dir/cfg_97_model_10.ret,2097628,a16e474e26b58174294a78c166a0af443fd9c9e88b3cfec973b4ba009f5f45e6
drfold_checkpoint_output,8TUX_R,data/cache/v4_final_drfold2/8TUX_R/rets_dir/cfg_97_model_11.ret,2097628,af34c8bff6c17b19b76be2e945038204824946415f5ff8f83b91dec55d86b7e6
drfold_checkpoint_output,8TUX_R,data/cache/v4_final_drfold2/8TUX_R/rets_dir/cfg_97_model_12.ret,2097628,a11f8a21e718515a1d1fa26aaf15ba98ada56f72e46984bde401f8fb2eb8469d
drfold_checkpoint_output,8TUX_R,data/cache/v4_final_drfold2/8TUX_R/rets_dir/cfg_97_model_13.ret,2097628,d47662fc39d82e6e793706f9e91b656efa7d880f99bb816704f47b7108dc5302
drfold_checkpoint_output,8TUX_R,data/cache/v4_final_drfold2/8TUX_R/rets_dir/cfg_97_model_14.ret,2097628,eb69137c0e17de30cf1b1a45b50fcaf1dc4a8e4f515bfec0615c6aeb17be4797
drfold_checkpoint_output,8TUX_R,data/cache/v4_final_drfold2/8TUX_R/rets_dir/cfg_97_model_15.ret,2097628,95401b40cba63538dafda6b4584ce01cc1e3a416e47fb4756f2f8ed02bde7641
drfold_checkpoint_output,8TUX_R,data/cache/v4_final_drfold2/8TUX_R/rets_dir/cfg_97_model_16.ret,2097628,a9435bdb7afc4842340c754e5a4240b2e75d7a6f2c1f9fbab74865c89325baa3
drfold_checkpoint_output,8TUX_R,data/cache/v4_final_drfold2/8TUX_R/rets_dir/cfg_97_model_17.ret,2097628,7b7f593bd32ab52c2d865b0aecef142857f49d9ff9872d1c3793b0739ad01646
drfold_checkpoint_output,8TUX_R,data/cache/v4_final_drfold2/8TUX_R/rets_dir/cfg_97_model_18.ret,2097628,a0166f8e30551f56827dc1252a881f7ff6b42915f5ce04d2438d8d292d88d4f5
drfold_checkpoint_output,8TUX_R,data/cache/v4_final_drfold2/8TUX_R/rets_dir/cfg_97_model_19.ret,2097628,75d37ed4a5a525a61ec631e767032fb33acb46c93a6e67136d60b790e4455a33
drfold_checkpoint_output,8TUX_R,data/cache/v4_final_drfold2/8TUX_R/rets_dir/cfg_97_model_2.ret,2097628,b1a76dd044d7590e2932e2ced04b04d87708554839e7aca0bc85d14a2e77078e
drfold_checkpoint_output,8TUX_R,data/cache/v4_final_drfold2/8TUX_R/rets_dir/cfg_97_model_3.ret,2097628,b1c795cf143bc228c9217e405070d1801520b3cd92b650d8744c7ae9abed4b81
drfold_checkpoint_output,8TUX_R,data/cache/v4_final_drfold2/8TUX_R/rets_dir/cfg_97_model_4.ret,2097628,4268add20b1abf0d94eb2f0ba44696134b487e4d2a6f2742453a2f0133da0094
drfold_checkpoint_output,8TUX_R,data/cache/v4_final_drfold2/8TUX_R/rets_dir/cfg_97_model_5.ret,2097628,cdfd85a9f544548f3168de04160b2a5e57711d1da2a47033438e763231b0cb9f
drfold_checkpoint_output,8TUX_R,data/cache/v4_final_drfold2/8TUX_R/rets_dir/cfg_97_model_6.ret,2097628,6756afff538831595e0925cc4f0e8f4f1de50a5e6c388d4c11749069771b2ba4
drfold_checkpoint_output,8TUX_R,data/cache/v4_final_drfold2/8TUX_R/rets_dir/cfg_97_model_7.ret,2097628,7d913e195896358f7a1181f6dd15b4f6d1b3bb998a690574d98377054cd9a6a3
drfold_checkpoint_output,8TUX_R,data/cache/v4_final_drfold2/8TUX_R/rets_dir/cfg_97_model_8.ret,2097628,b1aaf58dae26e52c23bd8d54e9f7a286e583d0269fcad19398de91aa327af4bb
drfold_checkpoint_output,8TUX_R,data/cache/v4_final_drfold2/8TUX_R/rets_dir/cfg_97_model_9.ret,2097628,9a60b5726bbc9faae7c79e092886d0f3acd158bbfd289d020b8d5af6da2f2187
drfold_checkpoint_output,8TVZ_C,data/cache/v4_final_drfold2/8TVZ_C/rets_dir/cfg_97_model_0.ret,30583902,947ac98515659bf013b70dd036044153d2a719e972a3a1d0aece25ef679165b1
drfold_checkpoint_output,8TVZ_C,data/cache/v4_final_drfold2/8TVZ_C/rets_dir/cfg_97_model_1.ret,30583902,7895a2f91655cd5d2f6dbc1fbbb50354aaa2aaf814413d24d225fd184044bb9a
drfold_checkpoint_output,8TVZ_C,data/cache/v4_final_drfold2/8TVZ_C/rets_dir/cfg_97_model_10.ret,30583902,188f1cf051baac63f60a89927a1c7b62ad0e5243f959bd0a5b96b7e7259e8a7e
drfold_checkpoint_output,8TVZ_C,data/cache/v4_final_drfold2/8TVZ_C/rets_dir/cfg_97_model_11.ret,30583902,b38f74bd3dcbf12c60cfbde0d1ff9006fbdc3c0520b7c19d9fa8b071f93a1f3d
drfold_checkpoint_output,8TVZ_C,data/cache/v4_final_drfold2/8TVZ_C/rets_dir/cfg_97_model_12.ret,30583902,c103732a80b5f7c53d7ff94c1c1eb5161aa4f5e6ef2cb7a089ad6d3742177ec8
drfold_checkpoint_output,8TVZ_C,data/cache/v4_final_drfold2/8TVZ_C/rets_dir/cfg_97_model_13.ret,30583902,01fde048e5bd1fa58efd070e54e08f68356b9497ebe14ff5bbb903a4b047f63e
drfold_checkpoint_output,8TVZ_C,data/cache/v4_final_drfold2/8TVZ_C/rets_dir/cfg_97_model_14.ret,30583902,5bff8355c6f30d8f9748a3e3aed4fdebb4aa59b31a2ea33d6f133c74232496b9
drfold_checkpoint_output,8TVZ_C,data/cache/v4_final_drfold2/8TVZ_C/rets_dir/cfg_97_model_15.ret,30583902,4042d259161fd50a497791ec2506901eec6772511ff92cb9dc97d67cfe67671b
drfold_checkpoint_output,8TVZ_C,data/cache/v4_final_drfold2/8TVZ_C/rets_dir/cfg_97_model_16.ret,30583902,55daec9f0cb36cad99ba56ac944cc2d1acd68af372fcb8feffad434ede39bcc9
drfold_checkpoint_output,8TVZ_C,data/cache/v4_final_drfold2/8TVZ_C/rets_dir/cfg_97_model_17.ret,30583902,f002dde6b5ceac618e1488ff42df3f8a55d542e42cce0487db5c5bad0d77f11a
drfold_checkpoint_output,8TVZ_C,data/cache/v4_final_drfold2/8TVZ_C/rets_dir/cfg_97_model_18.ret,30583902,6d827ccc14e9f2abe1e09df30f84ff0ad0d2d1d7b10377d269c1e6d87a00f8cc
drfold_checkpoint_output,8TVZ_C,data/cache/v4_final_drfold2/8TVZ_C/rets_dir/cfg_97_model_19.ret,30583902,51f411c21f37dbd98dd8fc707d9149811e8e0c4ecc9ce67320cac5c5dbf43355
drfold_checkpoint_output,8TVZ_C,data/cache/v4_final_drfold2/8TVZ_C/rets_dir/cfg_97_model_2.ret,30583902,848b11cffae355369e735efcb6db1744b8dd9a12793bf86f981057c3f8683bd1
drfold_checkpoint_output,8TVZ_C,data/cache/v4_final_drfold2/8TVZ_C/rets_dir/cfg_97_model_3.ret,30583902,beaf567a295ea2678aab64c086301a3d455fe43e54ff3f062aca73be98f7176a
drfold_checkpoint_output,8TVZ_C,data/cache/v4_final_drfold2/8TVZ_C/rets_dir/cfg_97_model_4.ret,30583902,aeb437673435188b4cd9dadb7ef0972e96225e435f1ab3dc0a0c7dae023fcb65
drfold_checkpoint_output,8TVZ_C,data/cache/v4_final_drfold2/8TVZ_C/rets_dir/cfg_97_model_5.ret,30583902,10728d90f9d3c4b1744a7c563369d459ae3743ae3059854ea148aa56c4e0d0d8
drfold_checkpoint_output,8TVZ_C,data/cache/v4_final_drfold2/8TVZ_C/rets_dir/cfg_97_model_6.ret,30583902,cda77d9f9066a30cf2d0337f3862323d4fc3c119ca59b015003278b03c07bc88
drfold_checkpoint_output,8TVZ_C,data/cache/v4_final_drfold2/8TVZ_C/rets_dir/cfg_97_model_7.ret,30583902,cba38dde3eb81e26048a537a8d94f6976ca1c9e9257cb4549ceec0a73805aee3
drfold_checkpoint_output,8TVZ_C,data/cache/v4_final_drfold2/8TVZ_C/rets_dir/cfg_97_model_8.ret,30583902,75b8692cc894db8c693ac52c0770469d46b9d020f41f0a3bcc614d9e0f00331f
drfold_checkpoint_output,8TVZ_C,data/cache/v4_final_drfold2/8TVZ_C/rets_dir/cfg_97_model_9.ret,30583902,641026ee5312d5e6eee7a22685903c9d12af070d4ac43c39b791f972c24de037
drfold_checkpoint_output,8UB9_I,data/cache/v4_final_drfold2/8UB9_I/rets_dir/cfg_97_model_0.ret,4552657,8537077f41e0bcf01d1c0249f7702a1358539ba67f1ef087da52b8da17cf63d9
drfold_checkpoint_output,8UB9_I,data/cache/v4_final_drfold2/8UB9_I/rets_dir/cfg_97_model_1.ret,4552657,035a412d699dfb1a8a225b228de0dd08bf18f1c1e5bd82c5f30e5525614d31d0
drfold_checkpoint_output,8UB9_I,data/cache/v4_final_drfold2/8UB9_I/rets_dir/cfg_97_model_10.ret,4552657,795615c533d65d28b9a4cce662ca42088c82953856725943f79a3f1111e20459
drfold_checkpoint_output,8UB9_I,data/cache/v4_final_drfold2/8UB9_I/rets_dir/cfg_97_model_11.ret,4552657,48b822f4abfc11cad21b2b2e1624b15d3170eff22c6e368494c2b1969b4b902d
drfold_checkpoint_output,8UB9_I,data/cache/v4_final_drfold2/8UB9_I/rets_dir/cfg_97_model_12.ret,4552657,cbbb74c9ee1eb56a33bcf95448542334f26f36657c827d831ec59c4a3cb2c8ff
drfold_checkpoint_output,8UB9_I,data/cache/v4_final_drfold2/8UB9_I/rets_dir/cfg_97_model_13.ret,4552657,b47e0f2a38ec1014ce2c7c5f98def63f5eb0ccdc5945890e2f589ce4868bb9f6
drfold_checkpoint_output,8UB9_I,data/cache/v4_final_drfold2/8UB9_I/rets_dir/cfg_97_model_14.ret,4552657,4e1a559bd4e8004ff6cc6e696235ffe79075e40e1db06d7eec21ba93a3c09518
drfold_checkpoint_output,8UB9_I,data/cache/v4_final_drfold2/8UB9_I/rets_dir/cfg_97_model_15.ret,4552657,c5ea2bb124d4ec858bfe28d5e9eb2880f70c8f0926aaae23ae645e327af7af49
drfold_checkpoint_output,8UB9_I,data/cache/v4_final_drfold2/8UB9_I/rets_dir/cfg_97_model_16.ret,4552657,a03a5a6d218bc9f08d144f4fc5f1b67d96af959a4050718c3e9c6bcb8545bdad
drfold_checkpoint_output,8UB9_I,data/cache/v4_final_drfold2/8UB9_I/rets_dir/cfg_97_model_17.ret,4552657,d88104636baa7074b41a86eb34b943349d23f46f93a61001a8cccfebc7237571
drfold_checkpoint_output,8UB9_I,data/cache/v4_final_drfold2/8UB9_I/rets_dir/cfg_97_model_18.ret,4552657,91efcfa41c1212df83b8a0f80249b7fe3dc2b91256ddf63df2533d17c0a40c54
drfold_checkpoint_output,8UB9_I,data/cache/v4_final_drfold2/8UB9_I/rets_dir/cfg_97_model_19.ret,4552657,2bba83e6f8ab73a87acea89e22afdfe24d592fabe585322ad02aad153683b2d3
drfold_checkpoint_output,8UB9_I,data/cache/v4_final_drfold2/8UB9_I/rets_dir/cfg_97_model_2.ret,4552657,e53cb02676042d7586b9106f78f270dca2caaef481197a4e3e3396bdabc071b1
drfold_checkpoint_output,8UB9_I,data/cache/v4_final_drfold2/8UB9_I/rets_dir/cfg_97_model_3.ret,4552657,c4d56504edd14a02b2fc2d91a87be93df61df3680bd1e24a311d1dd2d8b61f82
drfold_checkpoint_output,8UB9_I,data/cache/v4_final_drfold2/8UB9_I/rets_dir/cfg_97_model_4.ret,4552657,dddc981c4a2fb693fc6724d62d12e6f0a8b70c79b7b220bd2776b87650b974e4
drfold_checkpoint_output,8UB9_I,data/cache/v4_final_drfold2/8UB9_I/rets_dir/cfg_97_model_5.ret,4552657,982bcd905f612992624b0c5ee249ebdf32b69723b6205ad829659c03547f166a
drfold_checkpoint_output,8UB9_I,data/cache/v4_final_drfold2/8UB9_I/rets_dir/cfg_97_model_6.ret,4552657,ce690cb9a7fb86f5fcb7a11076948c63dfa15a40255aceb852a32a6ffb1e737d
drfold_checkpoint_output,8UB9_I,data/cache/v4_final_drfold2/8UB9_I/rets_dir/cfg_97_model_7.ret,4552657,3e35a35d8b86cb4043effa254b15f73b0e354079531005a599e10764fa227c53
drfold_checkpoint_output,8UB9_I,data/cache/v4_final_drfold2/8UB9_I/rets_dir/cfg_97_model_8.ret,4552657,242ff735297cef55b1ebd5382a61195c3e9ca684974db64463d29e332ed33840
drfold_checkpoint_output,8UB9_I,data/cache/v4_final_drfold2/8UB9_I/rets_dir/cfg_97_model_9.ret,4552657,85ddf149029a02bea91c94ddf5c20f06b66eebca369ef9f7d2f585b55ee62536
drfold_checkpoint_output,8UIW_N,data/cache/v4_final_drfold2/8UIW_N/rets_dir/cfg_97_model_0.ret,3806113,5067cd34458e87ec5eec0926d369aa19d0c769e55aae5d68f8f5fcfadc68d378
drfold_checkpoint_output,8UIW_N,data/cache/v4_final_drfold2/8UIW_N/rets_dir/cfg_97_model_1.ret,3806113,855f25034dd642c59607c09ac35e3f57adc73ae2fffe1edb0dc77fad92fa6532
drfold_checkpoint_output,8UIW_N,data/cache/v4_final_drfold2/8UIW_N/rets_dir/cfg_97_model_10.ret,3806113,b47d66cfd36b3f88068da156eb12fa81794abadca0eae813db93b41a3506225e
drfold_checkpoint_output,8UIW_N,data/cache/v4_final_drfold2/8UIW_N/rets_dir/cfg_97_model_11.ret,3806113,7bafbb5dae0e0fd71e3e5df4f1c77b1c0619d03d432b06043b713001982e0d4c
drfold_checkpoint_output,8UIW_N,data/cache/v4_final_drfold2/8UIW_N/rets_dir/cfg_97_model_12.ret,3806113,df6b84b8d370cb8eeb9684ef11fcc3406d0a7dd3d4a10ce098a91b3b130f489a
drfold_checkpoint_output,8UIW_N,data/cache/v4_final_drfold2/8UIW_N/rets_dir/cfg_97_model_13.ret,3806113,ff56a54dffb2684886df53cc2ea4ec085dc64519e6b4fc0d22cf8134c804c196
drfold_checkpoint_output,8UIW_N,data/cache/v4_final_drfold2/8UIW_N/rets_dir/cfg_97_model_14.ret,3806113,e12da05e0482427087d6ab8d002851c1759948526283d4182076d6fe189b6d66
drfold_checkpoint_output,8UIW_N,data/cache/v4_final_drfold2/8UIW_N/rets_dir/cfg_97_model_15.ret,3806113,01b168f447826797a06a8a1e03aba1a7269dfffeb3bb89573d0db3b8ca317ad4
drfold_checkpoint_output,8UIW_N,data/cache/v4_final_drfold2/8UIW_N/rets_dir/cfg_97_model_16.ret,3806113,b1df74c13f55e9e88407bcec6ff0cf416c1ce6105290035ead4121d0304d464b
drfold_checkpoint_output,8UIW_N,data/cache/v4_final_drfold2/8UIW_N/rets_dir/cfg_97_model_17.ret,3806113,8f8c84bfc2682a8a0b0091572ee8a8792d609e37623f6a40663539f813b41166
drfold_checkpoint_output,8UIW_N,data/cache/v4_final_drfold2/8UIW_N/rets_dir/cfg_97_model_18.ret,3806113,80e08fa268402a91ab267f38ec7a7ee9f0d3e71ac89cd40ef19aec3b1d5af38d
drfold_checkpoint_output,8UIW_N,data/cache/v4_final_drfold2/8UIW_N/rets_dir/cfg_97_model_19.ret,3806113,6e2d7f9f6e0ec18005c1c5860ee4a61589e38daf5ff555325c3f098eef9a0f09
drfold_checkpoint_output,8UIW_N,data/cache/v4_final_drfold2/8UIW_N/rets_dir/cfg_97_model_2.ret,3806113,baf04750f7a1fb218121ace697ef26537d31a7a7a993cea674f5c5aab13336a9
drfold_checkpoint_output,8UIW_N,data/cache/v4_final_drfold2/8UIW_N/rets_dir/cfg_97_model_3.ret,3806113,deb52b273c8962c999611ce112b335a41c10cdc6f9136811ce7fd2ca8042e1f9
drfold_checkpoint_output,8UIW_N,data/cache/v4_final_drfold2/8UIW_N/rets_dir/cfg_97_model_4.ret,3806113,90d171d849b29f995eea37dae0e820286771dbfdcf72f951889658c5cbb54443
drfold_checkpoint_output,8UIW_N,data/cache/v4_final_drfold2/8UIW_N/rets_dir/cfg_97_model_5.ret,3806113,5f82f94c7866bd20f0f8911866f31856ab691d57b6a39df66bb2dc2928eafd6b
drfold_checkpoint_output,8UIW_N,data/cache/v4_final_drfold2/8UIW_N/rets_dir/cfg_97_model_6.ret,3806113,1d50fe8694e4ef03983fc9d18e524facf59fe9798666a9c15bfe5c026e8172cc
drfold_checkpoint_output,8UIW_N,data/cache/v4_final_drfold2/8UIW_N/rets_dir/cfg_97_model_7.ret,3806113,a337e191c380d03f9bf7c792908ec57e9301609380c74ed6f238fa1dacfebc82
drfold_checkpoint_output,8UIW_N,data/cache/v4_final_drfold2/8UIW_N/rets_dir/cfg_97_model_8.ret,3806113,dc99492190cb043c93ff73d56a4f7e552d7707e1d8a7fa39a8d74a0e07548cef
drfold_checkpoint_output,8UIW_N,data/cache/v4_final_drfold2/8UIW_N/rets_dir/cfg_97_model_9.ret,3806113,70f6cf8952a88af687972a1e2f106b27a3313ee41ce6f6f56c0c0609b4f64b51
drfold_checkpoint_output,8UMF_B,data/cache/v4_final_drfold2/8UMF_B/rets_dir/cfg_97_model_0.ret,3986485,fc910fa3b988c4acb3df537af680e3640e42cb1fd4d9b075c0acdd28386a352b
drfold_checkpoint_output,8UMF_B,data/cache/v4_final_drfold2/8UMF_B/rets_dir/cfg_97_model_1.ret,3986485,6fc8db193bac56f1e5ec412aa37ea642b0cdad6df4e8f1088360e23da1201449
drfold_checkpoint_output,8UMF_B,data/cache/v4_final_drfold2/8UMF_B/rets_dir/cfg_97_model_10.ret,3986485,b56b45c37308e442b567d4b824d25dc09f3bf1f7dac35a206d77d9c266476815
drfold_checkpoint_output,8UMF_B,data/cache/v4_final_drfold2/8UMF_B/rets_dir/cfg_97_model_11.ret,3986485,2b7317b31d32f9b415b4b61ff3b9bf1826edc0e201c88840839e375c27401a98
drfold_checkpoint_output,8UMF_B,data/cache/v4_final_drfold2/8UMF_B/rets_dir/cfg_97_model_12.ret,3986485,4a7e24a8e32c294f264db1f29b5637f0c429bcbb287198e2e5791d6b47f81ca7
drfold_checkpoint_output,8UMF_B,data/cache/v4_final_drfold2/8UMF_B/rets_dir/cfg_97_model_13.ret,3986485,c1372e7c4e3862f533b18d24b78a5c7cf7e574a2d586ced7514b9826edeb5916
drfold_checkpoint_output,8UMF_B,data/cache/v4_final_drfold2/8UMF_B/rets_dir/cfg_97_model_14.ret,3986485,958a6e61148a32a6b4ec8040c2385321cdf31d13eefc483e5100a8fb40d56078
drfold_checkpoint_output,8UMF_B,data/cache/v4_final_drfold2/8UMF_B/rets_dir/cfg_97_model_15.ret,3986485,1ed556551ff5e39542eab0f7d8529bc67d4fd5102d6d761ea78592091bee928e
drfold_checkpoint_output,8UMF_B,data/cache/v4_final_drfold2/8UMF_B/rets_dir/cfg_97_model_16.ret,3986485,a29bde01db9fa612c2aacac7e45b3f66ce764aec7f5d117937fae2745e08e8bb
drfold_checkpoint_output,8UMF_B,data/cache/v4_final_drfold2/8UMF_B/rets_dir/cfg_97_model_17.ret,3986485,6bce97a4ca4863ecb0c6691a9b2fd86a65c3fa8aa30cdcb8e1825ef659674f43
drfold_checkpoint_output,8UMF_B,data/cache/v4_final_drfold2/8UMF_B/rets_dir/cfg_97_model_18.ret,3986485,299e01d90fbdec130dd45fdae4d0b29400a026f60e0bcb5957b8e136d8e5ce3a
drfold_checkpoint_output,8UMF_B,data/cache/v4_final_drfold2/8UMF_B/rets_dir/cfg_97_model_19.ret,3986485,0bfcce932e8db6c9c54ee83dd0b2fc82f6317f7f953d338d9afbde922ab97c99
drfold_checkpoint_output,8UMF_B,data/cache/v4_final_drfold2/8UMF_B/rets_dir/cfg_97_model_2.ret,3986485,efdf418d12dca17bc4a97b159dec7e851cb1f4020c5f3e4c5aa4963305313d14
drfold_checkpoint_output,8UMF_B,data/cache/v4_final_drfold2/8UMF_B/rets_dir/cfg_97_model_3.ret,3986485,b2b652a9e21235eaac9a00b7b0f0fa72084fc2d8bbeab3f88f29dd2208ff3aa0
drfold_checkpoint_output,8UMF_B,data/cache/v4_final_drfold2/8UMF_B/rets_dir/cfg_97_model_4.ret,3986485,973885681d7edffc8c085b28d3dabbbdef7848ad2d0a206527698d76fd8b8fd6
drfold_checkpoint_output,8UMF_B,data/cache/v4_final_drfold2/8UMF_B/rets_dir/cfg_97_model_5.ret,3986485,8ea9ba71578a4316be21906fada19ec66f453fff43737afb0586c0e5897a5ba6
drfold_checkpoint_output,8UMF_B,data/cache/v4_final_drfold2/8UMF_B/rets_dir/cfg_97_model_6.ret,3986485,f3cad0762a8febe399277e292b7a5ba7269cad225a5be7ad9faa7ddfb0ce771f
drfold_checkpoint_output,8UMF_B,data/cache/v4_final_drfold2/8UMF_B/rets_dir/cfg_97_model_7.ret,3986485,7768a532933138152a3ebd68a293cbffd5bb2b3254544a6e4e71733d8e9f059c
drfold_checkpoint_output,8UMF_B,data/cache/v4_final_drfold2/8UMF_B/rets_dir/cfg_97_model_8.ret,3986485,2d9b75cfed7b8297f2984be4cc27a5c4a4b020980c12354fc49ad931a1b0aa26
drfold_checkpoint_output,8UMF_B,data/cache/v4_final_drfold2/8UMF_B/rets_dir/cfg_97_model_9.ret,3986485,d1df1de3d5ecde2eb4a3ddff4ed361b6b74532bd7a04be9f166edaa591bfc278
drfold_checkpoint_output,8UO6_B,data/cache/v4_final_drfold2/8UO6_B/rets_dir/cfg_97_model_0.ret,4171033,5659fcfae2c1cd973c5f68e9ca7bf3d78ba46474b451f5678b2f4e03ab2c6598
drfold_checkpoint_output,8UO6_B,data/cache/v4_final_drfold2/8UO6_B/rets_dir/cfg_97_model_1.ret,4171033,566e6dd53c1086f0bfbfceb8a5344bf278f21d0df614dbd03a3c6babfd21d8d5
drfold_checkpoint_output,8UO6_B,data/cache/v4_final_drfold2/8UO6_B/rets_dir/cfg_97_model_10.ret,4171033,8fc6dea5b2623bb07840043d090c3cd4762ebf704a295bbf49ab5ef791c62ed0
drfold_checkpoint_output,8UO6_B,data/cache/v4_final_drfold2/8UO6_B/rets_dir/cfg_97_model_11.ret,4171033,af7ce1395696ac05c6de9858e9a20c3638d809a8e3e83b016b9b3a0ce96ca7a8
drfold_checkpoint_output,8UO6_B,data/cache/v4_final_drfold2/8UO6_B/rets_dir/cfg_97_model_12.ret,4171033,1a9ec9a98d379d3eabd53947cea4c635c7344698e85156dceb3c635e4301d429
drfold_checkpoint_output,8UO6_B,data/cache/v4_final_drfold2/8UO6_B/rets_dir/cfg_97_model_13.ret,4171033,5000441cdc45b1b69c5e9e9c521886754ebaf05ec24e6aaab0d8b0e8d04d78db
drfold_checkpoint_output,8UO6_B,data/cache/v4_final_drfold2/8UO6_B/rets_dir/cfg_97_model_14.ret,4171033,e253b94f8344af312bd777a78841e7ed53d1ad48ad94a1ec7893e48af93f292b
drfold_checkpoint_output,8UO6_B,data/cache/v4_final_drfold2/8UO6_B/rets_dir/cfg_97_model_15.ret,4171033,71219f75feb80648abad5cc8997cfa8d3817f9562c3977418de2b3ad2cb0b5c1
drfold_checkpoint_output,8UO6_B,data/cache/v4_final_drfold2/8UO6_B/rets_dir/cfg_97_model_16.ret,4171033,a63553200a17bb3fc940440f50a226d9b290b6ab92520c8960d4299907e71d82
drfold_checkpoint_output,8UO6_B,data/cache/v4_final_drfold2/8UO6_B/rets_dir/cfg_97_model_17.ret,4171033,e919d59eaa2275ea0c4beb6e4980d49f5c0e71abd98467e4a914275c7847f53f
drfold_checkpoint_output,8UO6_B,data/cache/v4_final_drfold2/8UO6_B/rets_dir/cfg_97_model_18.ret,4171033,fe860d62fef5ddba51cc9b90f29d5aa3c9a2eb6f2b0a10bac66d51c77785b65f
drfold_checkpoint_output,8UO6_B,data/cache/v4_final_drfold2/8UO6_B/rets_dir/cfg_97_model_19.ret,4171033,2249d4d1bf80ff243242ac3b31324a9b730f89093dc0fc2c9110a45778abba50
drfold_checkpoint_output,8UO6_B,data/cache/v4_final_drfold2/8UO6_B/rets_dir/cfg_97_model_2.ret,4171033,0ef8d34b6165546f754d695a3deaac009088c87a3d18169e68d309e6bc70d24b
drfold_checkpoint_output,8UO6_B,data/cache/v4_final_drfold2/8UO6_B/rets_dir/cfg_97_model_3.ret,4171033,e3fac491d9f6ccaee4a461a7bb89ba0a006e7eb17797450f841626735a871d92
drfold_checkpoint_output,8UO6_B,data/cache/v4_final_drfold2/8UO6_B/rets_dir/cfg_97_model_4.ret,4171033,8d60c744bce4c49c1bdf642a57a952e42aaf7aeb3f6db9c2cb61ec894c0b425c
drfold_checkpoint_output,8UO6_B,data/cache/v4_final_drfold2/8UO6_B/rets_dir/cfg_97_model_5.ret,4171033,300bddf02048d96886f3a70984d826117c5b594fb044a10d936149d3c5f4c3fb
drfold_checkpoint_output,8UO6_B,data/cache/v4_final_drfold2/8UO6_B/rets_dir/cfg_97_model_6.ret,4171033,fc67a34d2e396201fcad650e1719e7080683c83b912c7268c9fedfc9e04f64c6
drfold_checkpoint_output,8UO6_B,data/cache/v4_final_drfold2/8UO6_B/rets_dir/cfg_97_model_7.ret,4171033,635314e7c213d41043a5b0ed1a3aa6bbc00b743c4f342639d7f466a4d4f55320
drfold_checkpoint_output,8UO6_B,data/cache/v4_final_drfold2/8UO6_B/rets_dir/cfg_97_model_8.ret,4171033,2fccfab6e5fd51a5959f728a81cfff8cf3a2ac77c8a07dd902842e37f685fbf2
drfold_checkpoint_output,8UO6_B,data/cache/v4_final_drfold2/8UO6_B/rets_dir/cfg_97_model_9.ret,4171033,1e7bfa65aa22d3bdd8af7bdbcbe195cd6fac6bc0febd0267b8af30531d3b746c
drfold_checkpoint_output,8URQ_D,data/cache/v4_final_drfold2/8URQ_D/rets_dir/cfg_97_model_0.ret,224476,7863f1ff13261bdf1c5f3496186dd32b5624c9cf2c0f093f2d5268ec898df2eb
drfold_checkpoint_output,8URQ_D,data/cache/v4_final_drfold2/8URQ_D/rets_dir/cfg_97_model_1.ret,224476,71dcfaa95fc12debbc1a049e72baae08cd9ea897fdced1321cf6f9424709c5dd
drfold_checkpoint_output,8URQ_D,data/cache/v4_final_drfold2/8URQ_D/rets_dir/cfg_97_model_10.ret,224476,2a9b142fb69b73ad8b8d0b29069dcabcad32867e28195f043dd0135be2ebc752
drfold_checkpoint_output,8URQ_D,data/cache/v4_final_drfold2/8URQ_D/rets_dir/cfg_97_model_11.ret,224476,3e13ddada960634687c3f8cf1ee3b20d9c73e30403ca68de08529b3201d9604b
drfold_checkpoint_output,8URQ_D,data/cache/v4_final_drfold2/8URQ_D/rets_dir/cfg_97_model_12.ret,224476,74cb45193dafbc227cf7bb6c361aa83fda0b52a5c25735c1b3186703f7c110f1
drfold_checkpoint_output,8URQ_D,data/cache/v4_final_drfold2/8URQ_D/rets_dir/cfg_97_model_13.ret,224476,8e2b4041f612c6509063271e8440226b46378e2eb841f679f3bf5f906caa3042
drfold_checkpoint_output,8URQ_D,data/cache/v4_final_drfold2/8URQ_D/rets_dir/cfg_97_model_14.ret,224476,33fb313f1aca4542a5c952dd69ba8eb97e0c79427b9f8b30e2907bc8d6a59f2c
drfold_checkpoint_output,8URQ_D,data/cache/v4_final_drfold2/8URQ_D/rets_dir/cfg_97_model_15.ret,224476,7193e3b7cc9874c9b267c61a0289d70d924c3f2b414057272251329ee7c71b71
drfold_checkpoint_output,8URQ_D,data/cache/v4_final_drfold2/8URQ_D/rets_dir/cfg_97_model_16.ret,224476,38a45b9f9fbae7fab784b8279d3f1a7020beacdd882acb5b9c35ce26fac274fa
drfold_checkpoint_output,8URQ_D,data/cache/v4_final_drfold2/8URQ_D/rets_dir/cfg_97_model_17.ret,224476,21dd441d59bf62aed8e17661f569060352551d6fd1eeb297b20893eb0161b7a9
drfold_checkpoint_output,8URQ_D,data/cache/v4_final_drfold2/8URQ_D/rets_dir/cfg_97_model_18.ret,224476,383e752d9bdc6a48409066f5f57aacc2e0260e2bef1b3a6e0fa79981b85cb6a1
drfold_checkpoint_output,8URQ_D,data/cache/v4_final_drfold2/8URQ_D/rets_dir/cfg_97_model_19.ret,224476,5df64fdd5a193536a54b6d63fa1b467640ccaaf4658e91a5d335d57941b36b63
drfold_checkpoint_output,8URQ_D,data/cache/v4_final_drfold2/8URQ_D/rets_dir/cfg_97_model_2.ret,224476,9cf8e9cd33d07fb03a93bcc35e9386b2d34ab9385968a96ab548bf576887e74c
drfold_checkpoint_output,8URQ_D,data/cache/v4_final_drfold2/8URQ_D/rets_dir/cfg_97_model_3.ret,224476,bb5c7336072b6457f4430a17e6ab2a9fa863eba0b3593c596a3619f1fc8482d1
drfold_checkpoint_output,8URQ_D,data/cache/v4_final_drfold2/8URQ_D/rets_dir/cfg_97_model_4.ret,224476,464988e1eb1582ee9517c2bceebe669d1006a79a668717f6275db3f152ebf355
drfold_checkpoint_output,8URQ_D,data/cache/v4_final_drfold2/8URQ_D/rets_dir/cfg_97_model_5.ret,224476,f775409acdb5fb9bb3e4af53cda80a9fb91b3c8569fc9e759915c86f684c2e8b
drfold_checkpoint_output,8URQ_D,data/cache/v4_final_drfold2/8URQ_D/rets_dir/cfg_97_model_6.ret,224476,4dd6772af086a9ba33d43d9b0d7903a6b4b98567314aa7f04d0f997f06fbd445
drfold_checkpoint_output,8URQ_D,data/cache/v4_final_drfold2/8URQ_D/rets_dir/cfg_97_model_7.ret,224476,aeae94016defaa9062a1a2f908c136242751146b3cba5fa902b3ac14067da622
drfold_checkpoint_output,8URQ_D,data/cache/v4_final_drfold2/8URQ_D/rets_dir/cfg_97_model_8.ret,224476,9dfb3a3678121abe813d5a553b098e96dfb4a67c648c6404d884bfc621d768ac
drfold_checkpoint_output,8URQ_D,data/cache/v4_final_drfold2/8URQ_D/rets_dir/cfg_97_model_9.ret,224476,d840cb2c690963242cba0e4ec63d3491ad2850164be9c0a784ef299d16e64ee3
drfold_checkpoint_output,8UZB_B,data/cache/v4_final_drfold2/8UZB_B/rets_dir/cfg_97_model_0.ret,2660428,5e18585b097414622e9793f50d0a7768387aca49996d3736e1c0aaebb247b7a0
drfold_checkpoint_output,8UZB_B,data/cache/v4_final_drfold2/8UZB_B/rets_dir/cfg_97_model_1.ret,2660428,50758b13b34eeaf70ca5b4738ab82ef74d1c5741a7ab0ad630aea7a350dff08c
drfold_checkpoint_output,8UZB_B,data/cache/v4_final_drfold2/8UZB_B/rets_dir/cfg_97_model_10.ret,2660428,3687e24dbddf71e885e3a38dda352ef96f1d5d56f578b10fec755705f35c47af
drfold_checkpoint_output,8UZB_B,data/cache/v4_final_drfold2/8UZB_B/rets_dir/cfg_97_model_11.ret,2660428,8d16ede7312ab9e444e16cdf3d727fc76b0957a20cbd4b57b28f89284f18758c
drfold_checkpoint_output,8UZB_B,data/cache/v4_final_drfold2/8UZB_B/rets_dir/cfg_97_model_12.ret,2660428,b65888834a32d60c747e16c9639294ea9149102f45a173bfecdfe8a294a12c6c
drfold_checkpoint_output,8UZB_B,data/cache/v4_final_drfold2/8UZB_B/rets_dir/cfg_97_model_13.ret,2660428,fb05af416512255b41bd7f727921b391f59cbcc2391f2754825527d782874a5e
drfold_checkpoint_output,8UZB_B,data/cache/v4_final_drfold2/8UZB_B/rets_dir/cfg_97_model_14.ret,2660428,2a4a2820bc7a25e07bba1fe3237849a4769867dbf4d3336a9ec27866b9abc397
drfold_checkpoint_output,8UZB_B,data/cache/v4_final_drfold2/8UZB_B/rets_dir/cfg_97_model_15.ret,2660428,e47d5c1bc36f3dbc396ad9ab0a86edb0b849df963b0b699c5739daa4631412cb
drfold_checkpoint_output,8UZB_B,data/cache/v4_final_drfold2/8UZB_B/rets_dir/cfg_97_model_16.ret,2660428,7886de08ac1cb0c7da2ab31ac948289b7c6d118c2e9209d89fbcc3bfcda995e3
drfold_checkpoint_output,8UZB_B,data/cache/v4_final_drfold2/8UZB_B/rets_dir/cfg_97_model_17.ret,2660428,c4eda224a990cab084f2a9b96811529e793d60b2ba39cda97e0b2fff98188f1d
drfold_checkpoint_output,8UZB_B,data/cache/v4_final_drfold2/8UZB_B/rets_dir/cfg_97_model_18.ret,2660428,036bc45fbb508787da7ec13964caf21ed58b72fa073110b2650928a79f99a0f4
drfold_checkpoint_output,8UZB_B,data/cache/v4_final_drfold2/8UZB_B/rets_dir/cfg_97_model_19.ret,2660428,ff77136ca22ae836e7b236d66ee3e210621f5c0cbcc6db2e27474a539702e655
drfold_checkpoint_output,8UZB_B,data/cache/v4_final_drfold2/8UZB_B/rets_dir/cfg_97_model_2.ret,2660428,5e25d40517cc16b43f4309cd9dc73c787dd5e8dd9cdfea83356b8507cee813de
drfold_checkpoint_output,8UZB_B,data/cache/v4_final_drfold2/8UZB_B/rets_dir/cfg_97_model_3.ret,2660428,c8cacbea727c74c7b27912c3cff574ef32560fce1fedcd1106c1ecd80ca46617
drfold_checkpoint_output,8UZB_B,data/cache/v4_final_drfold2/8UZB_B/rets_dir/cfg_97_model_4.ret,2660428,47766daaa0ad9bfa516f2b9a8fd351649b8bcb952bc905f6fcbe813dc55f47d2
drfold_checkpoint_output,8UZB_B,data/cache/v4_final_drfold2/8UZB_B/rets_dir/cfg_97_model_5.ret,2660428,8cff877c80b5179ab794d89d198454a989fe8dcf38f25e3cb74ac9ea57ef0b25
drfold_checkpoint_output,8UZB_B,data/cache/v4_final_drfold2/8UZB_B/rets_dir/cfg_97_model_6.ret,2660428,3f0550c6e8486addafe0e6cc832ffe69306eade449a4c86ef9aea75f231057a1
drfold_checkpoint_output,8UZB_B,data/cache/v4_final_drfold2/8UZB_B/rets_dir/cfg_97_model_7.ret,2660428,92178bada6a2ec4a719cb1cde0c3db8d4d5d4d6a87078ad7ba98fe65fa1a0772
drfold_checkpoint_output,8UZB_B,data/cache/v4_final_drfold2/8UZB_B/rets_dir/cfg_97_model_8.ret,2660428,27da51456889df09bc44f4e34784678286e1bd4d601e30f7c632930dc6407cc6
drfold_checkpoint_output,8UZB_B,data/cache/v4_final_drfold2/8UZB_B/rets_dir/cfg_97_model_9.ret,2660428,9a9cc98b4873c218e5a262e7e793112c8687d14c75f0671cfb58366d1c726b16
drfold_checkpoint_output,8VCI_A,data/cache/v4_final_drfold2/8VCI_A/rets_dir/cfg_97_model_0.ret,3235024,3720d0ef5a9e1242455611c8602587cd2770774db5bade3029471844c6ef2052
drfold_checkpoint_output,8VCI_A,data/cache/v4_final_drfold2/8VCI_A/rets_dir/cfg_97_model_1.ret,3235024,1ae2d32601a4283995abd853219f117055f251c9c09ca73187f36bbfa92d1e43
drfold_checkpoint_output,8VCI_A,data/cache/v4_final_drfold2/8VCI_A/rets_dir/cfg_97_model_10.ret,3235024,275ac508ecd817e67492672b0d3ce8f76e45e87fd84e451be74d0a0121b7914c
drfold_checkpoint_output,8VCI_A,data/cache/v4_final_drfold2/8VCI_A/rets_dir/cfg_97_model_11.ret,3235024,95ed19ebc8e0861d90956c54a669cc4b3e6363721e9fb639b170d1474eb56bcd
drfold_checkpoint_output,8VCI_A,data/cache/v4_final_drfold2/8VCI_A/rets_dir/cfg_97_model_12.ret,3235024,f4fb17c06c62c4c5b98db050359d6ae35ac496fcb6454cba64528f74fb5cc8f7
drfold_checkpoint_output,8VCI_A,data/cache/v4_final_drfold2/8VCI_A/rets_dir/cfg_97_model_13.ret,3235024,caec7f60b9ea8d5debada3b70b66f5067dcba3924520c653051278ad8fb41baf
drfold_checkpoint_output,8VCI_A,data/cache/v4_final_drfold2/8VCI_A/rets_dir/cfg_97_model_14.ret,3235024,af056f3e5dbff6266cc5eaadad3a87550e8b0482f7225fd4c02c49140fa55aed
drfold_checkpoint_output,8VCI_A,data/cache/v4_final_drfold2/8VCI_A/rets_dir/cfg_97_model_15.ret,3235024,9e6b1021aaf119c12549265a06b3bd61c46e6eb59ff3047f53ae4c321fb7d409
drfold_checkpoint_output,8VCI_A,data/cache/v4_final_drfold2/8VCI_A/rets_dir/cfg_97_model_16.ret,3235024,eb996295a1e715c663c9e201d002860d39e6ef3da9c934904a4503033c51d4f6
drfold_checkpoint_output,8VCI_A,data/cache/v4_final_drfold2/8VCI_A/rets_dir/cfg_97_model_17.ret,3235024,cf526e9fb2310aa356a2b9e10c607f42f11559d11c0160aaa1fb09297d00f004
drfold_checkpoint_output,8VCI_A,data/cache/v4_final_drfold2/8VCI_A/rets_dir/cfg_97_model_18.ret,3235024,92d26a859ff29f1648adf419cd0ebf40ce72f7c13359acf4dfa0a2bb05286f97
drfold_checkpoint_output,8VCI_A,data/cache/v4_final_drfold2/8VCI_A/rets_dir/cfg_97_model_19.ret,3235024,6dabdf3cf27051d72e647f3970e44676c13bdd05592f189d1170fe6f22399523
drfold_checkpoint_output,8VCI_A,data/cache/v4_final_drfold2/8VCI_A/rets_dir/cfg_97_model_2.ret,3235024,fc2ec5c487bdad8b4ac6ab667717235a2d831dc4e4731659a6866c7a59b9421c
drfold_checkpoint_output,8VCI_A,data/cache/v4_final_drfold2/8VCI_A/rets_dir/cfg_97_model_3.ret,3235024,7b3f5c8b748c5ca330eb00a90f8f97a29269539206a503364432c5cb4299dfa7
drfold_checkpoint_output,8VCI_A,data/cache/v4_final_drfold2/8VCI_A/rets_dir/cfg_97_model_4.ret,3235024,3c8a883055174df62d8a3e4271465581b2153246814c0fe1d88be052c6e0393a
drfold_checkpoint_output,8VCI_A,data/cache/v4_final_drfold2/8VCI_A/rets_dir/cfg_97_model_5.ret,3235024,3eafa1fad49a528c4ca9dccdbc8c52225b8ff27aaecdc9840455b8b1c998a61d
drfold_checkpoint_output,8VCI_A,data/cache/v4_final_drfold2/8VCI_A/rets_dir/cfg_97_model_6.ret,3235024,7e3a0b004f61ea60aa70f294648afd9c0ca600b3e7705012670ee150db126e66
drfold_checkpoint_output,8VCI_A,data/cache/v4_final_drfold2/8VCI_A/rets_dir/cfg_97_model_7.ret,3235024,e26e17a8847f01e2fd865c1bbecee0c93d58f337ea78069e47aed1918049ee26
drfold_checkpoint_output,8VCI_A,data/cache/v4_final_drfold2/8VCI_A/rets_dir/cfg_97_model_8.ret,3235024,3a99a2dee30cf9159386726fd2bc479cbdb3d99c050154f674a0160393907ae7
drfold_checkpoint_output,8VCI_A,data/cache/v4_final_drfold2/8VCI_A/rets_dir/cfg_97_model_9.ret,3235024,c9eda0dda972c57c105c93d96b434286a3bbbd3e96a1e0d916a9bf3a7e10135c
drfold_checkpoint_output,8W2Z_B,data/cache/v4_final_drfold2/8W2Z_B/rets_dir/cfg_97_model_0.ret,5797753,298e29cdc5e361bd934774f58e30f1ef7b1bf59316621d1eeef8976438351dd0
drfold_checkpoint_output,8W2Z_B,data/cache/v4_final_drfold2/8W2Z_B/rets_dir/cfg_97_model_1.ret,5797753,71539080f6106eb69dbb0f9e9c4f70358aed12446cda806561701f55ec267ad2
drfold_checkpoint_output,8W2Z_B,data/cache/v4_final_drfold2/8W2Z_B/rets_dir/cfg_97_model_10.ret,5797753,f07256922c0d111cdd355708609309a2ad1ea4789ce292053169219400e18cce
drfold_checkpoint_output,8W2Z_B,data/cache/v4_final_drfold2/8W2Z_B/rets_dir/cfg_97_model_11.ret,5797753,0d78fba56c88dab419b9e8786d695fbbe9e60ee6e7420febe80fefdfc0d64f14
drfold_checkpoint_output,8W2Z_B,data/cache/v4_final_drfold2/8W2Z_B/rets_dir/cfg_97_model_12.ret,5797753,5263979a7b4a38d272887dc9ab9232553d9140240fbb336d54127751d78955b2
drfold_checkpoint_output,8W2Z_B,data/cache/v4_final_drfold2/8W2Z_B/rets_dir/cfg_97_model_13.ret,5797753,dfce1955f342d393f0ddb04345e66ac25aa78421393bca229100403a9ee55511
drfold_checkpoint_output,8W2Z_B,data/cache/v4_final_drfold2/8W2Z_B/rets_dir/cfg_97_model_14.ret,5797753,1e97311be855c20431b33d978d340d1d6c07dbf282fbc8fc92c7ccad51c9fed6
drfold_checkpoint_output,8W2Z_B,data/cache/v4_final_drfold2/8W2Z_B/rets_dir/cfg_97_model_15.ret,5797753,aabe327626349dcee07f9f591e3c0b21dfcd810bc890e3ef7f65714483faf8e7
drfold_checkpoint_output,8W2Z_B,data/cache/v4_final_drfold2/8W2Z_B/rets_dir/cfg_97_model_16.ret,5797753,2833ff8f3813323f1a658288d61cb5f3e93bf9b8a79e266593ccd1c371c5e033
drfold_checkpoint_output,8W2Z_B,data/cache/v4_final_drfold2/8W2Z_B/rets_dir/cfg_97_model_17.ret,5797753,da0d5dd831b614e21a9b6d99141147a383a2d939417839940bd0b3fc03773827
drfold_checkpoint_output,8W2Z_B,data/cache/v4_final_drfold2/8W2Z_B/rets_dir/cfg_97_model_18.ret,5797753,43fac79eba540bb1e3025cf0f64bd9a3f0e209ee9c5e1394fc509e3df7b3b743
drfold_checkpoint_output,8W2Z_B,data/cache/v4_final_drfold2/8W2Z_B/rets_dir/cfg_97_model_19.ret,5797753,6278ed347ff522f38ad857fa871621ed718f12174a71153125c1232411edfecd
drfold_checkpoint_output,8W2Z_B,data/cache/v4_final_drfold2/8W2Z_B/rets_dir/cfg_97_model_2.ret,5797753,dd30c7a7ea55f7cbed738173cd8d5eca26f3b17a28e7cda7d00ff06ef3f4c08b
drfold_checkpoint_output,8W2Z_B,data/cache/v4_final_drfold2/8W2Z_B/rets_dir/cfg_97_model_3.ret,5797753,7a221c797d433ba9a7458855997b102b9f6554f42e88b4b2d921f190aa35684e
drfold_checkpoint_output,8W2Z_B,data/cache/v4_final_drfold2/8W2Z_B/rets_dir/cfg_97_model_4.ret,5797753,c71b47521795a14e750c114c945a16a48a60e5bdee4b4860ff924402ce040a4a
drfold_checkpoint_output,8W2Z_B,data/cache/v4_final_drfold2/8W2Z_B/rets_dir/cfg_97_model_5.ret,5797753,a76904beb190bd06808f23680d155c01d53ef7bd4addf38d2061778de5597e5c
drfold_checkpoint_output,8W2Z_B,data/cache/v4_final_drfold2/8W2Z_B/rets_dir/cfg_97_model_6.ret,5797753,f4e73bb5760f831ec72e046f29fd694ef89e6d9199e96ccaa6f61181eed4b8ef
drfold_checkpoint_output,8W2Z_B,data/cache/v4_final_drfold2/8W2Z_B/rets_dir/cfg_97_model_7.ret,5797753,fb69acb022233026a1360e8b51ba94260063e80b9232c0d35a2e9a7c54378ad6
drfold_checkpoint_output,8W2Z_B,data/cache/v4_final_drfold2/8W2Z_B/rets_dir/cfg_97_model_8.ret,5797753,2637b70e56d0d466b3a0fd24083ae48cca0acb3571a19337c7e72b48c4412538
drfold_checkpoint_output,8W2Z_B,data/cache/v4_final_drfold2/8W2Z_B/rets_dir/cfg_97_model_9.ret,5797753,1eb326b46cb61ae49c9b963f902eae04cb6059a921499e3aa7b18460a0c54943
drfold_checkpoint_output,8WCE_G,data/cache/v4_final_drfold2/8WCE_G/rets_dir/cfg_97_model_0.ret,1013376,91da6be2d4b99132f7c4faa42e37afc90730de997fd73f32aa8caae654562b19
drfold_checkpoint_output,8WCE_G,data/cache/v4_final_drfold2/8WCE_G/rets_dir/cfg_97_model_1.ret,1013376,88e66d3c773ae89be69dc1eb08077b4e9d5993eed5df71bfb827e89a068be004
drfold_checkpoint_output,8WCE_G,data/cache/v4_final_drfold2/8WCE_G/rets_dir/cfg_97_model_10.ret,1013376,2dc5433d8b7db751b7856f3a7f04562abb86a213a48dccb0a18bc09f4bdd33fd
drfold_checkpoint_output,8WCE_G,data/cache/v4_final_drfold2/8WCE_G/rets_dir/cfg_97_model_11.ret,1013376,6b6b5056d3599eb2e9e45eaede5d1790c629210812df6e0b7ba86cae86d1c0be
drfold_checkpoint_output,8WCE_G,data/cache/v4_final_drfold2/8WCE_G/rets_dir/cfg_97_model_12.ret,1013376,60ee803fca83a388845c1646cd1f630191a3f5fe3de2ab6da5c2d89dd18111d3
drfold_checkpoint_output,8WCE_G,data/cache/v4_final_drfold2/8WCE_G/rets_dir/cfg_97_model_13.ret,1013376,5136b568b3ccc65afc4fce9df08cdf76d564a91d4216faf4055ba0c75a659e24
drfold_checkpoint_output,8WCE_G,data/cache/v4_final_drfold2/8WCE_G/rets_dir/cfg_97_model_14.ret,1013376,2fc14569be3fe0d6e99d285cee55f057b76e26d3e7ace33de5a8b530f2c91d44
drfold_checkpoint_output,8WCE_G,data/cache/v4_final_drfold2/8WCE_G/rets_dir/cfg_97_model_15.ret,1013376,08d3100cef33d74f4d31256a6afcb7af34ffe953a013e5bb6c866f9ce62b3356
drfold_checkpoint_output,8WCE_G,data/cache/v4_final_drfold2/8WCE_G/rets_dir/cfg_97_model_16.ret,1013376,3dce0760a2198da5ac6f04d53f74320f25ce8b40ece78f1c11f0d9022c3a3e06
drfold_checkpoint_output,8WCE_G,data/cache/v4_final_drfold2/8WCE_G/rets_dir/cfg_97_model_17.ret,1013376,ce7e26211487d9c23cd41c1b55e2bc816662d8d8546e4a0fe7a2ea8cc5794dd5
drfold_checkpoint_output,8WCE_G,data/cache/v4_final_drfold2/8WCE_G/rets_dir/cfg_97_model_18.ret,1013376,3e83506dcb6a6d7c460036758e0301a97475c175bb06c6ebbefaed422b590920
drfold_checkpoint_output,8WCE_G,data/cache/v4_final_drfold2/8WCE_G/rets_dir/cfg_97_model_19.ret,1013376,dce579ddee439096c7bc75507b3a58ee5db3b14c23c76cc321476aa2a4d1aa0d
drfold_checkpoint_output,8WCE_G,data/cache/v4_final_drfold2/8WCE_G/rets_dir/cfg_97_model_2.ret,1013376,25bac9726863a9a33fa252b8056c543184cfb5822ce0a88f8937f17e60232790
drfold_checkpoint_output,8WCE_G,data/cache/v4_final_drfold2/8WCE_G/rets_dir/cfg_97_model_3.ret,1013376,3ef2213d4446937b978547ab5956a11ed2b235cb08b81a6730b7e4e166a2a933
drfold_checkpoint_output,8WCE_G,data/cache/v4_final_drfold2/8WCE_G/rets_dir/cfg_97_model_4.ret,1013376,57d6820d5d830bd910907026e1d6a7192cfe04576c1118b7c9b41dc0e7b8b3d0
drfold_checkpoint_output,8WCE_G,data/cache/v4_final_drfold2/8WCE_G/rets_dir/cfg_97_model_5.ret,1013376,b42627e17e9b9ee05e6a17d5a24d18a69bb12b18519720d203824e3dd7aae3df
drfold_checkpoint_output,8WCE_G,data/cache/v4_final_drfold2/8WCE_G/rets_dir/cfg_97_model_6.ret,1013376,5cd72d535572e7aaea27990cbbaa0f104a47acb36c0d96c41f5d551b507e2e4a
drfold_checkpoint_output,8WCE_G,data/cache/v4_final_drfold2/8WCE_G/rets_dir/cfg_97_model_7.ret,1013376,1a68e65a95b191f31b895d0139747125239157570b415e49df7322ea5227e683
drfold_checkpoint_output,8WCE_G,data/cache/v4_final_drfold2/8WCE_G/rets_dir/cfg_97_model_8.ret,1013376,e22dc9c721ccbfe04f877e0bc15acad1465943ed4b8769b34a85b063c25b3334
drfold_checkpoint_output,8WCE_G,data/cache/v4_final_drfold2/8WCE_G/rets_dir/cfg_97_model_9.ret,1013376,7ecd3a75a0bfd6d5d709ed845cf8ac23b509814f3506ac619dc8d5bcd60ee398
drfold_checkpoint_output,8WMM_O,data/cache/v4_final_drfold2/8WMM_O/rets_dir/cfg_97_model_0.ret,3746908,9560e33e95534defe02a9ecbc38334306ca3176532fec5867e102315343844a0
drfold_checkpoint_output,8WMM_O,data/cache/v4_final_drfold2/8WMM_O/rets_dir/cfg_97_model_1.ret,3746908,4745ed3a988ea2a6815ec854d9fc7e10c49d0650ca04d71d0a6b354e626c6227
drfold_checkpoint_output,8WMM_O,data/cache/v4_final_drfold2/8WMM_O/rets_dir/cfg_97_model_10.ret,3746908,61774616a641d5d4faef2a9b0b8572ab9e9a5084ec4b33566a1a7d41ad9abbdd
drfold_checkpoint_output,8WMM_O,data/cache/v4_final_drfold2/8WMM_O/rets_dir/cfg_97_model_11.ret,3746908,4e167474c3e52d8dcb46d48bfd5de78d70c2b21a483913312d35a3dd70bda87e
drfold_checkpoint_output,8WMM_O,data/cache/v4_final_drfold2/8WMM_O/rets_dir/cfg_97_model_12.ret,3746908,b85d2458853a6afde63040bfce5964b5ccfadd100d918cda08b9f89ef9a82556
drfold_checkpoint_output,8WMM_O,data/cache/v4_final_drfold2/8WMM_O/rets_dir/cfg_97_model_13.ret,3746908,b490752461bc712f15b563b37ae82c524a041ee620ff8518bcac81d1327deded
drfold_checkpoint_output,8WMM_O,data/cache/v4_final_drfold2/8WMM_O/rets_dir/cfg_97_model_14.ret,3746908,5f762df2e35380420424b0f573d595bf713d84b4e16ff5416feb735da9d61936
drfold_checkpoint_output,8WMM_O,data/cache/v4_final_drfold2/8WMM_O/rets_dir/cfg_97_model_15.ret,3746908,226c8fbc7e930c1ef1a806d0599aea2401f6b6acc243db4f60089b9e66a855e0
drfold_checkpoint_output,8WMM_O,data/cache/v4_final_drfold2/8WMM_O/rets_dir/cfg_97_model_16.ret,3746908,ae2ecc179b9cd38fdf9787aadebf49ca3212694a4c3d3cd4eb8b963d6a8f4d00
drfold_checkpoint_output,8WMM_O,data/cache/v4_final_drfold2/8WMM_O/rets_dir/cfg_97_model_17.ret,3746908,afd89679076e7d0b359aff2f095597c05332c53fe56dc4fb19a6b08c1af5211a
drfold_checkpoint_output,8WMM_O,data/cache/v4_final_drfold2/8WMM_O/rets_dir/cfg_97_model_18.ret,3746908,0154053702266a7cdc2446868ee108ed17c6ec53eeecc51e23af8d59111c6b1f
drfold_checkpoint_output,8WMM_O,data/cache/v4_final_drfold2/8WMM_O/rets_dir/cfg_97_model_19.ret,3746908,450ee3b4ffad4b7b0ddd1583ea279acac04dbd2b478ec2ddcaa4331b3129e43f
drfold_checkpoint_output,8WMM_O,data/cache/v4_final_drfold2/8WMM_O/rets_dir/cfg_97_model_2.ret,3746908,ff4427733e6ea30cce7e832cfdde785e487aa697c005b2c12cc30e7660a448b1
drfold_checkpoint_output,8WMM_O,data/cache/v4_final_drfold2/8WMM_O/rets_dir/cfg_97_model_3.ret,3746908,98d6e07a6f26fa47a402bc7a7791d5cafd03d10c9eb4f75e6f419ca0bd8e4632
drfold_checkpoint_output,8WMM_O,data/cache/v4_final_drfold2/8WMM_O/rets_dir/cfg_97_model_4.ret,3746908,014b063dde7ef620763350bb047a199d3221f2e1583e084d78ae7083664033f4
drfold_checkpoint_output,8WMM_O,data/cache/v4_final_drfold2/8WMM_O/rets_dir/cfg_97_model_5.ret,3746908,1400d94bea32193fe7f08852d7a43be1da47e923f867c1ba8e41b1603eb8c6af
drfold_checkpoint_output,8WMM_O,data/cache/v4_final_drfold2/8WMM_O/rets_dir/cfg_97_model_6.ret,3746908,be78f03387b8d8aa7bffee96e86f65717d90364bf51a622134f730913b2702ac
drfold_checkpoint_output,8WMM_O,data/cache/v4_final_drfold2/8WMM_O/rets_dir/cfg_97_model_7.ret,3746908,85fb181584bf2476343b9b2390a9691e3a209b83f5028b4bd966eeaf4bdd7ed1
drfold_checkpoint_output,8WMM_O,data/cache/v4_final_drfold2/8WMM_O/rets_dir/cfg_97_model_8.ret,3746908,195ebcc61cd09176661003f76fa77b3e765b2ab91376658e5ae8dcfec19e1a0c
drfold_checkpoint_output,8WMM_O,data/cache/v4_final_drfold2/8WMM_O/rets_dir/cfg_97_model_9.ret,3746908,5874fa81b2dc735203eff3de2f927f45c14047256baf68740def5d03b4e62ab1
drfold_checkpoint_output,8WR4_N,data/cache/v4_final_drfold2/8WR4_N/rets_dir/cfg_97_model_0.ret,3746908,7bbe91396888f255c3492a769a07ff0827a9d0fd9277890880b4651f42afb637
drfold_checkpoint_output,8WR4_N,data/cache/v4_final_drfold2/8WR4_N/rets_dir/cfg_97_model_1.ret,3746908,e8e40eecfe713821316a06ac5882a67ff0c5518c25a27db72890fee8fa2ce962
drfold_checkpoint_output,8WR4_N,data/cache/v4_final_drfold2/8WR4_N/rets_dir/cfg_97_model_10.ret,3746908,475cd36f2a740737ed10e18e4782b2755df5fa96a98bfafa9f50a5b15849124b
drfold_checkpoint_output,8WR4_N,data/cache/v4_final_drfold2/8WR4_N/rets_dir/cfg_97_model_11.ret,3746908,96bf4defce9556446d9d9211c8ecaaa92d80c3d337c02f441e7ab2250a61eb98
drfold_checkpoint_output,8WR4_N,data/cache/v4_final_drfold2/8WR4_N/rets_dir/cfg_97_model_12.ret,3746908,28d890951e696c788131bb92e943717b100c5abb0110327f6452dcdaf17fc54f
drfold_checkpoint_output,8WR4_N,data/cache/v4_final_drfold2/8WR4_N/rets_dir/cfg_97_model_13.ret,3746908,4dbd95a0a60fb5e59a2b4e04d532e56b49d4332932572c8a0a4bb291fab54612
drfold_checkpoint_output,8WR4_N,data/cache/v4_final_drfold2/8WR4_N/rets_dir/cfg_97_model_14.ret,3746908,3dedd58cd752cf841130c45ea84a4e81d57b73477297ddb728e74b8c7d68303b
drfold_checkpoint_output,8WR4_N,data/cache/v4_final_drfold2/8WR4_N/rets_dir/cfg_97_model_15.ret,3746908,659367257e7a1751311aed79b6b0394c76eabc0cf7af61bc86830365b2f00e16
drfold_checkpoint_output,8WR4_N,data/cache/v4_final_drfold2/8WR4_N/rets_dir/cfg_97_model_16.ret,3746908,1022c7ba940ff914a33857e8338030dcd360488d4336a6ca87f0ae3e60d04757
drfold_checkpoint_output,8WR4_N,data/cache/v4_final_drfold2/8WR4_N/rets_dir/cfg_97_model_17.ret,3746908,aedaaa390b3d5a75e7742060e232a886d34da12388f4310e06d9f04ec7530f37
drfold_checkpoint_output,8WR4_N,data/cache/v4_final_drfold2/8WR4_N/rets_dir/cfg_97_model_18.ret,3746908,efbcd679a6e9a93d1c5c49c5aabbead1ab07aae53132c4cdf8ddee51d56aeaab
drfold_checkpoint_output,8WR4_N,data/cache/v4_final_drfold2/8WR4_N/rets_dir/cfg_97_model_19.ret,3746908,99db6f365cfd9cdf89b7c15377cc5dab110d1073cb9a42d2c6577070aa842384
drfold_checkpoint_output,8WR4_N,data/cache/v4_final_drfold2/8WR4_N/rets_dir/cfg_97_model_2.ret,3746908,e6f5f13663e6ab3cafcd632b866fbac0ed024d4f5ade6c71718193431e82c448
drfold_checkpoint_output,8WR4_N,data/cache/v4_final_drfold2/8WR4_N/rets_dir/cfg_97_model_3.ret,3746908,f803ce364c1d500c49683eae6dcf99fcb0a5d5087d969a24335a5497082a4ce3
drfold_checkpoint_output,8WR4_N,data/cache/v4_final_drfold2/8WR4_N/rets_dir/cfg_97_model_4.ret,3746908,7615869606e005350e15b81605c907901d4b6b1dd8a628ab9487de20672719d1
drfold_checkpoint_output,8WR4_N,data/cache/v4_final_drfold2/8WR4_N/rets_dir/cfg_97_model_5.ret,3746908,a672d0ca908e13043c52d2a3e09e0079d4bf96340cfb8cb37a8b0a3b5126462c
drfold_checkpoint_output,8WR4_N,data/cache/v4_final_drfold2/8WR4_N/rets_dir/cfg_97_model_6.ret,3746908,e6f9f3b73abbff6d7c85b84b34c5a553da0ea0ed6cd7d6516ca3d5911ae810c2
drfold_checkpoint_output,8WR4_N,data/cache/v4_final_drfold2/8WR4_N/rets_dir/cfg_97_model_7.ret,3746908,d754e6763863e40e2271bf008c9521a23f246bf9ba07ca21837ec26a0872ff51
drfold_checkpoint_output,8WR4_N,data/cache/v4_final_drfold2/8WR4_N/rets_dir/cfg_97_model_8.ret,3746908,3085f843254c8323bcafd1b88ab759aa0018b168fea84c5ddf040a02459ead27
drfold_checkpoint_output,8WR4_N,data/cache/v4_final_drfold2/8WR4_N/rets_dir/cfg_97_model_9.ret,3746908,ab0f9c93e21cb750860c366514b8154b3bf1391771b04a37b3d97389da394f63
drfold_checkpoint_output,8WUS_B,data/cache/v4_final_drfold2/8WUS_B/rets_dir/cfg_97_model_0.ret,3072748,c16b0bf3d6da0ef57fe67da003911e440b5c96b6a507e3482f81966eb1b73cee
drfold_checkpoint_output,8WUS_B,data/cache/v4_final_drfold2/8WUS_B/rets_dir/cfg_97_model_1.ret,3072748,876e5d7c37f36ecc6b7b6cb886c2f1c01374144a017c45c2e765d45631fa8144
drfold_checkpoint_output,8WUS_B,data/cache/v4_final_drfold2/8WUS_B/rets_dir/cfg_97_model_10.ret,3072748,83c4fb736785595202f9ece3bdc7ded8a59bbf6a74091e18e30b5dc89de44697
drfold_checkpoint_output,8WUS_B,data/cache/v4_final_drfold2/8WUS_B/rets_dir/cfg_97_model_11.ret,3072748,d31d5354de458b87c38d76138dc6a9287543e75cf77cccba2274256e85d34fe8
drfold_checkpoint_output,8WUS_B,data/cache/v4_final_drfold2/8WUS_B/rets_dir/cfg_97_model_12.ret,3072748,5899a3ae162a1bc9941a63f0bff3bddf58ccd22e7aab0c1df1b413099fd13167
drfold_checkpoint_output,8WUS_B,data/cache/v4_final_drfold2/8WUS_B/rets_dir/cfg_97_model_13.ret,3072748,1c2ca9f1dc6e00043746be4d2d7d8049c4ce4e6bff263da1ae9c7eced53652a3
drfold_checkpoint_output,8WUS_B,data/cache/v4_final_drfold2/8WUS_B/rets_dir/cfg_97_model_14.ret,3072748,fa0cd96e4ed6975cffab1326f0382f10c108f74126a46fd3831656e0510e88e8
drfold_checkpoint_output,8WUS_B,data/cache/v4_final_drfold2/8WUS_B/rets_dir/cfg_97_model_15.ret,3072748,ce7bcf27ace16ad0b83442b23b5a19ba4da0be14351fe9d5d5b07ffc74b2b50d
drfold_checkpoint_output,8WUS_B,data/cache/v4_final_drfold2/8WUS_B/rets_dir/cfg_97_model_16.ret,3072748,81727a1cf4063ae37ad6051bee73cc14f9d77e436ace898ea5c04e39a0839a13
drfold_checkpoint_output,8WUS_B,data/cache/v4_final_drfold2/8WUS_B/rets_dir/cfg_97_model_17.ret,3072748,ca04801bb560cfa4774a58a3d4243a3d76adfc3e2e7e38ec8091380d8985c0c5
drfold_checkpoint_output,8WUS_B,data/cache/v4_final_drfold2/8WUS_B/rets_dir/cfg_97_model_18.ret,3072748,99af6e5a810576f820bb8b5250e9daaeeea532d572e76f3cd8ad21c4a72889b9
drfold_checkpoint_output,8WUS_B,data/cache/v4_final_drfold2/8WUS_B/rets_dir/cfg_97_model_19.ret,3072748,b410a6822649a5518bc9289d987e7ece36b0719560735571148f138cc45dfd6b
drfold_checkpoint_output,8WUS_B,data/cache/v4_final_drfold2/8WUS_B/rets_dir/cfg_97_model_2.ret,3072748,42235b412ca5070cb71fea2bddde60e55d6d51907aa66bf079fe0074f78579ad
drfold_checkpoint_output,8WUS_B,data/cache/v4_final_drfold2/8WUS_B/rets_dir/cfg_97_model_3.ret,3072748,8bd6668958e28fc628774daa6cbf0f98075558a2319c036fc1d0e4d376a4bd07
drfold_checkpoint_output,8WUS_B,data/cache/v4_final_drfold2/8WUS_B/rets_dir/cfg_97_model_4.ret,3072748,20bcf7bcf96ff8dbcc4aa508995710802a3808179145a902c7abede863d7d388
drfold_checkpoint_output,8WUS_B,data/cache/v4_final_drfold2/8WUS_B/rets_dir/cfg_97_model_5.ret,3072748,0b44ed81b1fe98a4d23280d2fe2ea8a80acf361dc00ca066015595498302e359
drfold_checkpoint_output,8WUS_B,data/cache/v4_final_drfold2/8WUS_B/rets_dir/cfg_97_model_6.ret,3072748,1e9aa49a6d007e84fd054ee0843cbde2dcbb3cf186ae91a7f04292851af3d955
drfold_checkpoint_output,8WUS_B,data/cache/v4_final_drfold2/8WUS_B/rets_dir/cfg_97_model_7.ret,3072748,39a49b4b53f99d7712b3ee29c33cb70987cacf5b6ae00edc1927fe6297d2197d
drfold_checkpoint_output,8WUS_B,data/cache/v4_final_drfold2/8WUS_B/rets_dir/cfg_97_model_8.ret,3072748,12898825d8e86f6e91bb9a62a53d1dba1b749ac6381b3104aa8e57e24e1a0be8
drfold_checkpoint_output,8WUS_B,data/cache/v4_final_drfold2/8WUS_B/rets_dir/cfg_97_model_9.ret,3072748,5303eabd79a421cb6ba9b32cad3945e0d4a563e6f2e1d2d1d8788429be685fc5
drfold_checkpoint_output,8WUT_B,data/cache/v4_final_drfold2/8WUT_B/rets_dir/cfg_97_model_0.ret,3072748,630d62eab5b9d7b2c2b152ad71b3bbbb7c886f31ea6df179984a023e45c2ca15
drfold_checkpoint_output,8WUT_B,data/cache/v4_final_drfold2/8WUT_B/rets_dir/cfg_97_model_1.ret,3072748,ddcbcc2e24ffdb3123655f575925e503181a7b1fd055b80bdae5065f23fe01fa
drfold_checkpoint_output,8WUT_B,data/cache/v4_final_drfold2/8WUT_B/rets_dir/cfg_97_model_10.ret,3072748,b27df4071b518de7379705c462d8e1b3076dea10411a3aa1f6cc99d761a4dfc4
drfold_checkpoint_output,8WUT_B,data/cache/v4_final_drfold2/8WUT_B/rets_dir/cfg_97_model_11.ret,3072748,bcf23407911e2086f7e8f016d34dddf0b205fd7570b5856d39ce4132a0eca9f6
drfold_checkpoint_output,8WUT_B,data/cache/v4_final_drfold2/8WUT_B/rets_dir/cfg_97_model_12.ret,3072748,cb1f45085e477abafde42db37df2ba1ea58faf14810050a61ebdb192a8f72c09
drfold_checkpoint_output,8WUT_B,data/cache/v4_final_drfold2/8WUT_B/rets_dir/cfg_97_model_13.ret,3072748,458a68e53d2d1fe830f2dc4cbd69826e70dd249a13b24b4b739301ed5f6b0c9b
drfold_checkpoint_output,8WUT_B,data/cache/v4_final_drfold2/8WUT_B/rets_dir/cfg_97_model_14.ret,3072748,d387eeed020a649176c1250a141fef9588e7c17e5e4c6fc50f4d824ac75d0502
drfold_checkpoint_output,8WUT_B,data/cache/v4_final_drfold2/8WUT_B/rets_dir/cfg_97_model_15.ret,3072748,0446f2d78b5c9e1b062a05e33878ed1d252e0d169b7c93f5e4e785e00e1f7021
drfold_checkpoint_output,8WUT_B,data/cache/v4_final_drfold2/8WUT_B/rets_dir/cfg_97_model_16.ret,3072748,bab2aff8eb366b43465c92b1536ad75e2ababee04c6cc88fea63148d0763d016
drfold_checkpoint_output,8WUT_B,data/cache/v4_final_drfold2/8WUT_B/rets_dir/cfg_97_model_17.ret,3072748,1be13932133179a36da7e40a5f983bda7b6300057e23b1c109d62eb86be0d874
drfold_checkpoint_output,8WUT_B,data/cache/v4_final_drfold2/8WUT_B/rets_dir/cfg_97_model_18.ret,3072748,11f1e4dff878f3cba510b62130abe1779db68d915465c541614d7bda48b56811
drfold_checkpoint_output,8WUT_B,data/cache/v4_final_drfold2/8WUT_B/rets_dir/cfg_97_model_19.ret,3072748,f2a76a7f5c296c7b43f744a07841906892e2514d49e8f9e4c635d1b700840557
drfold_checkpoint_output,8WUT_B,data/cache/v4_final_drfold2/8WUT_B/rets_dir/cfg_97_model_2.ret,3072748,0087888b0b17fa1b46348d0db68d8157a2a8ae083a5e97432feb32673aa67bde
drfold_checkpoint_output,8WUT_B,data/cache/v4_final_drfold2/8WUT_B/rets_dir/cfg_97_model_3.ret,3072748,ab502986c2f1d10e9d5b62344f5d3265189059833e0543de3e37f60dccf6260e
drfold_checkpoint_output,8WUT_B,data/cache/v4_final_drfold2/8WUT_B/rets_dir/cfg_97_model_4.ret,3072748,3304c7f4f8c3b1a3b8617439388713a38650c94ee50ce6fe4f7d0461ccbbff03
drfold_checkpoint_output,8WUT_B,data/cache/v4_final_drfold2/8WUT_B/rets_dir/cfg_97_model_5.ret,3072748,1bf88c45dec89346cc308938b4799c43e0a0a678e68dc49cb711f4e75718d502
drfold_checkpoint_output,8WUT_B,data/cache/v4_final_drfold2/8WUT_B/rets_dir/cfg_97_model_6.ret,3072748,2fd80f8dcdcc293f6b8a3a3818e1fe42334e602c6a62092ba6e6d8ce60996a22
drfold_checkpoint_output,8WUT_B,data/cache/v4_final_drfold2/8WUT_B/rets_dir/cfg_97_model_7.ret,3072748,25652afeba4f4d70aaac923c4271846ac4eb2706036b6cf4d30bf18a6a2dea0b
drfold_checkpoint_output,8WUT_B,data/cache/v4_final_drfold2/8WUT_B/rets_dir/cfg_97_model_8.ret,3072748,ad978f0b3034df3f4b306d443e336c0250821c0423748189faa448fe8ff093bc
drfold_checkpoint_output,8WUT_B,data/cache/v4_final_drfold2/8WUT_B/rets_dir/cfg_97_model_9.ret,3072748,e2deef65e091cd2da8c5e64ddde45c86d4e78a1fec268358e7796f0ea990d12d
drfold_checkpoint_output,8WUU_B,data/cache/v4_final_drfold2/8WUU_B/rets_dir/cfg_97_model_0.ret,2862876,3001f8aa244f7918bb99f2ece740037138bafadc04f8b7c53dc31cc5f645db32
drfold_checkpoint_output,8WUU_B,data/cache/v4_final_drfold2/8WUU_B/rets_dir/cfg_97_model_1.ret,2862876,4972cbb1b84aae98febc7eb49f0bfedf7512e744302a0e9996805b9094907e20
drfold_checkpoint_output,8WUU_B,data/cache/v4_final_drfold2/8WUU_B/rets_dir/cfg_97_model_10.ret,2862876,ffb19f40407c8bab20f9657beae2facab7e2aa6cd2caa6f38b755173cdc0163e
drfold_checkpoint_output,8WUU_B,data/cache/v4_final_drfold2/8WUU_B/rets_dir/cfg_97_model_11.ret,2862876,e1116671bf057f80fd53965e90194568ff4881d2dd8bf2f4c7209b44d7658bc4
drfold_checkpoint_output,8WUU_B,data/cache/v4_final_drfold2/8WUU_B/rets_dir/cfg_97_model_12.ret,2862876,e05da5c5d5bcdcad2cdb5d40976870dcad831ba1200835196c17822abf6f59ec
drfold_checkpoint_output,8WUU_B,data/cache/v4_final_drfold2/8WUU_B/rets_dir/cfg_97_model_13.ret,2862876,1f33fb98be88eef566c16db835a1a78d2fe151aece80c0389b2dfba231a16c99
drfold_checkpoint_output,8WUU_B,data/cache/v4_final_drfold2/8WUU_B/rets_dir/cfg_97_model_14.ret,2862876,8724ecf3f7f1c66e7095451c30c80df014a427dec3969cfb9a03bef9db319552
drfold_checkpoint_output,8WUU_B,data/cache/v4_final_drfold2/8WUU_B/rets_dir/cfg_97_model_15.ret,2862876,8d5734cee08ba391099b7b21dc3ab6fb9aa3a03612ab496a10f3cb93998de9b4
drfold_checkpoint_output,8WUU_B,data/cache/v4_final_drfold2/8WUU_B/rets_dir/cfg_97_model_16.ret,2862876,f3e72edc1090950319e5ba68469ae81e33eed0223f0213e3ea48a4dd81cf78ca
drfold_checkpoint_output,8WUU_B,data/cache/v4_final_drfold2/8WUU_B/rets_dir/cfg_97_model_17.ret,2862876,ac89e555b144b7102e050586e118b80ba3ef5e1c14f3ebe5e4278bf252208096
drfold_checkpoint_output,8WUU_B,data/cache/v4_final_drfold2/8WUU_B/rets_dir/cfg_97_model_18.ret,2862876,6999116901f06245cf8e6caf4755c08c12247436eaa95150288b5c9be0540604
drfold_checkpoint_output,8WUU_B,data/cache/v4_final_drfold2/8WUU_B/rets_dir/cfg_97_model_19.ret,2862876,273fa3d07821de6cb8ca797ee31332d56332198c0898c1ff192f50786b1d66a6
drfold_checkpoint_output,8WUU_B,data/cache/v4_final_drfold2/8WUU_B/rets_dir/cfg_97_model_2.ret,2862876,0e053f50c33d07397e02eaeb11b3c9e24c8bd213385540e6f44b02767772bff7
drfold_checkpoint_output,8WUU_B,data/cache/v4_final_drfold2/8WUU_B/rets_dir/cfg_97_model_3.ret,2862876,d06a4408984613fbbb3e163cff9342e5a0635534aeedbfde56befc1209986ce1
drfold_checkpoint_output,8WUU_B,data/cache/v4_final_drfold2/8WUU_B/rets_dir/cfg_97_model_4.ret,2862876,941c0d901d32e56d683cb8334360f4b50ee118edd98ed56d3ce84500d197dc20
drfold_checkpoint_output,8WUU_B,data/cache/v4_final_drfold2/8WUU_B/rets_dir/cfg_97_model_5.ret,2862876,7ed4c8ee133c349ec925ca84ae8757f9793479229a14de8b1ef05d11cd0caa7e
drfold_checkpoint_output,8WUU_B,data/cache/v4_final_drfold2/8WUU_B/rets_dir/cfg_97_model_6.ret,2862876,80b3630a53e15e7b95c6070984b7ecd79b61ce1a3b731b19dc42875ba60074c8
drfold_checkpoint_output,8WUU_B,data/cache/v4_final_drfold2/8WUU_B/rets_dir/cfg_97_model_7.ret,2862876,47e186fc68a8aa9b3674f49eec15cef798249c7e9d9bce6d2cc05754d9d77d34
drfold_checkpoint_output,8WUU_B,data/cache/v4_final_drfold2/8WUU_B/rets_dir/cfg_97_model_8.ret,2862876,b8218054febd829c9e092755dc48da889861f5351990766f75988eab1c2f28d2
drfold_checkpoint_output,8WUU_B,data/cache/v4_final_drfold2/8WUU_B/rets_dir/cfg_97_model_9.ret,2862876,4ea0627678dc0db1d58814ae48ae5ff221777c30dcfca3a62c484a50fc0f449b
drfold_checkpoint_output,8WUV_B,data/cache/v4_final_drfold2/8WUV_B/rets_dir/cfg_97_model_0.ret,4359757,4cb1e6278198cd1e4839f6dfb7437ef1a14e35b86c7116b13df5437be23fa1ad
drfold_checkpoint_output,8WUV_B,data/cache/v4_final_drfold2/8WUV_B/rets_dir/cfg_97_model_1.ret,4359757,2568db56256d4812c2af2b8d282ddc0d6c3ad8dfc1e5730db4d1529006f55592
drfold_checkpoint_output,8WUV_B,data/cache/v4_final_drfold2/8WUV_B/rets_dir/cfg_97_model_10.ret,4359757,b70389053ed315830a7c245650506b74c00d924f7e817901e608ae5594e873ca
drfold_checkpoint_output,8WUV_B,data/cache/v4_final_drfold2/8WUV_B/rets_dir/cfg_97_model_11.ret,4359757,92f0a61a6c56b4da8e0475f7d44121bbdef9f33a93a1e6a019b5e064041986ca
drfold_checkpoint_output,8WUV_B,data/cache/v4_final_drfold2/8WUV_B/rets_dir/cfg_97_model_12.ret,4359757,56f15ca25ee78b420dc6f2e0398b96eb7b6926b56a5a526cd2ab9e0ba3ea1074
drfold_checkpoint_output,8WUV_B,data/cache/v4_final_drfold2/8WUV_B/rets_dir/cfg_97_model_13.ret,4359757,941a951185441a50696f491f9b0a9943ee18bb4a3c070c85c2e142591c6a4c12
drfold_checkpoint_output,8WUV_B,data/cache/v4_final_drfold2/8WUV_B/rets_dir/cfg_97_model_14.ret,4359757,b4096f369ff18e43c8bff2503dfd14c64080c9402703a7d40de791c907d59e54
drfold_checkpoint_output,8WUV_B,data/cache/v4_final_drfold2/8WUV_B/rets_dir/cfg_97_model_15.ret,4359757,e745fc9eaedcf7a9bca85ffd3ac015c8a27a3cd4cb72dd46d8533714a9af5012
drfold_checkpoint_output,8WUV_B,data/cache/v4_final_drfold2/8WUV_B/rets_dir/cfg_97_model_16.ret,4359757,6976143b8b2188dee64d7da021fc2ccde53376f906f206f8e9e1de6c92ad3598
drfold_checkpoint_output,8WUV_B,data/cache/v4_final_drfold2/8WUV_B/rets_dir/cfg_97_model_17.ret,4359757,9d50277191dc84cc21a277c77e77a43ae05df193c71931e68511c21000d3fc92
drfold_checkpoint_output,8WUV_B,data/cache/v4_final_drfold2/8WUV_B/rets_dir/cfg_97_model_18.ret,4359757,c8cf14c07a29a8ce8f0aade0a9a93dc195079b6c98f9839984c487a41e86570a
drfold_checkpoint_output,8WUV_B,data/cache/v4_final_drfold2/8WUV_B/rets_dir/cfg_97_model_19.ret,4359757,e4d60fbcdf9d30c71970309a43ebf69f53163c86ad79a97a76d9f82883ff8091
drfold_checkpoint_output,8WUV_B,data/cache/v4_final_drfold2/8WUV_B/rets_dir/cfg_97_model_2.ret,4359757,e4f0fd46d7a7557733348be52054cb173d07a0f48d80ff653fe320fc93d73692
drfold_checkpoint_output,8WUV_B,data/cache/v4_final_drfold2/8WUV_B/rets_dir/cfg_97_model_3.ret,4359757,6e4794aff692b5ffd085acf29e8382ff2d1b1747c9ebf34e4e7047dd7fc3882b
drfold_checkpoint_output,8WUV_B,data/cache/v4_final_drfold2/8WUV_B/rets_dir/cfg_97_model_4.ret,4359757,dbf1afed6f9fab1201ad841364cd28be39acdf2b43a28b4da48386f7d8435bb5
drfold_checkpoint_output,8WUV_B,data/cache/v4_final_drfold2/8WUV_B/rets_dir/cfg_97_model_5.ret,4359757,8bdca0cbd123a4083bc57b83adb414104581929b6f27a5da2881e94f94005762
drfold_checkpoint_output,8WUV_B,data/cache/v4_final_drfold2/8WUV_B/rets_dir/cfg_97_model_6.ret,4359757,df612c7823e2b1609e96dcbd04b7783333bd0407f004f71e91ca630d7ef1bd40
drfold_checkpoint_output,8WUV_B,data/cache/v4_final_drfold2/8WUV_B/rets_dir/cfg_97_model_7.ret,4359757,a4ca25cd6e877021fc6bf2d7b2d9825213c8157b51c20a7bb325e83ac39370d9
drfold_checkpoint_output,8WUV_B,data/cache/v4_final_drfold2/8WUV_B/rets_dir/cfg_97_model_8.ret,4359757,5ca5cd391b0e172b8f0698a3bb46ad6b7878e355e846501348abe27a6402a43c
drfold_checkpoint_output,8WUV_B,data/cache/v4_final_drfold2/8WUV_B/rets_dir/cfg_97_model_9.ret,4359757,e0220cff87ceddc243858f6041d0cd0e0e47fc47ce9319c09f7fd968beaea656
drfold_checkpoint_output,8X5V_B,data/cache/v4_final_drfold2/8X5V_B/rets_dir/cfg_97_model_0.ret,2811568,37f76ed6abeacf13d37926e2233ccb488e897ff41f3e60252baa90e5fbf6fe3b
drfold_checkpoint_output,8X5V_B,data/cache/v4_final_drfold2/8X5V_B/rets_dir/cfg_97_model_1.ret,2811568,02987dd72763c53acbaa2c19a2f5ce83c1d5ee3c5f7fe865d49fcea5344526c0
drfold_checkpoint_output,8X5V_B,data/cache/v4_final_drfold2/8X5V_B/rets_dir/cfg_97_model_10.ret,2811568,425dff6fcda92a5dc90778f6c9b3cc49bae6f1ddd731602702949cd6ef0a897c
drfold_checkpoint_output,8X5V_B,data/cache/v4_final_drfold2/8X5V_B/rets_dir/cfg_97_model_11.ret,2811568,56cf9e34095006a9e770de9f61117245755f2da25b4a9aa3f761f156d58c6db5
drfold_checkpoint_output,8X5V_B,data/cache/v4_final_drfold2/8X5V_B/rets_dir/cfg_97_model_12.ret,2811568,318daa34372feb3374f41f001c92d79d1570ccf7ec0674442a14fe11f8214ed3
drfold_checkpoint_output,8X5V_B,data/cache/v4_final_drfold2/8X5V_B/rets_dir/cfg_97_model_13.ret,2811568,b455d3a892e46cf447df5a7e3528270fb9d616e68436ccacabc7fd5b85e380c4
drfold_checkpoint_output,8X5V_B,data/cache/v4_final_drfold2/8X5V_B/rets_dir/cfg_97_model_14.ret,2811568,32be0ee117b334ab02201a418c9767dea0232f9f5fd7ac566a560b26a7549e79
drfold_checkpoint_output,8X5V_B,data/cache/v4_final_drfold2/8X5V_B/rets_dir/cfg_97_model_15.ret,2811568,a0b77fc3d88dc526ffab40e21d9db939acb4675c041d6a3684c7992eb95d1ba1
drfold_checkpoint_output,8X5V_B,data/cache/v4_final_drfold2/8X5V_B/rets_dir/cfg_97_model_16.ret,2811568,57fa9d3cb3a84e23c49d00921b0f969000e5210b5a8b94bce6ce84a3b4640edc
drfold_checkpoint_output,8X5V_B,data/cache/v4_final_drfold2/8X5V_B/rets_dir/cfg_97_model_17.ret,2811568,e96db1a67fe6989fca3cfa13f40dd2dc980fe549aa998c3df16eb2d4452acdd3
drfold_checkpoint_output,8X5V_B,data/cache/v4_final_drfold2/8X5V_B/rets_dir/cfg_97_model_18.ret,2811568,c5a2dff238c43dd297b170ada28b5529a25bc1c9cbb46d0b5f9e66e4325d001c
drfold_checkpoint_output,8X5V_B,data/cache/v4_final_drfold2/8X5V_B/rets_dir/cfg_97_model_19.ret,2811568,bcdfd43b130af57117062323a1146afbbea158ea4f46980dcda35a9cfca0d547
drfold_checkpoint_output,8X5V_B,data/cache/v4_final_drfold2/8X5V_B/rets_dir/cfg_97_model_2.ret,2811568,269f347d8f3c1b270cfe7ffeb284015cb6739d7b3cec4184e3d94c98e47925a7
drfold_checkpoint_output,8X5V_B,data/cache/v4_final_drfold2/8X5V_B/rets_dir/cfg_97_model_3.ret,2811568,8a4bdeade93df0c82160cc2128ab382d30b680166662d3097c112e1c9e76fc54
drfold_checkpoint_output,8X5V_B,data/cache/v4_final_drfold2/8X5V_B/rets_dir/cfg_97_model_4.ret,2811568,fa5eb8351df3853e44d4c4cec793ba4a0b87ec6d77347b6b671c66c9b2de78b8
drfold_checkpoint_output,8X5V_B,data/cache/v4_final_drfold2/8X5V_B/rets_dir/cfg_97_model_5.ret,2811568,df72de363432400d468f2a4837359b138e795f3c676b58bbdc63b7355e613542
drfold_checkpoint_output,8X5V_B,data/cache/v4_final_drfold2/8X5V_B/rets_dir/cfg_97_model_6.ret,2811568,97ad9794f18cc9af0d541da73a6bdbd4c1b9cd2e3d02d889a2134165bc404743
drfold_checkpoint_output,8X5V_B,data/cache/v4_final_drfold2/8X5V_B/rets_dir/cfg_97_model_7.ret,2811568,db5ab743e52d53128bed131588f84ee1ae1522008ce92bc71e8bebe9af254670
drfold_checkpoint_output,8X5V_B,data/cache/v4_final_drfold2/8X5V_B/rets_dir/cfg_97_model_8.ret,2811568,ef5ec7a0bf829772ca3a7bef446af7c780a74624cf55d82baacb679b2e6a78a3
drfold_checkpoint_output,8X5V_B,data/cache/v4_final_drfold2/8X5V_B/rets_dir/cfg_97_model_9.ret,2811568,2221007f0a8518f012b38889f687ce5141506728d6c745c71b0ae3f4ece2e3eb
drfold_checkpoint_output,8XAK_B,data/cache/v4_final_drfold2/8XAK_B/rets_dir/cfg_97_model_0.ret,269824,eb3c163c101db1e4ad38596e740756af1ba753f6effaee31a0d52e2ff4e8629d
drfold_checkpoint_output,8XAK_B,data/cache/v4_final_drfold2/8XAK_B/rets_dir/cfg_97_model_1.ret,269824,be9318ac991218555783098a597914b878657a9ec542133ab73854aa63a55da8
drfold_checkpoint_output,8XAK_B,data/cache/v4_final_drfold2/8XAK_B/rets_dir/cfg_97_model_10.ret,269824,fa7da91cacc962955997bf2ca0a8dfd65ccbcd677e5d0a2b41da8d0e6fdfb3b1
drfold_checkpoint_output,8XAK_B,data/cache/v4_final_drfold2/8XAK_B/rets_dir/cfg_97_model_11.ret,269824,66f49a0cf2ee1a730210fb4ae1df26abe7b306f10c7d7dd163966912aa2c4375
drfold_checkpoint_output,8XAK_B,data/cache/v4_final_drfold2/8XAK_B/rets_dir/cfg_97_model_12.ret,269824,409d3bda840e4229f3eaf727b13388cae049526fc4427d0cc8a58ae875acbc66
drfold_checkpoint_output,8XAK_B,data/cache/v4_final_drfold2/8XAK_B/rets_dir/cfg_97_model_13.ret,269824,a08c8f35108886df1f5af75c1f5edfebba640cff5afade67bead29fa339e70e0
drfold_checkpoint_output,8XAK_B,data/cache/v4_final_drfold2/8XAK_B/rets_dir/cfg_97_model_14.ret,269824,2e768beb90a9e807fcb9f442549d4dcff691c3e0e90e8fce6d161bdace97d80e
drfold_checkpoint_output,8XAK_B,data/cache/v4_final_drfold2/8XAK_B/rets_dir/cfg_97_model_15.ret,269824,33e42f0d5197936d811a09fb7c250984381b6c7322681ee523de53fd7edbd3f0
drfold_checkpoint_output,8XAK_B,data/cache/v4_final_drfold2/8XAK_B/rets_dir/cfg_97_model_16.ret,269824,14018a8c890c5b2f932aa44faa507e660652f202b804b5f869f4f390319bcf11
drfold_checkpoint_output,8XAK_B,data/cache/v4_final_drfold2/8XAK_B/rets_dir/cfg_97_model_17.ret,269824,c4c8fe2da9d69d596e3b692ea8fc4a7f4782faca1fbae3195579b630a6b50b8d
drfold_checkpoint_output,8XAK_B,data/cache/v4_final_drfold2/8XAK_B/rets_dir/cfg_97_model_18.ret,269824,92dcae58d0e2a0cc36ad1035e0a38a8ffd03f0cd0dd4ffb4064b6b7f76f127b0
drfold_checkpoint_output,8XAK_B,data/cache/v4_final_drfold2/8XAK_B/rets_dir/cfg_97_model_19.ret,269824,af5df214f964be5054385f272af5d661d20b339f6961f81f8090f6dc11f2c895
drfold_checkpoint_output,8XAK_B,data/cache/v4_final_drfold2/8XAK_B/rets_dir/cfg_97_model_2.ret,269824,582fd4a36b543c919f8fafdbf2f1c26ee0cc0329722b0b46f899dc98158c5325
drfold_checkpoint_output,8XAK_B,data/cache/v4_final_drfold2/8XAK_B/rets_dir/cfg_97_model_3.ret,269824,91e84b3c75f093a5979f3e7f782987682d80bedd372f1fb1188bb06f6f8a7e63
drfold_checkpoint_output,8XAK_B,data/cache/v4_final_drfold2/8XAK_B/rets_dir/cfg_97_model_4.ret,269824,511753ad13e55edeeeab5086d3e4ffa450af8b2db5d1d3810eed12fbd845b5b4
drfold_checkpoint_output,8XAK_B,data/cache/v4_final_drfold2/8XAK_B/rets_dir/cfg_97_model_5.ret,269824,670886dbea04909751a5482159abdc24f2c27162643e0eb8821fd714f58c72ff
drfold_checkpoint_output,8XAK_B,data/cache/v4_final_drfold2/8XAK_B/rets_dir/cfg_97_model_6.ret,269824,7b1b08b8e4136339e54f8cb00c6f959d7b52a157cdda521be50036690e881b14
drfold_checkpoint_output,8XAK_B,data/cache/v4_final_drfold2/8XAK_B/rets_dir/cfg_97_model_7.ret,269824,7a2ce7d9a104d04d5e4321ecee0fdffd9b5a36e1c34c3f6cd438368bf2eaf758
drfold_checkpoint_output,8XAK_B,data/cache/v4_final_drfold2/8XAK_B/rets_dir/cfg_97_model_8.ret,269824,5f2f10e558d6f659dfe137f738a5e85620b0ab67a8a7ed808b8b026a5cbcd64d
drfold_checkpoint_output,8XAK_B,data/cache/v4_final_drfold2/8XAK_B/rets_dir/cfg_97_model_9.ret,269824,f172526de573c9351b1cf4838f8f64a866834faa90ed84d1d195048287df6271
drfold_checkpoint_output,8XCA_B,data/cache/v4_final_drfold2/8XCA_B/rets_dir/cfg_97_model_0.ret,837768,b105c5a3b174a762df7ee3281050cb55a29c96fa6a9cbb0db6abf4eff73519d1
drfold_checkpoint_output,8XCA_B,data/cache/v4_final_drfold2/8XCA_B/rets_dir/cfg_97_model_1.ret,837768,abd959ff8d47f34c4637ba7aea185d6ef00d8e55355b47c23662d8185bcc1e75
drfold_checkpoint_output,8XCA_B,data/cache/v4_final_drfold2/8XCA_B/rets_dir/cfg_97_model_10.ret,837768,5bb6fe300bbc2fda1a526a1ebfdd76bb62be9a26f50f77f7987285f421f33f2f
drfold_checkpoint_output,8XCA_B,data/cache/v4_final_drfold2/8XCA_B/rets_dir/cfg_97_model_11.ret,837768,037ec02449899fddb3a91aeec3df9be19fa6648a9cdbd6752e2f477c27b6e457
drfold_checkpoint_output,8XCA_B,data/cache/v4_final_drfold2/8XCA_B/rets_dir/cfg_97_model_12.ret,837768,143cf570a49649f8286694688e8fcd052ca410ddd8069a6b57a7b638b70b5b07
drfold_checkpoint_output,8XCA_B,data/cache/v4_final_drfold2/8XCA_B/rets_dir/cfg_97_model_13.ret,837768,e73aa683f42b3c49103b03394a2c3c475256022d1a0cac751548fac1d1777e17
drfold_checkpoint_output,8XCA_B,data/cache/v4_final_drfold2/8XCA_B/rets_dir/cfg_97_model_14.ret,837768,971ee591b205165d4555bc2cc11badaedd38baafc5e2adafe06f5f772e5c7ff6
drfold_checkpoint_output,8XCA_B,data/cache/v4_final_drfold2/8XCA_B/rets_dir/cfg_97_model_15.ret,837768,3f2d30af5f51308d081090bf101b50f2aa49b1707bd41ab9954e542e858d120e
drfold_checkpoint_output,8XCA_B,data/cache/v4_final_drfold2/8XCA_B/rets_dir/cfg_97_model_16.ret,837768,72361f42c569a697222eee2bad598242ae014c632406a3801d39ca31db4ec260
drfold_checkpoint_output,8XCA_B,data/cache/v4_final_drfold2/8XCA_B/rets_dir/cfg_97_model_17.ret,837768,396574aa52e28c098111a24d4a0d60aa19f13081fb9b66366ed9bd85bd6d5ee6
drfold_checkpoint_output,8XCA_B,data/cache/v4_final_drfold2/8XCA_B/rets_dir/cfg_97_model_18.ret,837768,a4c40e60d6b071a88a255211b24fd601d85e5f4f39883feb1370c2f9b3d12f24
drfold_checkpoint_output,8XCA_B,data/cache/v4_final_drfold2/8XCA_B/rets_dir/cfg_97_model_19.ret,837768,6c1d4b49d79c17fa5a09e450a35e3ed599d4b75d2031d1bd1dc1c711925d96a3
drfold_checkpoint_output,8XCA_B,data/cache/v4_final_drfold2/8XCA_B/rets_dir/cfg_97_model_2.ret,837768,28ba5b40b5dc27bcc82bef7383ac6a4f9aa9490835f3c854c6bbd1b32ac80411
drfold_checkpoint_output,8XCA_B,data/cache/v4_final_drfold2/8XCA_B/rets_dir/cfg_97_model_3.ret,837768,13c4736b89d3266e20558ba056f20be5ada9f375b899b7c4b8854ef6e4114588
drfold_checkpoint_output,8XCA_B,data/cache/v4_final_drfold2/8XCA_B/rets_dir/cfg_97_model_4.ret,837768,25f1f96dc34cabef27d24b23957634e042a25a577ffeaef1836699c6c4ddc580
drfold_checkpoint_output,8XCA_B,data/cache/v4_final_drfold2/8XCA_B/rets_dir/cfg_97_model_5.ret,837768,a4dd80249262424edc39adaadcc3ccdf5ce18f4cc7a32f4804bd0ff6fbfc63a2
drfold_checkpoint_output,8XCA_B,data/cache/v4_final_drfold2/8XCA_B/rets_dir/cfg_97_model_6.ret,837768,5d8660108eb13af506cf67c4ac090511ef7352c74bcf34095f3b5c5d2fb81cec
drfold_checkpoint_output,8XCA_B,data/cache/v4_final_drfold2/8XCA_B/rets_dir/cfg_97_model_7.ret,837768,852d805660fd8022f971b3b33a0e387b9d4d4bdfd727f17b36e82b1b30092f98
drfold_checkpoint_output,8XCA_B,data/cache/v4_final_drfold2/8XCA_B/rets_dir/cfg_97_model_8.ret,837768,a823b7c31528fbd654b3586593f099c4b205b100258c7ef7449ebba6c55c2027
drfold_checkpoint_output,8XCA_B,data/cache/v4_final_drfold2/8XCA_B/rets_dir/cfg_97_model_9.ret,837768,0b9348ce5aa855ac9e7f70d92ea7f1092782ff9fb22abd5d610b593e709390a8
drfold_checkpoint_output,8XTP_A,data/cache/v4_final_drfold2/8XTP_A/rets_dir/cfg_97_model_0.ret,4109053,669e8a5e02a2bfc351abe520d93d68f4c941f425680651cffd72b35f282e030a
drfold_checkpoint_output,8XTP_A,data/cache/v4_final_drfold2/8XTP_A/rets_dir/cfg_97_model_1.ret,4109053,651ed84b5def223d0b9608df58722fd697d51e6f5f88197d09032c21c2a37c28
drfold_checkpoint_output,8XTP_A,data/cache/v4_final_drfold2/8XTP_A/rets_dir/cfg_97_model_10.ret,4109053,d68a4a98709bc906aca96a27d4c5b381b8ff31518653d1e185d152e68210aa38
drfold_checkpoint_output,8XTP_A,data/cache/v4_final_drfold2/8XTP_A/rets_dir/cfg_97_model_11.ret,4109053,03281af05e257a517cf6c1928db86d983bd6951bf773fed5df85aa624960ac50
drfold_checkpoint_output,8XTP_A,data/cache/v4_final_drfold2/8XTP_A/rets_dir/cfg_97_model_12.ret,4109053,48255c7311b486667b616aa800aaad6db6b46bfeb41298d1f9b8e19faea27344
drfold_checkpoint_output,8XTP_A,data/cache/v4_final_drfold2/8XTP_A/rets_dir/cfg_97_model_13.ret,4109053,9feadadafe0c4bb8e96869e940291e58c6ba170bab4a0e04d7998017cddee475
drfold_checkpoint_output,8XTP_A,data/cache/v4_final_drfold2/8XTP_A/rets_dir/cfg_97_model_14.ret,4109053,fd1789e0d9eadd5ceb34486d65f94270d938ce051fe85d7c926d4f71e038dbcc
drfold_checkpoint_output,8XTP_A,data/cache/v4_final_drfold2/8XTP_A/rets_dir/cfg_97_model_15.ret,4109053,2f7b0aa1bf5dde6703c7fe1c94d500e9a2c3f3cd8f793128ff57543bb33e15eb
drfold_checkpoint_output,8XTP_A,data/cache/v4_final_drfold2/8XTP_A/rets_dir/cfg_97_model_16.ret,4109053,9a468d776a4c02cd8d916ef4b312ffdc8e44c04a2a696c26c4c53433e18dd736
drfold_checkpoint_output,8XTP_A,data/cache/v4_final_drfold2/8XTP_A/rets_dir/cfg_97_model_17.ret,4109053,33c96193567edd396340e7694dd448ec81ae30466a80d318e4f443701d95d606
drfold_checkpoint_output,8XTP_A,data/cache/v4_final_drfold2/8XTP_A/rets_dir/cfg_97_model_18.ret,4109053,a325e24e5a6efaa5b4aa8265e75c2239bd0b8496ef1606d8ef1e9419fe7890a4
drfold_checkpoint_output,8XTP_A,data/cache/v4_final_drfold2/8XTP_A/rets_dir/cfg_97_model_19.ret,4109053,cce89354bc582826b751606a11bd996070c5f0b6489c2f0ba687f406710bb6a6
drfold_checkpoint_output,8XTP_A,data/cache/v4_final_drfold2/8XTP_A/rets_dir/cfg_97_model_2.ret,4109053,e49f004d048a1d5bce008735df1344def15b8bb5fd19575bdba5db8bc743254e
drfold_checkpoint_output,8XTP_A,data/cache/v4_final_drfold2/8XTP_A/rets_dir/cfg_97_model_3.ret,4109053,60ebd4457e4a55fff71e07518116ae1ca75ba62a2468edeb34ed69b4a5adbb01
drfold_checkpoint_output,8XTP_A,data/cache/v4_final_drfold2/8XTP_A/rets_dir/cfg_97_model_4.ret,4109053,1e3931761be3a23788a54a1303ac4ecb54185f4370e6abc7c457057a79263f41
drfold_checkpoint_output,8XTP_A,data/cache/v4_final_drfold2/8XTP_A/rets_dir/cfg_97_model_5.ret,4109053,a5fc1c0ce04154d9473df932d6424d271c802639adacb44b8079f8571e341d62
drfold_checkpoint_output,8XTP_A,data/cache/v4_final_drfold2/8XTP_A/rets_dir/cfg_97_model_6.ret,4109053,e13a6a04e0bb381f63535088350e1bb725da4d0ef3aac212243b200c347a6a87
drfold_checkpoint_output,8XTP_A,data/cache/v4_final_drfold2/8XTP_A/rets_dir/cfg_97_model_7.ret,4109053,f635223fc1df17f547210e235b52109716fab0b4f7f3b3b5420e34c002b5460a
drfold_checkpoint_output,8XTP_A,data/cache/v4_final_drfold2/8XTP_A/rets_dir/cfg_97_model_8.ret,4109053,64f69d68ebbd6f837c6af278e3c6b3a37eb79abb6850d5c2b2a46c66afc64e37
drfold_checkpoint_output,8XTP_A,data/cache/v4_final_drfold2/8XTP_A/rets_dir/cfg_97_model_9.ret,4109053,a80a2b17c5170cb32f78be3fa34af7137da4f3222b8000de4cbd175562d2dc43
drfold_checkpoint_output,8XTR_A,data/cache/v4_final_drfold2/8XTR_A/rets_dir/cfg_97_model_0.ret,4883437,56cad8e87c2ff1528f9490ee2b47f087355164d5f83a8f603e5fa6e181dfd7a9
drfold_checkpoint_output,8XTR_A,data/cache/v4_final_drfold2/8XTR_A/rets_dir/cfg_97_model_1.ret,4883437,bcb504985c8bcc1ae77e57b9522f26f3a11db6bd084366ac85dc5dbcafabced3
drfold_checkpoint_output,8XTR_A,data/cache/v4_final_drfold2/8XTR_A/rets_dir/cfg_97_model_10.ret,4883437,15379d1d8afe73905d2f8fc488488f92660bb58de6991b5c053982e00cdb35ef
drfold_checkpoint_output,8XTR_A,data/cache/v4_final_drfold2/8XTR_A/rets_dir/cfg_97_model_11.ret,4883437,aba669efb02e8fdc67f23533edae5bc6ef7bed4136cc0569d00a24e8ea1f8f85
drfold_checkpoint_output,8XTR_A,data/cache/v4_final_drfold2/8XTR_A/rets_dir/cfg_97_model_12.ret,4883437,e3628fbc753e6d1f8b45fa9252d02817a78a426a02d7355edbbdaeaf1673426e
drfold_checkpoint_output,8XTR_A,data/cache/v4_final_drfold2/8XTR_A/rets_dir/cfg_97_model_13.ret,4883437,78712b6bcdec55f0828e30a828349a31410397efee22e6a86edd69c4af913587
drfold_checkpoint_output,8XTR_A,data/cache/v4_final_drfold2/8XTR_A/rets_dir/cfg_97_model_14.ret,4883437,3a2659e6b5b4f5396002102a20b749fb00e730d82191d46202b409d5f402f7f0
drfold_checkpoint_output,8XTR_A,data/cache/v4_final_drfold2/8XTR_A/rets_dir/cfg_97_model_15.ret,4883437,e618fd0f3e5c7953a898e7046095a55e8d3ca2d7e9140b99907c77fdca63e2ad
drfold_checkpoint_output,8XTR_A,data/cache/v4_final_drfold2/8XTR_A/rets_dir/cfg_97_model_16.ret,4883437,3ec6742da6c7214702b34df8ca58a225fa10aaa54b6a2dea7b291d9c0e0da3c4
drfold_checkpoint_output,8XTR_A,data/cache/v4_final_drfold2/8XTR_A/rets_dir/cfg_97_model_17.ret,4883437,62e97abb1221cc8f212d1d356fccff40b584dec221d8d9ad7695cc9daa144a32
drfold_checkpoint_output,8XTR_A,data/cache/v4_final_drfold2/8XTR_A/rets_dir/cfg_97_model_18.ret,4883437,d8ec85e54844f6e16de06b883a52bd14edc889738e775575776aa75724f3c1e7
drfold_checkpoint_output,8XTR_A,data/cache/v4_final_drfold2/8XTR_A/rets_dir/cfg_97_model_19.ret,4883437,83fd906a8e0bd01565cf758fa5b833e8ac459282499fa988fbc1d5f54811e053
drfold_checkpoint_output,8XTR_A,data/cache/v4_final_drfold2/8XTR_A/rets_dir/cfg_97_model_2.ret,4883437,841ffd373e27655e0ac1c54fbbcd54ff233da60091fede34727fbf64a70a129c
drfold_checkpoint_output,8XTR_A,data/cache/v4_final_drfold2/8XTR_A/rets_dir/cfg_97_model_3.ret,4883437,246a2bad18a8dc9a3d81c0b3cf4f24234c11ac4cd28f406d7f8a0cb9984dd703
drfold_checkpoint_output,8XTR_A,data/cache/v4_final_drfold2/8XTR_A/rets_dir/cfg_97_model_4.ret,4883437,a0d02c459694170d87b3148b8780de8d3931db21838996a6f1cec0fc3ec8ab37
drfold_checkpoint_output,8XTR_A,data/cache/v4_final_drfold2/8XTR_A/rets_dir/cfg_97_model_5.ret,4883437,ef14932d3dae3959a84ef9aa3d7da695626f0eb6fd0a27b23a0cd0432b12f3dd
drfold_checkpoint_output,8XTR_A,data/cache/v4_final_drfold2/8XTR_A/rets_dir/cfg_97_model_6.ret,4883437,0745dd33d7800241e385c1802621b512fdc0866526b3816a478be4ad88aa0959
drfold_checkpoint_output,8XTR_A,data/cache/v4_final_drfold2/8XTR_A/rets_dir/cfg_97_model_7.ret,4883437,9ccf226944a58f15715f94cb8c1ab32301e89e3ccf9513a2f41951b5d1e2190d
drfold_checkpoint_output,8XTR_A,data/cache/v4_final_drfold2/8XTR_A/rets_dir/cfg_97_model_8.ret,4883437,507cc18b716c69fdfd67773114d3b78ffcc8aac0d73fc3bde31645437ac1d638
drfold_checkpoint_output,8XTR_A,data/cache/v4_final_drfold2/8XTR_A/rets_dir/cfg_97_model_9.ret,4883437,b595ec4d699c9a7d7cf1d9a58e064d9d31373b6843420f7ed45fe2789d440fa2
drfold_checkpoint_output,8YDC_A,data/cache/v4_final_drfold2/8YDC_A/rets_dir/cfg_97_model_0.ret,782944,6e26b2f4ecdf941979629a3a47072395bd40bbf32fa086dd141da1d08713ab7d
drfold_checkpoint_output,8YDC_A,data/cache/v4_final_drfold2/8YDC_A/rets_dir/cfg_97_model_1.ret,782944,6c373237d2140f1a38c1bb22eb6d6d52fb9a9814ec7e0cce6164757128633182
drfold_checkpoint_output,8YDC_A,data/cache/v4_final_drfold2/8YDC_A/rets_dir/cfg_97_model_10.ret,782944,4005a020886e43dfd58dea448a8eaac7d65ba3c8441daa97dadc312f14efc6cb
drfold_checkpoint_output,8YDC_A,data/cache/v4_final_drfold2/8YDC_A/rets_dir/cfg_97_model_11.ret,782944,8db1027a6fc6c41edba8c1200cdc50e5a8a721a212e6a508854879912b7a5770
drfold_checkpoint_output,8YDC_A,data/cache/v4_final_drfold2/8YDC_A/rets_dir/cfg_97_model_12.ret,782944,4a7f907bcf64341476652076d66b13851b663b44b3836546681f8a84b3713224
drfold_checkpoint_output,8YDC_A,data/cache/v4_final_drfold2/8YDC_A/rets_dir/cfg_97_model_13.ret,782944,7645929616c9391e40ce444d7652af949e9ccddda2293dd715f96e95fff3055f
drfold_checkpoint_output,8YDC_A,data/cache/v4_final_drfold2/8YDC_A/rets_dir/cfg_97_model_14.ret,782944,0f2daa9a89db4dc2615c22a181f21fb6b6553e77c60fc674db2f7892a5bd7505
drfold_checkpoint_output,8YDC_A,data/cache/v4_final_drfold2/8YDC_A/rets_dir/cfg_97_model_15.ret,782944,2ab0a358a195088d1e17569b455f52806b03dc0aaeb6d73faa96fd250f15847b
drfold_checkpoint_output,8YDC_A,data/cache/v4_final_drfold2/8YDC_A/rets_dir/cfg_97_model_16.ret,782944,4093c0a3e66b8e653b925ad4139d1bb07b3ab85630ae65512fc7860168db9923
drfold_checkpoint_output,8YDC_A,data/cache/v4_final_drfold2/8YDC_A/rets_dir/cfg_97_model_17.ret,782944,f86510b78f24f1e1e198ef45b13e460fd5c7989b6780ab4e0e4818d7ad57e5e8
drfold_checkpoint_output,8YDC_A,data/cache/v4_final_drfold2/8YDC_A/rets_dir/cfg_97_model_18.ret,782944,ca871a759e68ad80795c007968db3ca93d9b027a5a4538fa037b94e40753b68b
drfold_checkpoint_output,8YDC_A,data/cache/v4_final_drfold2/8YDC_A/rets_dir/cfg_97_model_19.ret,782944,85ba0cb541d3fc34ad441933df72f44c1088fd78c51e0f992c5af29294f4cdfb
drfold_checkpoint_output,8YDC_A,data/cache/v4_final_drfold2/8YDC_A/rets_dir/cfg_97_model_2.ret,782944,70c78a695ccf2de184226db4bd8477fae7e821ca0997799c671e9add1e28ab98
drfold_checkpoint_output,8YDC_A,data/cache/v4_final_drfold2/8YDC_A/rets_dir/cfg_97_model_3.ret,782944,f398c29bfb10c6b3525c094084982dbce15c8b1aa3ded503671638c90d22f74e
drfold_checkpoint_output,8YDC_A,data/cache/v4_final_drfold2/8YDC_A/rets_dir/cfg_97_model_4.ret,782944,0c75093e2356a631b4da3961b9b9d50f616f5452a03d0bf11a07ad5e41b16b43
drfold_checkpoint_output,8YDC_A,data/cache/v4_final_drfold2/8YDC_A/rets_dir/cfg_97_model_5.ret,782944,e1a4ad9b2a15efb633a75289c425b265f7d046ee2c01e5c546e7c807068eecd7
drfold_checkpoint_output,8YDC_A,data/cache/v4_final_drfold2/8YDC_A/rets_dir/cfg_97_model_6.ret,782944,0aee1b80ebb5b85611028f41d5f632d71e930adc3eabbb5700c8c32af2be0168
drfold_checkpoint_output,8YDC_A,data/cache/v4_final_drfold2/8YDC_A/rets_dir/cfg_97_model_7.ret,782944,52c843275edbb92fc0dab1d521b2bbdf1ff0d7d34f4e6f23b7de11ddab0f4777
drfold_checkpoint_output,8YDC_A,data/cache/v4_final_drfold2/8YDC_A/rets_dir/cfg_97_model_8.ret,782944,17e8c312f1fe8ef1847fc30a5231d764aadeb6f8c00540c298e60e4b3cffbed6
drfold_checkpoint_output,8YDC_A,data/cache/v4_final_drfold2/8YDC_A/rets_dir/cfg_97_model_9.ret,782944,95599042907bab1ed2a80e5b54b6719438a3cdfb1a6598686b587e9b0436390d
drfold_checkpoint_output,8YGJ_B,data/cache/v4_final_drfold2/8YGJ_B/rets_dir/cfg_97_model_0.ret,4359757,324c990c9ddae63cd0242963e7d801272c2a8fda797751f6a8f971c58bf9bf16
drfold_checkpoint_output,8YGJ_B,data/cache/v4_final_drfold2/8YGJ_B/rets_dir/cfg_97_model_1.ret,4359757,baf1e3e75e6b06a86e9e97449aebb687610f5ad56e4ad2f468488894a6ae0be9
drfold_checkpoint_output,8YGJ_B,data/cache/v4_final_drfold2/8YGJ_B/rets_dir/cfg_97_model_10.ret,4359757,95a17f38250d26617bb815ffc44acbd9b14a7da403238d88c571e08dfb1f92c3
drfold_checkpoint_output,8YGJ_B,data/cache/v4_final_drfold2/8YGJ_B/rets_dir/cfg_97_model_11.ret,4359757,ceb1cc234bc2a9489f4151e9be6d50fb92f428adc6a95409813e4315060ab139
drfold_checkpoint_output,8YGJ_B,data/cache/v4_final_drfold2/8YGJ_B/rets_dir/cfg_97_model_12.ret,4359757,864d4fc85d5704680e31e52b06ae56842f256d8cd0421856ca61b6c7e6578e20
drfold_checkpoint_output,8YGJ_B,data/cache/v4_final_drfold2/8YGJ_B/rets_dir/cfg_97_model_13.ret,4359757,bba5bef5ab156c8c50bebf03899970548b3293e459e71749a046ae77c22f6fcc
drfold_checkpoint_output,8YGJ_B,data/cache/v4_final_drfold2/8YGJ_B/rets_dir/cfg_97_model_14.ret,4359757,c542a20560c4a202842ec5d470a21070e25309e7693e3cf5bd6894af0ce01b98
drfold_checkpoint_output,8YGJ_B,data/cache/v4_final_drfold2/8YGJ_B/rets_dir/cfg_97_model_15.ret,4359757,f3b9c40078bcd5346ee052925a2d75f7b064ffd3baf94466a8eab308edf12a40
drfold_checkpoint_output,8YGJ_B,data/cache/v4_final_drfold2/8YGJ_B/rets_dir/cfg_97_model_16.ret,4359757,5d591b5f06508018d1ddb2ad9de324a98f6ecf5a006283c38cc1ccc2fe34996a
drfold_checkpoint_output,8YGJ_B,data/cache/v4_final_drfold2/8YGJ_B/rets_dir/cfg_97_model_17.ret,4359757,015dd534aa73dcc7b470ab7760ed198097da08b988b1c35aa6eec9484f6e08d5
drfold_checkpoint_output,8YGJ_B,data/cache/v4_final_drfold2/8YGJ_B/rets_dir/cfg_97_model_18.ret,4359757,95ad3bc81420b66628740ebfde7ac67a721c3f09c4e6b972aae98724b9766c6f
drfold_checkpoint_output,8YGJ_B,data/cache/v4_final_drfold2/8YGJ_B/rets_dir/cfg_97_model_19.ret,4359757,c821f44f6b893ff72f615a1adbfa894568b4ead0c293d73aaefa7bd4dee83d26
drfold_checkpoint_output,8YGJ_B,data/cache/v4_final_drfold2/8YGJ_B/rets_dir/cfg_97_model_2.ret,4359757,bc62876221e68f275d85b323063568daac3546c877c68d125db425a942f2e82a
drfold_checkpoint_output,8YGJ_B,data/cache/v4_final_drfold2/8YGJ_B/rets_dir/cfg_97_model_3.ret,4359757,6dfade9e47baaa51196c304980b61c1552c3bec58de7030a8584020c8634a8ea
drfold_checkpoint_output,8YGJ_B,data/cache/v4_final_drfold2/8YGJ_B/rets_dir/cfg_97_model_4.ret,4359757,f78e10757aaaf7322a712bd90750ac7998874481175ae84aac8f60a19e15ba19
drfold_checkpoint_output,8YGJ_B,data/cache/v4_final_drfold2/8YGJ_B/rets_dir/cfg_97_model_5.ret,4359757,2c9462394600eeefa14dee1304232a46851fb0161d8c75a84ae16d1cc385110c
drfold_checkpoint_output,8YGJ_B,data/cache/v4_final_drfold2/8YGJ_B/rets_dir/cfg_97_model_6.ret,4359757,14caf2740a63f473ecdb9e30396bfcacb0e64795f52d81a44405baedb3e5ad3a
drfold_checkpoint_output,8YGJ_B,data/cache/v4_final_drfold2/8YGJ_B/rets_dir/cfg_97_model_7.ret,4359757,5d6de3f6c837a452e0a6d5abc691759186733dd51a2b0ba265682cd5ab40fd9d
drfold_checkpoint_output,8YGJ_B,data/cache/v4_final_drfold2/8YGJ_B/rets_dir/cfg_97_model_8.ret,4359757,aaaed977b88453d6e9bbd28befd11c8dd36fc738b6431914088154e9c672cee5
drfold_checkpoint_output,8YGJ_B,data/cache/v4_final_drfold2/8YGJ_B/rets_dir/cfg_97_model_9.ret,4359757,047486f3dcce192120dbc2e5087096b8be01e4d30bc820369564024397fe7574
drfold_checkpoint_output,8YHA_C,data/cache/v4_final_drfold2/8YHA_C/rets_dir/cfg_97_model_0.ret,865876,1f6ae4f96affa5d37e351c752499d456397456e4e87e2061ee5d4345020adade
drfold_checkpoint_output,8YHA_C,data/cache/v4_final_drfold2/8YHA_C/rets_dir/cfg_97_model_1.ret,865876,696575deec9d8bfbe1a823ddc7690c5910778bea6e18a3dfa802c7acb299cbeb
drfold_checkpoint_output,8YHA_C,data/cache/v4_final_drfold2/8YHA_C/rets_dir/cfg_97_model_10.ret,865876,bf2e5b54da6f4d4ecc7954f3bbb6722aec7f6cc64b731393be47b40ec560398a
drfold_checkpoint_output,8YHA_C,data/cache/v4_final_drfold2/8YHA_C/rets_dir/cfg_97_model_11.ret,865876,894cbd0c054847dfbda824c0aa7d82dc0838a3f51428e8560fb4a72941886f9d
drfold_checkpoint_output,8YHA_C,data/cache/v4_final_drfold2/8YHA_C/rets_dir/cfg_97_model_12.ret,865876,986215662e8812955eb87e2efdc6f414b1ce359ccaff13b6188b7cb6c502a9bf
drfold_checkpoint_output,8YHA_C,data/cache/v4_final_drfold2/8YHA_C/rets_dir/cfg_97_model_13.ret,865876,c1ae51dac68259cdfbb7b6018cb749966661ecbac110bf84e152685041137287
drfold_checkpoint_output,8YHA_C,data/cache/v4_final_drfold2/8YHA_C/rets_dir/cfg_97_model_14.ret,865876,33be92c694f76438f65ce5d8b7592659de6291647a67a88ffc14579218655d3f
drfold_checkpoint_output,8YHA_C,data/cache/v4_final_drfold2/8YHA_C/rets_dir/cfg_97_model_15.ret,865876,846ea9eec3798688c9dda15e3f9b1a7e999a1c497c31e1b0cb0d5f75358ca199
drfold_checkpoint_output,8YHA_C,data/cache/v4_final_drfold2/8YHA_C/rets_dir/cfg_97_model_16.ret,865876,958979882ed5640d3bb17c80ad02fdb6721febbf5c55c4b1d790ee7a95f2e3f5
drfold_checkpoint_output,8YHA_C,data/cache/v4_final_drfold2/8YHA_C/rets_dir/cfg_97_model_17.ret,865876,c6a29d2e31559dea7b8d2f0d7456ae32c85cc765937ca1fbcecf92084b4ca877
drfold_checkpoint_output,8YHA_C,data/cache/v4_final_drfold2/8YHA_C/rets_dir/cfg_97_model_18.ret,865876,91b2df77d0c148da34b07ae22574525f8e6cd95fb6ee625f125e1de690f5ab33
drfold_checkpoint_output,8YHA_C,data/cache/v4_final_drfold2/8YHA_C/rets_dir/cfg_97_model_19.ret,865876,9ef51c871cbd8394d1c30f43399099eae9b696d6e94fb15e8555f1bbf6473748
drfold_checkpoint_output,8YHA_C,data/cache/v4_final_drfold2/8YHA_C/rets_dir/cfg_97_model_2.ret,865876,7a05cfc36b671c98d6aec730183bb9b5f4d2036a27259a3aaaf8403d73c37ece
drfold_checkpoint_output,8YHA_C,data/cache/v4_final_drfold2/8YHA_C/rets_dir/cfg_97_model_3.ret,865876,72995ddfc060e2dd3ceaf45e7b9e85cd00df9afcd133598cd58a2376bbf3cc5d
drfold_checkpoint_output,8YHA_C,data/cache/v4_final_drfold2/8YHA_C/rets_dir/cfg_97_model_4.ret,865876,07db5c89580d1ea6535caf01cd69a06facd40d175fe3193e6f51b4b340d6aeca
drfold_checkpoint_output,8YHA_C,data/cache/v4_final_drfold2/8YHA_C/rets_dir/cfg_97_model_5.ret,865876,582bc9a9ef49bf875242e129ff592c6face682a4ebb4d158828dd5845c58c633
drfold_checkpoint_output,8YHA_C,data/cache/v4_final_drfold2/8YHA_C/rets_dir/cfg_97_model_6.ret,865876,95bf37a0491947cb32c06f0910710bab75721ddec0b6f30a7c1216f69d4577cf
drfold_checkpoint_output,8YHA_C,data/cache/v4_final_drfold2/8YHA_C/rets_dir/cfg_97_model_7.ret,865876,f624ab453cfc669688427bdabbe496caed98ed464e8353e4095a39a75c55b6ec
drfold_checkpoint_output,8YHA_C,data/cache/v4_final_drfold2/8YHA_C/rets_dir/cfg_97_model_8.ret,865876,9a821b976a83ad62c421f8f9021a187df82b1642bb3c81aa4cd7054377a644e0
drfold_checkpoint_output,8YHA_C,data/cache/v4_final_drfold2/8YHA_C/rets_dir/cfg_97_model_9.ret,865876,41a4b39f1e5ae1fb0a20a5f7074e0c1f360b57a825039f09c32b4d04454aa093
drfold_checkpoint_output,8YII_C,data/cache/v4_final_drfold2/8YII_C/rets_dir/cfg_97_model_0.ret,2513464,901f45417478e03f97f6926448032d84ed8fba768b57d9f31a5363546c5a0315
drfold_checkpoint_output,8YII_C,data/cache/v4_final_drfold2/8YII_C/rets_dir/cfg_97_model_1.ret,2513464,0f02bccf5434f37514b0ba2abafcbb6ec73678ecee99db1a27ca6382c1349417
drfold_checkpoint_output,8YII_C,data/cache/v4_final_drfold2/8YII_C/rets_dir/cfg_97_model_10.ret,2513464,1ca791cc4e1529ccacbf687c9dfb6a28942c539b2ab26c688287ffac245d9ac9
drfold_checkpoint_output,8YII_C,data/cache/v4_final_drfold2/8YII_C/rets_dir/cfg_97_model_11.ret,2513464,8d50e837ff3829ac5fa92aa725a7654f9dc92a55db284d1146b9f41cf4991005
drfold_checkpoint_output,8YII_C,data/cache/v4_final_drfold2/8YII_C/rets_dir/cfg_97_model_12.ret,2513464,f723b31903a933b4ed61112e701c4ab804271c8e8be2fe2e1f2a7fd84d8b0fb6
drfold_checkpoint_output,8YII_C,data/cache/v4_final_drfold2/8YII_C/rets_dir/cfg_97_model_13.ret,2513464,4e2647591502a936a58daf5ee3b57ff5e454c973bda3934ff7e5e3e07cb16f41
drfold_checkpoint_output,8YII_C,data/cache/v4_final_drfold2/8YII_C/rets_dir/cfg_97_model_14.ret,2513464,73b37af7705f520ac95d33682d2c4f6263aead2e44d9e9a4b36f4a2a95abf62b
drfold_checkpoint_output,8YII_C,data/cache/v4_final_drfold2/8YII_C/rets_dir/cfg_97_model_15.ret,2513464,e902a231410e67bc01e24032a0d027fc7808d79914f8ad6ea8b01fafc1edc02e
drfold_checkpoint_output,8YII_C,data/cache/v4_final_drfold2/8YII_C/rets_dir/cfg_97_model_16.ret,2513464,c3301aa90c1834963cad7e44368dc85b1d47fd99b79452abeb6a2188a7da9c93
drfold_checkpoint_output,8YII_C,data/cache/v4_final_drfold2/8YII_C/rets_dir/cfg_97_model_17.ret,2513464,5d3e5f641664ae907abc4e5a4802607b2d2ba8f48c676893681ba3651abd642b
drfold_checkpoint_output,8YII_C,data/cache/v4_final_drfold2/8YII_C/rets_dir/cfg_97_model_18.ret,2513464,76edc93d27bdfd01f5fd958379b34ae68427d66e381461feb2b522e0f1acd9de
drfold_checkpoint_output,8YII_C,data/cache/v4_final_drfold2/8YII_C/rets_dir/cfg_97_model_19.ret,2513464,53ff5f5903c7355a7c53218bdea5721f479c59c061f242331b1614ab228cd5d2
drfold_checkpoint_output,8YII_C,data/cache/v4_final_drfold2/8YII_C/rets_dir/cfg_97_model_2.ret,2513464,c2e66a51f2381f084681eee42723802dac4c2605874ca1ddca4c7ea9614f0dbb
drfold_checkpoint_output,8YII_C,data/cache/v4_final_drfold2/8YII_C/rets_dir/cfg_97_model_3.ret,2513464,725d301d90bde3d1b14e720edbb524f16ebf91075150c63efa779dfb006c5129
drfold_checkpoint_output,8YII_C,data/cache/v4_final_drfold2/8YII_C/rets_dir/cfg_97_model_4.ret,2513464,7c7d946f98ed45937a51132e17ee53c7359cbbc370219019732badb7e94eb0d9
drfold_checkpoint_output,8YII_C,data/cache/v4_final_drfold2/8YII_C/rets_dir/cfg_97_model_5.ret,2513464,f88ae6a4e748ce0307e86f1ddea777ff65510186823b59efe7c1e1670608abbb
drfold_checkpoint_output,8YII_C,data/cache/v4_final_drfold2/8YII_C/rets_dir/cfg_97_model_6.ret,2513464,0580c89e0265c73fc8890916fde7335ab5429d00428b022980bec4b5a4275374
drfold_checkpoint_output,8YII_C,data/cache/v4_final_drfold2/8YII_C/rets_dir/cfg_97_model_7.ret,2513464,79ab8944b42411b8fdf7bd130f0888d09a0470f86680c42a1b35babe93542a01
drfold_checkpoint_output,8YII_C,data/cache/v4_final_drfold2/8YII_C/rets_dir/cfg_97_model_8.ret,2513464,7b8f4e6b927b50334af99c678adaa6a865ea320389557fc3852f1c79775231ad
drfold_checkpoint_output,8YII_C,data/cache/v4_final_drfold2/8YII_C/rets_dir/cfg_97_model_9.ret,2513464,3e890b715e4f8a0ae433a017a4e1f046ad290b2b3577d6c2ed5f259645bc70d6
drfold_checkpoint_output,8ZAU_A,data/cache/v4_final_drfold2/8ZAU_A/rets_dir/cfg_97_model_0.ret,1107444,468b5a298afefab9b272b3b7fa6fae97415cbf3fa6b83bb1b98340030d90f9f4
drfold_checkpoint_output,8ZAU_A,data/cache/v4_final_drfold2/8ZAU_A/rets_dir/cfg_97_model_1.ret,1107444,ce20ccd366857e1fce4d690cb85e1edbd0272342e449ebc4f8e81e67c2924eab
drfold_checkpoint_output,8ZAU_A,data/cache/v4_final_drfold2/8ZAU_A/rets_dir/cfg_97_model_10.ret,1107444,d451368e22eb12810824d1fa08585200074fd34db7b712a12ce25303d958938e
drfold_checkpoint_output,8ZAU_A,data/cache/v4_final_drfold2/8ZAU_A/rets_dir/cfg_97_model_11.ret,1107444,74144a3abd0c64ce2c9556531399eefdc4d8cd2f28055b6a38ff5fe9382d838e
drfold_checkpoint_output,8ZAU_A,data/cache/v4_final_drfold2/8ZAU_A/rets_dir/cfg_97_model_12.ret,1107444,46d3dfb3a71d5ff68ca5c50a358cea86979c4979ebce2af207ebc19247080938
drfold_checkpoint_output,8ZAU_A,data/cache/v4_final_drfold2/8ZAU_A/rets_dir/cfg_97_model_13.ret,1107444,58377dc3a15fa38bc2755dbe5e96b1f52fc4be0ea39ee2d105cf6438acc19ee8
drfold_checkpoint_output,8ZAU_A,data/cache/v4_final_drfold2/8ZAU_A/rets_dir/cfg_97_model_14.ret,1107444,d058dca2014e38f08808244838451f0d681a5e9b981ebe2d6f80cef379ee993d
drfold_checkpoint_output,8ZAU_A,data/cache/v4_final_drfold2/8ZAU_A/rets_dir/cfg_97_model_15.ret,1107444,ae5ccbb17897e9dbaa8ea4e828d895a92bdc464d6797e3f827cdf6d1d2ece93c
drfold_checkpoint_output,8ZAU_A,data/cache/v4_final_drfold2/8ZAU_A/rets_dir/cfg_97_model_16.ret,1107444,64d1039dfe865a940b0b0bde95bc39138fc2e354f31a54050e4063afc90bcfcc
drfold_checkpoint_output,8ZAU_A,data/cache/v4_final_drfold2/8ZAU_A/rets_dir/cfg_97_model_17.ret,1107444,29147ab369841760e70f55afa1a62018d81a7474154219caca8dda77e24c4d76
drfold_checkpoint_output,8ZAU_A,data/cache/v4_final_drfold2/8ZAU_A/rets_dir/cfg_97_model_18.ret,1107444,a77cd7a1fb79eb8ce2419e1d0162321b92bc7ece159920ff484c6790fc991974
drfold_checkpoint_output,8ZAU_A,data/cache/v4_final_drfold2/8ZAU_A/rets_dir/cfg_97_model_19.ret,1107444,bb8e09121b3b2800f2bb0c5f0b6fea0ce02cde045b03071ba69445afbf847994
drfold_checkpoint_output,8ZAU_A,data/cache/v4_final_drfold2/8ZAU_A/rets_dir/cfg_97_model_2.ret,1107444,4a89ecd1b4a5486e91b2cf7821db62f6a33cdab0fee3cd945bf1f496d5c0cf6e
drfold_checkpoint_output,8ZAU_A,data/cache/v4_final_drfold2/8ZAU_A/rets_dir/cfg_97_model_3.ret,1107444,a940985f28a8690974bcac36b2e7e9b2db1a269ad9fc52d70baee04202cb892a
drfold_checkpoint_output,8ZAU_A,data/cache/v4_final_drfold2/8ZAU_A/rets_dir/cfg_97_model_4.ret,1107444,d68cd40d8e2f0e9dc3741e9d66745ede56841f842ace89054b80c0b3e67ce6a6
drfold_checkpoint_output,8ZAU_A,data/cache/v4_final_drfold2/8ZAU_A/rets_dir/cfg_97_model_5.ret,1107444,23a057bb79bd8a647688e3c7487e6cdd0427cc6d76e4264366b1decda465fda8
drfold_checkpoint_output,8ZAU_A,data/cache/v4_final_drfold2/8ZAU_A/rets_dir/cfg_97_model_6.ret,1107444,c7f136e5de78c496c21a64b77294bf4229395647defa8c355952b6633c478b15
drfold_checkpoint_output,8ZAU_A,data/cache/v4_final_drfold2/8ZAU_A/rets_dir/cfg_97_model_7.ret,1107444,abe4397adf0d0a82321ada27fcf5f5f76830d02ef45439e094f095c7ea885488
drfold_checkpoint_output,8ZAU_A,data/cache/v4_final_drfold2/8ZAU_A/rets_dir/cfg_97_model_8.ret,1107444,b113d48d187c4927a9875cd982b9cbd307f2bd5da95534b4f5038ae8645be036
drfold_checkpoint_output,8ZAU_A,data/cache/v4_final_drfold2/8ZAU_A/rets_dir/cfg_97_model_9.ret,1107444,b7866a58f3ade458da7b83495d3c6cebeddd9c95ebdef95836b51790fd6fb19f
drfold_checkpoint_output,8ZDR_A,data/cache/v4_final_drfold2/8ZDR_A/rets_dir/cfg_97_model_0.ret,5871333,8c0224bd8c8c1776f0c38a38c9fc682bfa2c6dbd129ff01460c67176590c322f
drfold_checkpoint_output,8ZDR_A,data/cache/v4_final_drfold2/8ZDR_A/rets_dir/cfg_97_model_1.ret,5871333,497313105ff1b9fee2c962aaa9d362510f0990742518a48f1e664edebc9d58b4
drfold_checkpoint_output,8ZDR_A,data/cache/v4_final_drfold2/8ZDR_A/rets_dir/cfg_97_model_10.ret,5871333,852deb69d2b005e4f2fc81f2d0afe909e16cc29bff93d42fbcef2f2e9993ad51
drfold_checkpoint_output,8ZDR_A,data/cache/v4_final_drfold2/8ZDR_A/rets_dir/cfg_97_model_11.ret,5871333,2319b6e547d3229cd6929f3c1bce7b41e69cb26ab7f133ab5624fdeeb96e987b
drfold_checkpoint_output,8ZDR_A,data/cache/v4_final_drfold2/8ZDR_A/rets_dir/cfg_97_model_12.ret,5871333,b16315e28810fe6082aa41118c50ac17fd1b3218ffb09b252173d4437ca0d12f
drfold_checkpoint_output,8ZDR_A,data/cache/v4_final_drfold2/8ZDR_A/rets_dir/cfg_97_model_13.ret,5871333,23639344de3081c79484b72bae7b4020d32ab1116ab7b8c74763926503be30b0
drfold_checkpoint_output,8ZDR_A,data/cache/v4_final_drfold2/8ZDR_A/rets_dir/cfg_97_model_14.ret,5871333,73c5656f01f00b333c1905e34dcb182692c020bb2005de4726ccca66fa902b4e
drfold_checkpoint_output,8ZDR_A,data/cache/v4_final_drfold2/8ZDR_A/rets_dir/cfg_97_model_15.ret,5871333,7b22f9be8455658ccfe0bc30e005a31aaacbf231eafbfe82463eb5db8c757282
drfold_checkpoint_output,8ZDR_A,data/cache/v4_final_drfold2/8ZDR_A/rets_dir/cfg_97_model_16.ret,5871333,ce9994b8d7e96782108263e05338884c99b0b3c4c579f4eb3dc6580863868486
drfold_checkpoint_output,8ZDR_A,data/cache/v4_final_drfold2/8ZDR_A/rets_dir/cfg_97_model_17.ret,5871333,cfe9f68139d253c88808e4d99109183dcf16aa469d4b8f0488651733ee964854
drfold_checkpoint_output,8ZDR_A,data/cache/v4_final_drfold2/8ZDR_A/rets_dir/cfg_97_model_18.ret,5871333,ae361a88ff63a31f96004c81c1a2210c566d73a2d4d22324e85e1c97630862a4
drfold_checkpoint_output,8ZDR_A,data/cache/v4_final_drfold2/8ZDR_A/rets_dir/cfg_97_model_19.ret,5871333,0f896295e4f6a3b333a1ba8489865eac48299dbeb7614da197c2d8ec870b8bf4
drfold_checkpoint_output,8ZDR_A,data/cache/v4_final_drfold2/8ZDR_A/rets_dir/cfg_97_model_2.ret,5871333,e3efe07f2552e154cd7f9ab867227dfa37c47913ef12509c1c2b0595d58ed51c
drfold_checkpoint_output,8ZDR_A,data/cache/v4_final_drfold2/8ZDR_A/rets_dir/cfg_97_model_3.ret,5871333,839cbb2cbacafb418f112834e77ab269757575216bdea0125a28c5f41dd9d102
drfold_checkpoint_output,8ZDR_A,data/cache/v4_final_drfold2/8ZDR_A/rets_dir/cfg_97_model_4.ret,5871333,ce1c5740b6876df788879f6664e94d67168d601370cba6146b2a9427da3a460f
drfold_checkpoint_output,8ZDR_A,data/cache/v4_final_drfold2/8ZDR_A/rets_dir/cfg_97_model_5.ret,5871333,67b2e9627c3723e4fa86ab3b2d484baa81317ddb31d35ebe8448143e807e8619
drfold_checkpoint_output,8ZDR_A,data/cache/v4_final_drfold2/8ZDR_A/rets_dir/cfg_97_model_6.ret,5871333,d69cabe27b2bececbf3cfc0c1dfa833e42c3d08ca3127809cae745848bae05c8
drfold_checkpoint_output,8ZDR_A,data/cache/v4_final_drfold2/8ZDR_A/rets_dir/cfg_97_model_7.ret,5871333,83c6b3f0d3e4260fe32b41709ea93cdb65f694fd4d8645ff50f331ba3de43343
drfold_checkpoint_output,8ZDR_A,data/cache/v4_final_drfold2/8ZDR_A/rets_dir/cfg_97_model_8.ret,5871333,f251a80093a39e3c2af1f20bfca5802891b0b42cfbff608b757ae9b5a994ca56
drfold_checkpoint_output,8ZDR_A,data/cache/v4_final_drfold2/8ZDR_A/rets_dir/cfg_97_model_9.ret,5871333,14b27ebe24bd5750d29e4c9ae9f723e9d4c6490d99bdce4d3d52d27ca438c4ea
drfold_checkpoint_output,9AR4_B,data/cache/v4_final_drfold2/9AR4_B/rets_dir/cfg_97_model_0.ret,5156413,5d8dbd036ba7e87827e9be0ccfa0cc63268f2844088bc1e4dcec8ae949429e29
drfold_checkpoint_output,9AR4_B,data/cache/v4_final_drfold2/9AR4_B/rets_dir/cfg_97_model_1.ret,5156413,de208fd5221d341b69c4be425d3dde8ccc861fd92b79bb94e78664106e5683da
drfold_checkpoint_output,9AR4_B,data/cache/v4_final_drfold2/9AR4_B/rets_dir/cfg_97_model_10.ret,5156413,9b5c37b779c94a1b257b201bb4610190c19c8b37ec61fcb56fde9343fec3bc45
drfold_checkpoint_output,9AR4_B,data/cache/v4_final_drfold2/9AR4_B/rets_dir/cfg_97_model_11.ret,5156413,141670e5f0735ce22846d69fbdebd16f574eccaa85482ffe3438825baa856af9
drfold_checkpoint_output,9AR4_B,data/cache/v4_final_drfold2/9AR4_B/rets_dir/cfg_97_model_12.ret,5156413,c712f5106843ac2acd2eeece8ff5b933762102a0cc07f86cdb1a8a819d4af0f1
drfold_checkpoint_output,9AR4_B,data/cache/v4_final_drfold2/9AR4_B/rets_dir/cfg_97_model_13.ret,5156413,4a70d0c0c5dc652f57c10dda574b5519a94be0b276da96716e47efb774ffc871
drfold_checkpoint_output,9AR4_B,data/cache/v4_final_drfold2/9AR4_B/rets_dir/cfg_97_model_14.ret,5156413,d9d6cb02e43a4f816cced1c0d796ba18c579006a9c9acbac4739b39ff37885fa
drfold_checkpoint_output,9AR4_B,data/cache/v4_final_drfold2/9AR4_B/rets_dir/cfg_97_model_15.ret,5156413,a546779344a78c2646deaa53bbac7c7fe186e6053a2f66068c355e49842a798f
drfold_checkpoint_output,9AR4_B,data/cache/v4_final_drfold2/9AR4_B/rets_dir/cfg_97_model_16.ret,5156413,3e2a1683003ba718a9f14785c1aa5117b46c3b079f1276591c0a173405aef2b7
drfold_checkpoint_output,9AR4_B,data/cache/v4_final_drfold2/9AR4_B/rets_dir/cfg_97_model_17.ret,5156413,3df646d981502227eaac3e75000e185f179ef8bbd81a11706ac74b1ce7142ac1
drfold_checkpoint_output,9AR4_B,data/cache/v4_final_drfold2/9AR4_B/rets_dir/cfg_97_model_18.ret,5156413,6397f72426eccbfa2419bb79d0c85b2fcba8c65ad6bf1131239b2013ca2d7ca6
drfold_checkpoint_output,9AR4_B,data/cache/v4_final_drfold2/9AR4_B/rets_dir/cfg_97_model_19.ret,5156413,91c8da064db1427fb682212206c0dd2176e322ddb9d6c38a385d74cd5d30a6c1
drfold_checkpoint_output,9AR4_B,data/cache/v4_final_drfold2/9AR4_B/rets_dir/cfg_97_model_2.ret,5156413,c21b5a0e14764b651f50a11a05abd8a5ae7e6777df206e86c11388b3adf4fc2e
drfold_checkpoint_output,9AR4_B,data/cache/v4_final_drfold2/9AR4_B/rets_dir/cfg_97_model_3.ret,5156413,34d246320415dac752f2a3d2728c9672c72c3aa0eb680f362158d47c619b9e6d
drfold_checkpoint_output,9AR4_B,data/cache/v4_final_drfold2/9AR4_B/rets_dir/cfg_97_model_4.ret,5156413,52f8fff8047c0595475777e55b081dce8cf8423cdcb1907eb5630114aea9ec88
drfold_checkpoint_output,9AR4_B,data/cache/v4_final_drfold2/9AR4_B/rets_dir/cfg_97_model_5.ret,5156413,39ce356ae8ce61c1f1acb8f766ff4a841ca050933ceacc645558eca08e531085
drfold_checkpoint_output,9AR4_B,data/cache/v4_final_drfold2/9AR4_B/rets_dir/cfg_97_model_6.ret,5156413,2e6e8ee3baa040dcaac0a605373dee22363ef41c50d3420938a8e70caada4145
drfold_checkpoint_output,9AR4_B,data/cache/v4_final_drfold2/9AR4_B/rets_dir/cfg_97_model_7.ret,5156413,dcca104df1349ac601d140c4a86e90698b8596810c23049dde08e1e92771ac02
drfold_checkpoint_output,9AR4_B,data/cache/v4_final_drfold2/9AR4_B/rets_dir/cfg_97_model_8.ret,5156413,35ebf8f8195e45815403572052a9a2ff3486e7fd9e09ff251978676d12e9331a
drfold_checkpoint_output,9AR4_B,data/cache/v4_final_drfold2/9AR4_B/rets_dir/cfg_97_model_9.ret,5156413,95f07dd2c4d952953e884b75f117997ab15881dfa4795610dd99f64678e52524
drfold_checkpoint_output,9AR6_B,data/cache/v4_final_drfold2/9AR6_B/rets_dir/cfg_97_model_0.ret,5018997,2c20f29cf8e35ed53a6e618186670625d5228cda82c6ac5bc5af816839c20080
drfold_checkpoint_output,9AR6_B,data/cache/v4_final_drfold2/9AR6_B/rets_dir/cfg_97_model_1.ret,5018997,31140569d89a94c9b4993a2fb50e5a04d9d180e42cab5831f6573562e0ccb373
drfold_checkpoint_output,9AR6_B,data/cache/v4_final_drfold2/9AR6_B/rets_dir/cfg_97_model_10.ret,5018997,82ae537e2e3e99e8c816034feb0f23c4056ea1b8a95a24902273e3412466ac0e
drfold_checkpoint_output,9AR6_B,data/cache/v4_final_drfold2/9AR6_B/rets_dir/cfg_97_model_11.ret,5018997,5772578ed9b804deccd6412aa69e8f3ee8f5d3485115f6c06d3be2dfd7c2c8ed
drfold_checkpoint_output,9AR6_B,data/cache/v4_final_drfold2/9AR6_B/rets_dir/cfg_97_model_12.ret,5018997,d246d0110500cd34826438b3c6818e2e0960c99e1534b9f5886717c57f4b8d42
drfold_checkpoint_output,9AR6_B,data/cache/v4_final_drfold2/9AR6_B/rets_dir/cfg_97_model_13.ret,5018997,a6cc7b9ea7c064532aaf6a4bd9bf60f545e8bdf810157ded7548787dbe51b419
drfold_checkpoint_output,9AR6_B,data/cache/v4_final_drfold2/9AR6_B/rets_dir/cfg_97_model_14.ret,5018997,e995cfd5406001609f5d8b0032b71bb037c418bd29dfd8a973296dc2955040be
drfold_checkpoint_output,9AR6_B,data/cache/v4_final_drfold2/9AR6_B/rets_dir/cfg_97_model_15.ret,5018997,5a0a1a8cb322f795cb9a41557c9b4494e2fc5af9faff2248510732ac7ecaf23f
drfold_checkpoint_output,9AR6_B,data/cache/v4_final_drfold2/9AR6_B/rets_dir/cfg_97_model_16.ret,5018997,26a499a311f241bb694d213650a00a5184debb653794272dc319b61be0157100
drfold_checkpoint_output,9AR6_B,data/cache/v4_final_drfold2/9AR6_B/rets_dir/cfg_97_model_17.ret,5018997,e322589096915f8ab083afd6495383e53315f3dffa9b925b30028535e5226256
drfold_checkpoint_output,9AR6_B,data/cache/v4_final_drfold2/9AR6_B/rets_dir/cfg_97_model_18.ret,5018997,1737a560fab76d7d4ed1b52af276873796eab6abfbd50f62340a47da3db9c614
drfold_checkpoint_output,9AR6_B,data/cache/v4_final_drfold2/9AR6_B/rets_dir/cfg_97_model_19.ret,5018997,f0823377b9b6bfb22745468a8566cf6ce21bf3d6afab75e8235361bbf18f3032
drfold_checkpoint_output,9AR6_B,data/cache/v4_final_drfold2/9AR6_B/rets_dir/cfg_97_model_2.ret,5018997,a157a1a6037533253e3b8011facb8f42991c729f7f1e864e7f8f82523209e248
drfold_checkpoint_output,9AR6_B,data/cache/v4_final_drfold2/9AR6_B/rets_dir/cfg_97_model_3.ret,5018997,545827a7a7b25a9c51836cac96a9b799ec60a7da58617c8fbd11eb60aa3f2543
drfold_checkpoint_output,9AR6_B,data/cache/v4_final_drfold2/9AR6_B/rets_dir/cfg_97_model_4.ret,5018997,2736c9d41e26e0744be812aadfe560706e6599ddddca2ceebd5865da7ef28091
drfold_checkpoint_output,9AR6_B,data/cache/v4_final_drfold2/9AR6_B/rets_dir/cfg_97_model_5.ret,5018997,4ed3de8c5f93555e917162e79ffc99e83c89d28299bcbb4133ed8eecdd27a2ad
drfold_checkpoint_output,9AR6_B,data/cache/v4_final_drfold2/9AR6_B/rets_dir/cfg_97_model_6.ret,5018997,e6159f1976421a10f8f083e00e1bdb01aff3f86545fdfaeb3fce8cf78ec8eca3
drfold_checkpoint_output,9AR6_B,data/cache/v4_final_drfold2/9AR6_B/rets_dir/cfg_97_model_7.ret,5018997,cc44ec5541d127c1feaea990271c51fa699cc5f4752a296095cce9fb3bb34a33
drfold_checkpoint_output,9AR6_B,data/cache/v4_final_drfold2/9AR6_B/rets_dir/cfg_97_model_8.ret,5018997,ad2802c30c6e02d074ba397224390c61ed1a0df40bb9a92f350f372b60a2e908
drfold_checkpoint_output,9AR6_B,data/cache/v4_final_drfold2/9AR6_B/rets_dir/cfg_97_model_9.ret,5018997,38d9b3ecd3b752fd5966a1c9f3a0f41075e86d71b96eefc0b2b93be778a0dcc7
drfold_checkpoint_output,9AR7_B,data/cache/v4_final_drfold2/9AR7_B/rets_dir/cfg_97_model_0.ret,3345528,1c6d7be290c518b1013c96ab87f283e574f4088d3a9bc03a3b5831379641b967
drfold_checkpoint_output,9AR7_B,data/cache/v4_final_drfold2/9AR7_B/rets_dir/cfg_97_model_1.ret,3345528,069d3792ca3e8f2e74b98ebc89b24393e06cc876e1389367b89f38270f34a5ba
drfold_checkpoint_output,9AR7_B,data/cache/v4_final_drfold2/9AR7_B/rets_dir/cfg_97_model_10.ret,3345528,270775db293016042ede9ca8470397d01694d0a4a9da4c586f36a36a3116fdac
drfold_checkpoint_output,9AR7_B,data/cache/v4_final_drfold2/9AR7_B/rets_dir/cfg_97_model_11.ret,3345528,33183e033aaeb7a2db72d279039e13d6f465664202fc533b3c03a801ac947a39
drfold_checkpoint_output,9AR7_B,data/cache/v4_final_drfold2/9AR7_B/rets_dir/cfg_97_model_12.ret,3345528,419d7694762defeb49838e28b9d9f415d18dd2b1d4c801269ca060dbd5f1897e
drfold_checkpoint_output,9AR7_B,data/cache/v4_final_drfold2/9AR7_B/rets_dir/cfg_97_model_13.ret,3345528,f45e7c11041d83a68c8d0f1c1270f300302ec96c2addbab9e09bc23eb910c75e
drfold_checkpoint_output,9AR7_B,data/cache/v4_final_drfold2/9AR7_B/rets_dir/cfg_97_model_14.ret,3345528,6e6df54cd03b10936f4554b44f313942a533467ce17390cda197ff0a7bb1edb3
drfold_checkpoint_output,9AR7_B,data/cache/v4_final_drfold2/9AR7_B/rets_dir/cfg_97_model_15.ret,3345528,ebcd9a0099d0cd5805d6e8d9c000a774ae74a6f3214e649ac858717a20a3deb3
drfold_checkpoint_output,9AR7_B,data/cache/v4_final_drfold2/9AR7_B/rets_dir/cfg_97_model_16.ret,3345528,47a4cb48b289450eaf32fd870103be6f068c1da9e044b7b5612ea6026dddbd0d
drfold_checkpoint_output,9AR7_B,data/cache/v4_final_drfold2/9AR7_B/rets_dir/cfg_97_model_17.ret,3345528,badbd152b363ed1fa031250fff31ca13234ab4ccb31bd1a3d86ed2ea5423aa48
drfold_checkpoint_output,9AR7_B,data/cache/v4_final_drfold2/9AR7_B/rets_dir/cfg_97_model_18.ret,3345528,e5b6c219ff3cef50e97dd0a2088b8953c15338e87c1c91e051692769e52bbf99
drfold_checkpoint_output,9AR7_B,data/cache/v4_final_drfold2/9AR7_B/rets_dir/cfg_97_model_19.ret,3345528,fea8e7815e6334e4654110ca7f3ce00a51a0c4b4b329d6c80fce44bd8ba61782
drfold_checkpoint_output,9AR7_B,data/cache/v4_final_drfold2/9AR7_B/rets_dir/cfg_97_model_2.ret,3345528,54fe5e4f8f06e3d70caf8aa085f79492ca566e93d0ea728fd40f7fa9b96e879d
drfold_checkpoint_output,9AR7_B,data/cache/v4_final_drfold2/9AR7_B/rets_dir/cfg_97_model_3.ret,3345528,77519a144ee8cc2368e302457d4e83007d0cd5815807c1f1a13f7eb35c7b2a5b
drfold_checkpoint_output,9AR7_B,data/cache/v4_final_drfold2/9AR7_B/rets_dir/cfg_97_model_4.ret,3345528,91aa345205f59d20ed8440d226a4f83a3b4b412999a14d9f15343fcc59ce22a4
drfold_checkpoint_output,9AR7_B,data/cache/v4_final_drfold2/9AR7_B/rets_dir/cfg_97_model_5.ret,3345528,b60f01fe5c785cc0a30e7188c70898f821aee3a8cd4ddd837f4ac659fe5b0d63
drfold_checkpoint_output,9AR7_B,data/cache/v4_final_drfold2/9AR7_B/rets_dir/cfg_97_model_6.ret,3345528,d770fd2cfb82372eaace65bb383333bb45644132dae5074431b3bb48323167f9
drfold_checkpoint_output,9AR7_B,data/cache/v4_final_drfold2/9AR7_B/rets_dir/cfg_97_model_7.ret,3345528,c80aaf67c1508384092c30fae739fd2e302ba5998e739843cd165b6e2e249c3c
drfold_checkpoint_output,9AR7_B,data/cache/v4_final_drfold2/9AR7_B/rets_dir/cfg_97_model_8.ret,3345528,6a14d55481290ae10c9c8af0c6d6b3b8a41e9ae9b4207813d8f79b42bc2857f7
drfold_checkpoint_output,9AR7_B,data/cache/v4_final_drfold2/9AR7_B/rets_dir/cfg_97_model_9.ret,3345528,4238f283ecc43e14b01b50a52cef55103bdea686172c254ea506cea284546184
drfold_checkpoint_output,9ASP_E,data/cache/v4_final_drfold2/9ASP_E/rets_dir/cfg_97_model_0.ret,3290044,186a862a9e70c8803a5f8d91aa420d3c15f6c8a920b560211eafe296464b4ef3
drfold_checkpoint_output,9ASP_E,data/cache/v4_final_drfold2/9ASP_E/rets_dir/cfg_97_model_1.ret,3290044,26569be72b8f0e35be887aecc9e7f0916d28f7c30f26ca354806e933b4d87f37
drfold_checkpoint_output,9ASP_E,data/cache/v4_final_drfold2/9ASP_E/rets_dir/cfg_97_model_10.ret,3290044,8fa073029bfffa75386582cd1ba5cab607f7a14a3b7220779392222d195e6142
drfold_checkpoint_output,9ASP_E,data/cache/v4_final_drfold2/9ASP_E/rets_dir/cfg_97_model_11.ret,3290044,d0b3d6395bb495d85e84470156f9d95d329dd71b9a15671cbe0dd19b51f82057
drfold_checkpoint_output,9ASP_E,data/cache/v4_final_drfold2/9ASP_E/rets_dir/cfg_97_model_12.ret,3290044,d83f2c9569a693a2103170c96853a79bc87fed1e5ed5abe4934aaa907259d0ce
drfold_checkpoint_output,9ASP_E,data/cache/v4_final_drfold2/9ASP_E/rets_dir/cfg_97_model_13.ret,3290044,8722971b75f22cfeb9118b4c2205134a983da97137aa6f5d2ec6733b863c097d
drfold_checkpoint_output,9ASP_E,data/cache/v4_final_drfold2/9ASP_E/rets_dir/cfg_97_model_14.ret,3290044,05b9ba4d641d6a6d9060c377109567d5b5418a0d1475494fedf42d7a8d52c630
drfold_checkpoint_output,9ASP_E,data/cache/v4_final_drfold2/9ASP_E/rets_dir/cfg_97_model_15.ret,3290044,806971d2bb96aa2022b3e63a4262b2e247267ca5f3b812764138934f549f0781
drfold_checkpoint_output,9ASP_E,data/cache/v4_final_drfold2/9ASP_E/rets_dir/cfg_97_model_16.ret,3290044,585e5eb4263faac109f30c9455bcde459b83de1839657260c020d274728fff13
drfold_checkpoint_output,9ASP_E,data/cache/v4_final_drfold2/9ASP_E/rets_dir/cfg_97_model_17.ret,3290044,c2f3176adbc53547482c3a12a5623b5225ceb08197cb42e57d938cf4085075eb
drfold_checkpoint_output,9ASP_E,data/cache/v4_final_drfold2/9ASP_E/rets_dir/cfg_97_model_18.ret,3290044,3f670a1208f2e5e74cba9af128deba8b796bff4ff16d8deb97bce8e156a3f99d
drfold_checkpoint_output,9ASP_E,data/cache/v4_final_drfold2/9ASP_E/rets_dir/cfg_97_model_19.ret,3290044,3ce86aa62ffa550e87aa91bf83a83dec77f23cd40a5be6754e12d0c9d3716353
drfold_checkpoint_output,9ASP_E,data/cache/v4_final_drfold2/9ASP_E/rets_dir/cfg_97_model_2.ret,3290044,e89818694f3d91f41f3f0e19cd3a060b9fb3ca363682b47e817307d9665745d1
drfold_checkpoint_output,9ASP_E,data/cache/v4_final_drfold2/9ASP_E/rets_dir/cfg_97_model_3.ret,3290044,bc3583bb54b122909e656acaf992bac47f23844ad8cc9c889cd90dba31b3987c
drfold_checkpoint_output,9ASP_E,data/cache/v4_final_drfold2/9ASP_E/rets_dir/cfg_97_model_4.ret,3290044,093608aac3a185b9ddabbee94bb7ac86fdbd175d5518c39fb99e0a39ba69b991
drfold_checkpoint_output,9ASP_E,data/cache/v4_final_drfold2/9ASP_E/rets_dir/cfg_97_model_5.ret,3290044,47d1c11ad8bdb08b0f902afbffaa7d4c8c9c0c2dcf4ef235c0665952f118a43b
drfold_checkpoint_output,9ASP_E,data/cache/v4_final_drfold2/9ASP_E/rets_dir/cfg_97_model_6.ret,3290044,71fa866ec18e8de28c5f4229a13c638bf903f9eb03d4dfef45f8a470a7da0aa3
drfold_checkpoint_output,9ASP_E,data/cache/v4_final_drfold2/9ASP_E/rets_dir/cfg_97_model_7.ret,3290044,34b26bceecf388ef47d053fcb9d7da7752ff81e4e12ee69cb8f5f9a117f39d05
drfold_checkpoint_output,9ASP_E,data/cache/v4_final_drfold2/9ASP_E/rets_dir/cfg_97_model_8.ret,3290044,9be41e064e14aa67396d77397ccff092531a67b884020337dee27a8f30e5e655
drfold_checkpoint_output,9ASP_E,data/cache/v4_final_drfold2/9ASP_E/rets_dir/cfg_97_model_9.ret,3290044,1cd97e6321df0196390ce590b3ac265e24505aac959cd3ce9fa772661a27b663
drfold_checkpoint_output,9B1Y_4,data/cache/v4_final_drfold2/9B1Y_4/rets_dir/cfg_97_model_0.ret,1525476,c673ae049d4f0400f72240dcc71ba7dc2b2c302064ba110d550bdc06187a3f3b
drfold_checkpoint_output,9B1Y_4,data/cache/v4_final_drfold2/9B1Y_4/rets_dir/cfg_97_model_1.ret,1525476,854bf2f9add15bee71315cee0623415cb80ee7d8f68247db7c37d193fca6bfaa
drfold_checkpoint_output,9B1Y_4,data/cache/v4_final_drfold2/9B1Y_4/rets_dir/cfg_97_model_10.ret,1525476,85eaf124999726e4f934607449e8180092a422b602cb378763d9d4c423e11b74
drfold_checkpoint_output,9B1Y_4,data/cache/v4_final_drfold2/9B1Y_4/rets_dir/cfg_97_model_11.ret,1525476,10397bf26747be318fa34e83f24fe317e8b422ccb9f726360cf3762b07a22bfe
drfold_checkpoint_output,9B1Y_4,data/cache/v4_final_drfold2/9B1Y_4/rets_dir/cfg_97_model_12.ret,1525476,d9e50afae1c352decc7def240539d352ae1b5ce46dee235eee95e9312bce1301
drfold_checkpoint_output,9B1Y_4,data/cache/v4_final_drfold2/9B1Y_4/rets_dir/cfg_97_model_13.ret,1525476,0510165a4c93e430c2d068ffa669efe1379868881d375ae5d61fd4de95e639d4
drfold_checkpoint_output,9B1Y_4,data/cache/v4_final_drfold2/9B1Y_4/rets_dir/cfg_97_model_14.ret,1525476,009b05bcee6bebea8b13357fba7f2c22a40e1ed75131c288f684d590f4be6d36
drfold_checkpoint_output,9B1Y_4,data/cache/v4_final_drfold2/9B1Y_4/rets_dir/cfg_97_model_15.ret,1525476,24e70c36c1e4129365c65b73cb24610dfffc40c1669e04d23e4d9ff9468a2cc3
drfold_checkpoint_output,9B1Y_4,data/cache/v4_final_drfold2/9B1Y_4/rets_dir/cfg_97_model_16.ret,1525476,9a0ba30f67ec5abd04c08b1600203b226932cb69042f2e5252b58e33ee84117d
drfold_checkpoint_output,9B1Y_4,data/cache/v4_final_drfold2/9B1Y_4/rets_dir/cfg_97_model_17.ret,1525476,219cddb3b712db71060279c3f2af027488f3494e4b1957337537839492020cb8
drfold_checkpoint_output,9B1Y_4,data/cache/v4_final_drfold2/9B1Y_4/rets_dir/cfg_97_model_18.ret,1525476,ff121bff10a108d07c1a06cbea0b74b923995184a4332419b76328d9a1061c07
drfold_checkpoint_output,9B1Y_4,data/cache/v4_final_drfold2/9B1Y_4/rets_dir/cfg_97_model_19.ret,1525476,4d81218c7bb0a93ca9dc6dc440309449d18bc2f9c8814365c51bbd36006782cc
drfold_checkpoint_output,9B1Y_4,data/cache/v4_final_drfold2/9B1Y_4/rets_dir/cfg_97_model_2.ret,1525476,85d03ac685d69982d49fbd596b533c40801ca94b2ce459a175f9897ea2ab9bd1
drfold_checkpoint_output,9B1Y_4,data/cache/v4_final_drfold2/9B1Y_4/rets_dir/cfg_97_model_3.ret,1525476,09fb66bba9598d9ead30bfc96f2cd419f6942b8b7d0b3ad6887cd02e791cf975
drfold_checkpoint_output,9B1Y_4,data/cache/v4_final_drfold2/9B1Y_4/rets_dir/cfg_97_model_4.ret,1525476,a712d45276a1ed6d081b66244b432d87f7bed3f0a1b7681cacd6bd533fae1233
drfold_checkpoint_output,9B1Y_4,data/cache/v4_final_drfold2/9B1Y_4/rets_dir/cfg_97_model_5.ret,1525476,d71f4d5e7d6c51ab58342327e745778723dc0c14d61b9c6d665141b716a5c22b
drfold_checkpoint_output,9B1Y_4,data/cache/v4_final_drfold2/9B1Y_4/rets_dir/cfg_97_model_6.ret,1525476,7a2365458043219be0097cb8712effb23c6658ccccd7f9808bd130ad5359e495
drfold_checkpoint_output,9B1Y_4,data/cache/v4_final_drfold2/9B1Y_4/rets_dir/cfg_97_model_7.ret,1525476,7df33e617d251d2e6469b7f6363545407c5d19f587d064000b7072bcd371c7b5
drfold_checkpoint_output,9B1Y_4,data/cache/v4_final_drfold2/9B1Y_4/rets_dir/cfg_97_model_8.ret,1525476,e1f8b3143a7447bbbdbe04b3d98bd17d8ee1b5753273a5304a31f533d51d771b
drfold_checkpoint_output,9B1Y_4,data/cache/v4_final_drfold2/9B1Y_4/rets_dir/cfg_97_model_9.ret,1525476,abf5c212c5718dc0e3de94ac195f3a88bf1abff57a322243a29af8af86f4579a
drfold_checkpoint_output,9B89_C,data/cache/v4_final_drfold2/9B89_C/rets_dir/cfg_97_model_0.ret,285868,abbcb0d06279dd5739abfd6d1777c25bcb6d83f225dbd32aece0ae4f8200f8d3
drfold_checkpoint_output,9B89_C,data/cache/v4_final_drfold2/9B89_C/rets_dir/cfg_97_model_1.ret,285868,d378a0577d82006b0ee0641fa0d8442f526c41b9f55127b09aca2c3413a71c05
drfold_checkpoint_output,9B89_C,data/cache/v4_final_drfold2/9B89_C/rets_dir/cfg_97_model_10.ret,285868,9be55f52c340e777dd7eeacaa0418c0f911c44595152b5650995c897320555a7
drfold_checkpoint_output,9B89_C,data/cache/v4_final_drfold2/9B89_C/rets_dir/cfg_97_model_11.ret,285868,d2199fbea6f28b9fc014164d2f6894df9af811468a732946620cdbe3dfc08f87
drfold_checkpoint_output,9B89_C,data/cache/v4_final_drfold2/9B89_C/rets_dir/cfg_97_model_12.ret,285868,fc7d6fd711d1fd514c0380bfb003d6162d7468ea09084b28b16d087266e654e6
drfold_checkpoint_output,9B89_C,data/cache/v4_final_drfold2/9B89_C/rets_dir/cfg_97_model_13.ret,285868,a9382d996bff9118b30eb1fe1a6872ecb60f646246aad90dff6558ec41e322dd
drfold_checkpoint_output,9B89_C,data/cache/v4_final_drfold2/9B89_C/rets_dir/cfg_97_model_14.ret,285868,7f5be22a0ecedb6de6373ffa738d73f96b622cf10844dbe949f4fbcd39917179
drfold_checkpoint_output,9B89_C,data/cache/v4_final_drfold2/9B89_C/rets_dir/cfg_97_model_15.ret,285868,cb9b5ebc549722cb25d8cd1b11a5bf67059060fe5e0ac1a4f3165015925e40f4
drfold_checkpoint_output,9B89_C,data/cache/v4_final_drfold2/9B89_C/rets_dir/cfg_97_model_16.ret,285868,f38ba5bcad647a4575e530c9588187ba9988fc31578eac9949528bbf0c6d8c5e
drfold_checkpoint_output,9B89_C,data/cache/v4_final_drfold2/9B89_C/rets_dir/cfg_97_model_17.ret,285868,f8682cd7f057cb86f66df4d945bb0b611791f2549a3af4c5e6c0b9975b0f84a6
drfold_checkpoint_output,9B89_C,data/cache/v4_final_drfold2/9B89_C/rets_dir/cfg_97_model_18.ret,285868,9a4a7109f54fb13127f9a427e4fa46a7561595dfaa59ba790027ed59a10600bb
drfold_checkpoint_output,9B89_C,data/cache/v4_final_drfold2/9B89_C/rets_dir/cfg_97_model_19.ret,285868,a169e8f701e9b57588523c301c6031e1e5c486eb71a1d85be9c99ff86ec7d0c6
drfold_checkpoint_output,9B89_C,data/cache/v4_final_drfold2/9B89_C/rets_dir/cfg_97_model_2.ret,285868,1898519350d9613b3f967137af0c1e4640e239a4e720a7101bfbc9be4eb17d44
drfold_checkpoint_output,9B89_C,data/cache/v4_final_drfold2/9B89_C/rets_dir/cfg_97_model_3.ret,285868,2d4a80eceb583b771e5dfb25f360a48215a740ea73f815fc11783a36aa68c018
drfold_checkpoint_output,9B89_C,data/cache/v4_final_drfold2/9B89_C/rets_dir/cfg_97_model_4.ret,285868,3b63a3193ffb895ad8b18a5ed90dbeb20336f8056ee98971e930361a506c73e5
drfold_checkpoint_output,9B89_C,data/cache/v4_final_drfold2/9B89_C/rets_dir/cfg_97_model_5.ret,285868,43e7d31a8ff992926a10683475d4e15cef34555b0c36621591b397aabf4b27df
drfold_checkpoint_output,9B89_C,data/cache/v4_final_drfold2/9B89_C/rets_dir/cfg_97_model_6.ret,285868,946212d7a7e8e28a5af4b1b6b3ad3b05f62212d8438e887e85278b23229f370b
drfold_checkpoint_output,9B89_C,data/cache/v4_final_drfold2/9B89_C/rets_dir/cfg_97_model_7.ret,285868,fac876917b7da7f91082bdd72c7107c6223add8b1367819aa399d617d303358f
drfold_checkpoint_output,9B89_C,data/cache/v4_final_drfold2/9B89_C/rets_dir/cfg_97_model_8.ret,285868,a0679ba8e427391771b5c40d5ad4172ece63ad88a398511f55b0b3ea335bb6f7
drfold_checkpoint_output,9B89_C,data/cache/v4_final_drfold2/9B89_C/rets_dir/cfg_97_model_9.ret,285868,8239c0af71dc6d488980a23d267dd56ef328a54ef6f802f0346a26b6065a9b6b
drfold_checkpoint_output,9BCI_A,data/cache/v4_final_drfold2/9BCI_A/rets_dir/cfg_97_model_0.ret,582208,ae8746520fb2939316dee5113f2c97f02c31c20e5597b2314306c2594e17f9ae
drfold_checkpoint_output,9BCI_A,data/cache/v4_final_drfold2/9BCI_A/rets_dir/cfg_97_model_1.ret,582208,7c7030aff8a284a6b1a5d15b489f33c0f8fdac59eecc70920421aa1ddf2a1faa
drfold_checkpoint_output,9BCI_A,data/cache/v4_final_drfold2/9BCI_A/rets_dir/cfg_97_model_10.ret,582208,7ddd1d445124db1c68ca2e63e7d720005c9047d109d0d96ee0c84c029ae73378
drfold_checkpoint_output,9BCI_A,data/cache/v4_final_drfold2/9BCI_A/rets_dir/cfg_97_model_11.ret,582208,d15f85704384fa99322ad1a767313b1181689b1f101ac48623e4aaed871c4e8b
drfold_checkpoint_output,9BCI_A,data/cache/v4_final_drfold2/9BCI_A/rets_dir/cfg_97_model_12.ret,582208,532c2c24d4cd1d78117564c289e521427cbd017d1102929e9e744be65cf82b1c
drfold_checkpoint_output,9BCI_A,data/cache/v4_final_drfold2/9BCI_A/rets_dir/cfg_97_model_13.ret,582208,3649c79e76d7304d2610b2dab2b9cc2a3ebacb6ef86923497ec08dae21aaa654
drfold_checkpoint_output,9BCI_A,data/cache/v4_final_drfold2/9BCI_A/rets_dir/cfg_97_model_14.ret,582208,50aa39bef77cf12f5a2ede888db7900b44330e88425c3a0ac69162ed5ffef6f9
drfold_checkpoint_output,9BCI_A,data/cache/v4_final_drfold2/9BCI_A/rets_dir/cfg_97_model_15.ret,582208,a02f365d6c3ba9ce462e861c5ba75d097bd24c39274aefe50a588cb0e29ee740
drfold_checkpoint_output,9BCI_A,data/cache/v4_final_drfold2/9BCI_A/rets_dir/cfg_97_model_16.ret,582208,a6e9c04741fe60617cac54094e99499373f295511d362f30fc71770a5df61a91
drfold_checkpoint_output,9BCI_A,data/cache/v4_final_drfold2/9BCI_A/rets_dir/cfg_97_model_17.ret,582208,281d314fed268c466b1b4234aec13216310fb46718b862de2a485d60c3de6573
drfold_checkpoint_output,9BCI_A,data/cache/v4_final_drfold2/9BCI_A/rets_dir/cfg_97_model_18.ret,582208,96b9a2b859e80ec85a32105b36a7a4dd64e0cca479344d26c1894bdad0bae006
drfold_checkpoint_output,9BCI_A,data/cache/v4_final_drfold2/9BCI_A/rets_dir/cfg_97_model_19.ret,582208,c3d9cd3e9a3f1466de213516e7456323e80a8e385789c3482fc09631f29cb630
drfold_checkpoint_output,9BCI_A,data/cache/v4_final_drfold2/9BCI_A/rets_dir/cfg_97_model_2.ret,582208,68d1392db087aaf5e3e638708b62eb34ba7cc2e3b513410e0bcefc881c56274d
drfold_checkpoint_output,9BCI_A,data/cache/v4_final_drfold2/9BCI_A/rets_dir/cfg_97_model_3.ret,582208,00f18067882e25aa61b1a4548822cd941eb3a8b2eaa36264e46e46ec5a018818
drfold_checkpoint_output,9BCI_A,data/cache/v4_final_drfold2/9BCI_A/rets_dir/cfg_97_model_4.ret,582208,07b14fbebea5c61de7b2e954facbb72c88a84ca483b35461f5f233487a3e90ab
drfold_checkpoint_output,9BCI_A,data/cache/v4_final_drfold2/9BCI_A/rets_dir/cfg_97_model_5.ret,582208,6ffcc1198a7b0f1a85c208111aef8cde57db93620d7df7f9707f6437a2b9058a
drfold_checkpoint_output,9BCI_A,data/cache/v4_final_drfold2/9BCI_A/rets_dir/cfg_97_model_6.ret,582208,d8aa393dbd980409a3457161aa5a7b18c9c255041d6f23a14e3524a489bab3c7
drfold_checkpoint_output,9BCI_A,data/cache/v4_final_drfold2/9BCI_A/rets_dir/cfg_97_model_7.ret,582208,5de2a87725ee8cbd1a30073da5c7e05fd949a5d0cdeb4b745ac483ded0800c1d
drfold_checkpoint_output,9BCI_A,data/cache/v4_final_drfold2/9BCI_A/rets_dir/cfg_97_model_8.ret,582208,c3bf48e6ece39e7639ea687e6d34e09be5fcb6169513ad22f0d20c58d16ba046
drfold_checkpoint_output,9BCI_A,data/cache/v4_final_drfold2/9BCI_A/rets_dir/cfg_97_model_9.ret,582208,4dc21e4f082f53605c2418f177e67fe984dcc803528ef468a9f2158994ed4636
drfold_checkpoint_output,9C0J_R,data/cache/v4_final_drfold2/9C0J_R/rets_dir/cfg_97_model_0.ret,5579797,3a4766d3a7474e1edd01f5ac080cc780e6d5215c851128ef42615534e7ea9d59
drfold_checkpoint_output,9C0J_R,data/cache/v4_final_drfold2/9C0J_R/rets_dir/cfg_97_model_1.ret,5579797,90a9f6a7dfd55466c9e902dbc5ad4e3f50455e206c7cdefca735900b80ceae44
drfold_checkpoint_output,9C0J_R,data/cache/v4_final_drfold2/9C0J_R/rets_dir/cfg_97_model_10.ret,5579797,6f55988fe768ec935242c54736d5b42a7997e54a3ca2a77c60accc35ac2cbbfb
drfold_checkpoint_output,9C0J_R,data/cache/v4_final_drfold2/9C0J_R/rets_dir/cfg_97_model_11.ret,5579797,891f569db5cfdcec25958f9dd4f5b5f6cb218aa86159a82454bbc28435285914
drfold_checkpoint_output,9C0J_R,data/cache/v4_final_drfold2/9C0J_R/rets_dir/cfg_97_model_12.ret,5579797,7e6bb24193abdc50e94e4a3446d1c9c6aa6dcd4581b19173eef6523f17acad45
drfold_checkpoint_output,9C0J_R,data/cache/v4_final_drfold2/9C0J_R/rets_dir/cfg_97_model_13.ret,5579797,8149c2f906ae81f20eb114012e4f4fc180f59336701ec22acdb0129e98bed6ba
drfold_checkpoint_output,9C0J_R,data/cache/v4_final_drfold2/9C0J_R/rets_dir/cfg_97_model_14.ret,5579797,6156021e908675f6ce5f511f522a2511940566db7079b8aaae5e7b4adfeadefd
drfold_checkpoint_output,9C0J_R,data/cache/v4_final_drfold2/9C0J_R/rets_dir/cfg_97_model_15.ret,5579797,737eb744463b40d526a57caa383d019fe5eaa062779c4ca62f648abc1fe3ce52
drfold_checkpoint_output,9C0J_R,data/cache/v4_final_drfold2/9C0J_R/rets_dir/cfg_97_model_16.ret,5579797,05880a4d651cf0bf19b4997f5166ffd9d9f4ecc0ba6a023d8ebf687cc79a7cdb
drfold_checkpoint_output,9C0J_R,data/cache/v4_final_drfold2/9C0J_R/rets_dir/cfg_97_model_17.ret,5579797,0011d48d8f017815cf85863b109bc5592cb3e0ece0a863449d99ba6a9a5b6d9e
drfold_checkpoint_output,9C0J_R,data/cache/v4_final_drfold2/9C0J_R/rets_dir/cfg_97_model_18.ret,5579797,54517498353f87bef1a8eab5aea141a16fbc90cd9ca2f80d8eb0d12504ffe442
drfold_checkpoint_output,9C0J_R,data/cache/v4_final_drfold2/9C0J_R/rets_dir/cfg_97_model_19.ret,5579797,4c77e25b0b50a7763e5616be1ceb4a8f2e2b1c6d021a5b74e15c6664f291eff4
drfold_checkpoint_output,9C0J_R,data/cache/v4_final_drfold2/9C0J_R/rets_dir/cfg_97_model_2.ret,5579797,76e225d4d6f676e63ca399fca0d80a5e5d24b6d9da575e70d47e797f8905d166
drfold_checkpoint_output,9C0J_R,data/cache/v4_final_drfold2/9C0J_R/rets_dir/cfg_97_model_3.ret,5579797,df7e9a4b3ab20420ab0cfb3c2b2aa1f4e831507eeaae51841347b871d2cc4c82
drfold_checkpoint_output,9C0J_R,data/cache/v4_final_drfold2/9C0J_R/rets_dir/cfg_97_model_4.ret,5579797,6f7cb6918ba00779b5cddca7d81f68e7a672bf73a03a56ae60479af2bd74951c
drfold_checkpoint_output,9C0J_R,data/cache/v4_final_drfold2/9C0J_R/rets_dir/cfg_97_model_5.ret,5579797,d3a3601448d6ee64891b990d6e8b652a78e00ba4951f3bc4fdfcf91892a2cc60
drfold_checkpoint_output,9C0J_R,data/cache/v4_final_drfold2/9C0J_R/rets_dir/cfg_97_model_6.ret,5579797,0ae0371e24dbf7daafd8395aca7845964cced53af3e9c85044e5f24d29e6e0ee
drfold_checkpoint_output,9C0J_R,data/cache/v4_final_drfold2/9C0J_R/rets_dir/cfg_97_model_7.ret,5579797,9055815ad26f6541a7736df55c8e4875fdb164d69fe6c3d5f72538f53e664a12
drfold_checkpoint_output,9C0J_R,data/cache/v4_final_drfold2/9C0J_R/rets_dir/cfg_97_model_8.ret,5579797,5c5903c83576f784fb2b274efc7cf2b9229f27b1c9967d9335ef42f83749ec5d
drfold_checkpoint_output,9C0J_R,data/cache/v4_final_drfold2/9C0J_R/rets_dir/cfg_97_model_9.ret,5579797,4d72c58e47c4f0ae966e00fd63e5986a2c43ad1d6e4cdfdb2a0b8299396b2a12
drfold_checkpoint_output,9C3H_S4,data/cache/v4_final_drfold2/9C3H_S4/rets_dir/cfg_97_model_0.ret,1343176,3968255c3bbfebfcbc015cb06fa77f089b30cd01703956f4538130ee4d5304ba
drfold_checkpoint_output,9C3H_S4,data/cache/v4_final_drfold2/9C3H_S4/rets_dir/cfg_97_model_1.ret,1343176,eda16ddd45582b845cc2901b49de946b30ca3dcab095a4b738a49693261c71c7
drfold_checkpoint_output,9C3H_S4,data/cache/v4_final_drfold2/9C3H_S4/rets_dir/cfg_97_model_10.ret,1343176,62635327a0665c453968318e3dc93ee54884284950655449336db09818de046b
drfold_checkpoint_output,9C3H_S4,data/cache/v4_final_drfold2/9C3H_S4/rets_dir/cfg_97_model_11.ret,1343176,b68bb6026a74cf1e1d927372dcdf37c6b100dffb870906b93dea3d1220292541
drfold_checkpoint_output,9C3H_S4,data/cache/v4_final_drfold2/9C3H_S4/rets_dir/cfg_97_model_12.ret,1343176,a5a6a10bc6308632762e0f0146ecc4ac1744706b55378c2fc8800afe9a779212
drfold_checkpoint_output,9C3H_S4,data/cache/v4_final_drfold2/9C3H_S4/rets_dir/cfg_97_model_13.ret,1343176,5311dbf61626767c86f7b1f5fac809f61605a20196a1b4a15017101d388e11b0
drfold_checkpoint_output,9C3H_S4,data/cache/v4_final_drfold2/9C3H_S4/rets_dir/cfg_97_model_14.ret,1343176,9607ca586865cffe9e6e2a1658918e6dd08107e49d04d53338688d2cdaa9920d
drfold_checkpoint_output,9C3H_S4,data/cache/v4_final_drfold2/9C3H_S4/rets_dir/cfg_97_model_15.ret,1343176,07c50fa24248d4959c3d96eefcea92c79b89a2062ca26b4ed332916b52485b76
drfold_checkpoint_output,9C3H_S4,data/cache/v4_final_drfold2/9C3H_S4/rets_dir/cfg_97_model_16.ret,1343176,550dfeb309476897646aa07a4ee37d44cea11ea07363cb262c82dded5a757990
drfold_checkpoint_output,9C3H_S4,data/cache/v4_final_drfold2/9C3H_S4/rets_dir/cfg_97_model_17.ret,1343176,439e386aafcbb7ee09ceb56d2b6a3b4b9c297f49a9ba571c0d113be855afb9f3
drfold_checkpoint_output,9C3H_S4,data/cache/v4_final_drfold2/9C3H_S4/rets_dir/cfg_97_model_18.ret,1343176,76cb4c82b2aecf125a9ca1ff29d97e49bfd2b309cd5f68272a6f7383ca5f5bff
drfold_checkpoint_output,9C3H_S4,data/cache/v4_final_drfold2/9C3H_S4/rets_dir/cfg_97_model_19.ret,1343176,e0a2bccba4cd57cd5ed7995717d348f698a341862b2ee1c381378bf78223213f
drfold_checkpoint_output,9C3H_S4,data/cache/v4_final_drfold2/9C3H_S4/rets_dir/cfg_97_model_2.ret,1343176,2ec9319d2d0cabe77b85a90f24935e0003047332ef6ff87053062e922e434654
drfold_checkpoint_output,9C3H_S4,data/cache/v4_final_drfold2/9C3H_S4/rets_dir/cfg_97_model_3.ret,1343176,3239b6becb18c9bc8c21e1cb09072d72fb684eeb04bf978b3a850d2b99230fca
drfold_checkpoint_output,9C3H_S4,data/cache/v4_final_drfold2/9C3H_S4/rets_dir/cfg_97_model_4.ret,1343176,9324c5683d569dc53295261a5e7711790ac5408540d6e4a1edabfca9a64c6a6b
drfold_checkpoint_output,9C3H_S4,data/cache/v4_final_drfold2/9C3H_S4/rets_dir/cfg_97_model_5.ret,1343176,53e8cafa5773a7bf99301e25663074479fe8c1f366f5a27090216c44439b6748
drfold_checkpoint_output,9C3H_S4,data/cache/v4_final_drfold2/9C3H_S4/rets_dir/cfg_97_model_6.ret,1343176,d6a45e5b061eb3d05c5f6071b4f568eb16c851c9c1a91f35a0dd6f2c8161ba53
drfold_checkpoint_output,9C3H_S4,data/cache/v4_final_drfold2/9C3H_S4/rets_dir/cfg_97_model_7.ret,1343176,b6bd80c144bd3a40c20dce805d38f96b60c5ca4f3a91ceb0759bac8f8d9dd68a
drfold_checkpoint_output,9C3H_S4,data/cache/v4_final_drfold2/9C3H_S4/rets_dir/cfg_97_model_8.ret,1343176,bf6fe905fd695d8daea6fc237085a364a673bea857833373032b65090151dbd1
drfold_checkpoint_output,9C3H_S4,data/cache/v4_final_drfold2/9C3H_S4/rets_dir/cfg_97_model_9.ret,1343176,57715b90b65c882321d1a2f7fa24c8cbce89c7cfde29350a5f2a9173bf91b7fa
drfold_checkpoint_output,9CAI_A7,data/cache/v4_final_drfold2/9CAI_A7/rets_dir/cfg_97_model_0.ret,3290044,352891d4349095b1af564656fd9ae2c4c9188aece517197a19c630b309d0f473
drfold_checkpoint_output,9CAI_A7,data/cache/v4_final_drfold2/9CAI_A7/rets_dir/cfg_97_model_1.ret,3290044,d9daaa508c66f0922be196bb0cf554182759ea95c06cd651b8ad23a403c617e0
drfold_checkpoint_output,9CAI_A7,data/cache/v4_final_drfold2/9CAI_A7/rets_dir/cfg_97_model_10.ret,3290044,2a5a4d12c79100faca97c35297bbf28bdcf4ee302c38eb7d361149ecf3e6e8a1
drfold_checkpoint_output,9CAI_A7,data/cache/v4_final_drfold2/9CAI_A7/rets_dir/cfg_97_model_11.ret,3290044,0d6642ed1ef84925fee9a8b601353a0dd05be20d21d7faf2fc3eb52530346288
drfold_checkpoint_output,9CAI_A7,data/cache/v4_final_drfold2/9CAI_A7/rets_dir/cfg_97_model_12.ret,3290044,67858ff54565c2e1c6ec47b884ac79ceb28f4d9b589d6ab29a659f5c0dd4aae2
drfold_checkpoint_output,9CAI_A7,data/cache/v4_final_drfold2/9CAI_A7/rets_dir/cfg_97_model_13.ret,3290044,efc53563e500be97ba644ef9244548a6b41475a98a83eb88aa183c6a3345d8fa
drfold_checkpoint_output,9CAI_A7,data/cache/v4_final_drfold2/9CAI_A7/rets_dir/cfg_97_model_14.ret,3290044,e4a7600e6e0a2b695f1c84e759d71755454ca3005d6ac686da3a3d285dd8315b
drfold_checkpoint_output,9CAI_A7,data/cache/v4_final_drfold2/9CAI_A7/rets_dir/cfg_97_model_15.ret,3290044,4d86a6a2e30c84ed8ab0902779a14171454cf0a9c3db4fe0cc4788a43122a8d2
drfold_checkpoint_output,9CAI_A7,data/cache/v4_final_drfold2/9CAI_A7/rets_dir/cfg_97_model_16.ret,3290044,103098cb34b995da0f39657d1612bd44a1f7f4881a0ac1562e3b47be557497e5
drfold_checkpoint_output,9CAI_A7,data/cache/v4_final_drfold2/9CAI_A7/rets_dir/cfg_97_model_17.ret,3290044,441c880f3d56734bcc62b45e869a3942a6ebc6b9d964aa1c6650c6a6a1de4ca6
drfold_checkpoint_output,9CAI_A7,data/cache/v4_final_drfold2/9CAI_A7/rets_dir/cfg_97_model_18.ret,3290044,03fe020721a2850ff169ce3ff12f388bfe8a7c0382b8d8cf92e8e1c4214c6cd9
drfold_checkpoint_output,9CAI_A7,data/cache/v4_final_drfold2/9CAI_A7/rets_dir/cfg_97_model_19.ret,3290044,2040dfa9a2a949ab9b789ac13889425d580541a0838c7c73d558de7e05d15b7b
drfold_checkpoint_output,9CAI_A7,data/cache/v4_final_drfold2/9CAI_A7/rets_dir/cfg_97_model_2.ret,3290044,710669bb8077cf5c90217ea5a631ad6fd38e8d89c1138523e8250b4ce7a14852
drfold_checkpoint_output,9CAI_A7,data/cache/v4_final_drfold2/9CAI_A7/rets_dir/cfg_97_model_3.ret,3290044,616d145641730a92689389ec74fb305d5c832e237bac97a8ecd77374b4b7d48e
drfold_checkpoint_output,9CAI_A7,data/cache/v4_final_drfold2/9CAI_A7/rets_dir/cfg_97_model_4.ret,3290044,30d1ac60157c8b3652d5204dc372652e23176636c88284c8ebd69699ec7e35c2
drfold_checkpoint_output,9CAI_A7,data/cache/v4_final_drfold2/9CAI_A7/rets_dir/cfg_97_model_5.ret,3290044,4382f0de1284df686e60b4b751aa04efd8f7a99eaad5bce94f8f05b663f2fd23
drfold_checkpoint_output,9CAI_A7,data/cache/v4_final_drfold2/9CAI_A7/rets_dir/cfg_97_model_6.ret,3290044,adb8dd35a5d8dffafe8e1a1e19075b4eeaceb9fd24127eea80121bb282969aa9
drfold_checkpoint_output,9CAI_A7,data/cache/v4_final_drfold2/9CAI_A7/rets_dir/cfg_97_model_7.ret,3290044,da0a9ca20a19d53df3422749a446c02b7da5b1b783264891c36fe90b82b8db34
drfold_checkpoint_output,9CAI_A7,data/cache/v4_final_drfold2/9CAI_A7/rets_dir/cfg_97_model_8.ret,3290044,d4a93bd69449d80e61984d12bda22b65c8a4827211d1d04e13f6f2cb9d66ecb9
drfold_checkpoint_output,9CAI_A7,data/cache/v4_final_drfold2/9CAI_A7/rets_dir/cfg_97_model_9.ret,3290044,242378059b862932f2e348665a0c875dda166f405d6d2e41180c4aa8080c29b2
drfold_checkpoint_output,9CAI_A8,data/cache/v4_final_drfold2/9CAI_A8/rets_dir/cfg_97_model_0.ret,5436813,c645916633869ba115f439bddf2ded8e84511c6dfdf217cb01447f0ebe03e1bb
drfold_checkpoint_output,9CAI_A8,data/cache/v4_final_drfold2/9CAI_A8/rets_dir/cfg_97_model_1.ret,5436813,5ec54dad47de5d8d3e1adec38a9dd8bcda0752052672c92d80e18061c07899b3
drfold_checkpoint_output,9CAI_A8,data/cache/v4_final_drfold2/9CAI_A8/rets_dir/cfg_97_model_10.ret,5436813,ba80658c51485b58287d1cba1fc82c8fc464ea67b0862193c8acf7a4fb98b0c6
drfold_checkpoint_output,9CAI_A8,data/cache/v4_final_drfold2/9CAI_A8/rets_dir/cfg_97_model_11.ret,5436813,091d4029db0bb94e300105944aab752fed194291e87ca28afbc01f05a63511dc
drfold_checkpoint_output,9CAI_A8,data/cache/v4_final_drfold2/9CAI_A8/rets_dir/cfg_97_model_12.ret,5436813,f4f6e7713cac7555b9aa4f38e30f0a06b1fe49684d772ebaed495cddeb42a497
drfold_checkpoint_output,9CAI_A8,data/cache/v4_final_drfold2/9CAI_A8/rets_dir/cfg_97_model_13.ret,5436813,876b23ef47df9404b6442b45d00eea8a2aa29c4b0ad7948d4a2d641f68822184
drfold_checkpoint_output,9CAI_A8,data/cache/v4_final_drfold2/9CAI_A8/rets_dir/cfg_97_model_14.ret,5436813,be485c9724d9454c534bb3b55b0f4cf64a158cecd23ba87d80f9fdd0a33339d9
drfold_checkpoint_output,9CAI_A8,data/cache/v4_final_drfold2/9CAI_A8/rets_dir/cfg_97_model_15.ret,5436813,0fc74bb26f6a90e5f8299678604a3a3a451039316c59827d8111e7cc1ce0ebb3
drfold_checkpoint_output,9CAI_A8,data/cache/v4_final_drfold2/9CAI_A8/rets_dir/cfg_97_model_16.ret,5436813,d9c2df9b20c039690b7a1d0ccc08ee624f9e15a3519d0a1e8ed8c002107306f7
drfold_checkpoint_output,9CAI_A8,data/cache/v4_final_drfold2/9CAI_A8/rets_dir/cfg_97_model_17.ret,5436813,12e20d1962428d3f458e5ed292e42a3712517d5e4e43adb7356dfe001ffeb2fa
drfold_checkpoint_output,9CAI_A8,data/cache/v4_final_drfold2/9CAI_A8/rets_dir/cfg_97_model_18.ret,5436813,27bef904b1bb0d3b6ac206efbfc6a251a5e8a7ff1d54049015d18018a53b0128
drfold_checkpoint_output,9CAI_A8,data/cache/v4_final_drfold2/9CAI_A8/rets_dir/cfg_97_model_19.ret,5436813,31fc8344fb63f41e3c3a23793344907cb4fda5ce7f3780c508b19193f508dc2a
drfold_checkpoint_output,9CAI_A8,data/cache/v4_final_drfold2/9CAI_A8/rets_dir/cfg_97_model_2.ret,5436813,5802e83aaf71ae69ca1b0316250a0a56c0d51e1e0cbac0cd3ed1d142375acee4
drfold_checkpoint_output,9CAI_A8,data/cache/v4_final_drfold2/9CAI_A8/rets_dir/cfg_97_model_3.ret,5436813,c237f5d9736214209c702be4a3827c8fa9fbc6ce8bc584e35a993c3ef10985a2
drfold_checkpoint_output,9CAI_A8,data/cache/v4_final_drfold2/9CAI_A8/rets_dir/cfg_97_model_4.ret,5436813,2072a6a6ad75187f8c7364cdded6188d0b4b02cfa967d76f4254100f7a53877f
drfold_checkpoint_output,9CAI_A8,data/cache/v4_final_drfold2/9CAI_A8/rets_dir/cfg_97_model_5.ret,5436813,91d94b4ebf9e94691b715359f14958dd838656549ec489e30f8d0b7b0fa31b9b
drfold_checkpoint_output,9CAI_A8,data/cache/v4_final_drfold2/9CAI_A8/rets_dir/cfg_97_model_6.ret,5436813,e54270d946e69bf8d8da0d92bf712e92b04edb3a0e2050da2874234e14da5715
drfold_checkpoint_output,9CAI_A8,data/cache/v4_final_drfold2/9CAI_A8/rets_dir/cfg_97_model_7.ret,5436813,c124113bfb4bf60fb3f22487372c52818c4a001e3fe4f3284d89d894b1df2e1b
drfold_checkpoint_output,9CAI_A8,data/cache/v4_final_drfold2/9CAI_A8/rets_dir/cfg_97_model_8.ret,5436813,498270bdc4ff34adfa49e6dc58980b0146efd80b4210e130038e1ea1346c4031
drfold_checkpoint_output,9CAI_A8,data/cache/v4_final_drfold2/9CAI_A8/rets_dir/cfg_97_model_9.ret,5436813,0ca61a83dc6a5bbf9dc0061533f6190abe79f45c307389f51f67c51287f06846
drfold_checkpoint_output,9DTR_2,data/cache/v4_final_drfold2/9DTR_2/rets_dir/cfg_97_model_0.ret,4047537,b3fbd53ac190d41ea27cd0e0c5ba94cae0874342e6e17bff9f3fb1479f726cea
drfold_checkpoint_output,9DTR_2,data/cache/v4_final_drfold2/9DTR_2/rets_dir/cfg_97_model_1.ret,4047537,65c1732b69843f577698e7473e609c0f097a0e70f62b65d307b348d7abf3408b
drfold_checkpoint_output,9DTR_2,data/cache/v4_final_drfold2/9DTR_2/rets_dir/cfg_97_model_10.ret,4047537,eb3efacead2f58ff8cc6c6f6a863c8d00201d19897735f48f47b40cc8e5acdc0
drfold_checkpoint_output,9DTR_2,data/cache/v4_final_drfold2/9DTR_2/rets_dir/cfg_97_model_11.ret,4047537,28eba8f1c454ed6a9e4968acd1d3ee029e8d4467f8fadedffd428e8385fe413d
drfold_checkpoint_output,9DTR_2,data/cache/v4_final_drfold2/9DTR_2/rets_dir/cfg_97_model_12.ret,4047537,0547bb43d9cbb93546cbb833e56b631a1bf85725d92ce664ab2367b61c2f26d9
drfold_checkpoint_output,9DTR_2,data/cache/v4_final_drfold2/9DTR_2/rets_dir/cfg_97_model_13.ret,4047537,503b7589834d3d053c76b5c14bf1fe9ac9a74b621ae885ae6be0417a84abe12f
drfold_checkpoint_output,9DTR_2,data/cache/v4_final_drfold2/9DTR_2/rets_dir/cfg_97_model_14.ret,4047537,1c2fce5c0ca44ffc52718d7364df12413dcf447b56b5d22252ce1a69109fdc5f
drfold_checkpoint_output,9DTR_2,data/cache/v4_final_drfold2/9DTR_2/rets_dir/cfg_97_model_15.ret,4047537,5382df416729dee8dd18f212c331a124e47eb266e19dc3d6c8c6eca44b640c03
drfold_checkpoint_output,9DTR_2,data/cache/v4_final_drfold2/9DTR_2/rets_dir/cfg_97_model_16.ret,4047537,d275f02194225c15ce640337e13b08aa1de199170286ec921af48ff213b1a9d9
drfold_checkpoint_output,9DTR_2,data/cache/v4_final_drfold2/9DTR_2/rets_dir/cfg_97_model_17.ret,4047537,e9db2292f298877f659695619bb4cbf7c66917cc9e8038bfa33e4e86e4433d30
drfold_checkpoint_output,9DTR_2,data/cache/v4_final_drfold2/9DTR_2/rets_dir/cfg_97_model_18.ret,4047537,91d38dd3c4a45f4a1ef370ab8eccc6d7902f328483c972994be748ed52fedda9
drfold_checkpoint_output,9DTR_2,data/cache/v4_final_drfold2/9DTR_2/rets_dir/cfg_97_model_19.ret,4047537,aae1c8f4d05fb57e39b310bda61e107cf1033412c1b58ef0f97be979fd41ad6f
drfold_checkpoint_output,9DTR_2,data/cache/v4_final_drfold2/9DTR_2/rets_dir/cfg_97_model_2.ret,4047537,c5f2fb91d2517f0e14aa6129205270026516b16f8b6116d47f1d53f51bbbfd3c
drfold_checkpoint_output,9DTR_2,data/cache/v4_final_drfold2/9DTR_2/rets_dir/cfg_97_model_3.ret,4047537,95a07a4bc2ca3a4e35fa8d98b58faaa6d1cb367d2f472054b47bbc1df50d0fba
drfold_checkpoint_output,9DTR_2,data/cache/v4_final_drfold2/9DTR_2/rets_dir/cfg_97_model_4.ret,4047537,1b43b108a0286bbeb477c10c2f5bb19f11b913bf43e67412a5f03634b874f1a9
drfold_checkpoint_output,9DTR_2,data/cache/v4_final_drfold2/9DTR_2/rets_dir/cfg_97_model_5.ret,4047537,18a78e78a74ff0ade837b7b7f8b77b9d2e5b654bfeb9644757d350abd2b909f8
drfold_checkpoint_output,9DTR_2,data/cache/v4_final_drfold2/9DTR_2/rets_dir/cfg_97_model_6.ret,4047537,963e786627aa28f0aa2fad6d879d2ba9e2cccfc55115f38098a9e18218a948ce
drfold_checkpoint_output,9DTR_2,data/cache/v4_final_drfold2/9DTR_2/rets_dir/cfg_97_model_7.ret,4047537,2e1ed8d125d330163852d0321b4c29c3cc98a8d8ef9e6e5fa5541a2c69f41b70
drfold_checkpoint_output,9DTR_2,data/cache/v4_final_drfold2/9DTR_2/rets_dir/cfg_97_model_8.ret,4047537,a5effe4c40a50e9acfb9b55cc1e7d1c669261c7d974d9e10e02bafc0f9cac861
drfold_checkpoint_output,9DTR_2,data/cache/v4_final_drfold2/9DTR_2/rets_dir/cfg_97_model_9.ret,4047537,7320bb04a5d7f90a3d4ff76ac8e18619cf0e55e3c61e2bce4a7f59a7f0f9a917
drfold_checkpoint_output,9DTR_I,data/cache/v4_final_drfold2/9DTR_I/rets_dir/cfg_97_model_0.ret,536664,1ab16c0478d1abf63a7008a69147c80e3086f854adf759e175e4668a2c8bcf14
drfold_checkpoint_output,9DTR_I,data/cache/v4_final_drfold2/9DTR_I/rets_dir/cfg_97_model_1.ret,536664,42aa14c583a1671916a417f51dc654c0eaa8facc919f3b57575c209137e2ec04
drfold_checkpoint_output,9DTR_I,data/cache/v4_final_drfold2/9DTR_I/rets_dir/cfg_97_model_10.ret,536664,59e103bcb3d96d1b808b5c8c63f31eb86cfe6dc9671b831d799f04b609f762cb
drfold_checkpoint_output,9DTR_I,data/cache/v4_final_drfold2/9DTR_I/rets_dir/cfg_97_model_11.ret,536664,50283a5dc08cfb67c88d84b5fb0a440571672c57a3fa2c7e18ac10ded18cc297
drfold_checkpoint_output,9DTR_I,data/cache/v4_final_drfold2/9DTR_I/rets_dir/cfg_97_model_12.ret,536664,a43812bf601598c83e77cdf6497b38d88082d3f1dbd2b745b8d4f733761dadec
drfold_checkpoint_output,9DTR_I,data/cache/v4_final_drfold2/9DTR_I/rets_dir/cfg_97_model_13.ret,536664,687dec891a782e83aa3c8fe8b19c97b97c1a546ae500dc650013b23039835e37
drfold_checkpoint_output,9DTR_I,data/cache/v4_final_drfold2/9DTR_I/rets_dir/cfg_97_model_14.ret,536664,4a7193b9451d472d986e019248d8f8e1bff0097e16819306c35b0fbe6b1dd608
drfold_checkpoint_output,9DTR_I,data/cache/v4_final_drfold2/9DTR_I/rets_dir/cfg_97_model_15.ret,536664,a2a04a410f89b651b406eb20584b3d6294172f6aceaacb2a44a77deb36095704
drfold_checkpoint_output,9DTR_I,data/cache/v4_final_drfold2/9DTR_I/rets_dir/cfg_97_model_16.ret,536664,0328aed38aa3cf5273cc81c3deb972495c1eec75e34003cf48d2f23238ccf28e
drfold_checkpoint_output,9DTR_I,data/cache/v4_final_drfold2/9DTR_I/rets_dir/cfg_97_model_17.ret,536664,137cb57680cd8bb1085a2a1374d13ad1e65a2b0f149562a02d224f27bfe6ede2
drfold_checkpoint_output,9DTR_I,data/cache/v4_final_drfold2/9DTR_I/rets_dir/cfg_97_model_18.ret,536664,1d666ce543d8f1ab057a937f3797c87136b17f12f115b69e30e56f1ecefdfd7d
drfold_checkpoint_output,9DTR_I,data/cache/v4_final_drfold2/9DTR_I/rets_dir/cfg_97_model_19.ret,536664,6d462f5c3ff7edf18adeed3f2fd9b37e3e92b09d78f346a61d0943e4bb345e89
drfold_checkpoint_output,9DTR_I,data/cache/v4_final_drfold2/9DTR_I/rets_dir/cfg_97_model_2.ret,536664,6562240343ace9369470e4469538ac170be50195d0e281380199eca7421a315d
drfold_checkpoint_output,9DTR_I,data/cache/v4_final_drfold2/9DTR_I/rets_dir/cfg_97_model_3.ret,536664,9536cf3fce5933d29aaaf615faeac3a105303fb6c52a1d4812643758f6136ea1
drfold_checkpoint_output,9DTR_I,data/cache/v4_final_drfold2/9DTR_I/rets_dir/cfg_97_model_4.ret,536664,dcc63603876a9c6039b2e48aee422dad416ad68068cd03461e0ae8c49519afc9
drfold_checkpoint_output,9DTR_I,data/cache/v4_final_drfold2/9DTR_I/rets_dir/cfg_97_model_5.ret,536664,fd2b553fbdce12f227166df05247c54d70d30a422e97ae7ed52b90d54c41a4ca
drfold_checkpoint_output,9DTR_I,data/cache/v4_final_drfold2/9DTR_I/rets_dir/cfg_97_model_6.ret,536664,808a3d02af1c65e9ddc992e234156e151640fc41083bbf3c873220d2ec3b150a
drfold_checkpoint_output,9DTR_I,data/cache/v4_final_drfold2/9DTR_I/rets_dir/cfg_97_model_7.ret,536664,e7bf678839eea9fd05c93f1da3a5d1cb3099a5edf35c2f3e64395948b5e2b926
drfold_checkpoint_output,9DTR_I,data/cache/v4_final_drfold2/9DTR_I/rets_dir/cfg_97_model_8.ret,536664,aa307ebb289ce1b009f38cea428928f7c82385001113c068aaf46ebab319b64e
drfold_checkpoint_output,9DTR_I,data/cache/v4_final_drfold2/9DTR_I/rets_dir/cfg_97_model_9.ret,536664,8c4686f9b471af0f39db25850dddaf0b28de6537874713acc475f86ba41f7330
drfold_checkpoint_output,9DXL_A,data/cache/v4_final_drfold2/9DXL_A/rets_dir/cfg_97_model_0.ret,536664,2274f8efa968475187778f2407a00c800423da29e8c638913903ca26a04a5633
drfold_checkpoint_output,9DXL_A,data/cache/v4_final_drfold2/9DXL_A/rets_dir/cfg_97_model_1.ret,536664,aa2c486fef96eee2bd33f029bccf34e3aa5b274710bcedcf10d4a60d7b6add0c
drfold_checkpoint_output,9DXL_A,data/cache/v4_final_drfold2/9DXL_A/rets_dir/cfg_97_model_10.ret,536664,4ba69be2503ba0217e71d4a5a8aba0306f9b06eb87e60a6fbd785919f984a0f9
drfold_checkpoint_output,9DXL_A,data/cache/v4_final_drfold2/9DXL_A/rets_dir/cfg_97_model_11.ret,536664,5f0b8fe0b756d7f84a67eeaf3eb5cfb6fafa4bcf994c1000c28591a66d3c5c81
drfold_checkpoint_output,9DXL_A,data/cache/v4_final_drfold2/9DXL_A/rets_dir/cfg_97_model_12.ret,536664,c36246f7650a57d687d0ad510cac29c81c259c97d8441d5af7a1062080b9c120
drfold_checkpoint_output,9DXL_A,data/cache/v4_final_drfold2/9DXL_A/rets_dir/cfg_97_model_13.ret,536664,c80226d7fb5c8d8d0ebdb9f4811bd15d0c806250fb986a2c0e7250114ba623a3
drfold_checkpoint_output,9DXL_A,data/cache/v4_final_drfold2/9DXL_A/rets_dir/cfg_97_model_14.ret,536664,77f72fd2102e08b11868089c5a280e42e13b0947900ed9599e36c4bd0fc64e09
drfold_checkpoint_output,9DXL_A,data/cache/v4_final_drfold2/9DXL_A/rets_dir/cfg_97_model_15.ret,536664,57aa7bf5e905a348e9d33a7160cce0c6611e38d15f70cba7773cb16f6f4f0546
drfold_checkpoint_output,9DXL_A,data/cache/v4_final_drfold2/9DXL_A/rets_dir/cfg_97_model_16.ret,536664,4f5bdf1acf6b9bc7ea796990c9e8a093835f339fbbd16aeacc4ab82d18453e63
drfold_checkpoint_output,9DXL_A,data/cache/v4_final_drfold2/9DXL_A/rets_dir/cfg_97_model_17.ret,536664,2f8f706d4eac547e93aefc619ae3211805c6430b3a91b6ea72a2294338be7cff
drfold_checkpoint_output,9DXL_A,data/cache/v4_final_drfold2/9DXL_A/rets_dir/cfg_97_model_18.ret,536664,fc64e1e1dfade2464fb0a927842d2d5ae69a8c3f445637be3779ddcdea827381
drfold_checkpoint_output,9DXL_A,data/cache/v4_final_drfold2/9DXL_A/rets_dir/cfg_97_model_19.ret,536664,8c1729c47075dcc05a4ba69cae5c352b40a1064fec21981fbc43a15792994e15
drfold_checkpoint_output,9DXL_A,data/cache/v4_final_drfold2/9DXL_A/rets_dir/cfg_97_model_2.ret,536664,98d76630cc28695d3d8a78fc026cd7787abe67cc026878e43a2e775848478c83
drfold_checkpoint_output,9DXL_A,data/cache/v4_final_drfold2/9DXL_A/rets_dir/cfg_97_model_3.ret,536664,4ef18c0c475947de568a1ff3348bc94c18d5788cf7d1df8c121e3de0389ec217
drfold_checkpoint_output,9DXL_A,data/cache/v4_final_drfold2/9DXL_A/rets_dir/cfg_97_model_4.ret,536664,58b8d76283ea62e7a509210e5855a8c8efde9ec605ea863d45527c5c67901769
drfold_checkpoint_output,9DXL_A,data/cache/v4_final_drfold2/9DXL_A/rets_dir/cfg_97_model_5.ret,536664,014d3ad116f393ac3bfb66a43a561dd70d5ee53de1b220971a5246e9cb1a1499
drfold_checkpoint_output,9DXL_A,data/cache/v4_final_drfold2/9DXL_A/rets_dir/cfg_97_model_6.ret,536664,dffa88430acf50c586b172e24435e48118af4f041e4cd44f8c55912c89582fba
drfold_checkpoint_output,9DXL_A,data/cache/v4_final_drfold2/9DXL_A/rets_dir/cfg_97_model_7.ret,536664,8a2e6e1bf388fd675bf8d42ca9f9c2238610cdecc74d9d0f63148c52ada547ff
drfold_checkpoint_output,9DXL_A,data/cache/v4_final_drfold2/9DXL_A/rets_dir/cfg_97_model_8.ret,536664,14951e65b57d2d704923d5d4540842f2847f2e45a1f0adfcdfdf3aee49110c5a
drfold_checkpoint_output,9DXL_A,data/cache/v4_final_drfold2/9DXL_A/rets_dir/cfg_97_model_9.ret,536664,a8ed6c239e9f9a8dc0a2a9232e5f979eef358efe9ef3880a5b4cb90595cba8e5
drfold_checkpoint_output,9E2W_F,data/cache/v4_final_drfold2/9E2W_F/rets_dir/cfg_97_model_0.ret,536664,205a80c9395e8feddeda3e53b9230a6199dc8aaf1c4f983f5693b611110cbc3a
drfold_checkpoint_output,9E2W_F,data/cache/v4_final_drfold2/9E2W_F/rets_dir/cfg_97_model_1.ret,536664,c0664dac5103fdced735ccccef2bd96a5c8eb4f6f7d0ae7daf7dfc69ea69c366
drfold_checkpoint_output,9E2W_F,data/cache/v4_final_drfold2/9E2W_F/rets_dir/cfg_97_model_10.ret,536664,65b53c9cd070f64a5e9b14902f7f9a5306565791ab9ae8d96513e7d0e559e480
drfold_checkpoint_output,9E2W_F,data/cache/v4_final_drfold2/9E2W_F/rets_dir/cfg_97_model_11.ret,536664,fdef00a8e66156a6421c9c15321d538ae224f88e76f8e9d015534a3bc8661886
drfold_checkpoint_output,9E2W_F,data/cache/v4_final_drfold2/9E2W_F/rets_dir/cfg_97_model_12.ret,536664,d73d25856bf34d97d1f4c7652c5550806fd8a83b36b30f78bab2b77da1adb2a6
drfold_checkpoint_output,9E2W_F,data/cache/v4_final_drfold2/9E2W_F/rets_dir/cfg_97_model_13.ret,536664,b9a1dcf59f34b15ac091316a4adba7666afccbbbe4847413f0487d178ddf4c6f
drfold_checkpoint_output,9E2W_F,data/cache/v4_final_drfold2/9E2W_F/rets_dir/cfg_97_model_14.ret,536664,74f5dc68ca75c6204a4b579088d2fd0f1921ffd836643fc71241f7c1e105de21
drfold_checkpoint_output,9E2W_F,data/cache/v4_final_drfold2/9E2W_F/rets_dir/cfg_97_model_15.ret,536664,b63155617c287dfc41586ffb51e30f7e70235928df05ddbc1a6031ecc2d54cf9
drfold_checkpoint_output,9E2W_F,data/cache/v4_final_drfold2/9E2W_F/rets_dir/cfg_97_model_16.ret,536664,0f1fc749aeeb9d44d4c4f57cbf9eed692396592f5b025a80ddac332013b48bcd
drfold_checkpoint_output,9E2W_F,data/cache/v4_final_drfold2/9E2W_F/rets_dir/cfg_97_model_17.ret,536664,9904004562d24d9a8e9646422c0a3b6ce69e7276fb4b8b52b1267732ef5a2240
drfold_checkpoint_output,9E2W_F,data/cache/v4_final_drfold2/9E2W_F/rets_dir/cfg_97_model_18.ret,536664,041dc1e2b30174ab32bfae207750118657d8f17625e0ed66e4a1e4557140a18f
drfold_checkpoint_output,9E2W_F,data/cache/v4_final_drfold2/9E2W_F/rets_dir/cfg_97_model_19.ret,536664,d0fa65a06895818d36e98872cc57de908fad44d8ece428ec9ab2cb90e505bd40
drfold_checkpoint_output,9E2W_F,data/cache/v4_final_drfold2/9E2W_F/rets_dir/cfg_97_model_2.ret,536664,96c9c45941a25b41bb01321a7d5253fe07b2116487789407e9b983868a094d7d
drfold_checkpoint_output,9E2W_F,data/cache/v4_final_drfold2/9E2W_F/rets_dir/cfg_97_model_3.ret,536664,9f996a918250a14360d189b2347e5e7e93011aece0b8d9c480066ab202cc728f
drfold_checkpoint_output,9E2W_F,data/cache/v4_final_drfold2/9E2W_F/rets_dir/cfg_97_model_4.ret,536664,3ecfb54899457cda3e1dd1d74a6f77d53e9646e1f3affcbc4a8007f543073a7a
drfold_checkpoint_output,9E2W_F,data/cache/v4_final_drfold2/9E2W_F/rets_dir/cfg_97_model_5.ret,536664,b41e31bfebbf3ab04ed04d905767f5899fb0978df5a0ee677532935e61ad9af3
drfold_checkpoint_output,9E2W_F,data/cache/v4_final_drfold2/9E2W_F/rets_dir/cfg_97_model_6.ret,536664,7f810e1299621f53cd5019acfbdc593d0e6b5aae51aa263817e1cd8be4283634
drfold_checkpoint_output,9E2W_F,data/cache/v4_final_drfold2/9E2W_F/rets_dir/cfg_97_model_7.ret,536664,88f619b001f635870b2e86876d03efefa9dd2df81b1b4af461148ea285537846
drfold_checkpoint_output,9E2W_F,data/cache/v4_final_drfold2/9E2W_F/rets_dir/cfg_97_model_8.ret,536664,0a5c11f85427b6b17232483365be073118121772916d0cf1af751fe438dae343
drfold_checkpoint_output,9E2W_F,data/cache/v4_final_drfold2/9E2W_F/rets_dir/cfg_97_model_9.ret,536664,760706c1df4e850306023fb9e83ce8317ae916604e370a0a4ea57880765405ca
drfold_checkpoint_output,9E2Y_F,data/cache/v4_final_drfold2/9E2Y_F/rets_dir/cfg_97_model_0.ret,285868,df1aa817aaf956906a05125a5bcdad04d5fb02514c48712dabc885cb22d6aa8e
drfold_checkpoint_output,9E2Y_F,data/cache/v4_final_drfold2/9E2Y_F/rets_dir/cfg_97_model_1.ret,285868,df16380566d902e5c26c11eef43ddbba411069bb99537840f7b9879857f348ee
drfold_checkpoint_output,9E2Y_F,data/cache/v4_final_drfold2/9E2Y_F/rets_dir/cfg_97_model_10.ret,285868,64beb04b63a521d27f09e6de747adf4b80e7ac5c23395f47fa6580cb7db9a008
drfold_checkpoint_output,9E2Y_F,data/cache/v4_final_drfold2/9E2Y_F/rets_dir/cfg_97_model_11.ret,285868,be9361e81d6d3a7f443e90c87781cd5dc36a74ffb9227a1bc2b37ec1ad8dab43
drfold_checkpoint_output,9E2Y_F,data/cache/v4_final_drfold2/9E2Y_F/rets_dir/cfg_97_model_12.ret,285868,1f56187a742e9f4eb7b5a0e70321e4e12b766cfab209890635f8cfd949786573
drfold_checkpoint_output,9E2Y_F,data/cache/v4_final_drfold2/9E2Y_F/rets_dir/cfg_97_model_13.ret,285868,cf7bbdcf5f3ad7885c146989694996e77ddff9a2d20dcedc8bf51591ae8682fb
drfold_checkpoint_output,9E2Y_F,data/cache/v4_final_drfold2/9E2Y_F/rets_dir/cfg_97_model_14.ret,285868,f4f213ae6009ef5bf008444ba4911347c1235b43c770a88b25c8e4898a6f5144
drfold_checkpoint_output,9E2Y_F,data/cache/v4_final_drfold2/9E2Y_F/rets_dir/cfg_97_model_15.ret,285868,8680d3342244215a16cc89b33492e6faba141811f584e0cb432bcc88641d687c
drfold_checkpoint_output,9E2Y_F,data/cache/v4_final_drfold2/9E2Y_F/rets_dir/cfg_97_model_16.ret,285868,b579e383940459a7514c3b187ebcfa71048c94f9b6412cc95ee7bada77f058b3
drfold_checkpoint_output,9E2Y_F,data/cache/v4_final_drfold2/9E2Y_F/rets_dir/cfg_97_model_17.ret,285868,a5725a297966ad7e1b21047dca0bfa9c92b59abb98990dae48d46d9265d7c530
drfold_checkpoint_output,9E2Y_F,data/cache/v4_final_drfold2/9E2Y_F/rets_dir/cfg_97_model_18.ret,285868,dd95c55f899b716dffda049f199b727496d2fcf3591907f69c2bcc3b957eb6fb
drfold_checkpoint_output,9E2Y_F,data/cache/v4_final_drfold2/9E2Y_F/rets_dir/cfg_97_model_19.ret,285868,b374261a90e7ddf926cf395622cb5e0a8e0a82ad7906e2f6bafe16832b456ccd
drfold_checkpoint_output,9E2Y_F,data/cache/v4_final_drfold2/9E2Y_F/rets_dir/cfg_97_model_2.ret,285868,f964cdc8152bc7b54a02bf8a1be32d1abd4a008d01469094409b86e021a63959
drfold_checkpoint_output,9E2Y_F,data/cache/v4_final_drfold2/9E2Y_F/rets_dir/cfg_97_model_3.ret,285868,ee02b753dbcae54ff96b2bf0e714ea708c496ccd8d81de934ee732ef55603f39
drfold_checkpoint_output,9E2Y_F,data/cache/v4_final_drfold2/9E2Y_F/rets_dir/cfg_97_model_4.ret,285868,9f806a9e7a06cf4df08c57a5e010ea9d426134a7d66e8018c6630e2447111573
drfold_checkpoint_output,9E2Y_F,data/cache/v4_final_drfold2/9E2Y_F/rets_dir/cfg_97_model_5.ret,285868,a89da0ee3c85a74a9d58e8e0503d78f5faf5bb6cbda7a2692caa0b2f605eaf62
drfold_checkpoint_output,9E2Y_F,data/cache/v4_final_drfold2/9E2Y_F/rets_dir/cfg_97_model_6.ret,285868,4f6841fcd3a1763de42694e98b7c274918e2de9e20d36acad742a2ff16ef6702
drfold_checkpoint_output,9E2Y_F,data/cache/v4_final_drfold2/9E2Y_F/rets_dir/cfg_97_model_7.ret,285868,8543e5e2702349bd34b2c4f3331e25ddb305c2da16f4b53110e09a8ed0bed5f9
drfold_checkpoint_output,9E2Y_F,data/cache/v4_final_drfold2/9E2Y_F/rets_dir/cfg_97_model_8.ret,285868,5b893e18098e3130af27c455cb7a265cf5ed567919dc7a5e11a8b797b0da7ab9
drfold_checkpoint_output,9E2Y_F,data/cache/v4_final_drfold2/9E2Y_F/rets_dir/cfg_97_model_9.ret,285868,e0c845c7909762dfd41cb5d3f32396bc3b80f175d63499b55a22afd2beb752ed
drfold_checkpoint_output,9E71_2,data/cache/v4_final_drfold2/9E71_2/rets_dir/cfg_97_model_0.ret,3865773,940634394918de79db1654d6793a5ff3a4448cd203f2acb978c8ce903ef375eb
drfold_checkpoint_output,9E71_2,data/cache/v4_final_drfold2/9E71_2/rets_dir/cfg_97_model_1.ret,3865773,468d81c38f200ddadaf87734d9ff424e672342422e2a6b5ff0a595bd6baa7cd8
drfold_checkpoint_output,9E71_2,data/cache/v4_final_drfold2/9E71_2/rets_dir/cfg_97_model_10.ret,3865773,512e4dc2f4e78ecc15144fd3c9a7cb5b2bac65697006d67dc77edd0f623887bd
drfold_checkpoint_output,9E71_2,data/cache/v4_final_drfold2/9E71_2/rets_dir/cfg_97_model_11.ret,3865773,b6cb0381551d4560e20e0f7f6c09ab8b7eb154da8441911b00ff91fc9fd442cb
drfold_checkpoint_output,9E71_2,data/cache/v4_final_drfold2/9E71_2/rets_dir/cfg_97_model_12.ret,3865773,5143a63282dd1d265aa4ad33ca2688d81f977b8d53164c21ad5b1004db29eb8a
drfold_checkpoint_output,9E71_2,data/cache/v4_final_drfold2/9E71_2/rets_dir/cfg_97_model_13.ret,3865773,6d40af44c01460192cd8b0dd3739d58878c22c676904a94e8c40da58bec0f113
drfold_checkpoint_output,9E71_2,data/cache/v4_final_drfold2/9E71_2/rets_dir/cfg_97_model_14.ret,3865773,c30d85040051536539faa8d57294ef783bef495f6d00dc4e68f7310725277e01
drfold_checkpoint_output,9E71_2,data/cache/v4_final_drfold2/9E71_2/rets_dir/cfg_97_model_15.ret,3865773,47175380b45dba8dbd0e284e4835b2b7499ecaf8f1271c1708f458c0281a94e7
drfold_checkpoint_output,9E71_2,data/cache/v4_final_drfold2/9E71_2/rets_dir/cfg_97_model_16.ret,3865773,47449b1bf6c0242c54f176677d8cb6a82cca15a83360fc86e30776adb97a3b99
drfold_checkpoint_output,9E71_2,data/cache/v4_final_drfold2/9E71_2/rets_dir/cfg_97_model_17.ret,3865773,09072e8fbbdcd7f57141da44c04dccefc1a529a62c567d3ff645e58369c5b56c
drfold_checkpoint_output,9E71_2,data/cache/v4_final_drfold2/9E71_2/rets_dir/cfg_97_model_18.ret,3865773,7c8e963829c9b743b2e39fae2bc153fb6062ce2f9c6986e7e144cdd733fe3ffb
drfold_checkpoint_output,9E71_2,data/cache/v4_final_drfold2/9E71_2/rets_dir/cfg_97_model_19.ret,3865773,651fc85ce329f021ee32a48a2dbcb832748f4ca19c05decf7a475ed58f92cbd2
drfold_checkpoint_output,9E71_2,data/cache/v4_final_drfold2/9E71_2/rets_dir/cfg_97_model_2.ret,3865773,72303e8d420d5a0060f11099bf8b1554cc0e7a50e455af6f865f71ea3bd2e5fe
drfold_checkpoint_output,9E71_2,data/cache/v4_final_drfold2/9E71_2/rets_dir/cfg_97_model_3.ret,3865773,2d50da3cb8ecff16d54a393e440e545e0ca57dad617acb11c2108e1741b95b8d
drfold_checkpoint_output,9E71_2,data/cache/v4_final_drfold2/9E71_2/rets_dir/cfg_97_model_4.ret,3865773,896983b0b891225ef77bcb18ff6b5f2104e092968a30aa656b49f8751e1946ad
drfold_checkpoint_output,9E71_2,data/cache/v4_final_drfold2/9E71_2/rets_dir/cfg_97_model_5.ret,3865773,11fe4dc620d2e774ac242aed26ef951b9b0e426abeee12648458cf5c4dad0e85
drfold_checkpoint_output,9E71_2,data/cache/v4_final_drfold2/9E71_2/rets_dir/cfg_97_model_6.ret,3865773,1038648674dbcca9797cdc7a01b6bac9bd01e3e51979b15748a486d33b81fc50
drfold_checkpoint_output,9E71_2,data/cache/v4_final_drfold2/9E71_2/rets_dir/cfg_97_model_7.ret,3865773,7492f46178c64c8e225c77b29de484f1dd2c7ac342bffc1e863f59a9ea5aa026
drfold_checkpoint_output,9E71_2,data/cache/v4_final_drfold2/9E71_2/rets_dir/cfg_97_model_8.ret,3865773,f55869264516b4966795f2f4c1e73f7aff3e56d0d66a1a332f1b0457472d3acd
drfold_checkpoint_output,9E71_2,data/cache/v4_final_drfold2/9E71_2/rets_dir/cfg_97_model_9.ret,3865773,ea37d1383a2e5ddcd52c0c42504d5ea08c6a2ac2a92e80e52f396c78e3feda9f
drfold_checkpoint_output,9FI8_bN,data/cache/v4_final_drfold2/9FI8_bN/rets_dir/cfg_97_model_0.ret,782944,2bf4488ef36aa43222131252fc23578ca1a3e9c899eccccfc4998a58a1955eaf
drfold_checkpoint_output,9FI8_bN,data/cache/v4_final_drfold2/9FI8_bN/rets_dir/cfg_97_model_1.ret,782944,2417a9e6280614958e737444bc32b2430c98dc0c91144c467184eac8b60a1f80
drfold_checkpoint_output,9FI8_bN,data/cache/v4_final_drfold2/9FI8_bN/rets_dir/cfg_97_model_10.ret,782944,a8d89feca60374a08096e83d7866d80d57f71143be61d5af6e97e75cf6e0ac9a
drfold_checkpoint_output,9FI8_bN,data/cache/v4_final_drfold2/9FI8_bN/rets_dir/cfg_97_model_11.ret,782944,88cb4b1574fb52f0a88644af6bf5faf6a870756ae8fca0698b49ba10a49722c4
drfold_checkpoint_output,9FI8_bN,data/cache/v4_final_drfold2/9FI8_bN/rets_dir/cfg_97_model_12.ret,782944,ecf8dd43bd2f8bf3fcf978a34ba686c78fe3b5c409783a13ebd44ec31b6eeb72
drfold_checkpoint_output,9FI8_bN,data/cache/v4_final_drfold2/9FI8_bN/rets_dir/cfg_97_model_13.ret,782944,1b894e23c4f712dc73d8052f2711ae87f6f7af0a2ae16bf6ec84c1614482f37d
drfold_checkpoint_output,9FI8_bN,data/cache/v4_final_drfold2/9FI8_bN/rets_dir/cfg_97_model_14.ret,782944,d0681751e3b17b22376dc041e7b5a0939cb6aa8fbf6697be2e53b9ab9c75a0a2
drfold_checkpoint_output,9FI8_bN,data/cache/v4_final_drfold2/9FI8_bN/rets_dir/cfg_97_model_15.ret,782944,cd38599003105e614319743e88d5aec765d88d19fce64c6c8edd2368b1c2d18b
drfold_checkpoint_output,9FI8_bN,data/cache/v4_final_drfold2/9FI8_bN/rets_dir/cfg_97_model_16.ret,782944,e0e9132e2b456d897e1cd8c3980f9c009f92e9b4e0c5811136bfdf5542beb570
drfold_checkpoint_output,9FI8_bN,data/cache/v4_final_drfold2/9FI8_bN/rets_dir/cfg_97_model_17.ret,782944,9d0a268686346c6f6da57aa0f06f1f6bc7637a5fa5307adb9f22f0bf886da3f0
drfold_checkpoint_output,9FI8_bN,data/cache/v4_final_drfold2/9FI8_bN/rets_dir/cfg_97_model_18.ret,782944,74c5203b028212f609c3e1d139be6b5777383d2c9edb8f29db4e024740a5651e
drfold_checkpoint_output,9FI8_bN,data/cache/v4_final_drfold2/9FI8_bN/rets_dir/cfg_97_model_19.ret,782944,581ede73908ad35b32d671258dff77fe9e27799050e8f3954a9edd813a3a6f30
drfold_checkpoint_output,9FI8_bN,data/cache/v4_final_drfold2/9FI8_bN/rets_dir/cfg_97_model_2.ret,782944,ad127f9a2c0c98c504cf3687fe4cb46612597b51e6c255d1943021a7da0714b7
drfold_checkpoint_output,9FI8_bN,data/cache/v4_final_drfold2/9FI8_bN/rets_dir/cfg_97_model_3.ret,782944,652c8b9a3becc2bcb499638bcbee23857806cf75f4438951de5d31e4065ee143
drfold_checkpoint_output,9FI8_bN,data/cache/v4_final_drfold2/9FI8_bN/rets_dir/cfg_97_model_4.ret,782944,651ba1af5f9deaab3ace17639c3b75bda92dd91eeee2e666ba046fd0dc82ab7b
drfold_checkpoint_output,9FI8_bN,data/cache/v4_final_drfold2/9FI8_bN/rets_dir/cfg_97_model_5.ret,782944,46bd735997f1dc51c4c15ddcea2c9a3e21a5c3ded373e12fcfd728e7427c1231
drfold_checkpoint_output,9FI8_bN,data/cache/v4_final_drfold2/9FI8_bN/rets_dir/cfg_97_model_6.ret,782944,5d29a979e8b46f4a9368704d727da07b18728297acd1be5242e8eaef0ff65759
drfold_checkpoint_output,9FI8_bN,data/cache/v4_final_drfold2/9FI8_bN/rets_dir/cfg_97_model_7.ret,782944,9235cc1456e0f0b8a441001c9b667a02a00cdb75c68125a07d1eec48c98e2c0c
drfold_checkpoint_output,9FI8_bN,data/cache/v4_final_drfold2/9FI8_bN/rets_dir/cfg_97_model_8.ret,782944,3ca3828639d7ef9882a8715abae0ab13356860e5068b9548f74fddc219a74f99
drfold_checkpoint_output,9FI8_bN,data/cache/v4_final_drfold2/9FI8_bN/rets_dir/cfg_97_model_9.ret,782944,24d8d6f21790facc3c6e0cb96ab485d9763edf21b2316180d4b7cd20c197415f
drfold_checkpoint_output,9FI8_hG,data/cache/v4_final_drfold2/9FI8_hG/rets_dir/cfg_97_model_0.ret,1075624,9fed109c2e05734667069a3104af770167fbabb99786f0e790ceb9a62af3421a
drfold_checkpoint_output,9FI8_hG,data/cache/v4_final_drfold2/9FI8_hG/rets_dir/cfg_97_model_1.ret,1075624,dae784251902e421a34ece251910f5e8cd5c0f3b68fbfdddd93272c310ba80bb
drfold_checkpoint_output,9FI8_hG,data/cache/v4_final_drfold2/9FI8_hG/rets_dir/cfg_97_model_10.ret,1075624,7eb61d010cb9624ade78abaefe4c49acf373393e9f19ed544d3dfb5773b362dd
drfold_checkpoint_output,9FI8_hG,data/cache/v4_final_drfold2/9FI8_hG/rets_dir/cfg_97_model_11.ret,1075624,69baeff49f321d8da221201afb0d239e3b40a040e7bde500ff50f7441c693dd6
drfold_checkpoint_output,9FI8_hG,data/cache/v4_final_drfold2/9FI8_hG/rets_dir/cfg_97_model_12.ret,1075624,83b7a521938be760e0bb7f91c4b805e22c421781fccdd15d8dc9fcb2f3db194f
drfold_checkpoint_output,9FI8_hG,data/cache/v4_final_drfold2/9FI8_hG/rets_dir/cfg_97_model_13.ret,1075624,2f9d9ec249e87d580be53f7e36035fb928443d1c04ffc6adbeff1e8cf1b2f9fb
drfold_checkpoint_output,9FI8_hG,data/cache/v4_final_drfold2/9FI8_hG/rets_dir/cfg_97_model_14.ret,1075624,628039c18c76b98bd88e352ea67b76dc7db450f8bd13f9bd8ec2850cab47a32a
drfold_checkpoint_output,9FI8_hG,data/cache/v4_final_drfold2/9FI8_hG/rets_dir/cfg_97_model_15.ret,1075624,0955c727e8e91147e65954ac1a5ad78c4b6b9e09060badb9d896f2c63ce4cd8d
drfold_checkpoint_output,9FI8_hG,data/cache/v4_final_drfold2/9FI8_hG/rets_dir/cfg_97_model_16.ret,1075624,05cda67be7ac7e4e3e3e733612123363e7dbc3f8260145de8432c1bffa01a649
drfold_checkpoint_output,9FI8_hG,data/cache/v4_final_drfold2/9FI8_hG/rets_dir/cfg_97_model_17.ret,1075624,b5e1c233ea45963a32daf43a0090c7e4f276705d797e33c0078ad32fe786b70a
drfold_checkpoint_output,9FI8_hG,data/cache/v4_final_drfold2/9FI8_hG/rets_dir/cfg_97_model_18.ret,1075624,3711e1f49a400218730e860a399ddfb37695b1210320cdfe0ecc26efa0398c09
drfold_checkpoint_output,9FI8_hG,data/cache/v4_final_drfold2/9FI8_hG/rets_dir/cfg_97_model_19.ret,1075624,e580b26543d87f8d0acd818e849b26d76baa6b9c4ea5e71569b4767e9181e0c8
drfold_checkpoint_output,9FI8_hG,data/cache/v4_final_drfold2/9FI8_hG/rets_dir/cfg_97_model_2.ret,1075624,4fe77f807f23908056a92c63fec76b0b3942bc4f11aba4e96103cbc61584293c
drfold_checkpoint_output,9FI8_hG,data/cache/v4_final_drfold2/9FI8_hG/rets_dir/cfg_97_model_3.ret,1075624,bef3e5858a4ff4bb90d67f05b53f99d39f7768eb291bffe279cc56d2dc174773
drfold_checkpoint_output,9FI8_hG,data/cache/v4_final_drfold2/9FI8_hG/rets_dir/cfg_97_model_4.ret,1075624,c25ecc66c4dbe22ebb5beb71c5fe86d570d6278497f8ab60af94e19113c6bac6
drfold_checkpoint_output,9FI8_hG,data/cache/v4_final_drfold2/9FI8_hG/rets_dir/cfg_97_model_5.ret,1075624,9bad74298e84384f79a622bf71f539d8b354607e6613391f7ed70e32893726fc
drfold_checkpoint_output,9FI8_hG,data/cache/v4_final_drfold2/9FI8_hG/rets_dir/cfg_97_model_6.ret,1075624,db3b0eb27ba8a038c9ba9a138f11721317a66175b124779b5e63c21a862dcbfb
drfold_checkpoint_output,9FI8_hG,data/cache/v4_final_drfold2/9FI8_hG/rets_dir/cfg_97_model_7.ret,1075624,29fa67f25b5e59520a9775470381f16fa612507b278fc6fc947b458dd5258815
drfold_checkpoint_output,9FI8_hG,data/cache/v4_final_drfold2/9FI8_hG/rets_dir/cfg_97_model_8.ret,1075624,09171020ddf640ad9290a7eac4206cd97465c08ffa602a9c74156dd54d0d461f
drfold_checkpoint_output,9FI8_hG,data/cache/v4_final_drfold2/9FI8_hG/rets_dir/cfg_97_model_9.ret,1075624,2e31a63470346b6ec77e19192d7a8243e2777036171f77171f86f1c253590d43
drfold_checkpoint_output,9FIA_bE,data/cache/v4_final_drfold2/9FIA_bE/rets_dir/cfg_97_model_0.ret,2660428,c0a5afb5136742652df30b163dc3e6cb73040143857a85b4d55fa2c40398d997
drfold_checkpoint_output,9FIA_bE,data/cache/v4_final_drfold2/9FIA_bE/rets_dir/cfg_97_model_1.ret,2660428,c3dd349de7ecd36c5f097f852e11e3944762572e7c95915f41f37d1f6e34f61f
drfold_checkpoint_output,9FIA_bE,data/cache/v4_final_drfold2/9FIA_bE/rets_dir/cfg_97_model_10.ret,2660428,2df21d6447bf34c95707643bbc1ddcce3a2313d79db35c4819cbb2ccbb81fcf3
drfold_checkpoint_output,9FIA_bE,data/cache/v4_final_drfold2/9FIA_bE/rets_dir/cfg_97_model_11.ret,2660428,86d291d9c6db5685ae5a2103516f93a786c165fe614e3990294c3bbeecab83ac
drfold_checkpoint_output,9FIA_bE,data/cache/v4_final_drfold2/9FIA_bE/rets_dir/cfg_97_model_12.ret,2660428,4ed93077869c35fe302902cfd78046bda61c9baa61f56a4cdff0d3bf6b3d1751
drfold_checkpoint_output,9FIA_bE,data/cache/v4_final_drfold2/9FIA_bE/rets_dir/cfg_97_model_13.ret,2660428,daf86414bd83f2f85843f03f374c97af60225e4fb8dac8091137944c0618a13c
drfold_checkpoint_output,9FIA_bE,data/cache/v4_final_drfold2/9FIA_bE/rets_dir/cfg_97_model_14.ret,2660428,2931f1a566fa3dd5190e469bbd8fb2955373bd9d83faa486008014ce03dd5f84
drfold_checkpoint_output,9FIA_bE,data/cache/v4_final_drfold2/9FIA_bE/rets_dir/cfg_97_model_15.ret,2660428,9d77b44e8446571ed6034e73843810a526e02db4ab63184fd5036f0ececc8f4b
drfold_checkpoint_output,9FIA_bE,data/cache/v4_final_drfold2/9FIA_bE/rets_dir/cfg_97_model_16.ret,2660428,ad032853dee4dab87c8a510604f1678a1e111b94e5f1154f462fe18253a4123f
drfold_checkpoint_output,9FIA_bE,data/cache/v4_final_drfold2/9FIA_bE/rets_dir/cfg_97_model_17.ret,2660428,2694a5cf7f22e3b610007e4593acf27adad58cc9fc2ef9574a3fe3d5b756c4d5
drfold_checkpoint_output,9FIA_bE,data/cache/v4_final_drfold2/9FIA_bE/rets_dir/cfg_97_model_18.ret,2660428,b68f9c1da2065b50c24829ab6e4d2894cf741ff7856b39f685550f556f50244d
drfold_checkpoint_output,9FIA_bE,data/cache/v4_final_drfold2/9FIA_bE/rets_dir/cfg_97_model_19.ret,2660428,1a53292f9655b36cf15d67e8fc03491183c82d45016021cddeb442ce70bce9f9
drfold_checkpoint_output,9FIA_bE,data/cache/v4_final_drfold2/9FIA_bE/rets_dir/cfg_97_model_2.ret,2660428,035c1d69c36951f7f9dcee5116456e42a18397876fcc0db2d9ac9ea1b04f8be8
drfold_checkpoint_output,9FIA_bE,data/cache/v4_final_drfold2/9FIA_bE/rets_dir/cfg_97_model_3.ret,2660428,4895bede116f341972e48b7ccdec0ee89b6a5f80d9b390c82960b60685af479b
drfold_checkpoint_output,9FIA_bE,data/cache/v4_final_drfold2/9FIA_bE/rets_dir/cfg_97_model_4.ret,2660428,5d9fc6662cbbb1dbfae5359a707eebee344aac335a789dbdbda8777bb4edf40c
drfold_checkpoint_output,9FIA_bE,data/cache/v4_final_drfold2/9FIA_bE/rets_dir/cfg_97_model_5.ret,2660428,ef09bd22ef8f7abad157594466dd1c67d21b7c504f5e6fd8b07d32c0deb31faa
drfold_checkpoint_output,9FIA_bE,data/cache/v4_final_drfold2/9FIA_bE/rets_dir/cfg_97_model_6.ret,2660428,09f0a22cf55df1c948aea6fcb9b6d0f55a33f3c44a8260297c6603a27a2b8ebb
drfold_checkpoint_output,9FIA_bE,data/cache/v4_final_drfold2/9FIA_bE/rets_dir/cfg_97_model_7.ret,2660428,ed1ccda3fc165d60b4edd7f4be2fe75e669a40eef5a8d30aac480086e427819d
drfold_checkpoint_output,9FIA_bE,data/cache/v4_final_drfold2/9FIA_bE/rets_dir/cfg_97_model_8.ret,2660428,b93fb5d34b431ccbd7c3734e939ad18a14da857c1b6cca6d56b04ff298f71fe8
drfold_checkpoint_output,9FIA_bE,data/cache/v4_final_drfold2/9FIA_bE/rets_dir/cfg_97_model_9.ret,2660428,cbf8740148de850f8c8a6494019b07269d76145000b751421cad6af75268bee7
drfold_checkpoint_output,9FIA_bL,data/cache/v4_final_drfold2/9FIA_bL/rets_dir/cfg_97_model_0.ret,536664,07347b4f94e10d18484f12b01d3c6aed0d5f84fa915916fda221c2c370936fd2
drfold_checkpoint_output,9FIA_bL,data/cache/v4_final_drfold2/9FIA_bL/rets_dir/cfg_97_model_1.ret,536664,85031d5b1cbdcddaa776249381c23b77b91955e41d7e7bb8128e8397a727af2c
drfold_checkpoint_output,9FIA_bL,data/cache/v4_final_drfold2/9FIA_bL/rets_dir/cfg_97_model_10.ret,536664,b80666f993cc16f325306cb0bd28cbbffd76b7d5696f3fabd66d052b7be08750
drfold_checkpoint_output,9FIA_bL,data/cache/v4_final_drfold2/9FIA_bL/rets_dir/cfg_97_model_11.ret,536664,c970dced43aa0634c5c2ae8b7fd38e53b6b41fbbf4e3f3cf5dbba9c7e957bf18
drfold_checkpoint_output,9FIA_bL,data/cache/v4_final_drfold2/9FIA_bL/rets_dir/cfg_97_model_12.ret,536664,92a403ee92194f6107e619a9900cca9567ccd001984f44d0fd1a508bbab212bf
drfold_checkpoint_output,9FIA_bL,data/cache/v4_final_drfold2/9FIA_bL/rets_dir/cfg_97_model_13.ret,536664,c2903505196cb42782913ed6c2e53f1441779dd319e7ff3c271bfb78f2b4fb29
drfold_checkpoint_output,9FIA_bL,data/cache/v4_final_drfold2/9FIA_bL/rets_dir/cfg_97_model_14.ret,536664,e97ea27e17d5ad6107848e11fcf4555bdcf7ead00057ac86ac596ec19e0cf75e
drfold_checkpoint_output,9FIA_bL,data/cache/v4_final_drfold2/9FIA_bL/rets_dir/cfg_97_model_15.ret,536664,5e58ebb142a7a4463daa4b531739d96c62c7c8c7be3fe6f22afa95c0ac9e3ba0
drfold_checkpoint_output,9FIA_bL,data/cache/v4_final_drfold2/9FIA_bL/rets_dir/cfg_97_model_16.ret,536664,d15c9c7af4f7bfe646999e7c6250870f6489b5c98a8452dd2436fd6661a49c93
drfold_checkpoint_output,9FIA_bL,data/cache/v4_final_drfold2/9FIA_bL/rets_dir/cfg_97_model_17.ret,536664,e7cbf6b92789ecac73bac6e9eef9f5720499c3a9c905c4ba5f3303bc23b16283
drfold_checkpoint_output,9FIA_bL,data/cache/v4_final_drfold2/9FIA_bL/rets_dir/cfg_97_model_18.ret,536664,749bc9f19a733a6e8e4b2e56a4c210a70ea6f6fb5833dec17f6e20135a65912c
drfold_checkpoint_output,9FIA_bL,data/cache/v4_final_drfold2/9FIA_bL/rets_dir/cfg_97_model_19.ret,536664,c6e7f6afba990bab33ad7f3949d4eab01c42be2812bd0763b70a8ed62d176d0c
drfold_checkpoint_output,9FIA_bL,data/cache/v4_final_drfold2/9FIA_bL/rets_dir/cfg_97_model_2.ret,536664,89abd52995f5bd71f4a2397921d3c99c68545d9048284071b307c7ff9d91e5d0
drfold_checkpoint_output,9FIA_bL,data/cache/v4_final_drfold2/9FIA_bL/rets_dir/cfg_97_model_3.ret,536664,71044cf57a2d187d2c0a66afb603ad912a1f43f5053c43a358f6313f33cdc971
drfold_checkpoint_output,9FIA_bL,data/cache/v4_final_drfold2/9FIA_bL/rets_dir/cfg_97_model_4.ret,536664,5e8b988f86813391d5f2568723f77508463b8d0bf06626694d338d86cdb95676
drfold_checkpoint_output,9FIA_bL,data/cache/v4_final_drfold2/9FIA_bL/rets_dir/cfg_97_model_5.ret,536664,7cca3bd1fb7e32d4b8e8dfb61fe16478ebc16e67177449014a9baffe0da1866a
drfold_checkpoint_output,9FIA_bL,data/cache/v4_final_drfold2/9FIA_bL/rets_dir/cfg_97_model_6.ret,536664,f1d33837eae4eed76f26589ef17cff3edc357f08e276ff79d02a4132486d0292
drfold_checkpoint_output,9FIA_bL,data/cache/v4_final_drfold2/9FIA_bL/rets_dir/cfg_97_model_7.ret,536664,b0d3e551a74d42776b7c79fc7bb15e4592aba5bac724a48b8d5da2209ba809a0
drfold_checkpoint_output,9FIA_bL,data/cache/v4_final_drfold2/9FIA_bL/rets_dir/cfg_97_model_8.ret,536664,0f83a5df35a15828a9b7fb88b0e509aac0ccc4a50295921c89c3820f853e8ebd
drfold_checkpoint_output,9FIA_bL,data/cache/v4_final_drfold2/9FIA_bL/rets_dir/cfg_97_model_9.ret,536664,53222e40879ee01015eb97ef219ca2eef7eb763a6ba151e815d0d7b0e7f6047e
drfold_checkpoint_output,9FIA_bO,data/cache/v4_final_drfold2/9FIA_bO/rets_dir/cfg_97_model_0.ret,3072748,a0824114b06c1c973c7d598f1344e3d7e80c791556fd45f958cce8377cfcadde
drfold_checkpoint_output,9FIA_bO,data/cache/v4_final_drfold2/9FIA_bO/rets_dir/cfg_97_model_1.ret,3072748,685826092af09ed5ebeb8629e7fb7d737e354cf68ff97244dad24b2e0b37ca0b
drfold_checkpoint_output,9FIA_bO,data/cache/v4_final_drfold2/9FIA_bO/rets_dir/cfg_97_model_10.ret,3072748,d2e25214c44da5ba983439f98715d2c3762a3c00ceb7316d418126ceda035eb7
drfold_checkpoint_output,9FIA_bO,data/cache/v4_final_drfold2/9FIA_bO/rets_dir/cfg_97_model_11.ret,3072748,327af002817e3a2d18b500518fffb4240d13385c440fe091fe3565e819db3267
drfold_checkpoint_output,9FIA_bO,data/cache/v4_final_drfold2/9FIA_bO/rets_dir/cfg_97_model_12.ret,3072748,d425138ef98e298acca474ed7952b1a70c878197823aabe40c1aaddfe99a0745
drfold_checkpoint_output,9FIA_bO,data/cache/v4_final_drfold2/9FIA_bO/rets_dir/cfg_97_model_13.ret,3072748,e721009db2221405974c2333a7b9fae4418ad2e301adbf233fb58c2a45030369
drfold_checkpoint_output,9FIA_bO,data/cache/v4_final_drfold2/9FIA_bO/rets_dir/cfg_97_model_14.ret,3072748,97c517f2792c2c8f3c44e40a8e9170f773d142bbeead08f256e579f525e087aa
drfold_checkpoint_output,9FIA_bO,data/cache/v4_final_drfold2/9FIA_bO/rets_dir/cfg_97_model_15.ret,3072748,efacd67510cc1a0109011829c385ea121cd5a08c2b10e23205c66d191e204a2a
drfold_checkpoint_output,9FIA_bO,data/cache/v4_final_drfold2/9FIA_bO/rets_dir/cfg_97_model_16.ret,3072748,18a61744ecf8dd2a1219f851c0840e44a1cad235926dc5cad46113e382c54ae4
drfold_checkpoint_output,9FIA_bO,data/cache/v4_final_drfold2/9FIA_bO/rets_dir/cfg_97_model_17.ret,3072748,8b2301e2cff911889a75178afe176ad68a996bc8e65318dbf6091c0a5af8ebb6
drfold_checkpoint_output,9FIA_bO,data/cache/v4_final_drfold2/9FIA_bO/rets_dir/cfg_97_model_18.ret,3072748,f44555cd4869638f8029d54e45bb564a65f9c2a0df36348cc3a2807ed2c8329b
drfold_checkpoint_output,9FIA_bO,data/cache/v4_final_drfold2/9FIA_bO/rets_dir/cfg_97_model_19.ret,3072748,954a76bbaed2f4a23c819ee8aa3f32a1db5f1e0acf470fb493485a86b38dc870
drfold_checkpoint_output,9FIA_bO,data/cache/v4_final_drfold2/9FIA_bO/rets_dir/cfg_97_model_2.ret,3072748,47ed87ff123c2dba3aa34233fbd3dab7b593ae8aa230206d851c1af1c88d26b1
drfold_checkpoint_output,9FIA_bO,data/cache/v4_final_drfold2/9FIA_bO/rets_dir/cfg_97_model_3.ret,3072748,c2c09e7fa1da0dbb5c34dd9b8574b1c669c0ac07055b3e512aa4e99d7858ccb7
drfold_checkpoint_output,9FIA_bO,data/cache/v4_final_drfold2/9FIA_bO/rets_dir/cfg_97_model_4.ret,3072748,3f3e87af35b18c26fb77bf6b229b81a037f06d9c3c613e1235a69353edeb8165
drfold_checkpoint_output,9FIA_bO,data/cache/v4_final_drfold2/9FIA_bO/rets_dir/cfg_97_model_5.ret,3072748,54f1bc82666858dcfbf1a125ae05e34346bc7f8d6f298b080671b3eb841578b7
drfold_checkpoint_output,9FIA_bO,data/cache/v4_final_drfold2/9FIA_bO/rets_dir/cfg_97_model_6.ret,3072748,abba7d802060291149889b241532f3efcda0a4f2eb81b850bf69c63c13d8f1d3
drfold_checkpoint_output,9FIA_bO,data/cache/v4_final_drfold2/9FIA_bO/rets_dir/cfg_97_model_7.ret,3072748,aa0df3930783802706cd4b3efe6e8c01ea79de091dcd4afd782be7005de99669
drfold_checkpoint_output,9FIA_bO,data/cache/v4_final_drfold2/9FIA_bO/rets_dir/cfg_97_model_8.ret,3072748,fddfbc433219891f8642c16e5da1e2827a58ded0e101536c46ed4d2973c7d41c
drfold_checkpoint_output,9FIA_bO,data/cache/v4_final_drfold2/9FIA_bO/rets_dir/cfg_97_model_9.ret,3072748,84f6bea0421d5a96ad0a3de1962546e9aefb106aa8aabbcf635fc57effd90af8
drfold_checkpoint_output,9FIA_bT,data/cache/v4_final_drfold2/9FIA_bT/rets_dir/cfg_97_model_0.ret,837768,ef2fdeb236959b10d252b2d4a60c4b8614eafec8e5b77190dd3d29e8bdcf78d0
drfold_checkpoint_output,9FIA_bT,data/cache/v4_final_drfold2/9FIA_bT/rets_dir/cfg_97_model_1.ret,837768,838d6e1fc31d159eb69940a48620bb794ac3d64c61c53302c13580aeb6f6faa8
drfold_checkpoint_output,9FIA_bT,data/cache/v4_final_drfold2/9FIA_bT/rets_dir/cfg_97_model_10.ret,837768,e5653b62936c4261c3eba4f9550340140c6c4cecf4ef3a35ff834544a0a8482c
drfold_checkpoint_output,9FIA_bT,data/cache/v4_final_drfold2/9FIA_bT/rets_dir/cfg_97_model_11.ret,837768,bd567fad7b4526aa39c3cbf694f6655be35648c69f18ca66091cf42729b7c946
drfold_checkpoint_output,9FIA_bT,data/cache/v4_final_drfold2/9FIA_bT/rets_dir/cfg_97_model_12.ret,837768,b3b620a5557c72f79e227f301fbfbec6bccfe3fb8eab5a3d8fad88a9e2569489
drfold_checkpoint_output,9FIA_bT,data/cache/v4_final_drfold2/9FIA_bT/rets_dir/cfg_97_model_13.ret,837768,85ca603d2d6866ac3c5e7c7380b4c2c3dd88c1133b58480d20d1bb83ab52e1b1
drfold_checkpoint_output,9FIA_bT,data/cache/v4_final_drfold2/9FIA_bT/rets_dir/cfg_97_model_14.ret,837768,deb2018dfac508920fd173358b950c1f1227ad220daff2cdfca99ad69e144d58
drfold_checkpoint_output,9FIA_bT,data/cache/v4_final_drfold2/9FIA_bT/rets_dir/cfg_97_model_15.ret,837768,01fc8db3d3a8829044531faeb6733c9ab4e68a9ac9a46014c9cb2ffb0428e8b9
drfold_checkpoint_output,9FIA_bT,data/cache/v4_final_drfold2/9FIA_bT/rets_dir/cfg_97_model_16.ret,837768,6bffd5a4f7bdc3532b65dde00e9395b5053b54a5684a32360048f71de52cd259
drfold_checkpoint_output,9FIA_bT,data/cache/v4_final_drfold2/9FIA_bT/rets_dir/cfg_97_model_17.ret,837768,8a84c4a6a5b942532363288ba8f7b97d2bf5d2c83b93bb5afe9da002a26a26d9
drfold_checkpoint_output,9FIA_bT,data/cache/v4_final_drfold2/9FIA_bT/rets_dir/cfg_97_model_18.ret,837768,f143e9b208d4fa92b7b7d63cf8546750b358ad5696bb0701dde627ca3f27941f
drfold_checkpoint_output,9FIA_bT,data/cache/v4_final_drfold2/9FIA_bT/rets_dir/cfg_97_model_19.ret,837768,093c0d850a5fc490da795766f5f5e0b283588ca9bf22f50a0d0de0a74584a33a
drfold_checkpoint_output,9FIA_bT,data/cache/v4_final_drfold2/9FIA_bT/rets_dir/cfg_97_model_2.ret,837768,29cd6318eabfe82d515fc1c2543120619b3fdb64069bd217925eb9409144f58c
drfold_checkpoint_output,9FIA_bT,data/cache/v4_final_drfold2/9FIA_bT/rets_dir/cfg_97_model_3.ret,837768,6a174c74237fe257b8fc72ea391d2940cfe34c38e23ad1aecfabbded38caebd2
drfold_checkpoint_output,9FIA_bT,data/cache/v4_final_drfold2/9FIA_bT/rets_dir/cfg_97_model_4.ret,837768,9bde0893134a260c19f5eabac8d01a6d95503d4ccf8e82cfd30d88666d6a8117
drfold_checkpoint_output,9FIA_bT,data/cache/v4_final_drfold2/9FIA_bT/rets_dir/cfg_97_model_5.ret,837768,2fd3922282a349f5e7c9f924db464e1706df7f5829cbd2e20be4d6fd5de7cec3
drfold_checkpoint_output,9FIA_bT,data/cache/v4_final_drfold2/9FIA_bT/rets_dir/cfg_97_model_6.ret,837768,fcd15c53c5510cde3cbb85339daca1373e288d002e979e0162909028871d2143
drfold_checkpoint_output,9FIA_bT,data/cache/v4_final_drfold2/9FIA_bT/rets_dir/cfg_97_model_7.ret,837768,29d778a4eca45ce7d1cff34cef5fb55bfadc4f84e1802465f2b85361f1dfcc17
drfold_checkpoint_output,9FIA_bT,data/cache/v4_final_drfold2/9FIA_bT/rets_dir/cfg_97_model_8.ret,837768,8aee48030e210371547f1f084c302c6ef0ef7e468189c90c7076ac08a7ffa227
drfold_checkpoint_output,9FIA_bT,data/cache/v4_final_drfold2/9FIA_bT/rets_dir/cfg_97_model_9.ret,837768,bc427e3eeff0a8335cbc1da3b2dd55dbb1024a668c2cf4754a08ea01201f8e4b
drfold_checkpoint_output,9FIA_bU,data/cache/v4_final_drfold2/9FIA_bU/rets_dir/cfg_97_model_0.ret,224476,7e0ce5077c2cff5caa718d160d7525f3486db0661a778d4f46816efcaffd0deb
drfold_checkpoint_output,9FIA_bU,data/cache/v4_final_drfold2/9FIA_bU/rets_dir/cfg_97_model_1.ret,224476,e1568c60eee99c9f6a4dc41f6f8d6d07135cafa74310342263e4b51d88af0a45
drfold_checkpoint_output,9FIA_bU,data/cache/v4_final_drfold2/9FIA_bU/rets_dir/cfg_97_model_10.ret,224476,2bde602c12c112803a820bc9babf0cdd9ab597be65d2c370de08cb017a7f6262
drfold_checkpoint_output,9FIA_bU,data/cache/v4_final_drfold2/9FIA_bU/rets_dir/cfg_97_model_11.ret,224476,5e6a98168e0f16b48dee23c01b8e4099afa0d2b0c4828d7c6f214794545332e7
drfold_checkpoint_output,9FIA_bU,data/cache/v4_final_drfold2/9FIA_bU/rets_dir/cfg_97_model_12.ret,224476,e93293e87b97058b032f1f5d9fd556c8d7adce28b92448d05da02f2de127768a
drfold_checkpoint_output,9FIA_bU,data/cache/v4_final_drfold2/9FIA_bU/rets_dir/cfg_97_model_13.ret,224476,c40f2e362327f3ea748fde8db27f7e68564992f0c00744505d38f57f2f685b32
drfold_checkpoint_output,9FIA_bU,data/cache/v4_final_drfold2/9FIA_bU/rets_dir/cfg_97_model_14.ret,224476,ee445f626f9d349ff31d3edf0847de67983f9175bc6d4e76d8aeae951cdcdbcc
drfold_checkpoint_output,9FIA_bU,data/cache/v4_final_drfold2/9FIA_bU/rets_dir/cfg_97_model_15.ret,224476,7916b3dd70e94daedf313ebdb160c160dc5f2c213cfa9227c6abeb328c85ae5b
drfold_checkpoint_output,9FIA_bU,data/cache/v4_final_drfold2/9FIA_bU/rets_dir/cfg_97_model_16.ret,224476,e5ffeed800987f2c4e7542d3839fd981012986b6e9afa165132d69fc692d14e2
drfold_checkpoint_output,9FIA_bU,data/cache/v4_final_drfold2/9FIA_bU/rets_dir/cfg_97_model_17.ret,224476,1b925f316a6b6381c7dfb3edf7ecfd5b3743b0b2d06477ac608342e802592ce8
drfold_checkpoint_output,9FIA_bU,data/cache/v4_final_drfold2/9FIA_bU/rets_dir/cfg_97_model_18.ret,224476,cfbb2ea86416efed6e650413cab409c8422d3656415e29e8841b06918327ac17
drfold_checkpoint_output,9FIA_bU,data/cache/v4_final_drfold2/9FIA_bU/rets_dir/cfg_97_model_19.ret,224476,3b2cc54e1a6e1d018aa1cb539b4e1ecb77221975089b3f0ec088e5439e1cbe48
drfold_checkpoint_output,9FIA_bU,data/cache/v4_final_drfold2/9FIA_bU/rets_dir/cfg_97_model_2.ret,224476,f09894abffbe775c9216c9919c52c66fea75299504f3f8757d9b9b015e014134
drfold_checkpoint_output,9FIA_bU,data/cache/v4_final_drfold2/9FIA_bU/rets_dir/cfg_97_model_3.ret,224476,69bc313cdfde9d14b5bf83e7686f710731c1348eea04314456d44ae35de559dd
drfold_checkpoint_output,9FIA_bU,data/cache/v4_final_drfold2/9FIA_bU/rets_dir/cfg_97_model_4.ret,224476,94348b7374409e401d1a050f2c3827ce77a1122c47b54bd821530d67b4faa83e
drfold_checkpoint_output,9FIA_bU,data/cache/v4_final_drfold2/9FIA_bU/rets_dir/cfg_97_model_5.ret,224476,e27cec7cc27525639084b8801bccee1b528568b243950c506971361bb5eef178
drfold_checkpoint_output,9FIA_bU,data/cache/v4_final_drfold2/9FIA_bU/rets_dir/cfg_97_model_6.ret,224476,f5f3d677938e7d4c4708ab323e07bab89a406429e105d36923fc5b0d75cf1c98
drfold_checkpoint_output,9FIA_bU,data/cache/v4_final_drfold2/9FIA_bU/rets_dir/cfg_97_model_7.ret,224476,28dda2468273b61e46d791e2361d9c2866af69e76572171003f5354154a2bbf1
drfold_checkpoint_output,9FIA_bU,data/cache/v4_final_drfold2/9FIA_bU/rets_dir/cfg_97_model_8.ret,224476,769f4f350dedfde746a1475573d3ff8027cd2eceb7efb9ea304700fc482f3acf
drfold_checkpoint_output,9FIA_bU,data/cache/v4_final_drfold2/9FIA_bU/rets_dir/cfg_97_model_9.ret,224476,3c9a195217c503d1a4bced5a39cbd3932628c09f59d85ab7a466b1da9539aae3
drfold_checkpoint_output,9FO9_A,data/cache/v4_final_drfold2/9FO9_A/rets_dir/cfg_97_model_0.ret,254244,a2007b51588dd6e25f9f04d3a572bcbd43a0a21d67788dd48421ca2bab3f5c37
drfold_checkpoint_output,9FO9_A,data/cache/v4_final_drfold2/9FO9_A/rets_dir/cfg_97_model_1.ret,254244,624b009d9dc51ab9ba302dd6bc24b365d7a657fe1daa8bd6a791765ae682a2a9
drfold_checkpoint_output,9FO9_A,data/cache/v4_final_drfold2/9FO9_A/rets_dir/cfg_97_model_10.ret,254244,b5fd70b461177b419ece9d06936b753cf976e61d11bfc84260451c902d159f03
drfold_checkpoint_output,9FO9_A,data/cache/v4_final_drfold2/9FO9_A/rets_dir/cfg_97_model_11.ret,254244,e54eebbb3e67c5ae1c506465eb01df770d8815b69466d5b5d0e0d7dc6d9e166b
drfold_checkpoint_output,9FO9_A,data/cache/v4_final_drfold2/9FO9_A/rets_dir/cfg_97_model_12.ret,254244,0e4e54e6ddeff9ef56506a4b41147d0f06b7365615e3fd7009a752bc5f952db9
drfold_checkpoint_output,9FO9_A,data/cache/v4_final_drfold2/9FO9_A/rets_dir/cfg_97_model_13.ret,254244,998135880d6516bcb7118394ac1c621048a3a025bd44c4aa0772ec8ddc06ec78
drfold_checkpoint_output,9FO9_A,data/cache/v4_final_drfold2/9FO9_A/rets_dir/cfg_97_model_14.ret,254244,c69f580ec328057da49dbc443273583d20ee0aaa695c0504583f9b210d3c0c09
drfold_checkpoint_output,9FO9_A,data/cache/v4_final_drfold2/9FO9_A/rets_dir/cfg_97_model_15.ret,254244,15011e9ec8078d13f8f9bf234fc2da6cb6372ab03a3b9390f9fae503e67b16f2
drfold_checkpoint_output,9FO9_A,data/cache/v4_final_drfold2/9FO9_A/rets_dir/cfg_97_model_16.ret,254244,563dac1ac32fe2c10df7c682b879c3fb61c1651b97c8ca9891f69dcfe8b3c7f0
drfold_checkpoint_output,9FO9_A,data/cache/v4_final_drfold2/9FO9_A/rets_dir/cfg_97_model_17.ret,254244,7bb2520f60de0c5dfaeecf86af2228b87f8f6f7d62c6cb0e58871540661a24ab
drfold_checkpoint_output,9FO9_A,data/cache/v4_final_drfold2/9FO9_A/rets_dir/cfg_97_model_18.ret,254244,1ad6cec1e74d155387172f4079e1c51aa20b4252da2870c34d0c66bf46ce0a05
drfold_checkpoint_output,9FO9_A,data/cache/v4_final_drfold2/9FO9_A/rets_dir/cfg_97_model_19.ret,254244,cdfeadb65badbc27c0dda94c54c3d9a96cdeb605affea6fc20f777591d8b62be
drfold_checkpoint_output,9FO9_A,data/cache/v4_final_drfold2/9FO9_A/rets_dir/cfg_97_model_2.ret,254244,3f75310363f5f390ba91d4b8bb54357f66c6194b7c5abb65cb364c185f93915f
drfold_checkpoint_output,9FO9_A,data/cache/v4_final_drfold2/9FO9_A/rets_dir/cfg_97_model_3.ret,254244,7eab1fefbf2ca6b480ccf4dc7df1d83c8d2d24bf0d430c058202e8006d9379b1
drfold_checkpoint_output,9FO9_A,data/cache/v4_final_drfold2/9FO9_A/rets_dir/cfg_97_model_4.ret,254244,096813c141092a5dd9d33f05b9e4bb3f1ca145596426058977f2c342a9bf5e3d
drfold_checkpoint_output,9FO9_A,data/cache/v4_final_drfold2/9FO9_A/rets_dir/cfg_97_model_5.ret,254244,87289c6d5824bece76db0625903d784e930179113a14baefa683254fec6914d6
drfold_checkpoint_output,9FO9_A,data/cache/v4_final_drfold2/9FO9_A/rets_dir/cfg_97_model_6.ret,254244,7d0ffb5b94bffcee98cd88128d9ac14a66ca51b930c5291b26cc8021c3d26080
drfold_checkpoint_output,9FO9_A,data/cache/v4_final_drfold2/9FO9_A/rets_dir/cfg_97_model_7.ret,254244,41c931353d6256bde86911ed485c096e9d2a4762f9c5e36c09986c8a5b9bcce2
drfold_checkpoint_output,9FO9_A,data/cache/v4_final_drfold2/9FO9_A/rets_dir/cfg_97_model_8.ret,254244,9dda30c9e4009861bc4a1860dca4141d84e76e48f3babb63d4e8d50859f1c37f
drfold_checkpoint_output,9FO9_A,data/cache/v4_final_drfold2/9FO9_A/rets_dir/cfg_97_model_9.ret,254244,3553f4cb2acf8cb811941c776eaf63beedc3aa9116bc03c42bb8f36599a5efd3
drfold_checkpoint_output,9FPZ_1,data/cache/v4_final_drfold2/9FPZ_1/rets_dir/cfg_97_model_0.ret,20891226,c029e453c14ce7ddc79179f22bf58e1443af2c6150bf5c61ff31b7af0e51e5a5
drfold_checkpoint_output,9FPZ_1,data/cache/v4_final_drfold2/9FPZ_1/rets_dir/cfg_97_model_1.ret,20891226,3219c9fb3d9afa26072778f8b8b162ff75bbd049394b870bfff45268330a8062
drfold_checkpoint_output,9FPZ_1,data/cache/v4_final_drfold2/9FPZ_1/rets_dir/cfg_97_model_10.ret,20891226,25e521bec1a28aef05a43dfc74b2e2bf8ff8326f4c2ce6ce56f699d8e3945d03
drfold_checkpoint_output,9FPZ_1,data/cache/v4_final_drfold2/9FPZ_1/rets_dir/cfg_97_model_11.ret,20891226,6b371c24e9a47ccbbd6fad540cc18516b33ccd8317a75dad0b2ce5ea86743244
drfold_checkpoint_output,9FPZ_1,data/cache/v4_final_drfold2/9FPZ_1/rets_dir/cfg_97_model_12.ret,20891226,2ae0802db240e407d81dd25d5654c847e34b258cb13f851f629837eeaaf8ca11
drfold_checkpoint_output,9FPZ_1,data/cache/v4_final_drfold2/9FPZ_1/rets_dir/cfg_97_model_13.ret,20891226,f0eacbeb8eff4fa5bf90558e92f34c1f9e49594fd07602310352aece5ee2887c
drfold_checkpoint_output,9FPZ_1,data/cache/v4_final_drfold2/9FPZ_1/rets_dir/cfg_97_model_14.ret,20891226,37ff1816ec4f1b7105146809c138ec9e989f38e35de493c2cea1f98a7677afa1
drfold_checkpoint_output,9FPZ_1,data/cache/v4_final_drfold2/9FPZ_1/rets_dir/cfg_97_model_15.ret,20891226,8a9fdb6a70dc39fc68aa90eb2e02efbeab7feb1b6e99b6124cd6f5d247944210
drfold_checkpoint_output,9FPZ_1,data/cache/v4_final_drfold2/9FPZ_1/rets_dir/cfg_97_model_16.ret,20891226,e637d15b9f40bff2bf9ad8f5b587df41a8ef722ceb54de6985a8038d1a169fb5
drfold_checkpoint_output,9FPZ_1,data/cache/v4_final_drfold2/9FPZ_1/rets_dir/cfg_97_model_17.ret,20891226,d7add1e20ad26a1fe9e5aced71cd6f5ee3a3ecebcb56ca6da058a5ea9992596b
drfold_checkpoint_output,9FPZ_1,data/cache/v4_final_drfold2/9FPZ_1/rets_dir/cfg_97_model_18.ret,20891226,a32b066ca3f539845578851afd6917033b51238c8317e4064e7f0b727b8c22f0
drfold_checkpoint_output,9FPZ_1,data/cache/v4_final_drfold2/9FPZ_1/rets_dir/cfg_97_model_19.ret,20891226,dd3d5d4b065a62905b09a34bd3bee3b5d33663e4e55f2136bb12521af958e864
drfold_checkpoint_output,9FPZ_1,data/cache/v4_final_drfold2/9FPZ_1/rets_dir/cfg_97_model_2.ret,20891226,3fbdb8afa1463579f6f72394e514b79e12f7e29addc87b4ae8a8a487ed7146a7
drfold_checkpoint_output,9FPZ_1,data/cache/v4_final_drfold2/9FPZ_1/rets_dir/cfg_97_model_3.ret,20891226,1363399ac68206872badac0a55b8aedbe534425b455180a3f77976d7111de300
drfold_checkpoint_output,9FPZ_1,data/cache/v4_final_drfold2/9FPZ_1/rets_dir/cfg_97_model_4.ret,20891226,97e5e7fb935d43f47001f715e6375d2d8d61901f0e880df225d36fc5a0c46cda
drfold_checkpoint_output,9FPZ_1,data/cache/v4_final_drfold2/9FPZ_1/rets_dir/cfg_97_model_5.ret,20891226,27f42e57a244d7a9e229bed4df52354bf45f2ecec1420680b8fd44fae8f230f1
drfold_checkpoint_output,9FPZ_1,data/cache/v4_final_drfold2/9FPZ_1/rets_dir/cfg_97_model_6.ret,20891226,9e927ec61ea0a32c1feeecfb861fcbfa16f3555efac922198816fe88f726d244
drfold_checkpoint_output,9FPZ_1,data/cache/v4_final_drfold2/9FPZ_1/rets_dir/cfg_97_model_7.ret,20891226,fc067a134bf5f90b4c7f4e6e6f77f333e73188da2091287543a3719abd72e636
drfold_checkpoint_output,9FPZ_1,data/cache/v4_final_drfold2/9FPZ_1/rets_dir/cfg_97_model_8.ret,20891226,8e9d64f9b4e600da32516b9fe6b8e773bdba63212f56cf8aaaaf098380f0c384
drfold_checkpoint_output,9FPZ_1,data/cache/v4_final_drfold2/9FPZ_1/rets_dir/cfg_97_model_9.ret,20891226,452b8d20d9c9449820cede219dd6daa6410c729815a3bf4fda77989519c83605
drfold_checkpoint_output,9FQ0_1,data/cache/v4_final_drfold2/9FQ0_1/rets_dir/cfg_97_model_0.ret,20613682,90da24506997bc92ee3f018d5b7d16e1f87e5f989c4a55b23d7e72abd25b97bf
drfold_checkpoint_output,9FQ0_1,data/cache/v4_final_drfold2/9FQ0_1/rets_dir/cfg_97_model_1.ret,20613682,714c9e735dd58e3305151c8153bdebb1355dd4118541532cb3c9b45a41640bb9
drfold_checkpoint_output,9FQ0_1,data/cache/v4_final_drfold2/9FQ0_1/rets_dir/cfg_97_model_10.ret,20613682,d89e855a83b590ea6e4ffe6f3f7c15483e77bbd4fce363bfb9e1a6931d8170a4
drfold_checkpoint_output,9FQ0_1,data/cache/v4_final_drfold2/9FQ0_1/rets_dir/cfg_97_model_11.ret,20613682,a36f12155d4290e4313a38e845b10ef8456ee07be3bed063ffa08a64e8489f0c
drfold_checkpoint_output,9FQ0_1,data/cache/v4_final_drfold2/9FQ0_1/rets_dir/cfg_97_model_12.ret,20613682,f000c8393af09ff8af8e9cbf467d1f284a7cf27a4c93c659639a89000ca533c7
drfold_checkpoint_output,9FQ0_1,data/cache/v4_final_drfold2/9FQ0_1/rets_dir/cfg_97_model_13.ret,20613682,8f43e4fc5f99c092d0bcb9297f028df11be7df958d2f92320fcbf57059840fcf
drfold_checkpoint_output,9FQ0_1,data/cache/v4_final_drfold2/9FQ0_1/rets_dir/cfg_97_model_14.ret,20613682,7c0ee4f36366cc87d0d55b0247902a05009056dda802d60c04704f64e9140e1e
drfold_checkpoint_output,9FQ0_1,data/cache/v4_final_drfold2/9FQ0_1/rets_dir/cfg_97_model_15.ret,20613682,d9e0ee16f158d57a47cb32c49cebe5279c3db916df47c36c1e2fc39bd6754b17
drfold_checkpoint_output,9FQ0_1,data/cache/v4_final_drfold2/9FQ0_1/rets_dir/cfg_97_model_16.ret,20613682,3e9fafc9c5171e3a25c1ac71b7b1da0993304c71b5884071031c4907d1accca6
drfold_checkpoint_output,9FQ0_1,data/cache/v4_final_drfold2/9FQ0_1/rets_dir/cfg_97_model_17.ret,20613682,3d474f9df9021a7b347b2c952a5c45fd468b1a6b00a3460aa0b0bbc7982d550b
drfold_checkpoint_output,9FQ0_1,data/cache/v4_final_drfold2/9FQ0_1/rets_dir/cfg_97_model_18.ret,20613682,50f64ed340668bdc787801ec0e26cfd3171d6ff50e0f052e668aa1021939d335
drfold_checkpoint_output,9FQ0_1,data/cache/v4_final_drfold2/9FQ0_1/rets_dir/cfg_97_model_19.ret,20613682,1905daac903cc4fc3a9801e9f161bf2ddcacc45cb8fd4eed194bcae0993ff0c0
drfold_checkpoint_output,9FQ0_1,data/cache/v4_final_drfold2/9FQ0_1/rets_dir/cfg_97_model_2.ret,20613682,c0c081e4ccc969554a780bde4d9391f397ded428db789d43246b843ba8402213
drfold_checkpoint_output,9FQ0_1,data/cache/v4_final_drfold2/9FQ0_1/rets_dir/cfg_97_model_3.ret,20613682,0c65d0e382eb45a856a834a1b1f2b000c1e874762868176b0e4478771e3a65a8
drfold_checkpoint_output,9FQ0_1,data/cache/v4_final_drfold2/9FQ0_1/rets_dir/cfg_97_model_4.ret,20613682,79490e2765bf386e6d195cc0a799ac54a73dced12e352adc66140fde94f3d2c9
drfold_checkpoint_output,9FQ0_1,data/cache/v4_final_drfold2/9FQ0_1/rets_dir/cfg_97_model_5.ret,20613682,1f01db0e7b88102d05f494ace3441e23eee64fdb1195b1930cd2032593d4fdac
drfold_checkpoint_output,9FQ0_1,data/cache/v4_final_drfold2/9FQ0_1/rets_dir/cfg_97_model_6.ret,20613682,18ef432f8b76d8a57f14880f4c5fd95c6865c793d16f799255a38d2882e5976c
drfold_checkpoint_output,9FQ0_1,data/cache/v4_final_drfold2/9FQ0_1/rets_dir/cfg_97_model_7.ret,20613682,4fe1463e91eb2ad35a48912ebc9a9afadec0e02bbf4ce3019d5bb7edb64ddf50
drfold_checkpoint_output,9FQ0_1,data/cache/v4_final_drfold2/9FQ0_1/rets_dir/cfg_97_model_8.ret,20613682,33130c6551311e5af4bb728bf4e02865ddafa20ffe47251e9a06c2fe1aedcb4a
drfold_checkpoint_output,9FQ0_1,data/cache/v4_final_drfold2/9FQ0_1/rets_dir/cfg_97_model_9.ret,20613682,32c8db521ee367ff89cdc0a1b932d24479330ebdfd34c3778ec69daaf722a252
drfold_checkpoint_output,9G6K_l2,data/cache/v4_final_drfold2/9G6K_l2/rets_dir/cfg_97_model_0.ret,224476,de257ad1b753032de46475d12ff053c7c9feb91b0501e4ab02f7a00a36a4a4ca
drfold_checkpoint_output,9G6K_l2,data/cache/v4_final_drfold2/9G6K_l2/rets_dir/cfg_97_model_1.ret,224476,43ee5cd35cb169d77da7a33d5ed0c0ca311fa5f158bf8ae7273f80eb25bcf0ca
drfold_checkpoint_output,9G6K_l2,data/cache/v4_final_drfold2/9G6K_l2/rets_dir/cfg_97_model_10.ret,224476,12861592cd03e72ad20478101be64e4ecc5fdea3297acd1ddae5e7bb1164722c
drfold_checkpoint_output,9G6K_l2,data/cache/v4_final_drfold2/9G6K_l2/rets_dir/cfg_97_model_11.ret,224476,bd4300ba66e9e56204db354e4ae81fe166daf485fe33383ec9d3af6543424e97
drfold_checkpoint_output,9G6K_l2,data/cache/v4_final_drfold2/9G6K_l2/rets_dir/cfg_97_model_12.ret,224476,1907a47f97f23604771c121698141dbaef6a35809ea015a6f39ee66ebf0dcdce
drfold_checkpoint_output,9G6K_l2,data/cache/v4_final_drfold2/9G6K_l2/rets_dir/cfg_97_model_13.ret,224476,e0cdc784de610a80e5698be947f42260046dfd1431da9281731b02a36207bfca
drfold_checkpoint_output,9G6K_l2,data/cache/v4_final_drfold2/9G6K_l2/rets_dir/cfg_97_model_14.ret,224476,bf09d77b86cc53b3389dfbc87aea887e507c06467a27b470fe2296486feb371c
drfold_checkpoint_output,9G6K_l2,data/cache/v4_final_drfold2/9G6K_l2/rets_dir/cfg_97_model_15.ret,224476,fb03174a7412cd8a093914c0456fe1e8494e8ce5ed42f6cb96274bcfd65b91d8
drfold_checkpoint_output,9G6K_l2,data/cache/v4_final_drfold2/9G6K_l2/rets_dir/cfg_97_model_16.ret,224476,dcdd56282a46332131aae717f606af9c1142a9a86a63c802193263c5eb34a5b9
drfold_checkpoint_output,9G6K_l2,data/cache/v4_final_drfold2/9G6K_l2/rets_dir/cfg_97_model_17.ret,224476,a48a04442bfc0ae7269e486b50c261efd018a5dafce137ea999a770920f62122
drfold_checkpoint_output,9G6K_l2,data/cache/v4_final_drfold2/9G6K_l2/rets_dir/cfg_97_model_18.ret,224476,4c121bbb206e196942a7d288117544d051404c10d3db46926c83c57acd725bc5
drfold_checkpoint_output,9G6K_l2,data/cache/v4_final_drfold2/9G6K_l2/rets_dir/cfg_97_model_19.ret,224476,fa679a8719b3d374eed5f7144d5d2e51b250d613e8cf443b4d32da006aa9b223
drfold_checkpoint_output,9G6K_l2,data/cache/v4_final_drfold2/9G6K_l2/rets_dir/cfg_97_model_2.ret,224476,e6f8d12183f09db148bbd9b9eb523500597db92184e62755f83e51969e96bf36
drfold_checkpoint_output,9G6K_l2,data/cache/v4_final_drfold2/9G6K_l2/rets_dir/cfg_97_model_3.ret,224476,f966ad9e8e12cb733a628c6eb997b49ac0e90c1482fa1cb100eb0c1b91f5585d
drfold_checkpoint_output,9G6K_l2,data/cache/v4_final_drfold2/9G6K_l2/rets_dir/cfg_97_model_4.ret,224476,af036e15ddd0420aee6efc55ab3af5d32de4b93c261df4762e21a9f62917c2c3
drfold_checkpoint_output,9G6K_l2,data/cache/v4_final_drfold2/9G6K_l2/rets_dir/cfg_97_model_5.ret,224476,4ac87a28bf32cd8250b9f476294807347d18ba8c50a0cb7ea10c33302db3891f
drfold_checkpoint_output,9G6K_l2,data/cache/v4_final_drfold2/9G6K_l2/rets_dir/cfg_97_model_6.ret,224476,46b97c8d8e266b9fbcabbbaab2c348269f43b1382e008e34f6e64fed600dae4d
drfold_checkpoint_output,9G6K_l2,data/cache/v4_final_drfold2/9G6K_l2/rets_dir/cfg_97_model_7.ret,224476,7040010aef609a3cf1465506a7eea1f8d9edc12a0a71bfb93362c0bb35f87ff2
drfold_checkpoint_output,9G6K_l2,data/cache/v4_final_drfold2/9G6K_l2/rets_dir/cfg_97_model_8.ret,224476,d08dbd17c65128115f864c83410313ac6046eb0a2aaf0f381cce2d90581dabb9
drfold_checkpoint_output,9G6K_l2,data/cache/v4_final_drfold2/9G6K_l2/rets_dir/cfg_97_model_9.ret,224476,f53cab62f52713cc5f9f16c3c91d8db62010090dc69fcbcd508a07b69160f766
drfold_checkpoint_output,9G6K_l4,data/cache/v4_final_drfold2/9G6K_l4/rets_dir/cfg_97_model_0.ret,2053744,de6af8aaa3252965d1576b7cec5586203ba1208a1857262ada0a93331204eaf4
drfold_checkpoint_output,9G6K_l4,data/cache/v4_final_drfold2/9G6K_l4/rets_dir/cfg_97_model_1.ret,2053744,673f6095686f0c5761b91bb1a23550d33a57d817d8e60678958aa3bc8993ad96
drfold_checkpoint_output,9G6K_l4,data/cache/v4_final_drfold2/9G6K_l4/rets_dir/cfg_97_model_10.ret,2053744,b7fd8800413f88f00375e8ac3f45c496d3f9175a1ecb8ed165bb5d8269b8ed46
drfold_checkpoint_output,9G6K_l4,data/cache/v4_final_drfold2/9G6K_l4/rets_dir/cfg_97_model_11.ret,2053744,6dfdcc7af0f8684cf020f57417bb84084dbc3db7bd87e3ec35b9dd572b408afa
drfold_checkpoint_output,9G6K_l4,data/cache/v4_final_drfold2/9G6K_l4/rets_dir/cfg_97_model_12.ret,2053744,495b3f14f43aaad8e7da252eb3748b141f35168429e1b952c97f83a4486c0098
drfold_checkpoint_output,9G6K_l4,data/cache/v4_final_drfold2/9G6K_l4/rets_dir/cfg_97_model_13.ret,2053744,b4774310508df979e27547bbfd4c911f0c93dffdebb631f85d308f0e2f490557
drfold_checkpoint_output,9G6K_l4,data/cache/v4_final_drfold2/9G6K_l4/rets_dir/cfg_97_model_14.ret,2053744,c6ec202934a2383ad021ed84930d2c10c9b73790c9106a077dbc8d1c0e20a4cb
drfold_checkpoint_output,9G6K_l4,data/cache/v4_final_drfold2/9G6K_l4/rets_dir/cfg_97_model_15.ret,2053744,16d5679dd8fb9019fd175b113aec34646acc818a0f164bba0c25505440dd7935
drfold_checkpoint_output,9G6K_l4,data/cache/v4_final_drfold2/9G6K_l4/rets_dir/cfg_97_model_16.ret,2053744,765050f23a33e502652af7dda8f06ca0568efa277f33170e1a35f158e2f9f145
drfold_checkpoint_output,9G6K_l4,data/cache/v4_final_drfold2/9G6K_l4/rets_dir/cfg_97_model_17.ret,2053744,ceb198a68c3aeb651cfb9bc3e077cff4afbf87c72c2cab5329f4a6dd55125ac4
drfold_checkpoint_output,9G6K_l4,data/cache/v4_final_drfold2/9G6K_l4/rets_dir/cfg_97_model_18.ret,2053744,671a9e40b71c7021a96e44d3e92f2fee7c8a74f2e92e785eee0803187240ca18
drfold_checkpoint_output,9G6K_l4,data/cache/v4_final_drfold2/9G6K_l4/rets_dir/cfg_97_model_19.ret,2053744,6a6adb6dbea4bcc93098cbe81e300ddefdcc29fb2f60c63e21ec33e9d3ea5830
drfold_checkpoint_output,9G6K_l4,data/cache/v4_final_drfold2/9G6K_l4/rets_dir/cfg_97_model_2.ret,2053744,88e822083b1a67d36f4928f2035056921fef42475f32f40a2cad9d6613d58818
drfold_checkpoint_output,9G6K_l4,data/cache/v4_final_drfold2/9G6K_l4/rets_dir/cfg_97_model_3.ret,2053744,9a632e688f636acccb23f4fb1c0b1d02a5e3eaab34cc930e2c90a752b486f6cb
drfold_checkpoint_output,9G6K_l4,data/cache/v4_final_drfold2/9G6K_l4/rets_dir/cfg_97_model_4.ret,2053744,63829cdb16ac410bb3daa06d51e11c3596fe279328c33f1e12c3f222bfb9849e
drfold_checkpoint_output,9G6K_l4,data/cache/v4_final_drfold2/9G6K_l4/rets_dir/cfg_97_model_5.ret,2053744,a9e8878142be358e7ee81c932d97e494a99f62bc72d32b3c53773d744b7f72e6
drfold_checkpoint_output,9G6K_l4,data/cache/v4_final_drfold2/9G6K_l4/rets_dir/cfg_97_model_6.ret,2053744,78f5b91441a63b68623b581148e9fc1232cf8ca9e67834da1c4e9012e0e4fc08
drfold_checkpoint_output,9G6K_l4,data/cache/v4_final_drfold2/9G6K_l4/rets_dir/cfg_97_model_7.ret,2053744,0ed30ebef4a2c4e7a18f133dd969a7009dd6e2353e995d6cc89eb9eda95e5db1
drfold_checkpoint_output,9G6K_l4,data/cache/v4_final_drfold2/9G6K_l4/rets_dir/cfg_97_model_8.ret,2053744,6969d5720c8bb42d47dba07bb6fdac0753cfc950a32bdf913dd2aefa088daf5f
drfold_checkpoint_output,9G6K_l4,data/cache/v4_final_drfold2/9G6K_l4/rets_dir/cfg_97_model_9.ret,2053744,3f6b0b3d7bbdd6e6cb814acaa86f332c84289d40e3eb0d9d66e3c438388a1643
drfold_checkpoint_output,9G6K_l6,data/cache/v4_final_drfold2/9G6K_l6/rets_dir/cfg_97_model_0.ret,582208,e397fc7b179270390d191348215f69d533b480858c90adde8d499d6e560a3b86
drfold_checkpoint_output,9G6K_l6,data/cache/v4_final_drfold2/9G6K_l6/rets_dir/cfg_97_model_1.ret,582208,6a262a87eb49301c21a600379ecff2a4ad6f34dc7050d01cde5ca1638f5f5386
drfold_checkpoint_output,9G6K_l6,data/cache/v4_final_drfold2/9G6K_l6/rets_dir/cfg_97_model_10.ret,582208,a28e79a02086da91ae1739aa6d0548f8d5fa3fd1c6a4d9f26b93be3c6a29a1e6
drfold_checkpoint_output,9G6K_l6,data/cache/v4_final_drfold2/9G6K_l6/rets_dir/cfg_97_model_11.ret,582208,d7b7239d87281ce2031783bbb48b2a3aea3bdf6803be16cafa0df9bba71a36ab
drfold_checkpoint_output,9G6K_l6,data/cache/v4_final_drfold2/9G6K_l6/rets_dir/cfg_97_model_12.ret,582208,c73528759037acfa9a663d59eb37b3827dbb81e2e36c2e064ecd0c38bbe282b3
drfold_checkpoint_output,9G6K_l6,data/cache/v4_final_drfold2/9G6K_l6/rets_dir/cfg_97_model_13.ret,582208,af9e4ed4f83e94ce2e08acc9b14925383ca933f5862a39262e2bb82a538719ca
drfold_checkpoint_output,9G6K_l6,data/cache/v4_final_drfold2/9G6K_l6/rets_dir/cfg_97_model_14.ret,582208,00b83cb3eea5c4dd55b69158f0cba6c7742d52e94b54029d9a625a72ecfe83c3
drfold_checkpoint_output,9G6K_l6,data/cache/v4_final_drfold2/9G6K_l6/rets_dir/cfg_97_model_15.ret,582208,4722902457af6d093586157c04c044c389c93db0445fbb39bb2e689dc234b185
drfold_checkpoint_output,9G6K_l6,data/cache/v4_final_drfold2/9G6K_l6/rets_dir/cfg_97_model_16.ret,582208,d18b60a2cf3e084dea2a76924a21897321f8a602c6dcb7ad0585a5e82b72bd00
drfold_checkpoint_output,9G6K_l6,data/cache/v4_final_drfold2/9G6K_l6/rets_dir/cfg_97_model_17.ret,582208,0db2d51418e652de4546a1f7aea5579c7f91cb4b104d2ab2c90f463ca19c448d
drfold_checkpoint_output,9G6K_l6,data/cache/v4_final_drfold2/9G6K_l6/rets_dir/cfg_97_model_18.ret,582208,731f3634b17ba2390e90086bec8ece0edcfac82a672c62b250b0aa04e1257846
drfold_checkpoint_output,9G6K_l6,data/cache/v4_final_drfold2/9G6K_l6/rets_dir/cfg_97_model_19.ret,582208,7c008e31f1821a0f308dc6efa3215935de173be23ca43bdebe0ed92b9a7d9caa
drfold_checkpoint_output,9G6K_l6,data/cache/v4_final_drfold2/9G6K_l6/rets_dir/cfg_97_model_2.ret,582208,912e3a385ffce00995cb13ddad39d8d5a441a605128836fcf7362f2fa3ac3b65
drfold_checkpoint_output,9G6K_l6,data/cache/v4_final_drfold2/9G6K_l6/rets_dir/cfg_97_model_3.ret,582208,ced48a1ddf4f712a3cba0f9f73c42e2f016534891eec51a03be1f79adf530c91
drfold_checkpoint_output,9G6K_l6,data/cache/v4_final_drfold2/9G6K_l6/rets_dir/cfg_97_model_4.ret,582208,599c4dffeac51c35b2aec4e0a169b8a34d7ac2a2739033dd97b7c9bf56db6c60
drfold_checkpoint_output,9G6K_l6,data/cache/v4_final_drfold2/9G6K_l6/rets_dir/cfg_97_model_5.ret,582208,9a3fdb63dab43f9a1e0a09918de203bf119c7720fd07a140126d146d33ebc6c3
drfold_checkpoint_output,9G6K_l6,data/cache/v4_final_drfold2/9G6K_l6/rets_dir/cfg_97_model_6.ret,582208,8273595fa99e4b3d16f47a3dcb5fab6d838ed9ab2d5f0c574475833b84fec9f8
drfold_checkpoint_output,9G6K_l6,data/cache/v4_final_drfold2/9G6K_l6/rets_dir/cfg_97_model_7.ret,582208,bb4f6a8a9f52386727c1e41e217de5d18b8e8ea394e740c8858e46a4d5391979
drfold_checkpoint_output,9G6K_l6,data/cache/v4_final_drfold2/9G6K_l6/rets_dir/cfg_97_model_8.ret,582208,c996461899b8d7d7e3fb2bfc6758e05a1ba56736a031ff9b4f4f725c44892d29
drfold_checkpoint_output,9G6K_l6,data/cache/v4_final_drfold2/9G6K_l6/rets_dir/cfg_97_model_9.ret,582208,3d8cc3faaab1db8ddd696f4138681f2d3c4da6d52d3692a1851a2895264f5db1
drfold_checkpoint_output,9G6K_l7,data/cache/v4_final_drfold2/9G6K_l7/rets_dir/cfg_97_model_0.ret,1107444,d34e35703fb4933b95ff91f43460dc7c5df99e104e99c5863117ce2a06d5aa94
drfold_checkpoint_output,9G6K_l7,data/cache/v4_final_drfold2/9G6K_l7/rets_dir/cfg_97_model_1.ret,1107444,3ce672f4745a8ec1dc71c2bdb96d8584c63b72f7fef2c1c61491b3d14e0e5527
drfold_checkpoint_output,9G6K_l7,data/cache/v4_final_drfold2/9G6K_l7/rets_dir/cfg_97_model_10.ret,1107444,2a88df53d7e37e0e865f01228cad3b6bc59a04262b9e5bd8d60184832cd82ac6
drfold_checkpoint_output,9G6K_l7,data/cache/v4_final_drfold2/9G6K_l7/rets_dir/cfg_97_model_11.ret,1107444,30415d2ec33a74e8b93cbdf748d0b7408fb9fb7568a9c320285d18b2af906158
drfold_checkpoint_output,9G6K_l7,data/cache/v4_final_drfold2/9G6K_l7/rets_dir/cfg_97_model_12.ret,1107444,3abc2d7f4cf9a0c0444813bce078bd3ac872f4b05b93002b82b9e8b572ea48d6
drfold_checkpoint_output,9G6K_l7,data/cache/v4_final_drfold2/9G6K_l7/rets_dir/cfg_97_model_13.ret,1107444,c63d4761eb3bb10a4df1b8e8887400124784bd3701331a9946fa30da3bff04d5
drfold_checkpoint_output,9G6K_l7,data/cache/v4_final_drfold2/9G6K_l7/rets_dir/cfg_97_model_14.ret,1107444,0712d84bf55de3f8ea5337ca1dd4920ca580c837bd8d2c937d460941e50d185c
drfold_checkpoint_output,9G6K_l7,data/cache/v4_final_drfold2/9G6K_l7/rets_dir/cfg_97_model_15.ret,1107444,5431cb57cb242f0f8c999fce1d635c7da0b7ee824b46412b52dfb239e47833e1
drfold_checkpoint_output,9G6K_l7,data/cache/v4_final_drfold2/9G6K_l7/rets_dir/cfg_97_model_16.ret,1107444,181dd6f38d99266b23d681f5dbef44464147e77b2b4b97b59b0ed9c9805e24f3
drfold_checkpoint_output,9G6K_l7,data/cache/v4_final_drfold2/9G6K_l7/rets_dir/cfg_97_model_17.ret,1107444,9b306b34c4ac96a38a509ca12c43c277747ab67f5128b90ac5d93abc52401bbb
drfold_checkpoint_output,9G6K_l7,data/cache/v4_final_drfold2/9G6K_l7/rets_dir/cfg_97_model_18.ret,1107444,80c744fce5b3c3858f54056d4bbdcbcc0ec9aea670608909fbe6dca1f9bdf7ec
drfold_checkpoint_output,9G6K_l7,data/cache/v4_final_drfold2/9G6K_l7/rets_dir/cfg_97_model_19.ret,1107444,41a7e37156ca9096e3564ac3ea693163e727425494ad85996e8fccc633868b48
drfold_checkpoint_output,9G6K_l7,data/cache/v4_final_drfold2/9G6K_l7/rets_dir/cfg_97_model_2.ret,1107444,bf73f974c2bfd91b4f21334a26d0d685731c1ecb65fc6e7986e9ce33ef8e0464
drfold_checkpoint_output,9G6K_l7,data/cache/v4_final_drfold2/9G6K_l7/rets_dir/cfg_97_model_3.ret,1107444,81b8fbc9351bf8855f4abe238fcb021402ead3110c9d7c95bed9bad67fac9037
drfold_checkpoint_output,9G6K_l7,data/cache/v4_final_drfold2/9G6K_l7/rets_dir/cfg_97_model_4.ret,1107444,a6697387d29e434f67f60b3aa74caeba390e3d9a0e970025653ac3fa188d4bf4
drfold_checkpoint_output,9G6K_l7,data/cache/v4_final_drfold2/9G6K_l7/rets_dir/cfg_97_model_5.ret,1107444,36efc41994be4b7d5384a8af3f9517e189bafa8edb63b1d01e7c253778fb31ef
drfold_checkpoint_output,9G6K_l7,data/cache/v4_final_drfold2/9G6K_l7/rets_dir/cfg_97_model_6.ret,1107444,9d24d19ecf0bf9e28bc28b82d9671c283365c04b1b25866a0ab093a7c520fd84
drfold_checkpoint_output,9G6K_l7,data/cache/v4_final_drfold2/9G6K_l7/rets_dir/cfg_97_model_7.ret,1107444,4ca6c032cac444c40419ae2862f045a5d7df7048e45fe7841b0c280483e39a45
drfold_checkpoint_output,9G6K_l7,data/cache/v4_final_drfold2/9G6K_l7/rets_dir/cfg_97_model_8.ret,1107444,b7390ee7ac8c172a06ab8a9a115984a571b4eed01f669a692b6a7d490df2ac93
drfold_checkpoint_output,9G6K_l7,data/cache/v4_final_drfold2/9G6K_l7/rets_dir/cfg_97_model_9.ret,1107444,e5b10d6773e3f9c8871ae1ab4938218b144c385a8b49fc3f3f7320f118b0135d
drfold_checkpoint_output,9G6K_l8,data/cache/v4_final_drfold2/9G6K_l8/rets_dir/cfg_97_model_0.ret,254244,cf1eddfa75427a3421c73ef92256fb459a8a86e34644654ec1650db79a9dffa9
drfold_checkpoint_output,9G6K_l8,data/cache/v4_final_drfold2/9G6K_l8/rets_dir/cfg_97_model_1.ret,254244,cb79a1c3b5fc3d2b0d7e2c514c792c6e075ecfae5edeae0ee64e32b6e4406608
drfold_checkpoint_output,9G6K_l8,data/cache/v4_final_drfold2/9G6K_l8/rets_dir/cfg_97_model_10.ret,254244,bb16ea453a8eb881f0a2748c6d84d5b4c3c809e8e5ef8231ac9774a4bf8566a4
drfold_checkpoint_output,9G6K_l8,data/cache/v4_final_drfold2/9G6K_l8/rets_dir/cfg_97_model_11.ret,254244,a62f9b04deba1ec87e6e068c4c819c0482c31d20d93efcb6332bf59aaeda8631
drfold_checkpoint_output,9G6K_l8,data/cache/v4_final_drfold2/9G6K_l8/rets_dir/cfg_97_model_12.ret,254244,a2e7dce4b74e237500aac53c421ac4f4f71c6ef8804b2967a33bea99bfe8b873
drfold_checkpoint_output,9G6K_l8,data/cache/v4_final_drfold2/9G6K_l8/rets_dir/cfg_97_model_13.ret,254244,07c042e83e2923773595aefb7da2fab182397ea8d584414267012bc362608d40
drfold_checkpoint_output,9G6K_l8,data/cache/v4_final_drfold2/9G6K_l8/rets_dir/cfg_97_model_14.ret,254244,1c1f3815b43ff822d94b15c25f4ec070f7e18af30d85dd61169bc8c90065142d
drfold_checkpoint_output,9G6K_l8,data/cache/v4_final_drfold2/9G6K_l8/rets_dir/cfg_97_model_15.ret,254244,5007657ba1e1a8d5dfc92c90369ccd47f10d1737c50a7a7c526868079b75c322
drfold_checkpoint_output,9G6K_l8,data/cache/v4_final_drfold2/9G6K_l8/rets_dir/cfg_97_model_16.ret,254244,f362a1908d8bf5b890635a5bbb54e0249123b4edd86224c98851d4d52d8b6e2e
drfold_checkpoint_output,9G6K_l8,data/cache/v4_final_drfold2/9G6K_l8/rets_dir/cfg_97_model_17.ret,254244,978e472ee58430fc14e088635d2c2ec3baf76b10e881b36b0cdc6a2560e4339a
drfold_checkpoint_output,9G6K_l8,data/cache/v4_final_drfold2/9G6K_l8/rets_dir/cfg_97_model_18.ret,254244,e48ab471a5f8a8b52e8fec3a823a6e2e519068109b5ba6b0d6d23fbbdda29477
drfold_checkpoint_output,9G6K_l8,data/cache/v4_final_drfold2/9G6K_l8/rets_dir/cfg_97_model_19.ret,254244,2188cbd3d3fb583e67ed4d5d1fb0b5b0caefae0d167a30a4a2c903120c39093d
drfold_checkpoint_output,9G6K_l8,data/cache/v4_final_drfold2/9G6K_l8/rets_dir/cfg_97_model_2.ret,254244,eebac842663bbefdb7e29989bac967a3aa963987a8296ab356c41f7575755ca7
drfold_checkpoint_output,9G6K_l8,data/cache/v4_final_drfold2/9G6K_l8/rets_dir/cfg_97_model_3.ret,254244,98ebfa83f741f6fcbe3bbd4704091ac2776c54486066fd7dad94b9de3c4ee4b9
drfold_checkpoint_output,9G6K_l8,data/cache/v4_final_drfold2/9G6K_l8/rets_dir/cfg_97_model_4.ret,254244,7ef7754ddf3b78789e83e2684d92f16f5c25cd9a7443b815f0994872ac986128
drfold_checkpoint_output,9G6K_l8,data/cache/v4_final_drfold2/9G6K_l8/rets_dir/cfg_97_model_5.ret,254244,f42da2ae5cf0e057cd99333fe29b1392fab3c529d81ae94ab7d6e36f2385df5b
drfold_checkpoint_output,9G6K_l8,data/cache/v4_final_drfold2/9G6K_l8/rets_dir/cfg_97_model_6.ret,254244,656171afc36f85ffbb4770e45f6d1e128da0534089f71e2317e769b85366bf5e
drfold_checkpoint_output,9G6K_l8,data/cache/v4_final_drfold2/9G6K_l8/rets_dir/cfg_97_model_7.ret,254244,77d78af055bd9292df63a167a5aef7814606b1899e75a551f9e80feb5bfd3d01
drfold_checkpoint_output,9G6K_l8,data/cache/v4_final_drfold2/9G6K_l8/rets_dir/cfg_97_model_8.ret,254244,0f81d5fee4ea3ccb2ab56671c63024b73cbda62d49ad0ad28ae525f8a7fbf502
drfold_checkpoint_output,9G6K_l8,data/cache/v4_final_drfold2/9G6K_l8/rets_dir/cfg_97_model_9.ret,254244,11a4eb75c1b279f9972c8e4ffacd1e002c9b1efb7a25c7cd68c2df885a0cf940
drfold_checkpoint_output,9G6K_lF,data/cache/v4_final_drfold2/9G6K_lF/rets_dir/cfg_97_model_0.ret,1800184,369b7dc5ff1765d4722e386377fb2ee41e1f34252010a43c17c96a6fe6619714
drfold_checkpoint_output,9G6K_lF,data/cache/v4_final_drfold2/9G6K_lF/rets_dir/cfg_97_model_1.ret,1800184,87b98b61a65e3be6e20edef6d2f9f3ffc050a63e1f380548b67a8e2a30fee6de
drfold_checkpoint_output,9G6K_lF,data/cache/v4_final_drfold2/9G6K_lF/rets_dir/cfg_97_model_10.ret,1800184,15d780ded5ae01761805f51c98266bedf000af5bc48bb80c8fe0abd85c9c562f
drfold_checkpoint_output,9G6K_lF,data/cache/v4_final_drfold2/9G6K_lF/rets_dir/cfg_97_model_11.ret,1800184,564df9dacfba51e145e5768b0ff96c28758280e423d84738c0e38628bd9dbfd8
drfold_checkpoint_output,9G6K_lF,data/cache/v4_final_drfold2/9G6K_lF/rets_dir/cfg_97_model_12.ret,1800184,b25304672c283795287f1a90af6f4a4386b171c40d86d9ee7606781bbda69e05
drfold_checkpoint_output,9G6K_lF,data/cache/v4_final_drfold2/9G6K_lF/rets_dir/cfg_97_model_13.ret,1800184,ef5d811876fc83f0b979441e6f53d8e23ae4adbd8c29584a8c051b9a5a6d60e5
drfold_checkpoint_output,9G6K_lF,data/cache/v4_final_drfold2/9G6K_lF/rets_dir/cfg_97_model_14.ret,1800184,7d92eea1ccb3ef12b73483fa8a61762c333d595c38e6286396dc61f6add64a63
drfold_checkpoint_output,9G6K_lF,data/cache/v4_final_drfold2/9G6K_lF/rets_dir/cfg_97_model_15.ret,1800184,73428359b0bbfe44009253c8f41f4508368679abc80455e8cd7ebdca57cc88d1
drfold_checkpoint_output,9G6K_lF,data/cache/v4_final_drfold2/9G6K_lF/rets_dir/cfg_97_model_16.ret,1800184,75ff8f4aad281ac723440f3d3a69c8d3251dd28d64f81a980a0ae5f8e990cdab
drfold_checkpoint_output,9G6K_lF,data/cache/v4_final_drfold2/9G6K_lF/rets_dir/cfg_97_model_17.ret,1800184,4b164d1449b325135959aad2a4dbba4f9a3cc6507ee37a42176955dce26a236b
drfold_checkpoint_output,9G6K_lF,data/cache/v4_final_drfold2/9G6K_lF/rets_dir/cfg_97_model_18.ret,1800184,b1154bafc4b13a5d2601f4b6856c168c6006eb834f7e0a6354aca13a4994f918
drfold_checkpoint_output,9G6K_lF,data/cache/v4_final_drfold2/9G6K_lF/rets_dir/cfg_97_model_19.ret,1800184,a8d8b5ec39693ac6b5398d25314142ddd436a8748cd859d8a033b7d023c9ac34
drfold_checkpoint_output,9G6K_lF,data/cache/v4_final_drfold2/9G6K_lF/rets_dir/cfg_97_model_2.ret,1800184,891f367c40f8cac9b313fc761ea9be11ee2eba29cb89a5b38e09feaeeed80d9e
drfold_checkpoint_output,9G6K_lF,data/cache/v4_final_drfold2/9G6K_lF/rets_dir/cfg_97_model_3.ret,1800184,614e2a5d0e3c2aef7733e3b9279b65a9381e94235e37b11ac17d0060280ae703
drfold_checkpoint_output,9G6K_lF,data/cache/v4_final_drfold2/9G6K_lF/rets_dir/cfg_97_model_4.ret,1800184,cf898dbec2671860c1643bbb7165699b5bb869052380e9612faa74a1b7dc9b91
drfold_checkpoint_output,9G6K_lF,data/cache/v4_final_drfold2/9G6K_lF/rets_dir/cfg_97_model_5.ret,1800184,11679e792df5d2584d7d77c706ce7b7dc65156104a95f5ea9639be4a03001dc1
drfold_checkpoint_output,9G6K_lF,data/cache/v4_final_drfold2/9G6K_lF/rets_dir/cfg_97_model_6.ret,1800184,8112374d6f8dcfbf3436bef53429ff16ca732d1632987efaee92379423acd60d
drfold_checkpoint_output,9G6K_lF,data/cache/v4_final_drfold2/9G6K_lF/rets_dir/cfg_97_model_7.ret,1800184,797e50fc8d99c4a786426fc4a207eda0352c4e2a15379d1f6f50d459cf96eb15
drfold_checkpoint_output,9G6K_lF,data/cache/v4_final_drfold2/9G6K_lF/rets_dir/cfg_97_model_8.ret,1800184,d2a328065d10f1f1d426ae9a172e5c2a8cba2e9d1a3f81e6b78f29078f8b3044
drfold_checkpoint_output,9G6K_lF,data/cache/v4_final_drfold2/9G6K_lF/rets_dir/cfg_97_model_9.ret,1800184,09392c6dd87f8f71bad3474c171fe05a6eac672c2fb4750ce8ff62e889ef5103
drfold_checkpoint_output,9G6K_lI,data/cache/v4_final_drfold2/9G6K_lI/rets_dir/cfg_97_model_0.ret,536664,b1503d833181e93f2fea0f00a877b83df1ab9dbe59ee8dda5b9f2885e495ce9f
drfold_checkpoint_output,9G6K_lI,data/cache/v4_final_drfold2/9G6K_lI/rets_dir/cfg_97_model_1.ret,536664,bd19a0c720e88d9c547c19b7dff44ba8484b26339e7df59b5374ef5872f4bb36
drfold_checkpoint_output,9G6K_lI,data/cache/v4_final_drfold2/9G6K_lI/rets_dir/cfg_97_model_10.ret,536664,48e2b4714095444326c062fa28e512ba42a837ed359647260c5ea64f16aef0d8
drfold_checkpoint_output,9G6K_lI,data/cache/v4_final_drfold2/9G6K_lI/rets_dir/cfg_97_model_11.ret,536664,8956c38764fdc558f9fb7e38fb69ebc59b52866c3ba87fc3f08dc11a49573dca
drfold_checkpoint_output,9G6K_lI,data/cache/v4_final_drfold2/9G6K_lI/rets_dir/cfg_97_model_12.ret,536664,0340118a3c20cb1e6e21de4ca730f7da099ee88558d27799cb41ef9049ffb1ad
drfold_checkpoint_output,9G6K_lI,data/cache/v4_final_drfold2/9G6K_lI/rets_dir/cfg_97_model_13.ret,536664,7f3fae12090053735a24ed5d8f5827026680dc6653368ead14b52aeaaaac9fd2
drfold_checkpoint_output,9G6K_lI,data/cache/v4_final_drfold2/9G6K_lI/rets_dir/cfg_97_model_14.ret,536664,9823375c877971e9d586dac1afd83e5a30b615ba7bac0e79fde19699a704c04a
drfold_checkpoint_output,9G6K_lI,data/cache/v4_final_drfold2/9G6K_lI/rets_dir/cfg_97_model_15.ret,536664,8d70526a61650e4fa1d637a05d106ab69affe5d7dd2df0fccf5c3ffaf9d509d6
drfold_checkpoint_output,9G6K_lI,data/cache/v4_final_drfold2/9G6K_lI/rets_dir/cfg_97_model_16.ret,536664,0c007d6dbeaa0ca3c4f4fe014d607e1bfba5964b29f0d3c702e4f8698a93ac42
drfold_checkpoint_output,9G6K_lI,data/cache/v4_final_drfold2/9G6K_lI/rets_dir/cfg_97_model_17.ret,536664,fc654b4af65b750f0c9321725a24610f3e8e2c3cd8da8b4958c02c621aa61df9
drfold_checkpoint_output,9G6K_lI,data/cache/v4_final_drfold2/9G6K_lI/rets_dir/cfg_97_model_18.ret,536664,0da078f929f96d9ff667c49474e24d1de94975880313c979c1d81f3eff975207
drfold_checkpoint_output,9G6K_lI,data/cache/v4_final_drfold2/9G6K_lI/rets_dir/cfg_97_model_19.ret,536664,743c6e5e383570cc2d29c9d3ec2c57d26d2280d1c87e52f599ae1045b5c408ed
drfold_checkpoint_output,9G6K_lI,data/cache/v4_final_drfold2/9G6K_lI/rets_dir/cfg_97_model_2.ret,536664,4f3e90a8a2a3de3525151b7879d6bd6cee680d26c921610708732c2a27ae3f45
drfold_checkpoint_output,9G6K_lI,data/cache/v4_final_drfold2/9G6K_lI/rets_dir/cfg_97_model_3.ret,536664,84145887db32463bf2fc619891e11820fec9fc2be213c2266609a85b6e5eb230
drfold_checkpoint_output,9G6K_lI,data/cache/v4_final_drfold2/9G6K_lI/rets_dir/cfg_97_model_4.ret,536664,6ad6ddf542b2cb0f7f0ca5094b4633ac934d14dbcf67a7b6e3ea168008e10929
drfold_checkpoint_output,9G6K_lI,data/cache/v4_final_drfold2/9G6K_lI/rets_dir/cfg_97_model_5.ret,536664,09855df5390602ca9688a30bf59ba7ef0c90803eda9d34adcaa667a6df3cdaf3
drfold_checkpoint_output,9G6K_lI,data/cache/v4_final_drfold2/9G6K_lI/rets_dir/cfg_97_model_6.ret,536664,b68500fe10b4c90b0fa29759305de2592a2e03b3588fa6058ecd15bae65719f6
drfold_checkpoint_output,9G6K_lI,data/cache/v4_final_drfold2/9G6K_lI/rets_dir/cfg_97_model_7.ret,536664,d6cf430282c3b43b5b3eb799c3663cd639bea151b317b55d5977f171639fc526
drfold_checkpoint_output,9G6K_lI,data/cache/v4_final_drfold2/9G6K_lI/rets_dir/cfg_97_model_8.ret,536664,2a0b620dcbf57a098726b1fc1c6c7bb0360dd27d54cdc756f9a7ec5dd4e2485a
drfold_checkpoint_output,9G6K_lI,data/cache/v4_final_drfold2/9G6K_lI/rets_dir/cfg_97_model_9.ret,536664,909d768cf14ddb85e5453c4b3260fde92eed53c55b739e916fc22385840948ba
drfold_checkpoint_output,9G6K_lJ,data/cache/v4_final_drfold2/9G6K_lJ/rets_dir/cfg_97_model_0.ret,18069582,78f6eccf1dde5e827cac741295f8e15d87278abbef3f18d5864ad0edc9752d88
drfold_checkpoint_output,9G6K_lJ,data/cache/v4_final_drfold2/9G6K_lJ/rets_dir/cfg_97_model_1.ret,18069582,b4222460822c5d6f91b48f1997c6835e58a372149c8ccafe08368ac4a389b62d
drfold_checkpoint_output,9G6K_lJ,data/cache/v4_final_drfold2/9G6K_lJ/rets_dir/cfg_97_model_10.ret,18069582,0254e6c37bdeb22f668e9fd0af7739a7d8d6b8bc680011b888007588750c9726
drfold_checkpoint_output,9G6K_lJ,data/cache/v4_final_drfold2/9G6K_lJ/rets_dir/cfg_97_model_11.ret,18069582,148045c5137090280ebf09adda4ec06cf85c63fcad8f2ee49a5d99a73321931b
drfold_checkpoint_output,9G6K_lJ,data/cache/v4_final_drfold2/9G6K_lJ/rets_dir/cfg_97_model_12.ret,18069582,1f3ffa630b6a2a03eeba4a09593bff7642ce6b3ec2a87d45fa677bbe5db7da0e
drfold_checkpoint_output,9G6K_lJ,data/cache/v4_final_drfold2/9G6K_lJ/rets_dir/cfg_97_model_13.ret,18069582,16df5dccacab6b52bf7cfbd13d345b286842e973f890587d8f0135848eabc7cc
drfold_checkpoint_output,9G6K_lJ,data/cache/v4_final_drfold2/9G6K_lJ/rets_dir/cfg_97_model_14.ret,18069582,d65ed7304c79df8490f9aaffeb745520e8f35c83f17aca83fb7d1942e3819ab0
drfold_checkpoint_output,9G6K_lJ,data/cache/v4_final_drfold2/9G6K_lJ/rets_dir/cfg_97_model_15.ret,18069582,3e8f1d94fc041291fd80e125aacb1fa0e254f5ac48904a52d1c2097db9b16208
drfold_checkpoint_output,9G6K_lJ,data/cache/v4_final_drfold2/9G6K_lJ/rets_dir/cfg_97_model_16.ret,18069582,1866d43e59d9a1999968feb714c682133b0a293b76be69a3b521044b5cb77f28
drfold_checkpoint_output,9G6K_lJ,data/cache/v4_final_drfold2/9G6K_lJ/rets_dir/cfg_97_model_17.ret,18069582,8fca93ec4501c2be37f4e54c9d43f2d5dc08adfccb4fa4587320a3baec85f838
drfold_checkpoint_output,9G6K_lJ,data/cache/v4_final_drfold2/9G6K_lJ/rets_dir/cfg_97_model_18.ret,18069582,f80e3b8c1687737c660c2bbdc5c8012a200cedf2026ef0e3299923bae14a5a25
drfold_checkpoint_output,9G6K_lJ,data/cache/v4_final_drfold2/9G6K_lJ/rets_dir/cfg_97_model_19.ret,18069582,bf95e114bc0126e7f178860272118cf88eeb435ad66fdb83a6957fcba590021b
drfold_checkpoint_output,9G6K_lJ,data/cache/v4_final_drfold2/9G6K_lJ/rets_dir/cfg_97_model_2.ret,18069582,a5ef49b51da2ae83958c0d0da1da22c4a9d0353863aaffde18038049e054c9a6
drfold_checkpoint_output,9G6K_lJ,data/cache/v4_final_drfold2/9G6K_lJ/rets_dir/cfg_97_model_3.ret,18069582,5a6c3d5e8a841034e3cabc6ff73ecabfc3a85922b3b3db7b15bbfd5a8a0e000a
drfold_checkpoint_output,9G6K_lJ,data/cache/v4_final_drfold2/9G6K_lJ/rets_dir/cfg_97_model_4.ret,18069582,f2732f8faf43d890f3b6c76b76c73b59324b52dc270bde7fd43e9e970c382293
drfold_checkpoint_output,9G6K_lJ,data/cache/v4_final_drfold2/9G6K_lJ/rets_dir/cfg_97_model_5.ret,18069582,17f678606aae95e3536afcc28ca99ed8fe12f068f932a694b5704193f5362dd4
drfold_checkpoint_output,9G6K_lJ,data/cache/v4_final_drfold2/9G6K_lJ/rets_dir/cfg_97_model_6.ret,18069582,cf82bad0fca240c24025026f648ae746695470f549e738e699b7037b0c7d7956
drfold_checkpoint_output,9G6K_lJ,data/cache/v4_final_drfold2/9G6K_lJ/rets_dir/cfg_97_model_7.ret,18069582,e8404c4259cd96294c74655124377d4bd10b93bca80a847eae5d28fa7ba3d868
drfold_checkpoint_output,9G6K_lJ,data/cache/v4_final_drfold2/9G6K_lJ/rets_dir/cfg_97_model_8.ret,18069582,875f68f149b3479c0341c3f05a2c4b42ad380d369e8aef6a8b0086cdcf165db0
drfold_checkpoint_output,9G6K_lJ,data/cache/v4_final_drfold2/9G6K_lJ/rets_dir/cfg_97_model_9.ret,18069582,99e3f68622221ecab6e5796ababec4643fb074cb36b30793a89840748e3a5c49
drfold_checkpoint_output,9G6K_lL,data/cache/v4_final_drfold2/9G6K_lL/rets_dir/cfg_97_model_0.ret,1924876,9311e966a6c7e0680bad10b077b2735ffb046e6db4b5bded00205289acb68f95
drfold_checkpoint_output,9G6K_lL,data/cache/v4_final_drfold2/9G6K_lL/rets_dir/cfg_97_model_1.ret,1924876,c86385bd4fad0cfdeb45141c9690ff2dba442aa897c5191e0c0fcedd68ee1d10
drfold_checkpoint_output,9G6K_lL,data/cache/v4_final_drfold2/9G6K_lL/rets_dir/cfg_97_model_10.ret,1924876,7e0626e097bacfcee1deeca1f36ca1d9ba33272bc0bf195ec19abb77932aaa1e
drfold_checkpoint_output,9G6K_lL,data/cache/v4_final_drfold2/9G6K_lL/rets_dir/cfg_97_model_11.ret,1924876,623122ccf1ecdf558955180785ceba974f10f0b56eecffbec17547dee18c200a
drfold_checkpoint_output,9G6K_lL,data/cache/v4_final_drfold2/9G6K_lL/rets_dir/cfg_97_model_12.ret,1924876,2ac2d5e1f299933742ecb8a9ec82838ac216a10798cbdd6ade0edc53d6a4d759
drfold_checkpoint_output,9G6K_lL,data/cache/v4_final_drfold2/9G6K_lL/rets_dir/cfg_97_model_13.ret,1924876,5016d9c8f03c4f550124634a721f56a1c5dc8285b7801f5ab399010e76f62402
drfold_checkpoint_output,9G6K_lL,data/cache/v4_final_drfold2/9G6K_lL/rets_dir/cfg_97_model_14.ret,1924876,1c142effdb9f1665ec93cfad5e1d6a02b93600abe04e2e53061e487655641c83
drfold_checkpoint_output,9G6K_lL,data/cache/v4_final_drfold2/9G6K_lL/rets_dir/cfg_97_model_15.ret,1924876,46c9588205ea3e67eeffe3b9e95ad67e1c817e63a100c8b41467248ee5419115
drfold_checkpoint_output,9G6K_lL,data/cache/v4_final_drfold2/9G6K_lL/rets_dir/cfg_97_model_16.ret,1924876,9a4d614224ee50eba2d4f20f8c7fca44637adf9d6f195a19249587b1cbbe9df2
drfold_checkpoint_output,9G6K_lL,data/cache/v4_final_drfold2/9G6K_lL/rets_dir/cfg_97_model_17.ret,1924876,ca2bdc27f44b36a09f5dcaf71d1c090efb98882bd0a46d1091a0c175e22259ec
drfold_checkpoint_output,9G6K_lL,data/cache/v4_final_drfold2/9G6K_lL/rets_dir/cfg_97_model_18.ret,1924876,62e9374c4b6c8832c3197edd5510702910546d2536cabff4f0d52c37046d1ff4
drfold_checkpoint_output,9G6K_lL,data/cache/v4_final_drfold2/9G6K_lL/rets_dir/cfg_97_model_19.ret,1924876,188ea54c024f51525213782ab47671706507213e13a0b73589351ac1cc0e1b00
drfold_checkpoint_output,9G6K_lL,data/cache/v4_final_drfold2/9G6K_lL/rets_dir/cfg_97_model_2.ret,1924876,aa4e2c2c74269e0b49bdbfd0f9f249ff0cb1efd16e301555b3865dc55aeb4712
drfold_checkpoint_output,9G6K_lL,data/cache/v4_final_drfold2/9G6K_lL/rets_dir/cfg_97_model_3.ret,1924876,c83bc8706832d79a29deeb6b23d9c7219ec42314c8f9e4d76952ad1ad00edec5
drfold_checkpoint_output,9G6K_lL,data/cache/v4_final_drfold2/9G6K_lL/rets_dir/cfg_97_model_4.ret,1924876,7e0af97f4fddcf3464e857ad36be057f3dd577367f27db56866ad5b02904e571
drfold_checkpoint_output,9G6K_lL,data/cache/v4_final_drfold2/9G6K_lL/rets_dir/cfg_97_model_5.ret,1924876,59353e029199f71463ea7df3d1a8f293bff2cfa8b619d41c0ee37e916573e6da
drfold_checkpoint_output,9G6K_lL,data/cache/v4_final_drfold2/9G6K_lL/rets_dir/cfg_97_model_6.ret,1924876,9d1cdf0548f38c36a214f51d5374850a958fd3d49220d231746cd946bde7f909
drfold_checkpoint_output,9G6K_lL,data/cache/v4_final_drfold2/9G6K_lL/rets_dir/cfg_97_model_7.ret,1924876,ce1412ea72d8fc923b926cf2de3d65ab3394ee4ef121befdeb187a1765bc8748
drfold_checkpoint_output,9G6K_lL,data/cache/v4_final_drfold2/9G6K_lL/rets_dir/cfg_97_model_8.ret,1924876,36a7c4c7cf32eefb5bcc261b0f0b1b9ea804f1b2284cfe68e83def0f05bd061c
drfold_checkpoint_output,9G6K_lL,data/cache/v4_final_drfold2/9G6K_lL/rets_dir/cfg_97_model_9.ret,1924876,576731f8d969fd9c6ab49313b675b37cb6a081941e4f4126f9727b84e538beea
drfold_checkpoint_output,9G6K_lM,data/cache/v4_final_drfold2/9G6K_lM/rets_dir/cfg_97_model_0.ret,8738953,5c3fdd14c0a9da6d74c9798af55b0f930a3af7cc4951248fef2cd446ac8df44a
drfold_checkpoint_output,9G6K_lM,data/cache/v4_final_drfold2/9G6K_lM/rets_dir/cfg_97_model_1.ret,8738953,35cad446f4b85bbbc5b8940d0038032c6ec7ef1c805ca7a95c7a48c164b77db5
drfold_checkpoint_output,9G6K_lM,data/cache/v4_final_drfold2/9G6K_lM/rets_dir/cfg_97_model_10.ret,8738953,c4fa5d88c92f4cf2b12142073dcbee3a99bd6af8a23cc2b3b6fb7076719548ae
drfold_checkpoint_output,9G6K_lM,data/cache/v4_final_drfold2/9G6K_lM/rets_dir/cfg_97_model_11.ret,8738953,1999545f256d8e1bbe7f9e52711bae1feaa7c6b6ea65b03b07eab249e60d3aca
drfold_checkpoint_output,9G6K_lM,data/cache/v4_final_drfold2/9G6K_lM/rets_dir/cfg_97_model_12.ret,8738953,e3ea6318516d101ee6ce47c141f0219bc9a5a167f5dc2e4702adf364b8ee162e
drfold_checkpoint_output,9G6K_lM,data/cache/v4_final_drfold2/9G6K_lM/rets_dir/cfg_97_model_13.ret,8738953,2d7bbd04a062762d936eade06ca3e629ad201187c91218ee45958bb870873871
drfold_checkpoint_output,9G6K_lM,data/cache/v4_final_drfold2/9G6K_lM/rets_dir/cfg_97_model_14.ret,8738953,ece2fd8794af3739c1572f7de781b1c15db4feb2daa382825744d36f193fe31e
drfold_checkpoint_output,9G6K_lM,data/cache/v4_final_drfold2/9G6K_lM/rets_dir/cfg_97_model_15.ret,8738953,021fb6dc1df9301d5715c9494a68b899f33255cb5c7b42333f62468a7f26f454
drfold_checkpoint_output,9G6K_lM,data/cache/v4_final_drfold2/9G6K_lM/rets_dir/cfg_97_model_16.ret,8738953,3cf8aec9348a821517531ea582ad96089f2ae2b9c7c92577bd1d5134a5352edb
drfold_checkpoint_output,9G6K_lM,data/cache/v4_final_drfold2/9G6K_lM/rets_dir/cfg_97_model_17.ret,8738953,f9480a7e5a78af40695cd0e4c70800c129de3b03597080e322f732da8a687192
drfold_checkpoint_output,9G6K_lM,data/cache/v4_final_drfold2/9G6K_lM/rets_dir/cfg_97_model_18.ret,8738953,14fb734ff05099454ba520b102bdd72915c5aa181bbdfa38dbaa5894f2f9fb19
drfold_checkpoint_output,9G6K_lM,data/cache/v4_final_drfold2/9G6K_lM/rets_dir/cfg_97_model_19.ret,8738953,f2da3dde5e087711feb20a739a58395bc5de05a867ade21b22b0c52c4c8d6a07
drfold_checkpoint_output,9G6K_lM,data/cache/v4_final_drfold2/9G6K_lM/rets_dir/cfg_97_model_2.ret,8738953,17ccd67830f22ef5aa15354de9c4f05910b87fa77695b97354ce1d33ce0e3fea
drfold_checkpoint_output,9G6K_lM,data/cache/v4_final_drfold2/9G6K_lM/rets_dir/cfg_97_model_3.ret,8738953,855fe0cd1ab615924f664b5d8890902fde72af103163f3b45d4bbe901fe9cd34
drfold_checkpoint_output,9G6K_lM,data/cache/v4_final_drfold2/9G6K_lM/rets_dir/cfg_97_model_4.ret,8738953,087cdb49efe974bfdaf479e7e9035ae95bf8807f755a6cac0c62217e3c2cea77
drfold_checkpoint_output,9G6K_lM,data/cache/v4_final_drfold2/9G6K_lM/rets_dir/cfg_97_model_5.ret,8738953,43e12a9c275644be4645e3c3b433e98454a22de7d8352ffda473eb48532f3dd1
drfold_checkpoint_output,9G6K_lM,data/cache/v4_final_drfold2/9G6K_lM/rets_dir/cfg_97_model_6.ret,8738953,4923349f85ff6131e80078b418fcded79b4a97d42eeed7818535073ea19cedae
drfold_checkpoint_output,9G6K_lM,data/cache/v4_final_drfold2/9G6K_lM/rets_dir/cfg_97_model_7.ret,8738953,8e9280432c30f1a9a91469ca761c2545b04be0b35a035cd4dd3af044b39aeda2
drfold_checkpoint_output,9G6K_lM,data/cache/v4_final_drfold2/9G6K_lM/rets_dir/cfg_97_model_8.ret,8738953,70e25169cceb511d83fd4b52aa1775df1f60db6e3d3af5d06e2dead099caf1d1
drfold_checkpoint_output,9G6K_lM,data/cache/v4_final_drfold2/9G6K_lM/rets_dir/cfg_97_model_9.ret,8738953,ce450e7621447f406bbfdccd102dfe4405ddef6596038db2d0ddfd1becf5b03a
drfold_checkpoint_output,9G6K_lO,data/cache/v4_final_drfold2/9G6K_lO/rets_dir/cfg_97_model_0.ret,7523697,d5457fd8df001f46f0231308e68fab418a1d9b3e8964aadaff449a715cfe5df8
drfold_checkpoint_output,9G6K_lO,data/cache/v4_final_drfold2/9G6K_lO/rets_dir/cfg_97_model_1.ret,7523697,61cf227977deae73d0a910154d23e544a7b7634016444ffc7b73ad805ce2af12
drfold_checkpoint_output,9G6K_lO,data/cache/v4_final_drfold2/9G6K_lO/rets_dir/cfg_97_model_10.ret,7523697,ec70ef4107ab953a32543565a51eb528dd6587c9e75f29758d9a070d21821d5b
drfold_checkpoint_output,9G6K_lO,data/cache/v4_final_drfold2/9G6K_lO/rets_dir/cfg_97_model_11.ret,7523697,e35877286e795efee06eb9995033de752573dc2e9260a86a03974dc6c1a3608b
drfold_checkpoint_output,9G6K_lO,data/cache/v4_final_drfold2/9G6K_lO/rets_dir/cfg_97_model_12.ret,7523697,101ab0935f4aa3a6ea4dd93b6089c3fe313c4899b8c6b47312c38b16166e0324
drfold_checkpoint_output,9G6K_lO,data/cache/v4_final_drfold2/9G6K_lO/rets_dir/cfg_97_model_13.ret,7523697,7f68cde15ea3efea853dcd33504ad2380f2641888f64976e88f3fe156b48a4d6
drfold_checkpoint_output,9G6K_lO,data/cache/v4_final_drfold2/9G6K_lO/rets_dir/cfg_97_model_14.ret,7523697,dc7a8970ca4abfa7cb0a80b32169fe11789562629f80d4d2a0db548496013b66
drfold_checkpoint_output,9G6K_lO,data/cache/v4_final_drfold2/9G6K_lO/rets_dir/cfg_97_model_15.ret,7523697,0ead8e56678acf37813365ba43500c70e123702601ac84fa207bbb2cf9ac7e60
drfold_checkpoint_output,9G6K_lO,data/cache/v4_final_drfold2/9G6K_lO/rets_dir/cfg_97_model_16.ret,7523697,16fcce85518fa3c73b9cd762c8c5c8bc921e013d110d4d337b842cd17d3193f9
drfold_checkpoint_output,9G6K_lO,data/cache/v4_final_drfold2/9G6K_lO/rets_dir/cfg_97_model_17.ret,7523697,7bf4f07531454545bc3c39073d1b5e98b595947dfdcc5ef3b65f848a8aae2581
drfold_checkpoint_output,9G6K_lO,data/cache/v4_final_drfold2/9G6K_lO/rets_dir/cfg_97_model_18.ret,7523697,f95fe0a85e113a2adb1d2b9b8a605758a670d59f9b557535216841c14db28680
drfold_checkpoint_output,9G6K_lO,data/cache/v4_final_drfold2/9G6K_lO/rets_dir/cfg_97_model_19.ret,7523697,cdd9949ec58f129db4bc147461e8343e5f726249a7dbb7a9a1e7051fa153590a
drfold_checkpoint_output,9G6K_lO,data/cache/v4_final_drfold2/9G6K_lO/rets_dir/cfg_97_model_2.ret,7523697,757e64933ab1258ba960454524bc8b58dc4e2ddb24ca6bae92b5dc2c3cb79536
drfold_checkpoint_output,9G6K_lO,data/cache/v4_final_drfold2/9G6K_lO/rets_dir/cfg_97_model_3.ret,7523697,bb0331e3841c146d196bdc4bc5600017dc9911f3c80e4bbccc85882fdad3f830
drfold_checkpoint_output,9G6K_lO,data/cache/v4_final_drfold2/9G6K_lO/rets_dir/cfg_97_model_4.ret,7523697,4dd78cf61d78dddd1298f4b92dc8416522803823241ab1032fb9581328cd303e
drfold_checkpoint_output,9G6K_lO,data/cache/v4_final_drfold2/9G6K_lO/rets_dir/cfg_97_model_5.ret,7523697,8a4aa1eec929fd80e3a46eef2a63213a7ad10feafcb4e3630aa64ce742739751
drfold_checkpoint_output,9G6K_lO,data/cache/v4_final_drfold2/9G6K_lO/rets_dir/cfg_97_model_6.ret,7523697,dd4ba2752aa6fc2334134c16e2c11b134d5b83b48d241e8c6b2d3a5416d60a7a
drfold_checkpoint_output,9G6K_lO,data/cache/v4_final_drfold2/9G6K_lO/rets_dir/cfg_97_model_7.ret,7523697,60d6b8d4c71dc076385ee09c6e2733e1b37da3448d42fe559aae538b8761d619
drfold_checkpoint_output,9G6K_lO,data/cache/v4_final_drfold2/9G6K_lO/rets_dir/cfg_97_model_8.ret,7523697,3dc2a4e161f1db7ae9304e87fa48361f5be1da0e09c8ba1700d1041d0a09da93
drfold_checkpoint_output,9G6K_lO,data/cache/v4_final_drfold2/9G6K_lO/rets_dir/cfg_97_model_9.ret,7523697,2c72524094ee1862b94fe4136ad87550850302b20950b13c56eaff5508d9cbce
drfold_checkpoint_output,9G6K_lX,data/cache/v4_final_drfold2/9G6K_lX/rets_dir/cfg_97_model_0.ret,782944,ef848bd16d2407082fc3311a93aef5a830a907cab6097b9c96ac128f93192144
drfold_checkpoint_output,9G6K_lX,data/cache/v4_final_drfold2/9G6K_lX/rets_dir/cfg_97_model_1.ret,782944,1885944d4ea5b82d3c5c5a9289d725075d7a03ba112120c37b65729b04302356
drfold_checkpoint_output,9G6K_lX,data/cache/v4_final_drfold2/9G6K_lX/rets_dir/cfg_97_model_10.ret,782944,df81b578c636bd3ea603aa3ce3c04ae61f585b91c84c262e77a84e91946a9c54
drfold_checkpoint_output,9G6K_lX,data/cache/v4_final_drfold2/9G6K_lX/rets_dir/cfg_97_model_11.ret,782944,a109f134c1423803c7537d1460cc6901498e69d9e75266f95eb4e066dfb6484a
drfold_checkpoint_output,9G6K_lX,data/cache/v4_final_drfold2/9G6K_lX/rets_dir/cfg_97_model_12.ret,782944,83ea539e5ac48cdc3fdab2badb63c763d4ca2150dab74f799c2318542ca1f81a
drfold_checkpoint_output,9G6K_lX,data/cache/v4_final_drfold2/9G6K_lX/rets_dir/cfg_97_model_13.ret,782944,258786c8e298faa276c3193206b04d2f998f01011c720f37d9d3be4b5369953c
drfold_checkpoint_output,9G6K_lX,data/cache/v4_final_drfold2/9G6K_lX/rets_dir/cfg_97_model_14.ret,782944,9e48ef0e3cfa10168251b1fee6371dd15794a4b268812ef8a5d425cc941a2e55
drfold_checkpoint_output,9G6K_lX,data/cache/v4_final_drfold2/9G6K_lX/rets_dir/cfg_97_model_15.ret,782944,49aaad1af90d79855c1b60716b89b7f494ce781b03c2e9fbc4a65377a3d4b480
drfold_checkpoint_output,9G6K_lX,data/cache/v4_final_drfold2/9G6K_lX/rets_dir/cfg_97_model_16.ret,782944,2a7550d7157b4dfe08284974c0bb21bc77fa3e267aaa107865127c41477233b6
drfold_checkpoint_output,9G6K_lX,data/cache/v4_final_drfold2/9G6K_lX/rets_dir/cfg_97_model_17.ret,782944,0a25f8162ff13d4b758f4f7f8571791e9ddfd9906674e0535e280d56054976cf
drfold_checkpoint_output,9G6K_lX,data/cache/v4_final_drfold2/9G6K_lX/rets_dir/cfg_97_model_18.ret,782944,5a57f377dd98344c159dff14db58a0a8968e624fcb07f619046f11e0886f2e25
drfold_checkpoint_output,9G6K_lX,data/cache/v4_final_drfold2/9G6K_lX/rets_dir/cfg_97_model_19.ret,782944,8e2c515bdd1bea4189761e977682547744eef2a4e1c4eb70e028703778657be5
drfold_checkpoint_output,9G6K_lX,data/cache/v4_final_drfold2/9G6K_lX/rets_dir/cfg_97_model_2.ret,782944,06192725da772b87494010dd5cb0ea736464ab41cd29727c09be9e5f7d05cce0
drfold_checkpoint_output,9G6K_lX,data/cache/v4_final_drfold2/9G6K_lX/rets_dir/cfg_97_model_3.ret,782944,772196ea7f28089da46b611b42a770b85f97d0f345f1b8cfe2f05d74631972a0
drfold_checkpoint_output,9G6K_lX,data/cache/v4_final_drfold2/9G6K_lX/rets_dir/cfg_97_model_4.ret,782944,ee1704e1ad606899d64a529876f1aa522108e09e00bec1afa4cea5724d586a37
drfold_checkpoint_output,9G6K_lX,data/cache/v4_final_drfold2/9G6K_lX/rets_dir/cfg_97_model_5.ret,782944,a027436345d850a7105f1ad868dbcbb007bd0bd4cab7c74d109600d5209f30f1
drfold_checkpoint_output,9G6K_lX,data/cache/v4_final_drfold2/9G6K_lX/rets_dir/cfg_97_model_6.ret,782944,b2db855549a0ca02387ae6b6fe613239e918695a98f6b78e05852fbea43ce753
drfold_checkpoint_output,9G6K_lX,data/cache/v4_final_drfold2/9G6K_lX/rets_dir/cfg_97_model_7.ret,782944,1e24ca362b259592569f56a725473487cf12aad375df0914d0c3a137c0c7ac66
drfold_checkpoint_output,9G6K_lX,data/cache/v4_final_drfold2/9G6K_lX/rets_dir/cfg_97_model_8.ret,782944,c2971cb2706390e4156c2d91a6b65716f5edb4497271b9f8cce4b96239f06006
drfold_checkpoint_output,9G6K_lX,data/cache/v4_final_drfold2/9G6K_lX/rets_dir/cfg_97_model_9.ret,782944,07ef1a7516f7f6ea7f5377909deaa9c34938e860e6d5f4a60b058ab32f02224a
drfold_checkpoint_output,9G7C_A,data/cache/v4_final_drfold2/9G7C_A/rets_dir/cfg_97_model_0.ret,11649313,f5dc7fccc87476925501e21961a3383e69c23534fef17e8f35a42720c2cf81d5
drfold_checkpoint_output,9G7C_A,data/cache/v4_final_drfold2/9G7C_A/rets_dir/cfg_97_model_1.ret,11649313,3bd1ddf66e8fdaed6119ec00223ef42b572125b4fc37e60c70bb992f1673f29c
drfold_checkpoint_output,9G7C_A,data/cache/v4_final_drfold2/9G7C_A/rets_dir/cfg_97_model_10.ret,11649313,81fe8338de93c0e1816c8b1bec2fc613c163ceffb70c31bf3eb98ecab496e63c
drfold_checkpoint_output,9G7C_A,data/cache/v4_final_drfold2/9G7C_A/rets_dir/cfg_97_model_11.ret,11649313,0e2cdc4768fde1e15e896e41d1c3ed5d2125b56309c1c19f22743cf8312faff4
drfold_checkpoint_output,9G7C_A,data/cache/v4_final_drfold2/9G7C_A/rets_dir/cfg_97_model_12.ret,11649313,5a9abcec95bb519cc56314a09fbabaa741a2231ffdfc63ef3207056e6e4363f4
drfold_checkpoint_output,9G7C_A,data/cache/v4_final_drfold2/9G7C_A/rets_dir/cfg_97_model_13.ret,11649313,fd4f160b3059c4ce4f8478640d989e30a88225c925f302e037f9b232dcf482d4
drfold_checkpoint_output,9G7C_A,data/cache/v4_final_drfold2/9G7C_A/rets_dir/cfg_97_model_14.ret,11649313,0709c520b113b4f97201758b70638d9aaa89b3cfb7ac89e5dd94cac7a6d36321
drfold_checkpoint_output,9G7C_A,data/cache/v4_final_drfold2/9G7C_A/rets_dir/cfg_97_model_15.ret,11649313,da2e5e43217b4e0aa32d10d4fa4434990cc54a8aba07b8a9ffa0a2a2ef48b461
drfold_checkpoint_output,9G7C_A,data/cache/v4_final_drfold2/9G7C_A/rets_dir/cfg_97_model_16.ret,11649313,9fc4aad3e6955828532ebb94af60e9e1868f254583b040ca98c2427713048172
drfold_checkpoint_output,9G7C_A,data/cache/v4_final_drfold2/9G7C_A/rets_dir/cfg_97_model_17.ret,11649313,d71b7db958e6d4a6f80144b6d515a70264b227301386128ce63664102c297ecb
drfold_checkpoint_output,9G7C_A,data/cache/v4_final_drfold2/9G7C_A/rets_dir/cfg_97_model_18.ret,11649313,808b92a9d686ac436bce7a7a2236e14639f99b17ddc1eafb051b73fed2dd9fb8
drfold_checkpoint_output,9G7C_A,data/cache/v4_final_drfold2/9G7C_A/rets_dir/cfg_97_model_19.ret,11649313,71bbfa8886fc801a3f5793a66a9fd602a47e17135141ff35b2507c304b6841f8
drfold_checkpoint_output,9G7C_A,data/cache/v4_final_drfold2/9G7C_A/rets_dir/cfg_97_model_2.ret,11649313,2cf87117471c74959c2a431b0b46f363a2709531a04d01820e75ff52bcf181b3
drfold_checkpoint_output,9G7C_A,data/cache/v4_final_drfold2/9G7C_A/rets_dir/cfg_97_model_3.ret,11649313,995e979e3a2108c2feaf96957fd966178f3d09238d2d1029cc5b1e090e5d3eca
drfold_checkpoint_output,9G7C_A,data/cache/v4_final_drfold2/9G7C_A/rets_dir/cfg_97_model_4.ret,11649313,0c0c1e6f5c5c185ffbbc25c88ba3149f7f8ec698c57c2826b262b10ec7466b68
drfold_checkpoint_output,9G7C_A,data/cache/v4_final_drfold2/9G7C_A/rets_dir/cfg_97_model_5.ret,11649313,19df32417103b75987e943f2671a24906de04a63e21eb889962a0791183cb604
drfold_checkpoint_output,9G7C_A,data/cache/v4_final_drfold2/9G7C_A/rets_dir/cfg_97_model_6.ret,11649313,c364c72886172b03067db83ed81547e08f3aee379712c4e038172d123e558b2b
drfold_checkpoint_output,9G7C_A,data/cache/v4_final_drfold2/9G7C_A/rets_dir/cfg_97_model_7.ret,11649313,780e232d1cd91768beb3ff12038487a2c650bcbf1126268b615d66be704ff3ec
drfold_checkpoint_output,9G7C_A,data/cache/v4_final_drfold2/9G7C_A/rets_dir/cfg_97_model_8.ret,11649313,6964c501871e9fd576655cb8bb5c2122deaefc347428e0fcffd0f101f100ceaa
drfold_checkpoint_output,9G7C_A,data/cache/v4_final_drfold2/9G7C_A/rets_dir/cfg_97_model_9.ret,11649313,ad0f328fe5db17cbb9fb01cdfdddc27f6c8e7a1215eed0df5fffbda8e2be128d
drfold_checkpoint_output,9KPO_B,data/cache/v4_final_drfold2/9KPO_B/rets_dir/cfg_97_model_0.ret,15095397,7d767efd135e019b39d93ba724c73b3d56ab2c52dfead609badf16ab3802552d
drfold_checkpoint_output,9KPO_B,data/cache/v4_final_drfold2/9KPO_B/rets_dir/cfg_97_model_1.ret,15095397,c9425301cfb78b1cfc183752a659c545b2f9682cb22b08bd59b6f07560f20900
drfold_checkpoint_output,9KPO_B,data/cache/v4_final_drfold2/9KPO_B/rets_dir/cfg_97_model_10.ret,15095397,bcfe27128b77ca83e07a1401fe673a35fa42917e3f745ec32dc7ab2d4f90a61c
drfold_checkpoint_output,9KPO_B,data/cache/v4_final_drfold2/9KPO_B/rets_dir/cfg_97_model_11.ret,15095397,e711ccfc0d50860f418e6e0aac63d678806a53921066e57255b2704852325964
drfold_checkpoint_output,9KPO_B,data/cache/v4_final_drfold2/9KPO_B/rets_dir/cfg_97_model_12.ret,15095397,4f9bcdf46d428fdd82b6b784381ce76b92a73adcb7e300478ea0b81b60bf513e
drfold_checkpoint_output,9KPO_B,data/cache/v4_final_drfold2/9KPO_B/rets_dir/cfg_97_model_13.ret,15095397,7e5ed600a4ef7d6dea57481fb9aa43a96c064f5b54a61731fc8c56417669b28f
drfold_checkpoint_output,9KPO_B,data/cache/v4_final_drfold2/9KPO_B/rets_dir/cfg_97_model_14.ret,15095397,fd66b54b0a82179f9baeb7b0d0d11500fdf78724c158d8ff1b3b17010e95d783
drfold_checkpoint_output,9KPO_B,data/cache/v4_final_drfold2/9KPO_B/rets_dir/cfg_97_model_15.ret,15095397,2d5224106477690751a39390dc535a01bfb391d986e2dad44c0b71ed795269b6
drfold_checkpoint_output,9KPO_B,data/cache/v4_final_drfold2/9KPO_B/rets_dir/cfg_97_model_16.ret,15095397,ac7f41c80b75c0b23c3a9f81ce73a3d81d58232d1a38369e19bb39c2461fc9d7
drfold_checkpoint_output,9KPO_B,data/cache/v4_final_drfold2/9KPO_B/rets_dir/cfg_97_model_17.ret,15095397,ec5dfabc0951406ebfdae0dfa7438e9b55ff5ea8cb80b893dc325f75ea031760
drfold_checkpoint_output,9KPO_B,data/cache/v4_final_drfold2/9KPO_B/rets_dir/cfg_97_model_18.ret,15095397,3a951d15d4c690d87312c3873eccb8ddac281db81cf0af06fd32dae42a7d524e
drfold_checkpoint_output,9KPO_B,data/cache/v4_final_drfold2/9KPO_B/rets_dir/cfg_97_model_19.ret,15095397,1c8ba7ebb99107acbb9ee9f3ec05bc7ad027904eb69c88e7aecebfd503867f13
drfold_checkpoint_output,9KPO_B,data/cache/v4_final_drfold2/9KPO_B/rets_dir/cfg_97_model_2.ret,15095397,e1cb34d2c34e0661a61d10682affcc70b2a1f6db7e72443895db145d5ba26201
drfold_checkpoint_output,9KPO_B,data/cache/v4_final_drfold2/9KPO_B/rets_dir/cfg_97_model_3.ret,15095397,cc6224ab68a4502cc828feb02c061b0560f72261709962b84d707e6069081d2a
drfold_checkpoint_output,9KPO_B,data/cache/v4_final_drfold2/9KPO_B/rets_dir/cfg_97_model_4.ret,15095397,28f183858cb656ce5db52758bad61fdeb34852d6970b78230f37849e91eb7285
drfold_checkpoint_output,9KPO_B,data/cache/v4_final_drfold2/9KPO_B/rets_dir/cfg_97_model_5.ret,15095397,45489448e7b9232710a69bbff563c7f524b6955904bcd5ce1b661035168e0d13
drfold_checkpoint_output,9KPO_B,data/cache/v4_final_drfold2/9KPO_B/rets_dir/cfg_97_model_6.ret,15095397,d2a92702e33c7a04baeff466f4e2ce5e8a258d788355ba32022583066095a9d4
drfold_checkpoint_output,9KPO_B,data/cache/v4_final_drfold2/9KPO_B/rets_dir/cfg_97_model_7.ret,15095397,902631709e0187903486b905946fe5204c64e61dbcd5a534ca6bcac444691ad8
drfold_checkpoint_output,9KPO_B,data/cache/v4_final_drfold2/9KPO_B/rets_dir/cfg_97_model_8.ret,15095397,ce163a99aac94522fcf5fbe5a7e73dcebd02e79d603d26bc319c723f9b948dbf
drfold_checkpoint_output,9KPO_B,data/cache/v4_final_drfold2/9KPO_B/rets_dir/cfg_97_model_9.ret,15095397,5265cf42831534888e5c48ba5163a752c5f27025bab2c41521c7c0f782d20250
drfold_checkpoint_output,9L5S_5,data/cache/v4_final_drfold2/9L5S_5/rets_dir/cfg_97_model_0.ret,3126376,025cf5b7e545f30044178a343679618c59a0873fa9411ca9b164eb3632d1a140
drfold_checkpoint_output,9L5S_5,data/cache/v4_final_drfold2/9L5S_5/rets_dir/cfg_97_model_1.ret,3126376,6f62af95eaa28fd44194b5265407d68f0649ad90599f577f98d4472e30fdc1f2
drfold_checkpoint_output,9L5S_5,data/cache/v4_final_drfold2/9L5S_5/rets_dir/cfg_97_model_10.ret,3126376,61dc8de971c13ce0905be5a16044e483c56dbae99cdb4faa8a987abb1ec6000c
drfold_checkpoint_output,9L5S_5,data/cache/v4_final_drfold2/9L5S_5/rets_dir/cfg_97_model_11.ret,3126376,89ee542019f0bd14249f56e6fdc07dbe85162d43c4dc8cdc03ca31f36e14025b
drfold_checkpoint_output,9L5S_5,data/cache/v4_final_drfold2/9L5S_5/rets_dir/cfg_97_model_12.ret,3126376,5a6e126c3bd39028c660f255d7d7b2d27fa979319599b917663fc029d1b07cfd
drfold_checkpoint_output,9L5S_5,data/cache/v4_final_drfold2/9L5S_5/rets_dir/cfg_97_model_13.ret,3126376,4c3b69f69b2e49522a42da906bb232d109df7bd9a2089e5925f7eb9cf224cfd6
drfold_checkpoint_output,9L5S_5,data/cache/v4_final_drfold2/9L5S_5/rets_dir/cfg_97_model_14.ret,3126376,13b60ceb138e9a555639e3a2856339c95764ab92b574bb8e3ae735ef1d0eff66
drfold_checkpoint_output,9L5S_5,data/cache/v4_final_drfold2/9L5S_5/rets_dir/cfg_97_model_15.ret,3126376,a6c5bc9146ac1a84c8ceb052a0d8258d9f87a7dfe8effee42cb31254fb11f438
drfold_checkpoint_output,9L5S_5,data/cache/v4_final_drfold2/9L5S_5/rets_dir/cfg_97_model_16.ret,3126376,93715b1bd0cdcd8abf61346a4c69d7e5c1f257dcbf61ee6204af2df1241cda54
drfold_checkpoint_output,9L5S_5,data/cache/v4_final_drfold2/9L5S_5/rets_dir/cfg_97_model_17.ret,3126376,141c787cf0db47528c97fc65349b7fe88f124ea2e5ae4c99063c122dde31c038
drfold_checkpoint_output,9L5S_5,data/cache/v4_final_drfold2/9L5S_5/rets_dir/cfg_97_model_18.ret,3126376,654767132140b738b4517ecbe13fff9869c362c5cb7ba82d8acc32315a2a7a41
drfold_checkpoint_output,9L5S_5,data/cache/v4_final_drfold2/9L5S_5/rets_dir/cfg_97_model_19.ret,3126376,f2e2f3445a45bc5c79fc9a4e4dd00d96c6165a9c6b21cd5954f8e114c68f03c9
drfold_checkpoint_output,9L5S_5,data/cache/v4_final_drfold2/9L5S_5/rets_dir/cfg_97_model_2.ret,3126376,f8e7c30c2cfb3b0a989e1dabc7d712e29f2c30893ddd270e03d33ec27156878a
drfold_checkpoint_output,9L5S_5,data/cache/v4_final_drfold2/9L5S_5/rets_dir/cfg_97_model_3.ret,3126376,8b1f8ddd2172c4d2bd6d70c18e5bb4c3b61b84ea79ed73d896795f73a0d6f7a8
drfold_checkpoint_output,9L5S_5,data/cache/v4_final_drfold2/9L5S_5/rets_dir/cfg_97_model_4.ret,3126376,720d3bc062e64044bfbcde90d0b89a893d3842dad1b42da056c46629a5f52063
drfold_checkpoint_output,9L5S_5,data/cache/v4_final_drfold2/9L5S_5/rets_dir/cfg_97_model_5.ret,3126376,50daf6ae433c0a35ab35718ab4d621e9a229db5c4b2b54158678cbd35cda76bf
drfold_checkpoint_output,9L5S_5,data/cache/v4_final_drfold2/9L5S_5/rets_dir/cfg_97_model_6.ret,3126376,d134cdfee280c999e2448c120f9ac2a2e41144255d4eb11f46667f856e526806
drfold_checkpoint_output,9L5S_5,data/cache/v4_final_drfold2/9L5S_5/rets_dir/cfg_97_model_7.ret,3126376,8167168e8b13bfbd92ed7827caa4567e34346578ee47ebbd4eb3a5b0dca10568
drfold_checkpoint_output,9L5S_5,data/cache/v4_final_drfold2/9L5S_5/rets_dir/cfg_97_model_8.ret,3126376,33ebb2f28adc67c74f815d2f826485114d7a6afc29ee47e12e2cb0b0c0a7b0f5
drfold_checkpoint_output,9L5S_5,data/cache/v4_final_drfold2/9L5S_5/rets_dir/cfg_97_model_9.ret,3126376,dd2ae51c6b3749cb41c68851c613f7f483cfbc72ffbb08ad37bb57c1005408db
drfold_checkpoint_output,9MTY_C,data/cache/v4_final_drfold2/9MTY_C/rets_dir/cfg_97_model_0.ret,302376,7479cf4b7a42a32635c8a4d1c27fa99f018f1d14971ac7ef01f21bd648ae0612
drfold_checkpoint_output,9MTY_C,data/cache/v4_final_drfold2/9MTY_C/rets_dir/cfg_97_model_1.ret,302376,01cfc473ab8cc7e9ce17e46e0f74afe1d24546120db6c9e7f013932c67703954
drfold_checkpoint_output,9MTY_C,data/cache/v4_final_drfold2/9MTY_C/rets_dir/cfg_97_model_10.ret,302376,df830ab8308b6d5d485306117fbf7c761f7bf1c16c087b98a06bb075e07fa066
drfold_checkpoint_output,9MTY_C,data/cache/v4_final_drfold2/9MTY_C/rets_dir/cfg_97_model_11.ret,302376,14d76c59261fe2fd960ade67f5998bec803db5b5b43fefac6b70d8c1161c1c1e
drfold_checkpoint_output,9MTY_C,data/cache/v4_final_drfold2/9MTY_C/rets_dir/cfg_97_model_12.ret,302376,75430c3f515aabaa3c7a4ecdb2db46228aad28b0eae60661621486cbbc4a94c3
drfold_checkpoint_output,9MTY_C,data/cache/v4_final_drfold2/9MTY_C/rets_dir/cfg_97_model_13.ret,302376,28721c914843ec049b514e40ee1bf75187970daf5774536c01ab0b3c25e1fc9f
drfold_checkpoint_output,9MTY_C,data/cache/v4_final_drfold2/9MTY_C/rets_dir/cfg_97_model_14.ret,302376,c1cb5cd0cd10e05fca549809bb237501f1d7f0a008532ca8f75a49aed58ef71e
drfold_checkpoint_output,9MTY_C,data/cache/v4_final_drfold2/9MTY_C/rets_dir/cfg_97_model_15.ret,302376,ae8b28911c8eb1c8ccccb16df39f9493ff01059b04cacfb94594d43052796675
drfold_checkpoint_output,9MTY_C,data/cache/v4_final_drfold2/9MTY_C/rets_dir/cfg_97_model_16.ret,302376,0fe2dc8d6212c583622190f45fed426258b3451050d628c5e5984c2654ac6bee
drfold_checkpoint_output,9MTY_C,data/cache/v4_final_drfold2/9MTY_C/rets_dir/cfg_97_model_17.ret,302376,abd471d0e0c4864c55048710efa4a3fc2b3d72a648a57be3ff95baee2c6509b7
drfold_checkpoint_output,9MTY_C,data/cache/v4_final_drfold2/9MTY_C/rets_dir/cfg_97_model_18.ret,302376,4485165b03663ed4bcd6945d9e3bad19a634e3dda1837345288385acc9e60153
drfold_checkpoint_output,9MTY_C,data/cache/v4_final_drfold2/9MTY_C/rets_dir/cfg_97_model_19.ret,302376,950ad91e3d5380be19e4932a1efda8068e0ad472181fb5af950f55967c570dad
drfold_checkpoint_output,9MTY_C,data/cache/v4_final_drfold2/9MTY_C/rets_dir/cfg_97_model_2.ret,302376,36d25317cf027e99a5625fce8f00cb41fee4e0a7ebfdef45d317014a4438f9c3
drfold_checkpoint_output,9MTY_C,data/cache/v4_final_drfold2/9MTY_C/rets_dir/cfg_97_model_3.ret,302376,26ab5d4cf418c82f7206a212c2e847ca979bd132ef4380e02f9074df35e6e6dd
drfold_checkpoint_output,9MTY_C,data/cache/v4_final_drfold2/9MTY_C/rets_dir/cfg_97_model_4.ret,302376,d53c462ba4605f7ec0ea9a3ad5d88aa59a6470d67cb4a18887090d3a02f926c8
drfold_checkpoint_output,9MTY_C,data/cache/v4_final_drfold2/9MTY_C/rets_dir/cfg_97_model_5.ret,302376,4d8f33604f14797215d4df577a001654b4207aa032bb2b24e12c0c11efc195a6
drfold_checkpoint_output,9MTY_C,data/cache/v4_final_drfold2/9MTY_C/rets_dir/cfg_97_model_6.ret,302376,f26f1b6d7b90971dc397c639ce0fdef54da072c9d40d6aaa7ed7eb4806b99ce4
drfold_checkpoint_output,9MTY_C,data/cache/v4_final_drfold2/9MTY_C/rets_dir/cfg_97_model_7.ret,302376,cf5d2c471ac794812fdd31c5734f4fac525358afa26c22ac385ccef677e2cb90
drfold_checkpoint_output,9MTY_C,data/cache/v4_final_drfold2/9MTY_C/rets_dir/cfg_97_model_8.ret,302376,1c04d715bcbf181b3f4e438ed0c895c683c07117a8fd6ee66edad9dab1c86e72
drfold_checkpoint_output,9MTY_C,data/cache/v4_final_drfold2/9MTY_C/rets_dir/cfg_97_model_9.ret,302376,9aa372ca922c1a2459435e6e0aeff40979b77ed1f89f9a6bc56d914ac65c35ba
drfold_selected_output,8BU8_A,data/cache/v4_final_drfold2/8BU8_A/e2e_relax/manifest.json,229,ce3488d7ac775bc20cdfe77d6930015e03145cc70ee4d18a168e68fd624a0011
drfold_selected_output,8BU8_A,data/cache/v4_final_drfold2/8BU8_A/e2e_relax/model_1.pdb,593373,7c06d096564253bf985589dec47364b24426fb6951ac32f758afaf7b73ec06ae
drfold_selected_output,8BU8_A,data/cache/v4_final_drfold2/8BU8_A/e2e_relax/model_2.pdb,593373,43b11eddf8baea6935939238d9a84a1b0a8efdbceac0cf0ceda9337e7d53742b
drfold_selected_output,8BU8_A,data/cache/v4_final_drfold2/8BU8_A/e2e_relax/plddt_model_1.npz,1507,5acb90e8d11431559617d629500f327a48c9b4ea9333dee7283bfdde6393448e
drfold_selected_output,8BU8_A,data/cache/v4_final_drfold2/8BU8_A/e2e_relax/plddt_model_2.npz,1505,9f4b64c68e918e8d454649088e98b16817af0444aca1189ef951f6d46b5ee1f5
drfold_selected_output,8BU8_A,data/cache/v4_final_drfold2/8BU8_A/e2e_relax/priors_model_1.npz,15915618,2e983151e79b65037f563e508413049298931753bb6e2b3bbdfad9d785a22c5e
drfold_selected_output,8BU8_A,data/cache/v4_final_drfold2/8BU8_A/e2e_relax/priors_model_2.npz,23339807,954dcba92e81443268510bf3a798afe1b8be747f57955f70bbdd5ee09de8c227
drfold_selected_output,8CBM_T,data/cache/v4_final_drfold2/8CBM_T/e2e_relax/manifest.json,230,7da10c0a13fc01b85b11b3ae92efb0cfaaf2ffaa1d5a2b6f2aa71d60b59c9715
drfold_selected_output,8CBM_T,data/cache/v4_final_drfold2/8CBM_T/e2e_relax/model_1.pdb,115976,f1fb4ee4e6a1e7c78173b870107cbd5da26d32f0375fdd7ea9cad4f25f113a98
drfold_selected_output,8CBM_T,data/cache/v4_final_drfold2/8CBM_T/e2e_relax/model_2.pdb,115976,8e0fd18601385e8a697c7d05a5208aa02aa0ec0bbdacc6655d5cabc3e3663f9d
drfold_selected_output,8CBM_T,data/cache/v4_final_drfold2/8CBM_T/e2e_relax/plddt_model_1.npz,494,74a7ece6f67146aedc2fb2c3f0c74843c052f4f76843bd4b082a7a7581174f75
drfold_selected_output,8CBM_T,data/cache/v4_final_drfold2/8CBM_T/e2e_relax/plddt_model_2.npz,494,4cf1d93b75f31d31772b71cc4e164dab27f43df3a0b8365f874e237e4865389e
drfold_selected_output,8CBM_T,data/cache/v4_final_drfold2/8CBM_T/e2e_relax/priors_model_1.npz,505028,fc082f70037cb6f965d18fded2167a891736e996a9b5fa5832ae0e7c299cfb75
drfold_selected_output,8CBM_T,data/cache/v4_final_drfold2/8CBM_T/e2e_relax/priors_model_2.npz,462380,dc10a7d55919aa486f065c6fb44944bfc460b57ccfe35f542c07e58b48a85e10
drfold_selected_output,8K85_A,data/cache/v4_final_drfold2/8K85_A/e2e_relax/manifest.json,228,12352f650cf2913e214170e6be284f1bdfe3591b014587b2c0e94411725d16b3
drfold_selected_output,8K85_A,data/cache/v4_final_drfold2/8K85_A/e2e_relax/model_1.pdb,95199,af59b7954f592caa661a95f6dfa74bdd3c98a27e1e30c1256f02259882201b42
drfold_selected_output,8K85_A,data/cache/v4_final_drfold2/8K85_A/e2e_relax/model_2.pdb,95199,7c4dddce9b1123d5f175b192a5f5602c12cf4501fb77f3d0b2499beb59b6ede1
drfold_selected_output,8K85_A,data/cache/v4_final_drfold2/8K85_A/e2e_relax/plddt_model_1.npz,439,d24f6f660c1ef025ef667338c31c28835a24316d7d8a8b0d1176134feeb4125b
drfold_selected_output,8K85_A,data/cache/v4_final_drfold2/8K85_A/e2e_relax/plddt_model_2.npz,438,f95126432f1d44a09156a75b639960045875b8160788c0032405943f2032b7d7
drfold_selected_output,8K85_A,data/cache/v4_final_drfold2/8K85_A/e2e_relax/priors_model_1.npz,519995,005fbad3a648b49db2996d2cf796c37ec811d8db83e32e669cd900026c7a4992
drfold_selected_output,8K85_A,data/cache/v4_final_drfold2/8K85_A/e2e_relax/priors_model_2.npz,607025,26abf2f65e4a89e87637bb4ee46320dae2f13ede7dda8e60849419d1457f98f0
drfold_selected_output,8KIE_a,data/cache/v4_final_drfold2/8KIE_a/e2e_relax/manifest.json,231,5b50a3eb614859ba55c19e7e77d00b17d91db1060a7812ccfce991a2b87c2b83
drfold_selected_output,8KIE_a,data/cache/v4_final_drfold2/8KIE_a/e2e_relax/model_1.pdb,607119,f26e85d2f6a70f0fd3111f212e9a880c217e78451692ad954ca5afe647aacbfa
drfold_selected_output,8KIE_a,data/cache/v4_final_drfold2/8KIE_a/e2e_relax/model_2.pdb,607119,41b7f37c1794c8e7a87086c2526c0dcad29c1eaeab98b1e68d64d5d4b3d938b7
drfold_selected_output,8KIE_a,data/cache/v4_final_drfold2/8KIE_a/e2e_relax/plddt_model_1.npz,1524,e8c81b17c47592e7d56372077be29d7e1533e7ebd7aba473a818efedb2ea9628
drfold_selected_output,8KIE_a,data/cache/v4_final_drfold2/8KIE_a/e2e_relax/plddt_model_2.npz,1523,08e39cb27c631ae4f136c30bd16f92749297d3711264bd7ba63c4ed8a2b2fe3d
drfold_selected_output,8KIE_a,data/cache/v4_final_drfold2/8KIE_a/e2e_relax/priors_model_1.npz,25154678,9fa90af52970afee1c73ee37516b960feb0221dee351051ff19a1a25646376b9
drfold_selected_output,8KIE_a,data/cache/v4_final_drfold2/8KIE_a/e2e_relax/priors_model_2.npz,25087672,5808cb040eaa5ff82ca0fef4751bcf072e7fd91de484429c75231ead566050c4
drfold_selected_output,8ONY_5,data/cache/v4_final_drfold2/8ONY_5/e2e_relax/manifest.json,229,075e711c1cb7182f5ecce771a1bcb4842fc56230a38492b89757d370b3ddceb8
drfold_selected_output,8ONY_5,data/cache/v4_final_drfold2/8ONY_5/e2e_relax/model_1.pdb,264496,4d8dd42517cf2e00f28d1e986e68550f1e7b685b27ad02a5ef1e9373b1bce0e3
drfold_selected_output,8ONY_5,data/cache/v4_final_drfold2/8ONY_5/e2e_relax/model_2.pdb,264496,e9611e0b8cb1f254bcff00645a3ffdb25f9a3f47f478137fa5f5dc402406368c
drfold_selected_output,8ONY_5,data/cache/v4_final_drfold2/8ONY_5/e2e_relax/plddt_model_1.npz,815,c1a8049e1956fe7cead3f1c79150704ce4edf7ecf8fd87994fb6c1aa9ad89745
drfold_selected_output,8ONY_5,data/cache/v4_final_drfold2/8ONY_5/e2e_relax/plddt_model_2.npz,809,28daf429fa0e11f0da2e2f8538abfb8aded4f10f9e6dca043c5938ed224aaa77
drfold_selected_output,8ONY_5,data/cache/v4_final_drfold2/8ONY_5/e2e_relax/priors_model_1.npz,4552241,1aa90fa018e979ec06733164b8cda7584177cf48cb1ade5f6ca086393837e039
drfold_selected_output,8ONY_5,data/cache/v4_final_drfold2/8ONY_5/e2e_relax/priors_model_2.npz,4474039,56e54886ad85992b2b6b169027581a04faa390305785d1659c5e0bf901c385e7
drfold_selected_output,8ONZ_1,data/cache/v4_final_drfold2/8ONZ_1/e2e_relax/manifest.json,231,7fbf31919c242cebe650abc7a2d00470999c8725fcc233734b9dd5fbed75f784
drfold_selected_output,8ONZ_1,data/cache/v4_final_drfold2/8ONZ_1/e2e_relax/model_1.pdb,456387,db4258a4270c13b90c4a4e05651f42d968714771d5344e5e5854ada92cf17522
drfold_selected_output,8ONZ_1,data/cache/v4_final_drfold2/8ONZ_1/e2e_relax/model_2.pdb,456387,5190881e3269a909e37b981774be17d2d232e2604e5f9a9bf2fa56d235c3f04d
drfold_selected_output,8ONZ_1,data/cache/v4_final_drfold2/8ONZ_1/e2e_relax/plddt_model_1.npz,1221,373539407048e28af1eb77b0b803ddc8b1d0c7c7011ba4eb624137457d4744f9
drfold_selected_output,8ONZ_1,data/cache/v4_final_drfold2/8ONZ_1/e2e_relax/plddt_model_2.npz,1215,429c30efaf3aa2ca9fdc0a11cd86045f990974a48bac5d2605af74b625b62f06
drfold_selected_output,8ONZ_1,data/cache/v4_final_drfold2/8ONZ_1/e2e_relax/priors_model_1.npz,13660644,76af3fa78d6c19bfdea8141e0428a1cafd33f33e486344bcc5dcf1339180315d
drfold_selected_output,8ONZ_1,data/cache/v4_final_drfold2/8ONZ_1/e2e_relax/priors_model_2.npz,13920214,d01df5b5d6039ac9c090ee2bc7c9e1de9b59c21f955efe2dc1976dedacd86a88
drfold_selected_output,8OPT_D,data/cache/v4_final_drfold2/8OPT_D/e2e_relax/manifest.json,230,5da5edd647e08d050fdf54b75f90314ca901cba7297789ac64427f3d6bc1d96a
drfold_selected_output,8OPT_D,data/cache/v4_final_drfold2/8OPT_D/e2e_relax/model_1.pdb,91565,79ec13ff9aedb869e38c92ccb0ca0fe9b4edc06619eefee21aa5830a2f985270
drfold_selected_output,8OPT_D,data/cache/v4_final_drfold2/8OPT_D/e2e_relax/model_2.pdb,91565,caafa20990b2cfcff9b56c293a37a95fb835a06931132aeb4f981750fd003365
drfold_selected_output,8OPT_D,data/cache/v4_final_drfold2/8OPT_D/e2e_relax/plddt_model_1.npz,432,e8c78135eeb6eaa9bed32b10a8ab4794fef6239317a4877c27d00ffab5f0f9e6
drfold_selected_output,8OPT_D,data/cache/v4_final_drfold2/8OPT_D/e2e_relax/plddt_model_2.npz,432,f53d1104e70b99413d1872e9ea4b961f695e2ee6e804757b968dd89978d5fa9e
drfold_selected_output,8OPT_D,data/cache/v4_final_drfold2/8OPT_D/e2e_relax/priors_model_1.npz,499549,658cd7210aff196f5921a2857b20439462353ae7b6442c153adba80cc96a8c66
drfold_selected_output,8OPT_D,data/cache/v4_final_drfold2/8OPT_D/e2e_relax/priors_model_2.npz,507193,0c11a60b20e4aea7619f4b059f8a0feef958c20aa3d1e1d1dbc3d455ac3b4f40
drfold_selected_output,8P7X_7,data/cache/v4_final_drfold2/8P7X_7/e2e_relax/manifest.json,231,fd3264ef789ede0d600b764b06079351002438e8f26653bb71c7ad442d54291c
drfold_selected_output,8P7X_7,data/cache/v4_final_drfold2/8P7X_7/e2e_relax/model_1.pdb,126246,f9775127c7036e2d99e604e79516fe3010d8aa4f5c4691827d139c52a385b612
drfold_selected_output,8P7X_7,data/cache/v4_final_drfold2/8P7X_7/e2e_relax/model_2.pdb,126246,2e0c680386ef56a69784d36505881746e3e101ad95dbf53896b319a6366fe680
drfold_selected_output,8P7X_7,data/cache/v4_final_drfold2/8P7X_7/e2e_relax/plddt_model_1.npz,519,a5aa949c6bb56034fa1841fafd13043d59e755fde2e02fa785ff5e529e554667
drfold_selected_output,8P7X_7,data/cache/v4_final_drfold2/8P7X_7/e2e_relax/plddt_model_2.npz,520,b759d347825e41ae0820d6841bde6ba1c151e4abe12f8998373fc5be8e882a85
drfold_selected_output,8P7X_7,data/cache/v4_final_drfold2/8P7X_7/e2e_relax/priors_model_1.npz,658093,cae0ff8bd4968b1787ff5a5aae35580e7925a455d2b6a1c88cb9e17341e1b608
drfold_selected_output,8P7X_7,data/cache/v4_final_drfold2/8P7X_7/e2e_relax/priors_model_2.npz,594653,e98be8f710597ebd7cc2870bd1af00c8b4fd5cb7778780d820b2a3e0d7ae9416
drfold_selected_output,8P8B_5,data/cache/v4_final_drfold2/8P8B_5/e2e_relax/manifest.json,229,319b404c9b80db02b2f752ef0d0d9e650699099a1c954d92592662b494938821
drfold_selected_output,8P8B_5,data/cache/v4_final_drfold2/8P8B_5/e2e_relax/model_1.pdb,50643,dda0eaa6a4a76ade22f5af8f8ec9d386629e526db40a48b0d13f2a7fccc25d42
drfold_selected_output,8P8B_5,data/cache/v4_final_drfold2/8P8B_5/e2e_relax/model_2.pdb,50643,105765c2bd7e22c0844c4cab864b12168b2ca4a7772cd4ce4007be67cb8ed42c
drfold_selected_output,8P8B_5,data/cache/v4_final_drfold2/8P8B_5/e2e_relax/plddt_model_1.npz,332,9487fb5cd41513657e243a74ef852a2f1d9628952a9351355f1c61ae9a6558a4
drfold_selected_output,8P8B_5,data/cache/v4_final_drfold2/8P8B_5/e2e_relax/plddt_model_2.npz,330,a1315222bc623c40671477885a28e94b7b59d06167cc0e2e67cf074254553f95
drfold_selected_output,8P8B_5,data/cache/v4_final_drfold2/8P8B_5/e2e_relax/priors_model_1.npz,140863,150351a380270cdd0ea4668324e8872204e82c08de7ab3ae346d2e3aa51ab212
drfold_selected_output,8P8B_5,data/cache/v4_final_drfold2/8P8B_5/e2e_relax/priors_model_2.npz,162694,5b95d6f9e2c46a21c9aaa8315e4ee438a5c1886a5129b03484f80fab27b5e615
drfold_selected_output,8PM0_V,data/cache/v4_final_drfold2/8PM0_V/e2e_relax/manifest.json,228,b2b5a890efb7c44164e1a1fae193d6a4629f9bf900b76d36c3e842e3bc3d65c2
drfold_selected_output,8PM0_V,data/cache/v4_final_drfold2/8PM0_V/e2e_relax/model_1.pdb,51986,38c16bebdaa60c714a1abea171b9c143fbec9ee314ebe800632349ced7235ae5
drfold_selected_output,8PM0_V,data/cache/v4_final_drfold2/8PM0_V/e2e_relax/model_2.pdb,51986,e63eec44b5d5d2f530165f0cdc4e0b4e33a56645b7a6912908e45ebd37c95e59
drfold_selected_output,8PM0_V,data/cache/v4_final_drfold2/8PM0_V/e2e_relax/plddt_model_1.npz,334,af95057f52f90539f428820f84e0e43bee922f3a23f3692893939d7a32cc09e6
drfold_selected_output,8PM0_V,data/cache/v4_final_drfold2/8PM0_V/e2e_relax/plddt_model_2.npz,334,f366cf3b8d6b51fb215c838be3fd3fe58f4c1a6a9867ddf1232392be319e5208
drfold_selected_output,8PM0_V,data/cache/v4_final_drfold2/8PM0_V/e2e_relax/priors_model_1.npz,161062,92558c3206e7e82d2cbb6fe83cd50386a72aeeac88468a8c1cb1fc582640f9be
drfold_selected_output,8PM0_V,data/cache/v4_final_drfold2/8PM0_V/e2e_relax/priors_model_2.npz,166464,8c1762a364d9f44095fe4a8ae8b64d76887241c45decf22006a60f04f7078740
drfold_selected_output,8Q6N_A,data/cache/v4_final_drfold2/8Q6N_A/e2e_relax/manifest.json,228,eb9ad91c4aa3dee701f1a1d9adaf2f8bab7f6d080f63a3f22da043eadcb08c0a
drfold_selected_output,8Q6N_A,data/cache/v4_final_drfold2/8Q6N_A/e2e_relax/model_1.pdb,78214,97518de12b06348695bd70b7198ecf35921a1822876e04e505c96ebeeeddaff5
drfold_selected_output,8Q6N_A,data/cache/v4_final_drfold2/8Q6N_A/e2e_relax/model_2.pdb,78214,a0b3f42adb6c76a6e6d49bd9d7259c6bc822710c65189732c70f42d9d626ee11
drfold_selected_output,8Q6N_A,data/cache/v4_final_drfold2/8Q6N_A/e2e_relax/plddt_model_1.npz,399,7823474aecd95f7c9e8d6ecb8c22d2c50b82d3bba2461a6c4b11860a6be2d89c
drfold_selected_output,8Q6N_A,data/cache/v4_final_drfold2/8Q6N_A/e2e_relax/plddt_model_2.npz,399,18a75ec10d9527da2a807be4de8a9ad800932e93759de0bcd09839e2fef7d748
drfold_selected_output,8Q6N_A,data/cache/v4_final_drfold2/8Q6N_A/e2e_relax/priors_model_1.npz,335841,120df4496dd04bcda0876c928300d984ae8272d51fff3af5fad13cb9f9a2bf8d
drfold_selected_output,8Q6N_A,data/cache/v4_final_drfold2/8Q6N_A/e2e_relax/priors_model_2.npz,331965,b3f8b43122595d74f5ff1a3ccc82184b65dc104c26be9b07643c6c40ea3fd2ea
drfold_selected_output,8QBK_Q,data/cache/v4_final_drfold2/8QBK_Q/e2e_relax/manifest.json,229,70074e27c96fb185494add02ad5c428d8ee1ac47c5b0903f48f521fe247c4433
drfold_selected_output,8QBK_Q,data/cache/v4_final_drfold2/8QBK_Q/e2e_relax/model_1.pdb,143863,c6cefe15592dc137eb6bed639599a2d8e8767400342656bb4255d153d4dddea1
drfold_selected_output,8QBK_Q,data/cache/v4_final_drfold2/8QBK_Q/e2e_relax/model_2.pdb,143863,7d80f66ebe437845e71639c6b15c8060904fbdbbdc3a171dca89e19a09e25000
drfold_selected_output,8QBK_Q,data/cache/v4_final_drfold2/8QBK_Q/e2e_relax/plddt_model_1.npz,560,2b12bf1ea778ffcd1a542a2e06dd2dfa2a033634b0ee8d2fcd6412c6f105e3a6
drfold_selected_output,8QBK_Q,data/cache/v4_final_drfold2/8QBK_Q/e2e_relax/plddt_model_2.npz,561,f70775ce73f6e9c8bf10c451a055b8f1e4d248392bb4e949e90a7c2c558b1ac7
drfold_selected_output,8QBK_Q,data/cache/v4_final_drfold2/8QBK_Q/e2e_relax/priors_model_1.npz,853550,53a2abc8191bcb99f361c53c0249fc081e8d56b01bda1094e4e81ca47c7dc911
drfold_selected_output,8QBK_Q,data/cache/v4_final_drfold2/8QBK_Q/e2e_relax/priors_model_2.npz,905950,d8c19b0d4e00226a137479e1a0a18fb0b919ec46b0304d293a8f79e38660545a
drfold_selected_output,8QBL_L,data/cache/v4_final_drfold2/8QBL_L/e2e_relax/manifest.json,230,78c31ea19645e2bd951ebcaaab5529cdf5bb57300f702af0f1130b0f12d27cfb
drfold_selected_output,8QBL_L,data/cache/v4_final_drfold2/8QBL_L/e2e_relax/model_1.pdb,63046,56c73bc1f8c1552cbb3653e5d0e5bba54625c0eb04330a6d1e5ce52301cee03b
drfold_selected_output,8QBL_L,data/cache/v4_final_drfold2/8QBL_L/e2e_relax/model_2.pdb,63046,53a20059bbaa266fdd0637fd0b8b6cba65522b8c0aadfe405132f66f438caa11
drfold_selected_output,8QBL_L,data/cache/v4_final_drfold2/8QBL_L/e2e_relax/plddt_model_1.npz,359,1157cac748edeec736d24d73d75da6e2102ec8e216ba706cc3b76962ac8b348c
drfold_selected_output,8QBL_L,data/cache/v4_final_drfold2/8QBL_L/e2e_relax/plddt_model_2.npz,360,7f93e4dfe0545f8479c93cce9eca164425063c0fdedd86816e1db82bcf46f966
drfold_selected_output,8QBL_L,data/cache/v4_final_drfold2/8QBL_L/e2e_relax/priors_model_1.npz,268138,64758a23c8ee95c5164a33dc6d6309727cb5926544d9edd3f4287f9f2ad1a6ad
drfold_selected_output,8QBL_L,data/cache/v4_final_drfold2/8QBL_L/e2e_relax/priors_model_2.npz,254203,96fc0d7f3c25141fe469654b63a5c83915c5bae7d5a935ecc22a743012a06b95
drfold_selected_output,8QO2_A,data/cache/v4_final_drfold2/8QO2_A/e2e_relax/manifest.json,230,f0a91342628c8749d0e327b37e65d86486961fd9cb3a21ece276b7c55cae2d1f
drfold_selected_output,8QO2_A,data/cache/v4_final_drfold2/8QO2_A/e2e_relax/model_1.pdb,374306,dd0af92f1dcc1e32a28a29c57d3afb3975c319eaf6a9b00980a52956cffea7ac
drfold_selected_output,8QO2_A,data/cache/v4_final_drfold2/8QO2_A/e2e_relax/model_2.pdb,374306,efac1c0637a324c45e105cba31fbfac41490d7f47afb11354ce47cf68894753e
drfold_selected_output,8QO2_A,data/cache/v4_final_drfold2/8QO2_A/e2e_relax/plddt_model_1.npz,1044,31205ead51c919c55c8ed4d5fcbf4a95d69da3e4430eccc54b257a0735c7d57c
drfold_selected_output,8QO2_A,data/cache/v4_final_drfold2/8QO2_A/e2e_relax/plddt_model_2.npz,1033,fe16e98c9c1e7f0ed1d7fc8bf2185fd286d0343a01d5e2a09e0c4ea1bf131bf4
drfold_selected_output,8QO2_A,data/cache/v4_final_drfold2/8QO2_A/e2e_relax/priors_model_1.npz,7128722,d6b181498389634545f50f3e4bd1d349430cd59a09a271f3f569b66e95ce4c06
drfold_selected_output,8QO2_A,data/cache/v4_final_drfold2/8QO2_A/e2e_relax/priors_model_2.npz,7187648,e1a739aa015ffcd55ca087581ea2c575eed844c9fff3f8c741d17bfc36678bf5
drfold_selected_output,8QO3_A,data/cache/v4_final_drfold2/8QO3_A/e2e_relax/manifest.json,230,68fb7dc584eafeb42b25388381fe930fcdfe8e288d4b979878a38c8e39cbadff
drfold_selected_output,8QO3_A,data/cache/v4_final_drfold2/8QO3_A/e2e_relax/model_1.pdb,196951,4302024d44ef231974906cf0ec7ce11f30de5d14e8b5d5189748cbc2b18f4f8e
drfold_selected_output,8QO3_A,data/cache/v4_final_drfold2/8QO3_A/e2e_relax/model_2.pdb,196951,ba05ebb7922c9c997181c86cd3dc9840821bcbe2b530a12d5d72475eafa9dd48
drfold_selected_output,8QO3_A,data/cache/v4_final_drfold2/8QO3_A/e2e_relax/plddt_model_1.npz,674,785c4c319b1974119f7a2f6d93a51828ffe17665f7dc6f8d34b8199461d9ea35
drfold_selected_output,8QO3_A,data/cache/v4_final_drfold2/8QO3_A/e2e_relax/plddt_model_2.npz,677,bc2a50c9a1c0d1bd91007e0f1fa396859749d5beb17fcd4fbd26272a030aec4a
drfold_selected_output,8QO3_A,data/cache/v4_final_drfold2/8QO3_A/e2e_relax/priors_model_1.npz,1908586,bb274aaa6006b49aa5ee4c33ba015b3a86815fce5b12c3f0c986fdb066e9390f
drfold_selected_output,8QO3_A,data/cache/v4_final_drfold2/8QO3_A/e2e_relax/priors_model_2.npz,2386275,0aa7f3e07c2923edcbdb1a88a41fc996def2a4739366324ef8b3a1d906afbd8e
drfold_selected_output,8R7N_A,data/cache/v4_final_drfold2/8R7N_A/e2e_relax/manifest.json,230,dd769dc81a5c7350bae14db38e5f67f7553a1ad7731ef797e5b1287c75e80e57
drfold_selected_output,8R7N_A,data/cache/v4_final_drfold2/8R7N_A/e2e_relax/model_1.pdb,227445,7ab0f61bff0f989ca5fd96a55ad7af4c6c8966b9497dd587394b5e00acff2f54
drfold_selected_output,8R7N_A,data/cache/v4_final_drfold2/8R7N_A/e2e_relax/model_2.pdb,227445,a4d91b766882742a8f511778fdf00491f8a9995e2f5c48734c5c5911389858e1
drfold_selected_output,8R7N_A,data/cache/v4_final_drfold2/8R7N_A/e2e_relax/plddt_model_1.npz,736,2d9886c90b5ce2438806f7443537ff913851f025b93a1e6bf00ec7e167ea1484
drfold_selected_output,8R7N_A,data/cache/v4_final_drfold2/8R7N_A/e2e_relax/plddt_model_2.npz,746,6bc46b69af7c6bf9acf5fb58ba5e2b621d1737cb77282c6a358ab55ec9492342
drfold_selected_output,8R7N_A,data/cache/v4_final_drfold2/8R7N_A/e2e_relax/priors_model_1.npz,2706159,1aba0c527199a48583664813ba2d6d7c7d553274c358b3ec43d30d2559b69ce3
drfold_selected_output,8R7N_A,data/cache/v4_final_drfold2/8R7N_A/e2e_relax/priors_model_2.npz,3356399,92e01ce42eb44556ad48b06b979a9e1ee827d70ea5c5cd00d028602d9e3ef777
drfold_selected_output,8RDV_V,data/cache/v4_final_drfold2/8RDV_V/e2e_relax/manifest.json,230,b896a3398807b219dc8a8fe9ee6f854b44b731d1c9b91344b32c3b2cd208d05e
drfold_selected_output,8RDV_V,data/cache/v4_final_drfold2/8RDV_V/e2e_relax/model_1.pdb,120400,9cfa7a48b90bfd87fd8beb1630b34d4034b5e8c14375e6babda2cb8589eb1e3e
drfold_selected_output,8RDV_V,data/cache/v4_final_drfold2/8RDV_V/e2e_relax/model_2.pdb,120400,38e9523281d6fa9bb1892e294d45d521972155af96a56fb690f4655c4e35dbec
drfold_selected_output,8RDV_V,data/cache/v4_final_drfold2/8RDV_V/e2e_relax/plddt_model_1.npz,519,5aa98ba0b309d769699f68e95a173519d834b63a614b32d8f091593496c2100e
drfold_selected_output,8RDV_V,data/cache/v4_final_drfold2/8RDV_V/e2e_relax/plddt_model_2.npz,522,431ef9837439f0caa2a764840f30f990f08c132e8038538328fddd11495c50e8
drfold_selected_output,8RDV_V,data/cache/v4_final_drfold2/8RDV_V/e2e_relax/priors_model_1.npz,760734,206b9ce3dadc18413f84f9ef788a2ed06eed4d76a05aed721d7df9c0b496fc6d
drfold_selected_output,8RDV_V,data/cache/v4_final_drfold2/8RDV_V/e2e_relax/priors_model_2.npz,948412,cbd555e40548dd29350ea654376eaebca21bd75d29b3a1be478b6ae4c15f70b4
drfold_selected_output,8RG0_A,data/cache/v4_final_drfold2/8RG0_A/e2e_relax/manifest.json,230,9ac6d936fb57c60e4500a381cdd9e25e5b7679d0afe5bfc45baf5682c10f4ba1
drfold_selected_output,8RG0_A,data/cache/v4_final_drfold2/8RG0_A/e2e_relax/model_1.pdb,204930,ad7885c0dae8aa5188c800bdc1322233958a742b068825abdcea663eb148c108
drfold_selected_output,8RG0_A,data/cache/v4_final_drfold2/8RG0_A/e2e_relax/model_2.pdb,204930,fc851b2e24d143a670782d7bd856c40eaaced4c3abb4e9ac7561071f94d55341
drfold_selected_output,8RG0_A,data/cache/v4_final_drfold2/8RG0_A/e2e_relax/plddt_model_1.npz,693,b5a346e7f255e378890f2b345c1b26e2569fd9f3bf95bdd0d868fa1db6b3d4ec
drfold_selected_output,8RG0_A,data/cache/v4_final_drfold2/8RG0_A/e2e_relax/plddt_model_2.npz,692,7fba84cf7864a751780c2273233cda19aa67858544eb12feb5975a1ac8939379
drfold_selected_output,8RG0_A,data/cache/v4_final_drfold2/8RG0_A/e2e_relax/priors_model_1.npz,2878843,1541eebf02b4f7825a2da94abaa00635f8387f77674a0c51ebbda4aeef5bc8f9
drfold_selected_output,8RG0_A,data/cache/v4_final_drfold2/8RG0_A/e2e_relax/priors_model_2.npz,2841676,9a076d9da01e92fdf6c79913c79c7024f8dcffcd986085d9a08ad03a35cc2c39
drfold_selected_output,8RO0_5,data/cache/v4_final_drfold2/8RO0_5/e2e_relax/manifest.json,231,91a0346fb41ac1164ef30a58aacf9ad20a9447d7c430d4737305fff24c6a38af
drfold_selected_output,8RO0_5,data/cache/v4_final_drfold2/8RO0_5/e2e_relax/model_1.pdb,202165,7cf9a1e70def2363afcbb852b7e2d212e5628cb041fdca08dc002a49a2d4e705
drfold_selected_output,8RO0_5,data/cache/v4_final_drfold2/8RO0_5/e2e_relax/model_2.pdb,202165,07f91d0cdb11675ee49b1afadd1f469e281b10f13f60f31f4579fc76452b40fe
drfold_selected_output,8RO0_5,data/cache/v4_final_drfold2/8RO0_5/e2e_relax/plddt_model_1.npz,692,8979ff1ebd30ce2786175994c6c7d1674ff3e4d701d63599544b6190bffef0cf
drfold_selected_output,8RO0_5,data/cache/v4_final_drfold2/8RO0_5/e2e_relax/plddt_model_2.npz,693,df3f4f79125cb3712916f880b454444a58bd0ca93250722bbe815fbb88e02829
drfold_selected_output,8RO0_5,data/cache/v4_final_drfold2/8RO0_5/e2e_relax/priors_model_1.npz,2029089,1893c0831fe857823fd370207108746dfe2188c161955e8591c42c4924f5df6a
drfold_selected_output,8RO0_5,data/cache/v4_final_drfold2/8RO0_5/e2e_relax/priors_model_2.npz,2122929,79e65fe588f1f67b682f8643e9712ea2031c3454a0d35d221904b0e38acd1f94
drfold_selected_output,8RO1_5,data/cache/v4_final_drfold2/8RO1_5/e2e_relax/manifest.json,230,736a2979444057f408added378af2be2fb90d6a19264e4c3755510d810fe51cf
drfold_selected_output,8RO1_5,data/cache/v4_final_drfold2/8RO1_5/e2e_relax/model_1.pdb,187234,1d27b4db60327e2bf715fcdca4c88889a3f005daddb04ec95645b5dba1d9c0a2
drfold_selected_output,8RO1_5,data/cache/v4_final_drfold2/8RO1_5/e2e_relax/model_2.pdb,187234,f99657ccde7f0b3991276a849b59dfa9e298ba88448313f9dbd5884e67ad6090
drfold_selected_output,8RO1_5,data/cache/v4_final_drfold2/8RO1_5/e2e_relax/plddt_model_1.npz,659,cb30f707c8141fe314345a4c817b6cec963a822dbc048ec532bf3788d57079a0
drfold_selected_output,8RO1_5,data/cache/v4_final_drfold2/8RO1_5/e2e_relax/plddt_model_2.npz,659,a8ee4fa456d5a1c2a57e50bd0a224dbd09aafa61ac1a857b34b9ffb0632e2d2b
drfold_selected_output,8RO1_5,data/cache/v4_final_drfold2/8RO1_5/e2e_relax/priors_model_1.npz,1754321,c19bbad5de36cad06ba9ad4e5a97e6df7364f9a654258e137caab5ae2c0b1c91
drfold_selected_output,8RO1_5,data/cache/v4_final_drfold2/8RO1_5/e2e_relax/priors_model_2.npz,1661859,c12015122891c8642ec7cd10359d79e7ebecfb6e4e9823ad5fbe797906aa0281
drfold_selected_output,8SD0_B,data/cache/v4_final_drfold2/8SD0_B/e2e_relax/manifest.json,229,15f847eb2fdb4b579b4786027cec227f92dca2423b556bdcd69bb1821bd1e06c
drfold_selected_output,8SD0_B,data/cache/v4_final_drfold2/8SD0_B/e2e_relax/model_1.pdb,53645,7119317eac6171700c453631380267a15f909cf9b252c5106dd95ddfc0308b81
drfold_selected_output,8SD0_B,data/cache/v4_final_drfold2/8SD0_B/e2e_relax/model_2.pdb,53645,e5c79fd5d2651dce5787c5eca306025246d19565f25829f28499b6bb1c804934
drfold_selected_output,8SD0_B,data/cache/v4_final_drfold2/8SD0_B/e2e_relax/plddt_model_1.npz,339,8ff9faed47b86057ba87740d199e74d57a50f8854a2e4d8dee23cc689aa6d854
drfold_selected_output,8SD0_B,data/cache/v4_final_drfold2/8SD0_B/e2e_relax/plddt_model_2.npz,337,168efba033994bf7ae8776227fc69844a9d5cbf53be73269bc6bab4b172411db
drfold_selected_output,8SD0_B,data/cache/v4_final_drfold2/8SD0_B/e2e_relax/priors_model_1.npz,168142,4f96671ac48e0c55cf0dbccd5c7a2a83536ad41afb784fc404761bc4fcc39754
drfold_selected_output,8SD0_B,data/cache/v4_final_drfold2/8SD0_B/e2e_relax/priors_model_2.npz,160944,9b582fbabc30fd7e7ad061a2525755b00c45395c5f0e34af6ef1c7e50924b316
drfold_selected_output,8SFP_B,data/cache/v4_final_drfold2/8SFP_B/e2e_relax/manifest.json,229,087212b79b82e4ab60c88b74e7c6e63dc9d7d652f0d0701691d2e7dca12aa3c6
drfold_selected_output,8SFP_B,data/cache/v4_final_drfold2/8SFP_B/e2e_relax/model_1.pdb,80347,1633ffc8de9c3ee15a53d7d7d07c9b08dc9b529e4989b16bec02c3dffd0ca329
drfold_selected_output,8SFP_B,data/cache/v4_final_drfold2/8SFP_B/e2e_relax/model_2.pdb,80347,ffd1e4b39559a815bdde9a4adce6c7d8a968871dcddacbe4b3805f02d449024c
drfold_selected_output,8SFP_B,data/cache/v4_final_drfold2/8SFP_B/e2e_relax/plddt_model_1.npz,406,54bc6aa8194990ed5eaf3a48db003f8222870c8714b2c7713d6b41944aff8e60
drfold_selected_output,8SFP_B,data/cache/v4_final_drfold2/8SFP_B/e2e_relax/plddt_model_2.npz,406,da3a0efff44cf964c52c45085e28216536cf213b397b80497b0d112f66b67822
drfold_selected_output,8SFP_B,data/cache/v4_final_drfold2/8SFP_B/e2e_relax/priors_model_1.npz,323130,c92569e99a37fc1ec455fb5537363d0174fbc151a152ed40c43cb2445f4a324e
drfold_selected_output,8SFP_B,data/cache/v4_final_drfold2/8SFP_B/e2e_relax/priors_model_2.npz,365302,4bcae3e7fc51413e9554d5dd5f8d0e9c8a6d1456ca0d54994bb641fc923f743a
drfold_selected_output,8SYK_B,data/cache/v4_final_drfold2/8SYK_B/e2e_relax/manifest.json,230,c9882c3afa320243d2ce7139b1f838624b92f828f28fdfd4f98c591e92210483
drfold_selected_output,8SYK_B,data/cache/v4_final_drfold2/8SYK_B/e2e_relax/model_1.pdb,180835,6e2fd417233be36cede7cea58289312b95b89667bceba501948e764522f04972
drfold_selected_output,8SYK_B,data/cache/v4_final_drfold2/8SYK_B/e2e_relax/model_2.pdb,180835,0f70f2a4a8367dbbcedd9c2bf867823c337eb93bf67a7ea22ad3230660aa0d28
drfold_selected_output,8SYK_B,data/cache/v4_final_drfold2/8SYK_B/e2e_relax/plddt_model_1.npz,628,fe0201948b20d368b4a2799d028b52b72f478dcd6d53d64f4fefe3922e348120
drfold_selected_output,8SYK_B,data/cache/v4_final_drfold2/8SYK_B/e2e_relax/plddt_model_2.npz,629,c023a1ded6315cbab2169e7e3df17018da069800d502e6816dc27a09d6bd0b1a
drfold_selected_output,8SYK_B,data/cache/v4_final_drfold2/8SYK_B/e2e_relax/priors_model_1.npz,1877082,9129a6964dcf3078dce7869f59bd6da8b1f9086ff253c5b73ad7dec8fc7dab58
drfold_selected_output,8SYK_B,data/cache/v4_final_drfold2/8SYK_B/e2e_relax/priors_model_2.npz,1690905,4fc43b66c0637d7414f3acb75d9b0e1992fbf2451d8f0b8dd2a80c50cf30bf55
drfold_selected_output,8T2P_A,data/cache/v4_final_drfold2/8T2P_A/e2e_relax/manifest.json,231,469bb7b0295fa4ec1ea62fa86d74c9d46719346c90e0d20e5297a28b1246b542
drfold_selected_output,8T2P_A,data/cache/v4_final_drfold2/8T2P_A/e2e_relax/model_1.pdb,226497,8765e90454e0c3a4e9866ff49b7d3d9740ee0c9ee57a98e94f96d78abd70f280
drfold_selected_output,8T2P_A,data/cache/v4_final_drfold2/8T2P_A/e2e_relax/model_2.pdb,226497,14ff663b6e80c2e74f4fc6deb0028b25257e0fbbf541231744f55f028dea78d6
drfold_selected_output,8T2P_A,data/cache/v4_final_drfold2/8T2P_A/e2e_relax/plddt_model_1.npz,738,8c9233aa0dbc3fa2e773dfce3af0c6790e03a600f53b6db6007ad5582523b309
drfold_selected_output,8T2P_A,data/cache/v4_final_drfold2/8T2P_A/e2e_relax/plddt_model_2.npz,740,6ddf938810a109073806b2de2ae3e3bf6239eef364b88ef9494b611cb4797911
drfold_selected_output,8T2P_A,data/cache/v4_final_drfold2/8T2P_A/e2e_relax/priors_model_1.npz,2909014,8c824e1804eed72341d2971a9899b684e0f50d0206ab51a7e41686efdc68b6bd
drfold_selected_output,8T2P_A,data/cache/v4_final_drfold2/8T2P_A/e2e_relax/priors_model_2.npz,2900601,f78b86eac56d034b6ab29112e24cbeb55072636b599e2195ac5c97903969be97
drfold_selected_output,8T2P_B,data/cache/v4_final_drfold2/8T2P_B/e2e_relax/manifest.json,229,2ed4b35021a0efca1c7af844815787ae602229b445fbd7edd5c4027916a61ece
drfold_selected_output,8T2P_B,data/cache/v4_final_drfold2/8T2P_B/e2e_relax/model_1.pdb,255964,704029624fc579e500106d5a9537e2373ca381fbb2829fd8bf786540697c3f27
drfold_selected_output,8T2P_B,data/cache/v4_final_drfold2/8T2P_B/e2e_relax/model_2.pdb,255964,fc30b304b56cde79f4307954ee8cc0e25f922f3dacb288d68c87570af988575a
drfold_selected_output,8T2P_B,data/cache/v4_final_drfold2/8T2P_B/e2e_relax/plddt_model_1.npz,800,8e68dd2c208ddd632af8a5787130e0e409b2e2b2153b794a9975574e22f94476
drfold_selected_output,8T2P_B,data/cache/v4_final_drfold2/8T2P_B/e2e_relax/plddt_model_2.npz,795,0c625f426a635cd66124643f9d8e1fdfb7927324dc566b0b5205d51bdf8ff88a
drfold_selected_output,8T2P_B,data/cache/v4_final_drfold2/8T2P_B/e2e_relax/priors_model_1.npz,3992805,e25e1665fedbdb9b364d66d25bf1553d55307561d495c7847a2c85aaf1302c3d
drfold_selected_output,8T2P_B,data/cache/v4_final_drfold2/8T2P_B/e2e_relax/priors_model_2.npz,3976556,9aaccbe51bfafcf2c00c421347cea9ed5604a4fccf7eb963db085d66ac0a6406
drfold_selected_output,8T5O_A,data/cache/v4_final_drfold2/8T5O_A/e2e_relax/manifest.json,230,48c23ec350fa04a2fe167ab973c42c7b56b4c50dbb6d2b470907b542f164746c
drfold_selected_output,8T5O_A,data/cache/v4_final_drfold2/8T5O_A/e2e_relax/model_1.pdb,209512,77ac3d0776f242cc5f9f99b33dd0daee58052eab06d9cfda24e2dbbfbb42e67d
drfold_selected_output,8T5O_A,data/cache/v4_final_drfold2/8T5O_A/e2e_relax/model_2.pdb,209512,e338ff1cb17678ef4d9e3022ab4e9acfa18b4134f35f9f8b6f4df4a054116eac
drfold_selected_output,8T5O_A,data/cache/v4_final_drfold2/8T5O_A/e2e_relax/plddt_model_1.npz,698,e26a8273178546a91a46b06f08b8592710ab0a0d90fe08212de1215cc4c29e5b
drfold_selected_output,8T5O_A,data/cache/v4_final_drfold2/8T5O_A/e2e_relax/plddt_model_2.npz,697,7ba571da09c60ab66686e60c266483a974566f280e886465076dbc36474baaa6
drfold_selected_output,8T5O_A,data/cache/v4_final_drfold2/8T5O_A/e2e_relax/priors_model_1.npz,2242733,6ffcb1103727bb4d0f67397267bc2d352f2f824dbf4c6fa506f64bc164f09094
drfold_selected_output,8T5O_A,data/cache/v4_final_drfold2/8T5O_A/e2e_relax/priors_model_2.npz,2346300,34d384d55e7eb4bb7a315f2a0c43dfe325b49126183b61fc4b566f1431678a21
drfold_selected_output,8TUX_R,data/cache/v4_final_drfold2/8TUX_R/e2e_relax/manifest.json,228,6e29700f076d7fa7db11dc3c384c8efaae27d7ec9e34add786dc8d491be36867
drfold_selected_output,8TUX_R,data/cache/v4_final_drfold2/8TUX_R/e2e_relax/model_1.pdb,159189,31b2840f393857f3d8ef82c3bc3b0ea4684a37f9933bce66262786fbe0b4d625
drfold_selected_output,8TUX_R,data/cache/v4_final_drfold2/8TUX_R/e2e_relax/model_2.pdb,159189,63a1f741e339c8486b72f482f96996ec2e66d694e15694756bc7a517ff87286b
drfold_selected_output,8TUX_R,data/cache/v4_final_drfold2/8TUX_R/e2e_relax/plddt_model_1.npz,598,9f31d5ac596cfba123dfc6a79e7799307fe48ac437272ced78f8d89aebcbbbdf
drfold_selected_output,8TUX_R,data/cache/v4_final_drfold2/8TUX_R/e2e_relax/plddt_model_2.npz,596,2872fc3e20bbd57966904c5de1080ea27b0e61425276c0065f9fc29151923876
drfold_selected_output,8TUX_R,data/cache/v4_final_drfold2/8TUX_R/e2e_relax/priors_model_1.npz,1748904,8541c5c77ec437e79a02fa03910dbb004f7b8b4a4071c700de283d593137ce0d
drfold_selected_output,8TUX_R,data/cache/v4_final_drfold2/8TUX_R/e2e_relax/priors_model_2.npz,1781460,becf5fe8f3f6bef8d7fee94f93c8bb8921f00e70fe65df24be0e06417ab73c0c
drfold_selected_output,8TVZ_C,data/cache/v4_final_drfold2/8TVZ_C/e2e_relax/manifest.json,230,60e95cd1af9858ce3bdfcd22acd6ade2121848ee86219737c95160f6bbaacdfa
drfold_selected_output,8TVZ_C,data/cache/v4_final_drfold2/8TVZ_C/e2e_relax/model_1.pdb,611148,bfc229daad3e7c08bdf5a187bd66495b21f2c687667286ba456fc8e7eac5c7f3
drfold_selected_output,8TVZ_C,data/cache/v4_final_drfold2/8TVZ_C/e2e_relax/model_2.pdb,611148,5cd486ec67880ba72d342bf1e9e31f77af4ff5ad1272f6878f2351ec6e5bf871
drfold_selected_output,8TVZ_C,data/cache/v4_final_drfold2/8TVZ_C/e2e_relax/plddt_model_1.npz,1548,dd5ae4a1dcdf8c87c6434d99fb622d3f3c1450009372c3c1037c8b87cce9e823
drfold_selected_output,8TVZ_C,data/cache/v4_final_drfold2/8TVZ_C/e2e_relax/plddt_model_2.npz,1555,c1d057159d34f55f1682776aff99e0884c9c0651fa6338a66c25aced24d24f85
drfold_selected_output,8TVZ_C,data/cache/v4_final_drfold2/8TVZ_C/e2e_relax/priors_model_1.npz,22234071,b568d6a1a75ca62cbb5732e92ac1c8c39e1c4ac52720156120a324e194d55401
drfold_selected_output,8TVZ_C,data/cache/v4_final_drfold2/8TVZ_C/e2e_relax/priors_model_2.npz,17932256,654a417fb733a13db8e5b8587a18847de6dbb2cb87ba5e8ea99ed534c97ac07c
drfold_selected_output,8UB9_I,data/cache/v4_final_drfold2/8UB9_I/e2e_relax/manifest.json,231,e9b6f814a6977fd7c05e4835dcc8a879131cb4836bd39e9de2a55281c85c8703
drfold_selected_output,8UB9_I,data/cache/v4_final_drfold2/8UB9_I/e2e_relax/model_1.pdb,235424,dd17be6f10e5d2519d1876ff4c0f77693d4dda8ae0793d1afe54cd45f586b408
drfold_selected_output,8UB9_I,data/cache/v4_final_drfold2/8UB9_I/e2e_relax/model_2.pdb,235424,ba3900750ba4f1eef392352b5c52a3dfca50ec4b33909e8b0cc1d49407033e25
drfold_selected_output,8UB9_I,data/cache/v4_final_drfold2/8UB9_I/e2e_relax/plddt_model_1.npz,756,b18da9f7b90c7af2bc125d37d2781df6171395e04c2806fdbedbfd1a9dd763b9
drfold_selected_output,8UB9_I,data/cache/v4_final_drfold2/8UB9_I/e2e_relax/plddt_model_2.npz,755,1210d7a8b69841c14d8229e8e0023eaba997c649452b20478951a01f59832e93
drfold_selected_output,8UB9_I,data/cache/v4_final_drfold2/8UB9_I/e2e_relax/priors_model_1.npz,3851944,d6edf3230433af335a8fc0bc1e5bb164c8ca23f76198735245f30b3a2d5d95a9
drfold_selected_output,8UB9_I,data/cache/v4_final_drfold2/8UB9_I/e2e_relax/priors_model_2.npz,3765415,a1521d9aa8df8d5c0c5609a886dd64d66b668e119740ca6eaee17fd6ffa77a8b
drfold_selected_output,8UIW_N,data/cache/v4_final_drfold2/8UIW_N/e2e_relax/manifest.json,231,a2ac2adf4da428818f0d1218068d1de746b74e6489a604a40696087d56fdb331
drfold_selected_output,8UIW_N,data/cache/v4_final_drfold2/8UIW_N/e2e_relax/model_1.pdb,215121,af5caf3bc8aa4b1a0b5291004d8c01d5ac8440b3b28bfeca83e7a09d8b1254b9
drfold_selected_output,8UIW_N,data/cache/v4_final_drfold2/8UIW_N/e2e_relax/model_2.pdb,215121,9d37075828a9eaafa2d165f5187c55d3aca12337c58a114ec71349d22e6770be
drfold_selected_output,8UIW_N,data/cache/v4_final_drfold2/8UIW_N/e2e_relax/plddt_model_1.npz,717,32ff6d410429555f2ff30b97c99744be67e882c9a6a45d556511d1704b691e6c
drfold_selected_output,8UIW_N,data/cache/v4_final_drfold2/8UIW_N/e2e_relax/plddt_model_2.npz,713,5933b0a4d8f76e8557e88bd668ef14ae83971ef5cd071883963aaf18515d9bb7
drfold_selected_output,8UIW_N,data/cache/v4_final_drfold2/8UIW_N/e2e_relax/priors_model_1.npz,2679069,abf988f1885017b98832c0d9e05cef2fd544b2a63926da3a7fa22e9dc25d99f8
drfold_selected_output,8UIW_N,data/cache/v4_final_drfold2/8UIW_N/e2e_relax/priors_model_2.npz,2663304,150d033267d3da827de0b06e5cbdec44b6e1d350cfd61d87bcd69f12687db4c9
drfold_selected_output,8UMF_B,data/cache/v4_final_drfold2/8UMF_B/e2e_relax/manifest.json,231,822d532a7a134ebb254e1ae07b4fa0094cf1ef0062e106d79c4557d4b2302d80
drfold_selected_output,8UMF_B,data/cache/v4_final_drfold2/8UMF_B/e2e_relax/model_1.pdb,219229,135c18c45d64e60926a4871a0b3c334cf4866b63368c4a685d3f3f73377f6156
drfold_selected_output,8UMF_B,data/cache/v4_final_drfold2/8UMF_B/e2e_relax/model_2.pdb,219229,fa7ff14732013f994618a7271c98f1340c5e9e30748dfef2238d5e1ffebbbe4a
drfold_selected_output,8UMF_B,data/cache/v4_final_drfold2/8UMF_B/e2e_relax/plddt_model_1.npz,725,0a3c42d3a2ea4b5d65ccce3c06deffb63e4e3324f86d76c7a320e061758f5ad9
drfold_selected_output,8UMF_B,data/cache/v4_final_drfold2/8UMF_B/e2e_relax/plddt_model_2.npz,727,7a87cd2d6729d54730a89580c809de9b4dd211e907eb9fcff27abfd57c54aa7a
drfold_selected_output,8UMF_B,data/cache/v4_final_drfold2/8UMF_B/e2e_relax/priors_model_1.npz,2432921,c303d704231a5a7d0b54943d8dee46d6c6ea1a7b64aa3188e796cfa999166816
drfold_selected_output,8UMF_B,data/cache/v4_final_drfold2/8UMF_B/e2e_relax/priors_model_2.npz,2874462,6ff0edd8b4309f4d0f049f08d3051482dd10251c85b28939d52acf6f859de03e
drfold_selected_output,8UO6_B,data/cache/v4_final_drfold2/8UO6_B/e2e_relax/manifest.json,229,966654b9b53dee325814505488a1781f23e6811bcdeb472caadae40e0a95e774
drfold_selected_output,8UO6_B,data/cache/v4_final_drfold2/8UO6_B/e2e_relax/model_1.pdb,226734,8c16e79b36cde1a9b7c39e724a8ae4f90463b63d7574572e64700ec90518bb0a
drfold_selected_output,8UO6_B,data/cache/v4_final_drfold2/8UO6_B/e2e_relax/model_2.pdb,226734,138d70a0b42c99250338aa739f185f8c9da3c14ee760de77b139ea76b75f7002
drfold_selected_output,8UO6_B,data/cache/v4_final_drfold2/8UO6_B/e2e_relax/plddt_model_1.npz,721,8569c1861ec511c5cebe06f301d2597cdf9d79f0cfd98bae6c52f6b5a1f4b0c1
drfold_selected_output,8UO6_B,data/cache/v4_final_drfold2/8UO6_B/e2e_relax/plddt_model_2.npz,722,6874ae0e430bd71a552509ac6a88c7c06339b11f8cdeca8b016387499b74341b
drfold_selected_output,8UO6_B,data/cache/v4_final_drfold2/8UO6_B/e2e_relax/priors_model_1.npz,1687231,5337e23de5d1b2289e92c7a70bc1adbae1f358997f84fdcb8e31db3550aa4389
drfold_selected_output,8UO6_B,data/cache/v4_final_drfold2/8UO6_B/e2e_relax/priors_model_2.npz,2135531,42bcea2c1a76b890d3f98c2272c8d4631704a5a3a22339e46cb8feada0c436b5
drfold_selected_output,8URQ_D,data/cache/v4_final_drfold2/8URQ_D/e2e_relax/manifest.json,227,f298cd2fed1e3e0472989e7eda2356d6393c683fdfaf1526a36df19166352d82
drfold_selected_output,8URQ_D,data/cache/v4_final_drfold2/8URQ_D/e2e_relax/model_1.pdb,51986,6259dc949a649597eb205537ec7de0ef083bbfb6cc700e18db08f5813631e968
drfold_selected_output,8URQ_D,data/cache/v4_final_drfold2/8URQ_D/e2e_relax/model_2.pdb,51986,197ed98ce31b714023ea101da34f932d3a5c0ad48f521691ba5e047204001d03
drfold_selected_output,8URQ_D,data/cache/v4_final_drfold2/8URQ_D/e2e_relax/plddt_model_1.npz,332,a74cf79b3f53c1ac47d62112a5168e6fc748a3c2204553a865bc720b447ed5e6
drfold_selected_output,8URQ_D,data/cache/v4_final_drfold2/8URQ_D/e2e_relax/plddt_model_2.npz,335,a457235ad81954ab5af63d932fcbca93fbbcfaf3512cacfc00b797be9038bfb0
drfold_selected_output,8URQ_D,data/cache/v4_final_drfold2/8URQ_D/e2e_relax/priors_model_1.npz,156569,9ac2f4de1639f5caca2e4197dffb124be894b8b98fb49b4a149e2d5d5aac8256
drfold_selected_output,8URQ_D,data/cache/v4_final_drfold2/8URQ_D/e2e_relax/priors_model_2.npz,163694,328a252b41e65f67d73d0862f4a346180073b411ddf51fff70de534c69bcf169
drfold_selected_output,8UZB_B,data/cache/v4_final_drfold2/8UZB_B/e2e_relax/manifest.json,230,5f287a2dba17b8bae8f0af0f07652d7dc55ed287f889f7681a4662775defa5bc
drfold_selected_output,8UZB_B,data/cache/v4_final_drfold2/8UZB_B/e2e_relax/model_1.pdb,179097,926d0be5c919a036bed3863128aeb78a3e3c1f860c8913985ca56fc0fddce733
drfold_selected_output,8UZB_B,data/cache/v4_final_drfold2/8UZB_B/e2e_relax/model_2.pdb,179097,f5bbfd30372029fba2e10df86708bbd4417b2d6a12f91db5e5c4ceca54f1d3b3
drfold_selected_output,8UZB_B,data/cache/v4_final_drfold2/8UZB_B/e2e_relax/plddt_model_1.npz,644,299657bba189ac44bf1bc5271759679391e248e8de350de80ef5d1e3a8a01925
drfold_selected_output,8UZB_B,data/cache/v4_final_drfold2/8UZB_B/e2e_relax/plddt_model_2.npz,641,c5307fab810bcdd693b0c44479826f84979709326eea80e0e88cf4757643833f
drfold_selected_output,8UZB_B,data/cache/v4_final_drfold2/8UZB_B/e2e_relax/priors_model_1.npz,1670991,43d7f4ce5f4ed8a68060a5edd7eca823dc4efb2a1bb1b6ac2364e749285450b4
drfold_selected_output,8UZB_B,data/cache/v4_final_drfold2/8UZB_B/e2e_relax/priors_model_2.npz,1618122,51882705c96521070dbfd68d259045215e250f000a944cc6c626e0f2e6783249
drfold_selected_output,8VCI_A,data/cache/v4_final_drfold2/8VCI_A/e2e_relax/manifest.json,229,f8443b39bc2e4ce977846af8419b4cf365430be31d54adecfedf54e557819f72
drfold_selected_output,8VCI_A,data/cache/v4_final_drfold2/8VCI_A/e2e_relax/model_1.pdb,198136,f2dac6525b328f87ac7749c303e8d81dd3df110aba1988434233508154f924e1
drfold_selected_output,8VCI_A,data/cache/v4_final_drfold2/8VCI_A/e2e_relax/model_2.pdb,198136,f8c7c2773a210b93da6fff736e016d347f552c1b08f61b969da91074ffda0262
drfold_selected_output,8VCI_A,data/cache/v4_final_drfold2/8VCI_A/e2e_relax/plddt_model_1.npz,668,dd4a03dd586a63c5de0444f1c89470a8fb7f35d9701aca10f285606c9e516e5c
drfold_selected_output,8VCI_A,data/cache/v4_final_drfold2/8VCI_A/e2e_relax/plddt_model_2.npz,672,4bb3ea0bdf0ddda79006fe87d319158baf638d95f988d69bee6747fd816eb979
drfold_selected_output,8VCI_A,data/cache/v4_final_drfold2/8VCI_A/e2e_relax/priors_model_1.npz,2091538,a1650f0416cbce9a1de646c74bdc084d0059e557e441afbea46547e2033ced1a
drfold_selected_output,8VCI_A,data/cache/v4_final_drfold2/8VCI_A/e2e_relax/priors_model_2.npz,2537417,2c876b7acab4882f22c88249b004b7f1bbd9006541ee9d9c23c069c9de273fd3
drfold_selected_output,8W2Z_B,data/cache/v4_final_drfold2/8W2Z_B/e2e_relax/manifest.json,230,3731543ca288bd80a440dbbc7b044196d21872f13b1759c82d154c46487ed24f
drfold_selected_output,8W2Z_B,data/cache/v4_final_drfold2/8W2Z_B/e2e_relax/model_1.pdb,265839,976732dbc772918f98d23e3cf945a0180e0561466c7b95a2c83125a85fa6782b
drfold_selected_output,8W2Z_B,data/cache/v4_final_drfold2/8W2Z_B/e2e_relax/model_2.pdb,265839,675b4f7f4877a662f1461c9588a830260ea4d37b6671ca73945b8623ef1e7281
drfold_selected_output,8W2Z_B,data/cache/v4_final_drfold2/8W2Z_B/e2e_relax/plddt_model_1.npz,825,aa4e9c9ee2f2874734738b6cbeba9bde44e3cf2db556819a38e68a536431f36f
drfold_selected_output,8W2Z_B,data/cache/v4_final_drfold2/8W2Z_B/e2e_relax/plddt_model_2.npz,820,985a44401cb13e9331187a81e6b2d364532be6d73d99c6ffa13026658b73db7a
drfold_selected_output,8W2Z_B,data/cache/v4_final_drfold2/8W2Z_B/e2e_relax/priors_model_1.npz,3511902,7d56cb61b3f9acdc9879b6239849ee8ccc63c7e69ce90939b7611e4615e18305
drfold_selected_output,8W2Z_B,data/cache/v4_final_drfold2/8W2Z_B/e2e_relax/priors_model_2.npz,4016524,91cd9cdbfd3075701e057d2705bc64bd03697bfbc0309a6f2ea9da7b623a4a3b
drfold_selected_output,8WCE_G,data/cache/v4_final_drfold2/8WCE_G/e2e_relax/manifest.json,229,d8c78a257914a3825c9951c1d9ae0725f922e9fa9dee187fe412667a32337e42
drfold_selected_output,8WCE_G,data/cache/v4_final_drfold2/8WCE_G/e2e_relax/model_1.pdb,111394,4eb8f2bd0c79b536c9861f18ccc818c0e6023dd4b72d85fff9bd1330a3caff98
drfold_selected_output,8WCE_G,data/cache/v4_final_drfold2/8WCE_G/e2e_relax/model_2.pdb,111394,c9b157a6d1386e362a0da9bd1664cfea39cbbe2f22c3668a42638b293399e932
drfold_selected_output,8WCE_G,data/cache/v4_final_drfold2/8WCE_G/e2e_relax/plddt_model_1.npz,479,2449abb0c0c076e79d52d8380ff3946c22675cee9d9a9fae30666402ccec18e7
drfold_selected_output,8WCE_G,data/cache/v4_final_drfold2/8WCE_G/e2e_relax/plddt_model_2.npz,480,f4d812b8ace5d0e36afe2241272c98cc2f871aa1e0a645731d3f8ccdab77fc0d
drfold_selected_output,8WCE_G,data/cache/v4_final_drfold2/8WCE_G/e2e_relax/priors_model_1.npz,752457,b454e93c1faa55884f6f82846b9db7fad3a88eb8698b37f32410c6d0bea9dd81
drfold_selected_output,8WCE_G,data/cache/v4_final_drfold2/8WCE_G/e2e_relax/priors_model_2.npz,820499,88e5ca38264144eba63e5b1ce3e00ab39c8393bc548247c9b066cc4fca55d774
drfold_selected_output,8WMM_O,data/cache/v4_final_drfold2/8WMM_O/e2e_relax/manifest.json,228,98ea18f13a8f9f54883af0b9b3d255dcf152033f857163fbbbf9ab6ca07ba90c
drfold_selected_output,8WMM_O,data/cache/v4_final_drfold2/8WMM_O/e2e_relax/model_1.pdb,214252,fce3f207c1f9124dcea9cc34e3d6d1e51071b8b9dc00d6e62c481fe411bafe61
drfold_selected_output,8WMM_O,data/cache/v4_final_drfold2/8WMM_O/e2e_relax/model_2.pdb,214252,19d21889aa4b4a4be2f0794e0f63fa2df76b2756d6fdaee08cf107d20bd6846f
drfold_selected_output,8WMM_O,data/cache/v4_final_drfold2/8WMM_O/e2e_relax/plddt_model_1.npz,697,3e1445c682da6ac98330513a2e9ed5f40bc3698dd67c201a19381ff6bb355dfd
drfold_selected_output,8WMM_O,data/cache/v4_final_drfold2/8WMM_O/e2e_relax/plddt_model_2.npz,707,62f4c7d5e526e23a97e36b879fe1750bb225259e5a88cf9ac1268c35f3b21bb9
drfold_selected_output,8WMM_O,data/cache/v4_final_drfold2/8WMM_O/e2e_relax/priors_model_1.npz,1791233,f57dd5b51d55f8962384a2164dd2f4a91c098dffc422a801b61d92f80b18a1ba
drfold_selected_output,8WMM_O,data/cache/v4_final_drfold2/8WMM_O/e2e_relax/priors_model_2.npz,1515405,f55369364cbe9f5c51c4e5b941fabf60025dbc91dfcddc7576e494a1ceba2e43
drfold_selected_output,8WR4_N,data/cache/v4_final_drfold2/8WR4_N/e2e_relax/manifest.json,230,acbc8b3ebdc51a6724306c5fa34883aca83b401ab84e9fd8b22a4fd4d9aa6838
drfold_selected_output,8WR4_N,data/cache/v4_final_drfold2/8WR4_N/e2e_relax/model_1.pdb,213067,ed4928fe83a9469175b6fee6630ee0c37308dc23a9807fff68929cbd1857db6a
drfold_selected_output,8WR4_N,data/cache/v4_final_drfold2/8WR4_N/e2e_relax/model_2.pdb,213067,57157c400a16927734053963a5f15a66d4983a82fed438d0a5f09291c702a265
drfold_selected_output,8WR4_N,data/cache/v4_final_drfold2/8WR4_N/e2e_relax/plddt_model_1.npz,699,317c121ab799ed56e773cfa34f2370e826144b5d3024ad976249e71286b562ff
drfold_selected_output,8WR4_N,data/cache/v4_final_drfold2/8WR4_N/e2e_relax/plddt_model_2.npz,710,db7b277bef6a1d72d9d5073e4d99a98b90be73df21c1c5eed1fefe6d39fdb746
drfold_selected_output,8WR4_N,data/cache/v4_final_drfold2/8WR4_N/e2e_relax/priors_model_1.npz,1737575,e600cb58f5159ffce33a573527c4eb16a59c9cc7c5ded63be19d3e70d50d15a4
drfold_selected_output,8WR4_N,data/cache/v4_final_drfold2/8WR4_N/e2e_relax/priors_model_2.npz,1667528,05922b3ecf76667b0503beb122a302eb0e592dc129592b42a734ad8e60de3966
drfold_selected_output,8WUS_B,data/cache/v4_final_drfold2/8WUS_B/e2e_relax/manifest.json,230,8eaa698d7a526030dcb526a414f5e6a1e5ce5ff6ae5ec2db9046f4e5f0c7ad05
drfold_selected_output,8WUS_B,data/cache/v4_final_drfold2/8WUS_B/e2e_relax/model_1.pdb,193949,a70eb1ebe420a3fd0359b8d8d06a46be6d9131c0288c1d68485d70227290572a
drfold_selected_output,8WUS_B,data/cache/v4_final_drfold2/8WUS_B/e2e_relax/model_2.pdb,193949,50a69f921fe5fbe5a49f8da2a3ade7ade8a22be96c7141174d6db291bb7845bc
drfold_selected_output,8WUS_B,data/cache/v4_final_drfold2/8WUS_B/e2e_relax/plddt_model_1.npz,657,248cb6fd7a5fb9b059e5c0ea58d29c9710b1749d07beef03457ac307ee8d8a68
drfold_selected_output,8WUS_B,data/cache/v4_final_drfold2/8WUS_B/e2e_relax/plddt_model_2.npz,659,4fadf466e825ecc23f1380006b952c5a5fb4fd53684fbc890c1f8f585953aec9
drfold_selected_output,8WUS_B,data/cache/v4_final_drfold2/8WUS_B/e2e_relax/priors_model_1.npz,1233329,d47f13f80f90344dfcb5a17d2ca19bf0c605e0cc9791636d6874ad88fbe311f2
drfold_selected_output,8WUS_B,data/cache/v4_final_drfold2/8WUS_B/e2e_relax/priors_model_2.npz,1257727,7a2ab1b9d2c9fb8086bbdbfac38a75c32b9f4455dc13d12dc9f2027db73e7c7b
drfold_selected_output,8WUT_B,data/cache/v4_final_drfold2/8WUT_B/e2e_relax/manifest.json,230,2847ca0d577698fe8c72a51ed764a650b0a5c78614f8ba1de3aac67401ae627d
drfold_selected_output,8WUT_B,data/cache/v4_final_drfold2/8WUT_B/e2e_relax/model_1.pdb,193949,717427b936155ddcbc4fe3a994cc67943452a11ff6f09300f2949b5cca62ba69
drfold_selected_output,8WUT_B,data/cache/v4_final_drfold2/8WUT_B/e2e_relax/model_2.pdb,193949,77a48b6edc55260a8c5e049cb20a61f32a4bc5767750734e979df37790168526
drfold_selected_output,8WUT_B,data/cache/v4_final_drfold2/8WUT_B/e2e_relax/plddt_model_1.npz,659,86df4af5108cd901dcb10de40ebd1238e46753a9d2bfe13ab7ec6f2e58d99251
drfold_selected_output,8WUT_B,data/cache/v4_final_drfold2/8WUT_B/e2e_relax/plddt_model_2.npz,660,cff2939c6e4d181da3d0b6b72d9ad134ebe3ab0df02c8a46c3ccad84cca61caf
drfold_selected_output,8WUT_B,data/cache/v4_final_drfold2/8WUT_B/e2e_relax/priors_model_1.npz,1249811,eafcbafdad4b456b8ddaefe92e9923fc6ecdd0c1509569fd4c68baad11f88522
drfold_selected_output,8WUT_B,data/cache/v4_final_drfold2/8WUT_B/e2e_relax/priors_model_2.npz,1284307,ad09b8c3acd4873520e61bbfdeedad3b56f2612eeb50bbc061fda8caddcfffe8
drfold_selected_output,8WUU_B,data/cache/v4_final_drfold2/8WUU_B/e2e_relax/manifest.json,228,02446f0483ccb7bead7289fa3f686b633e1130c94e90bb80272946502c21dea8
drfold_selected_output,8WUU_B,data/cache/v4_final_drfold2/8WUU_B/e2e_relax/model_1.pdb,187471,00062651d2cbe182b7eb8e548a713b8914dce0c9ac36169a79462af768ebbdcb
drfold_selected_output,8WUU_B,data/cache/v4_final_drfold2/8WUU_B/e2e_relax/model_2.pdb,187471,7c51c9f75b506a961377f1b0b57ee3441cf0b576a5d44c076038069d6b7eb691
drfold_selected_output,8WUU_B,data/cache/v4_final_drfold2/8WUU_B/e2e_relax/plddt_model_1.npz,647,da5ea208698f36e23b7998df6f7980f9a902d0c4e52dcb45e84d8ae41cabeabb
drfold_selected_output,8WUU_B,data/cache/v4_final_drfold2/8WUU_B/e2e_relax/plddt_model_2.npz,649,af4651e5a6e23ef6cd6bc8ae4d02a565890ddfc9b83fea94dd2a1c79f115be8e
drfold_selected_output,8WUU_B,data/cache/v4_final_drfold2/8WUU_B/e2e_relax/priors_model_1.npz,1155978,0d2c5945d16cbd77ea793bf7f470ab8b3426756f0f575cfaae2f2e7dfc0b239b
drfold_selected_output,8WUU_B,data/cache/v4_final_drfold2/8WUU_B/e2e_relax/priors_model_2.npz,1205051,040e1ac875cd3fe5bcf4aa4a891dc6a5b13bf06f6794a4abf1f4b74bcd4fbd05
drfold_selected_output,8WUV_B,data/cache/v4_final_drfold2/8WUV_B/e2e_relax/manifest.json,231,d92bc7d59b2dedb315c370d93c2c98b49fc4642aeb231a133ab37a056538d266
drfold_selected_output,8WUV_B,data/cache/v4_final_drfold2/8WUV_B/e2e_relax/model_1.pdb,231948,33c0ec3d3f1b9f8d7a72b79a8bf1cc6376d461a700615caaa2988f3c0d1c0a1b
drfold_selected_output,8WUV_B,data/cache/v4_final_drfold2/8WUV_B/e2e_relax/model_2.pdb,231948,7c8de37c4ce5739b6eb6f5762119967a0ef59693c8a53d5a8f5620533c394552
drfold_selected_output,8WUV_B,data/cache/v4_final_drfold2/8WUV_B/e2e_relax/plddt_model_1.npz,739,55566c0e5fd290d8f3f51abcc590e2aa9d853ea6ff1fc38ef1438922a70d610d
drfold_selected_output,8WUV_B,data/cache/v4_final_drfold2/8WUV_B/e2e_relax/plddt_model_2.npz,739,91089510a9f6e900d12a60fe74af6584ad4d352d63d8957b201a73c5f93a0839
drfold_selected_output,8WUV_B,data/cache/v4_final_drfold2/8WUV_B/e2e_relax/priors_model_1.npz,2700408,5d3d43d7adb9556672e694cacb68566af764b50d28499a5352b1130da561f86d
drfold_selected_output,8WUV_B,data/cache/v4_final_drfold2/8WUV_B/e2e_relax/priors_model_2.npz,2514759,891211f4f5484484cff701508f01620c99640109b1000d9fc8516739bce4cc88
drfold_selected_output,8X5V_B,data/cache/v4_final_drfold2/8X5V_B/e2e_relax/manifest.json,229,b98d4a5165a1e00262400ec6ad49fea0408356194b4e0da29721e8162bc4da61
drfold_selected_output,8X5V_B,data/cache/v4_final_drfold2/8X5V_B/e2e_relax/model_1.pdb,185180,4292dc48b205a59742bce071a9bdcfab637387f31dde6a83561091521fd628d8
drfold_selected_output,8X5V_B,data/cache/v4_final_drfold2/8X5V_B/e2e_relax/model_2.pdb,185180,245c82d0d652cf17338a2ed77568d9d7f83e765b8e5304e58667e829be8798d0
drfold_selected_output,8X5V_B,data/cache/v4_final_drfold2/8X5V_B/e2e_relax/plddt_model_1.npz,650,60e0c7ce1b6988da2b6fc4d7b227b20783cd73bd3fc9eef1f34a02dcf8b9b171
drfold_selected_output,8X5V_B,data/cache/v4_final_drfold2/8X5V_B/e2e_relax/plddt_model_2.npz,653,46201b861ea7b2a5bbd816e535154f0d65603f270eaa249d00b8b98bf829360f
drfold_selected_output,8X5V_B,data/cache/v4_final_drfold2/8X5V_B/e2e_relax/priors_model_1.npz,2094614,468dae639b915932493913482726075775bcf655d9a86d15b91c0da4e23367b2
drfold_selected_output,8X5V_B,data/cache/v4_final_drfold2/8X5V_B/e2e_relax/priors_model_2.npz,2098146,b8d89cf4bcd516d01aacbec8725652f6e79b8d768a52250c877886d964a59f41
drfold_selected_output,8XAK_B,data/cache/v4_final_drfold2/8XAK_B/e2e_relax/manifest.json,229,06be10df8de9d35017c7f61c2a5c7207b80c378362359e71feeaed9d8bf461e1
drfold_selected_output,8XAK_B,data/cache/v4_final_drfold2/8XAK_B/e2e_relax/model_1.pdb,57516,edf4e6949d201a57b45f3f98b1b66c396965b03bb684bb029a6171c8e4ef96da
drfold_selected_output,8XAK_B,data/cache/v4_final_drfold2/8XAK_B/e2e_relax/model_2.pdb,57516,bbcca5f400a3eaf55d38af6722b5522b8b698c89b963a5625a49c7461409726a
drfold_selected_output,8XAK_B,data/cache/v4_final_drfold2/8XAK_B/e2e_relax/plddt_model_1.npz,346,d4aecf2edf1457d1ea5aec7e03df1a28dc5aaac671d867be7face9516db11393
drfold_selected_output,8XAK_B,data/cache/v4_final_drfold2/8XAK_B/e2e_relax/plddt_model_2.npz,350,d5ab6058f70311a2536cc0f198a25b77527b46e0df52b38d591e70a537f6781f
drfold_selected_output,8XAK_B,data/cache/v4_final_drfold2/8XAK_B/e2e_relax/priors_model_1.npz,200333,8935b2d06166558cb071e116489b5e5218121c3ce266c1c95f0d8e11bd5febee
drfold_selected_output,8XAK_B,data/cache/v4_final_drfold2/8XAK_B/e2e_relax/priors_model_2.npz,205072,9d7f4866509814b585b4de6892228eb102a70808b49e3dad345c5c6d5996233f
drfold_selected_output,8XCA_B,data/cache/v4_final_drfold2/8XCA_B/e2e_relax/manifest.json,228,aee4853a97b8746d7adf2bc50e100ec89ba1d71b07109cb4ffd5c00063282ebd
drfold_selected_output,8XCA_B,data/cache/v4_final_drfold2/8XCA_B/e2e_relax/model_1.pdb,100650,d0a2b9dfa77460fb7338f9713ca5bc48674db1f75f4cf21065d8d2ee62c19e28
drfold_selected_output,8XCA_B,data/cache/v4_final_drfold2/8XCA_B/e2e_relax/model_2.pdb,100650,835d802d25bc3e420f06e87e2cfae01e63f959d45f9d8fa1701666841258ff3e
drfold_selected_output,8XCA_B,data/cache/v4_final_drfold2/8XCA_B/e2e_relax/plddt_model_1.npz,456,36d4f3bdab5ab846cc7074a122ae573b12478db3f71137de9892d1efabad1bb7
drfold_selected_output,8XCA_B,data/cache/v4_final_drfold2/8XCA_B/e2e_relax/plddt_model_2.npz,453,0f1eef92b8f747146a8659a0cdb41a2412391981705eca0bdba30565ac8f6629
drfold_selected_output,8XCA_B,data/cache/v4_final_drfold2/8XCA_B/e2e_relax/priors_model_1.npz,556080,508cc8817706ca354b7dbd0173223de7fd59ca6a028ebdddb0e04379f5119a2a
drfold_selected_output,8XCA_B,data/cache/v4_final_drfold2/8XCA_B/e2e_relax/priors_model_2.npz,548869,99befc0f419486f911a42af31b7e46c1e248604f00b867b19e39f2e15eecd039
drfold_selected_output,8XTP_A,data/cache/v4_final_drfold2/8XTP_A/e2e_relax/manifest.json,228,c6b103b95852f12b8cd5eea78c65160ae96e2baef65ebeec7193d6a9766a2cb0
drfold_selected_output,8XTP_A,data/cache/v4_final_drfold2/8XTP_A/e2e_relax/model_1.pdb,224127,e2e8976530f350eebe0179a2a072e8e03dbe9f9c864df6bb55327a636ba8d4c9
drfold_selected_output,8XTP_A,data/cache/v4_final_drfold2/8XTP_A/e2e_relax/model_2.pdb,224127,db03ab5b2dc1d31e62114f01fb86bf745cd8fa79bc05728e25aa2476b0f73ed2
drfold_selected_output,8XTP_A,data/cache/v4_final_drfold2/8XTP_A/e2e_relax/plddt_model_1.npz,726,e956b8044d6b83e7f0091d6a0bd5465d33031e6dc7a08248365de720e6fd283e
drfold_selected_output,8XTP_A,data/cache/v4_final_drfold2/8XTP_A/e2e_relax/plddt_model_2.npz,724,18aefd00b9924d01a17f41c0973d0c0ca60b9680a59c67f7747d659932b36b70
drfold_selected_output,8XTP_A,data/cache/v4_final_drfold2/8XTP_A/e2e_relax/priors_model_1.npz,2928092,7b59fc655524095b6e40a27013e790a5333fceeeb36c5876df477d9c15a85125
drfold_selected_output,8XTP_A,data/cache/v4_final_drfold2/8XTP_A/e2e_relax/priors_model_2.npz,2659053,3519ba6303c2b6a7a770ea405c426e3b9a7c87bf060b52dc9b3bd5cb9b1a7c4f
drfold_selected_output,8XTR_A,data/cache/v4_final_drfold2/8XTR_A/e2e_relax/manifest.json,229,d19fa3121c9f22e0543ea3509b6447df8e4b67704680da26a70d86c159c6cfce
drfold_selected_output,8XTR_A,data/cache/v4_final_drfold2/8XTR_A/e2e_relax/model_1.pdb,244193,af615d03ef14ab8aa774ae930bba9c2b4a03293e3c7f69902f5fe9749dbee44a
drfold_selected_output,8XTR_A,data/cache/v4_final_drfold2/8XTR_A/e2e_relax/model_2.pdb,244193,1b9cff6434500dfdd741827d1a6edcf782a1175c532f14b72fdf40522dfdec47
drfold_selected_output,8XTR_A,data/cache/v4_final_drfold2/8XTR_A/e2e_relax/plddt_model_1.npz,770,d10bded3ab4aca0f233dc9aa70591cb70bb7ac8c5d1d5101afbd7b3ee57f4b82
drfold_selected_output,8XTR_A,data/cache/v4_final_drfold2/8XTR_A/e2e_relax/plddt_model_2.npz,775,053390898492a6f95321f186716f185b65859d133b9e85c400747304d926b236
drfold_selected_output,8XTR_A,data/cache/v4_final_drfold2/8XTR_A/e2e_relax/priors_model_1.npz,3556258,e7e3d26df21625bf9375a509af5c3d0108e672704b48426a8fab0423fefb1a9f
drfold_selected_output,8XTR_A,data/cache/v4_final_drfold2/8XTR_A/e2e_relax/priors_model_2.npz,3444144,f268e4ec6a76ad71b79bfce47639d5dd31d72ccfc8d9ae7f64c71ed48db60fce
drfold_selected_output,8YDC_A,data/cache/v4_final_drfold2/8YDC_A/e2e_relax/manifest.json,230,c7499aa355ecf643c769ba759a77be0467489ea17023c8904d63f597dc67598f
drfold_selected_output,8YDC_A,data/cache/v4_final_drfold2/8YDC_A/e2e_relax/model_1.pdb,98201,e09d4705a241497c34e7035bdaabda7e3dc9550dbd986f91684c616a281f026e
drfold_selected_output,8YDC_A,data/cache/v4_final_drfold2/8YDC_A/e2e_relax/model_2.pdb,98201,65989f3d39ab6bef4a77f021d63e549abc7cf731c8f4d9cf8aadf97aa4833883
drfold_selected_output,8YDC_A,data/cache/v4_final_drfold2/8YDC_A/e2e_relax/plddt_model_1.npz,447,aa2223b4dbcd99bf492e30e89d11f780348cdaf52a9c540505597570c251869b
drfold_selected_output,8YDC_A,data/cache/v4_final_drfold2/8YDC_A/e2e_relax/plddt_model_2.npz,446,2c50f7e8c5e2e1cd0de4ca96e3966ea3e078751fabf33876fb94b524c75e993e
drfold_selected_output,8YDC_A,data/cache/v4_final_drfold2/8YDC_A/e2e_relax/priors_model_1.npz,607729,25edfad5a629baceb51c61ffd8cd2e57738e8d24c532d9bbeb3dd3790be61aab
drfold_selected_output,8YDC_A,data/cache/v4_final_drfold2/8YDC_A/e2e_relax/priors_model_2.npz,486766,26f2cdf0e2f8400c6bbab06ac8bbeaaf7a9e94a8407984a8857024454f4da679
drfold_selected_output,8YGJ_B,data/cache/v4_final_drfold2/8YGJ_B/e2e_relax/manifest.json,229,5b3caeb7cc24b54302c4e277553eff6b74934f5462d655ff8e2caed917aa1992
drfold_selected_output,8YGJ_B,data/cache/v4_final_drfold2/8YGJ_B/e2e_relax/model_1.pdb,232027,d88e84fae9fb2ab01c3ca217c7630b0b82f2c62b893462325b9c026bd9f63b2b
drfold_selected_output,8YGJ_B,data/cache/v4_final_drfold2/8YGJ_B/e2e_relax/model_2.pdb,232027,e7d76c2b8962702f85667ab0afa050bdefd47b6b7431bf0347c922009af8e957
drfold_selected_output,8YGJ_B,data/cache/v4_final_drfold2/8YGJ_B/e2e_relax/plddt_model_1.npz,748,ed85cf54b59af0b3280d87ec02e083344907ab9b0bb8013a1c8acc29a5a221dd
drfold_selected_output,8YGJ_B,data/cache/v4_final_drfold2/8YGJ_B/e2e_relax/plddt_model_2.npz,747,700d7e79efbbad0494ac412e069173512a880ea4a10cfcbdb892118e4d4ea5c8
drfold_selected_output,8YGJ_B,data/cache/v4_final_drfold2/8YGJ_B/e2e_relax/priors_model_1.npz,2759932,242fa58501e38c8ad675270ac80404fa4704d56befd1275f66b6997c784f1a84
drfold_selected_output,8YGJ_B,data/cache/v4_final_drfold2/8YGJ_B/e2e_relax/priors_model_2.npz,3034673,74347a58d595aa151175436a5c7bb9e4d0ee766d52f9f82398b32b23f3bd6148
drfold_selected_output,8YHA_C,data/cache/v4_final_drfold2/8YHA_C/e2e_relax/manifest.json,231,de534340ea547dd2d63bf09c142f12cad100147da99cbf585c8549ceaa0eee4b
drfold_selected_output,8YHA_C,data/cache/v4_final_drfold2/8YHA_C/e2e_relax/model_1.pdb,103178,33c75d24d45933f362081383faaf41697333270a2e8b99aa1457525f4be8d127
drfold_selected_output,8YHA_C,data/cache/v4_final_drfold2/8YHA_C/e2e_relax/model_2.pdb,103178,b6cf102931e507e5a7709bee69cd6fa8ea7116c264ee82b3815253d96539bf60
drfold_selected_output,8YHA_C,data/cache/v4_final_drfold2/8YHA_C/e2e_relax/plddt_model_1.npz,458,c422936db90998a99681f3f329ee4639805e8fb73e00769232b637e122d191b2
drfold_selected_output,8YHA_C,data/cache/v4_final_drfold2/8YHA_C/e2e_relax/plddt_model_2.npz,457,ea3c19a550ff7e517e835a632140276d33d39711c938851717486acf5e226ede
drfold_selected_output,8YHA_C,data/cache/v4_final_drfold2/8YHA_C/e2e_relax/priors_model_1.npz,692605,a02b084c7dd3ed3255552a77372c792afaa56a0d6795c3d78798f5e253a4545e
drfold_selected_output,8YHA_C,data/cache/v4_final_drfold2/8YHA_C/e2e_relax/priors_model_2.npz,698504,4fc2667d7f34832286717afe8fc202b234fdfc98f6317dc5bdae40937a3aef06
drfold_selected_output,8YII_C,data/cache/v4_final_drfold2/8YII_C/e2e_relax/manifest.json,229,b40e7eca70aaa5078eb5d50fb637d63386bdaf7d31a2e7834f25eb4eafc5ccb0
drfold_selected_output,8YII_C,data/cache/v4_final_drfold2/8YII_C/e2e_relax/model_1.pdb,174515,81e274710bd9f1d2382c567be8e9465583c469aab7a61905137149caec0b0bd5
drfold_selected_output,8YII_C,data/cache/v4_final_drfold2/8YII_C/e2e_relax/model_2.pdb,174515,7fd932e018082fa75f9e6b73f0970fc22f543c6fce25aa55a2785b2d71d98604
drfold_selected_output,8YII_C,data/cache/v4_final_drfold2/8YII_C/e2e_relax/plddt_model_1.npz,618,61a6f915ca3dbe680dcab884efa9d40e04bf94e64e6804b9a017e7acba73eb05
drfold_selected_output,8YII_C,data/cache/v4_final_drfold2/8YII_C/e2e_relax/plddt_model_2.npz,620,7d17870f0c4e8768ea12470d519fbc86ef0a835936e8481ec9036da5459f1718
drfold_selected_output,8YII_C,data/cache/v4_final_drfold2/8YII_C/e2e_relax/priors_model_1.npz,765994,c657c465269795eea3fb17c1e34bfdffc3bee644cd1a857983f118580c526ea9
drfold_selected_output,8YII_C,data/cache/v4_final_drfold2/8YII_C/e2e_relax/priors_model_2.npz,929593,5af7eae1cfd46893b966feca68de5de268fbf2efa97ca5708aefea7f56a81bb7
drfold_selected_output,8ZAU_A,data/cache/v4_final_drfold2/8ZAU_A/e2e_relax/manifest.json,229,d86a8a313f5faa909130560efb2a830f4d49be71d2bae6478844a849bc3ae370
drfold_selected_output,8ZAU_A,data/cache/v4_final_drfold2/8ZAU_A/e2e_relax/model_1.pdb,116450,581e07e88c6b93b537e9752b27b27dafb36d257cd2fcbcf4a162ee6bce62a1f1
drfold_selected_output,8ZAU_A,data/cache/v4_final_drfold2/8ZAU_A/e2e_relax/model_2.pdb,116450,e440a79c2f75045b39cd0af2a0f811cda2abb153e3d18271c55dbcf867940b3f
drfold_selected_output,8ZAU_A,data/cache/v4_final_drfold2/8ZAU_A/e2e_relax/plddt_model_1.npz,485,013a18b0367566a3837b6d8c6785dea4158016b37d3713bc463a1e7b6bfce415
drfold_selected_output,8ZAU_A,data/cache/v4_final_drfold2/8ZAU_A/e2e_relax/plddt_model_2.npz,494,e440f0d5d981eb4c1db246bc5cc32ad261b64eeccd584220fe2d2158103e5f85
drfold_selected_output,8ZAU_A,data/cache/v4_final_drfold2/8ZAU_A/e2e_relax/priors_model_1.npz,822406,38b295196fe7a08f45324387ef3d9c58957c2c6194af35c5845913bb75921e92
drfold_selected_output,8ZAU_A,data/cache/v4_final_drfold2/8ZAU_A/e2e_relax/priors_model_2.npz,811616,91877e7ff9651473bc4f2f375de6c4badc0bc49bbcfabd2b0321fdc7fdf8b503
drfold_selected_output,8ZDR_A,data/cache/v4_final_drfold2/8ZDR_A/e2e_relax/manifest.json,229,c1f663d86094a0355c4706b709278647a5251d8143f166fd654329afba536d73
drfold_selected_output,8ZDR_A,data/cache/v4_final_drfold2/8ZDR_A/e2e_relax/model_1.pdb,267261,c1fbd56be9b664df946db9c02ad77109887c07741cbb77388a7ea54dd65511cd
drfold_selected_output,8ZDR_A,data/cache/v4_final_drfold2/8ZDR_A/e2e_relax/model_2.pdb,267261,e9e61cf2d6f56d6416ea209ca763a3ea68376f324fd5ac753e81914d522ce817
drfold_selected_output,8ZDR_A,data/cache/v4_final_drfold2/8ZDR_A/e2e_relax/plddt_model_1.npz,822,1c39ceb30b16248b9e6dfd081924c43db9096bba39f90949cbbc002f10faad2e
drfold_selected_output,8ZDR_A,data/cache/v4_final_drfold2/8ZDR_A/e2e_relax/plddt_model_2.npz,822,fc1d2fdfe6e20b052beccfb2fa5dbbde41c5396e6259eeed8b75090d5dfe04c2
drfold_selected_output,8ZDR_A,data/cache/v4_final_drfold2/8ZDR_A/e2e_relax/priors_model_1.npz,3751770,36d450db79db9b89c0277f0588368fd297be1cb7c53578875fe8d39e237a8675
drfold_selected_output,8ZDR_A,data/cache/v4_final_drfold2/8ZDR_A/e2e_relax/priors_model_2.npz,3973249,75125412353294f4534cb7f0932a3570d1c609c25a39cb35c1ad9c26849dcb54
drfold_selected_output,9AR4_B,data/cache/v4_final_drfold2/9AR4_B/e2e_relax/manifest.json,230,6c1e74998b94d0fbfa2953c97cd23ae75e7c6f134a0a58385da153e318fd1a98
drfold_selected_output,9AR4_B,data/cache/v4_final_drfold2/9AR4_B/e2e_relax/model_1.pdb,249644,c23f8fc10b9df5b8a381f8a227683f79b942afa90f59b5b3e05faa6b668d3d30
drfold_selected_output,9AR4_B,data/cache/v4_final_drfold2/9AR4_B/e2e_relax/model_2.pdb,249644,4dd8e5704123cdd8cdbb2ed1ca2ed2c7c17671898c6076876db50c08ea63e9da
drfold_selected_output,9AR4_B,data/cache/v4_final_drfold2/9AR4_B/e2e_relax/plddt_model_1.npz,783,ac2e5de7b17ead3f9692fc22e198462cb7b9a79fced68d59a221dcbdc0ec9317
drfold_selected_output,9AR4_B,data/cache/v4_final_drfold2/9AR4_B/e2e_relax/plddt_model_2.npz,786,3cac57ffd57e36a51ae22dc634d981a3ba46503a0fd7afe3ab89c3c74577f2c8
drfold_selected_output,9AR4_B,data/cache/v4_final_drfold2/9AR4_B/e2e_relax/priors_model_1.npz,2961545,dbaa4551d84f24f29eba5552d02bcd308fb58031cc0cecb8b720ac9c876e2cac
drfold_selected_output,9AR4_B,data/cache/v4_final_drfold2/9AR4_B/e2e_relax/priors_model_2.npz,3621073,48b3e6ef92eb944c787e71d4cf261de68dd6a832ed0e1449541b5dcb28052fd5
drfold_selected_output,9AR6_B,data/cache/v4_final_drfold2/9AR6_B/e2e_relax/manifest.json,228,bd706ad66f4c74df2f0aee1997223f6cade696cc8e757901ecb7b1c363da3669
drfold_selected_output,9AR6_B,data/cache/v4_final_drfold2/9AR6_B/e2e_relax/model_1.pdb,246326,2a8cb7e3a4bed21ce347cebd823ba1e3c2fbae806e2c73a11936fcd624e56c6e
drfold_selected_output,9AR6_B,data/cache/v4_final_drfold2/9AR6_B/e2e_relax/model_2.pdb,246326,22343faa46e4f6f6cfb67a18c859a7f7d5d46356bbfa6a194279dc790c9a9978
drfold_selected_output,9AR6_B,data/cache/v4_final_drfold2/9AR6_B/e2e_relax/plddt_model_1.npz,775,0031e3474753e2c4ffe03f3adbe63ccce6581a04b9b53bd5a5459f13a75eeff3
drfold_selected_output,9AR6_B,data/cache/v4_final_drfold2/9AR6_B/e2e_relax/plddt_model_2.npz,778,dfe0439462d2c1b30eb56970041f63a2979a4c2205c6f2c1c7aba555c5d99719
drfold_selected_output,9AR6_B,data/cache/v4_final_drfold2/9AR6_B/e2e_relax/priors_model_1.npz,3404371,1ec21db09792e7e651caed01b5f634b3ea8de0f506c39dba02786a159d9b46eb
drfold_selected_output,9AR6_B,data/cache/v4_final_drfold2/9AR6_B/e2e_relax/priors_model_2.npz,3656598,4860a631bee1e9c30191a377d996265ad7ceadeedc25e024018d1d1097cd844f
drfold_selected_output,9AR7_B,data/cache/v4_final_drfold2/9AR7_B/e2e_relax/manifest.json,230,bc6c97681e39ecf10bc1a57e6b79a8123222fea61e0a28a7072bc33757062506
drfold_selected_output,9AR7_B,data/cache/v4_final_drfold2/9AR7_B/e2e_relax/model_1.pdb,202086,99ad573371f670256444dd90188204c2da9c76ff0e6583ebe29400f6eb8c74d8
drfold_selected_output,9AR7_B,data/cache/v4_final_drfold2/9AR7_B/e2e_relax/model_2.pdb,202086,e59f74a0bfafaf540d507294de045e5413d4e712c74319e3163737837a1afd72
drfold_selected_output,9AR7_B,data/cache/v4_final_drfold2/9AR7_B/e2e_relax/plddt_model_1.npz,680,69a7215b7d3c20f850fcc315d79a4295f9a44e4c5e4dd4bf74c58c8ddc2b4f02
drfold_selected_output,9AR7_B,data/cache/v4_final_drfold2/9AR7_B/e2e_relax/plddt_model_2.npz,685,fcd819a5b0a0ef9ce04309da2909115f38f6068b477404cf47aea67cb4651b2c
drfold_selected_output,9AR7_B,data/cache/v4_final_drfold2/9AR7_B/e2e_relax/priors_model_1.npz,2395699,34611a980f4af16e630fbc1c43d7930e5f12f0c8e6aa64a41573aca2732e02aa
drfold_selected_output,9AR7_B,data/cache/v4_final_drfold2/9AR7_B/e2e_relax/priors_model_2.npz,2110776,fc5e0abe4c7d1b5742395f492e217337c7cfcfc36cca676fbd377b13a0307d56
drfold_selected_output,9ASP_E,data/cache/v4_final_drfold2/9ASP_E/e2e_relax/manifest.json,231,a90ca768c7239886d0cc76ce3cdce6d308490cb32ce852b03248618d6e46328c
drfold_selected_output,9ASP_E,data/cache/v4_final_drfold2/9ASP_E/e2e_relax/model_1.pdb,199558,22cffd2b729c5587b54a50b5b0506bfc2e6eac46d5d666e9b0b3b25ed11e1ea8
drfold_selected_output,9ASP_E,data/cache/v4_final_drfold2/9ASP_E/e2e_relax/model_2.pdb,199558,889067c98c403916516024018113bd87e47c7ac53e2b3abd2ba1ce5654ff73d2
drfold_selected_output,9ASP_E,data/cache/v4_final_drfold2/9ASP_E/e2e_relax/plddt_model_1.npz,679,61e48004927e3af9d50fcf94d16d5226e36cc26e5175bfa63d5c6d67125cdb81
drfold_selected_output,9ASP_E,data/cache/v4_final_drfold2/9ASP_E/e2e_relax/plddt_model_2.npz,681,b22c3c38e65e4fd2de780a9afcbda30e47bc39b6a4c4a0c4bffe32f900ff80bc
drfold_selected_output,9ASP_E,data/cache/v4_final_drfold2/9ASP_E/e2e_relax/priors_model_1.npz,1386173,07bb2b2ce4d839b03b08956047c003a0aac82095c9520d230eafe1e83279e7d7
drfold_selected_output,9ASP_E,data/cache/v4_final_drfold2/9ASP_E/e2e_relax/priors_model_2.npz,1403616,85c0dd8a91289ca765be286dcfa46235de7c1043f866abe4e435e62d5ab138d6
drfold_selected_output,9B1Y_4,data/cache/v4_final_drfold2/9B1Y_4/e2e_relax/manifest.json,228,e293acd350cb3d353efed5baef30fe538ab5ed0a657c5f95c035790fd835cce2
drfold_selected_output,9B1Y_4,data/cache/v4_final_drfold2/9B1Y_4/e2e_relax/model_1.pdb,137464,60cbbcbd3ce324922358ba93fde0bb6430fe96a836d2cc8e46073768183f4704
drfold_selected_output,9B1Y_4,data/cache/v4_final_drfold2/9B1Y_4/e2e_relax/model_2.pdb,137464,48ae9be88d7986936f210d7424fc6c21247ab62475e404a974c28265fa7c58b0
drfold_selected_output,9B1Y_4,data/cache/v4_final_drfold2/9B1Y_4/e2e_relax/plddt_model_1.npz,539,fa27f13b928a3601a81629330bbca51395e601b7d55a70cc74cfb75c28c9b035
drfold_selected_output,9B1Y_4,data/cache/v4_final_drfold2/9B1Y_4/e2e_relax/plddt_model_2.npz,542,f6309d739109020c75d56a04a182a0584f071287f86b34651628e044d377290f
drfold_selected_output,9B1Y_4,data/cache/v4_final_drfold2/9B1Y_4/e2e_relax/priors_model_1.npz,1128089,c27bb370871e6527b01ecb8d6059c3e84b7055457b97eda47e2b6dbf1a51680a
drfold_selected_output,9B1Y_4,data/cache/v4_final_drfold2/9B1Y_4/e2e_relax/priors_model_2.npz,1185237,3ba39ffb71c6bcfa144641951402646db480045f8239914732e30164ddb1a118
drfold_selected_output,9B89_C,data/cache/v4_final_drfold2/9B89_C/e2e_relax/manifest.json,228,f924e41f8f7fe7a25882671e89fe2829372dc5c9ab4e3f600cdc093413581160
drfold_selected_output,9B89_C,data/cache/v4_final_drfold2/9B89_C/e2e_relax/model_1.pdb,58780,8f7b3ba6ecc60b3ad36a6e0df164cd2bba895d6cedb2a2f73c077cb2df19f0da
drfold_selected_output,9B89_C,data/cache/v4_final_drfold2/9B89_C/e2e_relax/model_2.pdb,58780,8719453e06a6cdedfb077daaa7c942bbf54efe4ac21bb402147036662439264b
drfold_selected_output,9B89_C,data/cache/v4_final_drfold2/9B89_C/e2e_relax/plddt_model_1.npz,352,9ae9a9dce26d9a6143e001aa7b2076cc3ce3c2c8e3900282695051ac3d3aaaba
drfold_selected_output,9B89_C,data/cache/v4_final_drfold2/9B89_C/e2e_relax/plddt_model_2.npz,352,6841adf0bc0247893ccd8ee9855d6b5f9d392b83fbeacf5e29de035302b9d67c
drfold_selected_output,9B89_C,data/cache/v4_final_drfold2/9B89_C/e2e_relax/priors_model_1.npz,217009,fe5d854a1e16630367382598b531692876389b90c41838898b6dc92a251dcb20
drfold_selected_output,9B89_C,data/cache/v4_final_drfold2/9B89_C/e2e_relax/priors_model_2.npz,202834,d374f1429f8e3559db411b88c1c61badf68bc76509c31888f201424c40a2c987
drfold_selected_output,9BCI_A,data/cache/v4_final_drfold2/9BCI_A/e2e_relax/manifest.json,228,d93b600100b931d4cfe53c34114cb2e60acb516deec36ac66825833d8f8909c1
drfold_selected_output,9BCI_A,data/cache/v4_final_drfold2/9BCI_A/e2e_relax/model_1.pdb,84060,4455695cdc93bd91b81b4ef586cbf142e08e69708d97322fec780c2a265031e8
drfold_selected_output,9BCI_A,data/cache/v4_final_drfold2/9BCI_A/e2e_relax/model_2.pdb,84060,460ed28d5b5ba60b888fb67207006cfd6cd2e78d31d91038d4df961e3987e02b
drfold_selected_output,9BCI_A,data/cache/v4_final_drfold2/9BCI_A/e2e_relax/plddt_model_1.npz,416,c0259d175b6ce809ee2b5f3bcf3fdaccf92f366ebc6ad7a6fbfa46c71ea6889a
drfold_selected_output,9BCI_A,data/cache/v4_final_drfold2/9BCI_A/e2e_relax/plddt_model_2.npz,417,dc30f31a3f25b0c8b28173d543fe0632cf69d914764c18d393c3c8f3f8ffcff2
drfold_selected_output,9BCI_A,data/cache/v4_final_drfold2/9BCI_A/e2e_relax/priors_model_1.npz,369851,ee5482a2e6cf6369d801b82aca397c4a581a80f96df2cb374fe4f5b3e5f7f6bc
drfold_selected_output,9BCI_A,data/cache/v4_final_drfold2/9BCI_A/e2e_relax/priors_model_2.npz,373527,ad549b1cecbd66cc190e6515d0964975db62f295ca13737bc46c8b984f6ddf9b
drfold_selected_output,9C0J_R,data/cache/v4_final_drfold2/9C0J_R/e2e_relax/manifest.json,229,4088fb4d791415a8359ed1347d63d54d7987fad8565352bf6703bab6dd454386
drfold_selected_output,9C0J_R,data/cache/v4_final_drfold2/9C0J_R/e2e_relax/model_1.pdb,261731,a004d7d16d4d48ac871c48786d6fc9e9674031f0cf379be88688de05feb1b129
drfold_selected_output,9C0J_R,data/cache/v4_final_drfold2/9C0J_R/e2e_relax/model_2.pdb,261731,2171b4516ed7340633286f9f5d0b459c3efd9e075799f906631b25a1fa15ba33
drfold_selected_output,9C0J_R,data/cache/v4_final_drfold2/9C0J_R/e2e_relax/plddt_model_1.npz,806,da85ddacfe8567d7bcd0a2deb3ae64df6db69d0abc1c47baf203f575f9065724
drfold_selected_output,9C0J_R,data/cache/v4_final_drfold2/9C0J_R/e2e_relax/plddt_model_2.npz,804,f86c12affb7f2bcb80ca80695263ad78bac8bea7194eb5caa1c62129a7124fdb
drfold_selected_output,9C0J_R,data/cache/v4_final_drfold2/9C0J_R/e2e_relax/priors_model_1.npz,3770924,559bb6c6a0dad4af82d9c80a763ddfdb8ee7d870e64a07ed0c2e846e982c3776
drfold_selected_output,9C0J_R,data/cache/v4_final_drfold2/9C0J_R/e2e_relax/priors_model_2.npz,3762216,0051785fe7587d8eeb1cfcb7cc3809ceabc4911716cb38e9a51c0e724e516759
drfold_selected_output,9C3H_S4,data/cache/v4_final_drfold2/9C3H_S4/e2e_relax/manifest.json,229,4ebf9dd00a24db652b9fe9e2362d7adf02d649de83935450826677085927e130
drfold_selected_output,9C3H_S4,data/cache/v4_final_drfold2/9C3H_S4/e2e_relax/model_1.pdb,128458,8f29502da813d692f88d9d830ac9f77731d29ec53923621e120756a9fed5c38f
drfold_selected_output,9C3H_S4,data/cache/v4_final_drfold2/9C3H_S4/e2e_relax/model_2.pdb,128458,5ecb03feb751535d9d3bf3e7e68eb282f2839921d2b2eb0412c70b244d60193e
drfold_selected_output,9C3H_S4,data/cache/v4_final_drfold2/9C3H_S4/e2e_relax/plddt_model_1.npz,518,1d4c47ef783e3869d2aa457e5038c14d204127936b7934739fda7258ffc1291b
drfold_selected_output,9C3H_S4,data/cache/v4_final_drfold2/9C3H_S4/e2e_relax/plddt_model_2.npz,516,1d9bc51a0ed8281d6c9ae50cd04019b274dbce97922d9ab4ab436801b9da669e
drfold_selected_output,9C3H_S4,data/cache/v4_final_drfold2/9C3H_S4/e2e_relax/priors_model_1.npz,588338,9a4a22809d34f39cd4dc731e31d93bac9939b7f79ea237cfc62e381fd71163d6
drfold_selected_output,9C3H_S4,data/cache/v4_final_drfold2/9C3H_S4/e2e_relax/priors_model_2.npz,545205,84aef8775c1e4dd90e647c894c6c72f57aefe339e48bcbfd764d6262907a306b
drfold_selected_output,9CAI_A7,data/cache/v4_final_drfold2/9CAI_A7/e2e_relax/manifest.json,230,15f4f5c131ecceb463f5433000811aea867591beba7f94587a0ac74fdede3765
drfold_selected_output,9CAI_A7,data/cache/v4_final_drfold2/9CAI_A7/e2e_relax/model_1.pdb,200032,0ddca1aab1bd06ce4654f90d014aae16f775df36ae1063acbd8f99d89456cdd4
drfold_selected_output,9CAI_A7,data/cache/v4_final_drfold2/9CAI_A7/e2e_relax/model_2.pdb,200032,bc675a3ceb54a9a64f911152f5d07fdd517b4a4d5ba1eb61e44b35aa39230084
drfold_selected_output,9CAI_A7,data/cache/v4_final_drfold2/9CAI_A7/e2e_relax/plddt_model_1.npz,680,dee52d112cb27fa018eb128797e289ed2895fda5ba7584b0232c3cee0de91a07
drfold_selected_output,9CAI_A7,data/cache/v4_final_drfold2/9CAI_A7/e2e_relax/plddt_model_2.npz,680,0414465992b7de4e98739e2ccafbb303427bd42bdc01027bf0d171cfdc0334e7
drfold_selected_output,9CAI_A7,data/cache/v4_final_drfold2/9CAI_A7/e2e_relax/priors_model_1.npz,873223,5c53dc27be915e29e6881a2fdfb9e28b95a389ebd9e8f8b1ba322f463ae2a20a
drfold_selected_output,9CAI_A7,data/cache/v4_final_drfold2/9CAI_A7/e2e_relax/priors_model_2.npz,802032,281e465bcdac92d039f1530c0d188fec36cf596c55e7b8aaa1e88173c653f8ce
drfold_selected_output,9CAI_A8,data/cache/v4_final_drfold2/9CAI_A8/e2e_relax/manifest.json,229,8cfb99f488adce70b3d6d94f8d3c21ed054ad5faebe80a74b97247643d89ffa6
drfold_selected_output,9CAI_A8,data/cache/v4_final_drfold2/9CAI_A8/e2e_relax/model_1.pdb,257465,bbfff31d51bf052b3842ef9ef072f8f445b81e85087812e1967cf5cb27859092
drfold_selected_output,9CAI_A8,data/cache/v4_final_drfold2/9CAI_A8/e2e_relax/model_2.pdb,257465,a661183e1d34664605bc29fbeff66fc015a95d08046eb82a0d188d470b3c7e28
drfold_selected_output,9CAI_A8,data/cache/v4_final_drfold2/9CAI_A8/e2e_relax/plddt_model_1.npz,792,f42b5d6a82ee0748edef073d334335602ccdf250cb82e0bc41346c0245842d12
drfold_selected_output,9CAI_A8,data/cache/v4_final_drfold2/9CAI_A8/e2e_relax/plddt_model_2.npz,789,a8f5169c5ccadc26ec8589c7cc574edde2e3ee060f22569849ad3f227c35198e
drfold_selected_output,9CAI_A8,data/cache/v4_final_drfold2/9CAI_A8/e2e_relax/priors_model_1.npz,1755671,565c63b0e0572a34874fd231d2d9d6511cf021fa0b2e4b5ead42ff56b9d016fc
drfold_selected_output,9CAI_A8,data/cache/v4_final_drfold2/9CAI_A8/e2e_relax/priors_model_2.npz,1570659,90a76357322086b89b3b3553ec1c00ad1f90d6805bb6cb5de3eef90864ee9618
drfold_selected_output,9DTR_2,data/cache/v4_final_drfold2/9DTR_2/e2e_relax/manifest.json,230,030283ae4470c78ed9cb835fa5e56d733614bf5f74939c368acb2b4403b6b079
drfold_selected_output,9DTR_2,data/cache/v4_final_drfold2/9DTR_2/e2e_relax/model_1.pdb,219545,45a1191b49c524020f744824e7eef27f61105ccdc6ec0738566dc43412289f19
drfold_selected_output,9DTR_2,data/cache/v4_final_drfold2/9DTR_2/e2e_relax/model_2.pdb,219545,0c31bb262470f601362f4094a915691355b76e9c376be7948036b3926e44e031
drfold_selected_output,9DTR_2,data/cache/v4_final_drfold2/9DTR_2/e2e_relax/plddt_model_1.npz,732,6406d9336d433acc4db98c203da3af95d1aaf59099369b397e3687ff0079c770
drfold_selected_output,9DTR_2,data/cache/v4_final_drfold2/9DTR_2/e2e_relax/plddt_model_2.npz,734,b4b2b61bfa8e3f149b75f3d72c72ebf93989bed845008b813999ebb7bbc674ce
drfold_selected_output,9DTR_2,data/cache/v4_final_drfold2/9DTR_2/e2e_relax/priors_model_1.npz,2868171,79a1093b1c84dd195370949b48eeb32d2b95c9a4c8e47881ac044d51825038d6
drfold_selected_output,9DTR_2,data/cache/v4_final_drfold2/9DTR_2/e2e_relax/priors_model_2.npz,2925943,f38bf58c0a7c95a0e7b00cbd1dd1f129430a5156faff5458435ae0e88d0f0c19
drfold_selected_output,9DTR_I,data/cache/v4_final_drfold2/9DTR_I/e2e_relax/manifest.json,229,84af23bcf278af040a560dbae5db9159454fd6a604cdd6fe824488b482d250ce
drfold_selected_output,9DTR_I,data/cache/v4_final_drfold2/9DTR_I/e2e_relax/model_1.pdb,79952,b96bac26e65bf599420ffdd40b2d505aaed8ddf325389227fd3ffd262a871527
drfold_selected_output,9DTR_I,data/cache/v4_final_drfold2/9DTR_I/e2e_relax/model_2.pdb,79952,7ae6085ec2dd0e0998f7af7f88202e7d4d26f1d23b4e043fff47046385cfd887
drfold_selected_output,9DTR_I,data/cache/v4_final_drfold2/9DTR_I/e2e_relax/plddt_model_1.npz,404,cbcabe234ee6c9fc549d431ec51b647a7604bfb5bdc739df19f5abfcf72779c2
drfold_selected_output,9DTR_I,data/cache/v4_final_drfold2/9DTR_I/e2e_relax/plddt_model_2.npz,404,a74bd8ab4898d4e3527ec5fe43bc3ce8fcb40f3c95f50c817ed82c1b7c9b4cfd
drfold_selected_output,9DTR_I,data/cache/v4_final_drfold2/9DTR_I/e2e_relax/priors_model_1.npz,413956,fd10f9ed17e4ccd9126b61568391ed547e3626b797511ba70c506d34869ec440
drfold_selected_output,9DTR_I,data/cache/v4_final_drfold2/9DTR_I/e2e_relax/priors_model_2.npz,381823,de68df6dbdc31e8c2a2859e34d82c10bc7fafd50abf2f00736563529bf979d1c
drfold_selected_output,9DXL_A,data/cache/v4_final_drfold2/9DXL_A/e2e_relax/manifest.json,228,f283b1307faa01ad7055ce022e01a41cb56e2cd4820626ec6ed271a9de89276e
drfold_selected_output,9DXL_A,data/cache/v4_final_drfold2/9DXL_A/e2e_relax/model_1.pdb,81848,45707807be8b13de795e4051718c2fbed7fcb1fd36eeb893c80cd64555c39798
drfold_selected_output,9DXL_A,data/cache/v4_final_drfold2/9DXL_A/e2e_relax/model_2.pdb,81848,6a60465fcadbf999aad356dbe8a1e48a3c839e60f931643253d05c4e4f56fdaf
drfold_selected_output,9DXL_A,data/cache/v4_final_drfold2/9DXL_A/e2e_relax/plddt_model_1.npz,406,78e5aee02b06eff08e63c4d25c65a43ba62cbbb99902b959e3106b8da3c30941
drfold_selected_output,9DXL_A,data/cache/v4_final_drfold2/9DXL_A/e2e_relax/plddt_model_2.npz,407,17fc26e2f6759c656a50996e3365b9a12a64c124acd4e0588bb6da8da0d4ebdc
drfold_selected_output,9DXL_A,data/cache/v4_final_drfold2/9DXL_A/e2e_relax/priors_model_1.npz,374042,6a4b3c1d64acd4da1dafc7baa85cff4989d4e42b63d38db1f6e4197f23ce0802
drfold_selected_output,9DXL_A,data/cache/v4_final_drfold2/9DXL_A/e2e_relax/priors_model_2.npz,354210,1adeb5e778642ca770f0874faeb62f5de1f2d5cf7b35571f6e03221fa38903a2
drfold_selected_output,9E2W_F,data/cache/v4_final_drfold2/9E2W_F/e2e_relax/manifest.json,229,e26179df65dda8cdf9ee06f6664784ac7764990b0abbbe357ef4d0e49119cb92
drfold_selected_output,9E2W_F,data/cache/v4_final_drfold2/9E2W_F/e2e_relax/model_1.pdb,81769,9293d31b8083756c8f7f96d261857331ba5768b87694a5f97bf044e9ba1c89c7
drfold_selected_output,9E2W_F,data/cache/v4_final_drfold2/9E2W_F/e2e_relax/model_2.pdb,81769,d334dfd2b5fdfc6ff1aa222729dc044e9284ad64ca98811c22e3d3c618c7138b
drfold_selected_output,9E2W_F,data/cache/v4_final_drfold2/9E2W_F/e2e_relax/plddt_model_1.npz,405,2e6b7cd39293aef528f0ba2ee79be8869bb6e5546766c8737c688c17566938fc
drfold_selected_output,9E2W_F,data/cache/v4_final_drfold2/9E2W_F/e2e_relax/plddt_model_2.npz,404,0654d50bfccac654a513d6a42ab1b88c88581b06bfc4283e8546029c8f92ce74
drfold_selected_output,9E2W_F,data/cache/v4_final_drfold2/9E2W_F/e2e_relax/priors_model_1.npz,292462,070c19bf787153cd46ae4bfb14f122f8188d61ad24e4caa598824da71d1a6ed4
drfold_selected_output,9E2W_F,data/cache/v4_final_drfold2/9E2W_F/e2e_relax/priors_model_2.npz,397282,e9a079db20980cf71daa9af4fff3e13529ffe654daebaf390ad4890efdce5136
drfold_selected_output,9E2Y_F,data/cache/v4_final_drfold2/9E2Y_F/e2e_relax/manifest.json,231,d2ddd516299526bc326afc7144cdbbb703621001cb4f5f984b59012345c21fa8
drfold_selected_output,9E2Y_F,data/cache/v4_final_drfold2/9E2Y_F/e2e_relax/model_1.pdb,59728,c5022f2bb48c5da0de129a41d2fd010f9331220a1f3a438c202167d0c6acef49
drfold_selected_output,9E2Y_F,data/cache/v4_final_drfold2/9E2Y_F/e2e_relax/model_2.pdb,59728,cdde8f2f2a3695ce53c69d4327d286786e40bdac2e969b37f19622d1aeb30483
drfold_selected_output,9E2Y_F,data/cache/v4_final_drfold2/9E2Y_F/e2e_relax/plddt_model_1.npz,351,2094c56ca69f441799880446d344035a0befb9626bc35139ce5f616cfafe56a4
drfold_selected_output,9E2Y_F,data/cache/v4_final_drfold2/9E2Y_F/e2e_relax/plddt_model_2.npz,352,eaf3d3301b0a3adacf631437052de8407c4d461cb2b0ad8b9b3209e3bad5b41e
drfold_selected_output,9E2Y_F,data/cache/v4_final_drfold2/9E2Y_F/e2e_relax/priors_model_1.npz,205688,bcfd0e62a644301c72f922527b0fde50a1b0136a22beaea296f39ed7a5f2ee27
drfold_selected_output,9E2Y_F,data/cache/v4_final_drfold2/9E2Y_F/e2e_relax/priors_model_2.npz,232135,eefc4fc102d934b9ab21032cbde773fc7b0709a489ae208ba24b378ecc14568b
drfold_selected_output,9E71_2,data/cache/v4_final_drfold2/9E71_2/e2e_relax/manifest.json,230,a04a06bd946c9c5d5e8770c535dfc415619e63aefd585f7f9bdc42d89560a902
drfold_selected_output,9E71_2,data/cache/v4_final_drfold2/9E71_2/e2e_relax/model_1.pdb,218755,9533d686e6444dcbabe0cfb7187327648568212e0d9699268958edabc1aaa2a5
drfold_selected_output,9E71_2,data/cache/v4_final_drfold2/9E71_2/e2e_relax/model_2.pdb,218755,5be4e643b395a240ef3fd365e24ec682bf5119398ed11e613459ec6723235049
drfold_selected_output,9E71_2,data/cache/v4_final_drfold2/9E71_2/e2e_relax/plddt_model_1.npz,715,673a06acbb554562e0ccef8787c43e84a1e267eb2e64acbdc9d858a9dc51256f
drfold_selected_output,9E71_2,data/cache/v4_final_drfold2/9E71_2/e2e_relax/plddt_model_2.npz,713,8a9a661c6b5103ff60e24ba9efff06f7e76ab6ed98da6584b070911064f7bf7b
drfold_selected_output,9E71_2,data/cache/v4_final_drfold2/9E71_2/e2e_relax/priors_model_1.npz,1126803,2725163c67a7219d3fdc5ff4664ee6ca8bc8216359bc63e3b531f48c9625766a
drfold_selected_output,9E71_2,data/cache/v4_final_drfold2/9E71_2/e2e_relax/priors_model_2.npz,1292211,b26dca9368d2bfeb79b2f10959286e6b34b4d11a5ae496f9eee1ca216e4f4c9d
drfold_selected_output,9FI8_bN,data/cache/v4_final_drfold2/9FI8_bN/e2e_relax/manifest.json,230,9b05b96f8691be92d82e4a451da107b76d2dd7a4925809e66465f7945dc04713
drfold_selected_output,9FI8_bN,data/cache/v4_final_drfold2/9FI8_bN/e2e_relax/model_1.pdb,96384,d0839339c118cdc1216172cf5f3eabac955482773d791908f3a46c0aa6f6055c
drfold_selected_output,9FI8_bN,data/cache/v4_final_drfold2/9FI8_bN/e2e_relax/model_2.pdb,96384,f1f4fd65bef27f70604f3c63c37055cdad9d110cbf1d73fe1c0f85fd33c2ba11
drfold_selected_output,9FI8_bN,data/cache/v4_final_drfold2/9FI8_bN/e2e_relax/plddt_model_1.npz,443,4f7b827e46fffef1dd810e39665db4555af1eea27a496445be0fcf32ded2f570
drfold_selected_output,9FI8_bN,data/cache/v4_final_drfold2/9FI8_bN/e2e_relax/plddt_model_2.npz,445,44ff8bbb9275833bf6aeb1e82b10f58e73c0367f290d2c0c4acd0f76d357260f
drfold_selected_output,9FI8_bN,data/cache/v4_final_drfold2/9FI8_bN/e2e_relax/priors_model_1.npz,559988,acfbd0ed85371089b75c8f3a84d797ed02fb0e873d50e3d607a651a7182d57ca
drfold_selected_output,9FI8_bN,data/cache/v4_final_drfold2/9FI8_bN/e2e_relax/priors_model_2.npz,639976,51ccf24e9d0721f38ec28c661e5f93b0e908c7870d96c6ff669bb51397601ad3
drfold_selected_output,9FI8_hG,data/cache/v4_final_drfold2/9FI8_hG/e2e_relax/manifest.json,229,678f521b8a0bf55ce5470790af3275a5e9db7cfc8355ad8d3ee8ed92fc9f03ac
drfold_selected_output,9FI8_hG,data/cache/v4_final_drfold2/9FI8_hG/e2e_relax/model_1.pdb,113448,4b726d9fb3a6ce314ef885e217433566df8fba3238f4c39556ea853952cc621e
drfold_selected_output,9FI8_hG,data/cache/v4_final_drfold2/9FI8_hG/e2e_relax/model_2.pdb,113448,6a8aab7a8120a801f2316a48196477f4ed78e6060b5ff156bd64770b363456bc
drfold_selected_output,9FI8_hG,data/cache/v4_final_drfold2/9FI8_hG/e2e_relax/plddt_model_1.npz,490,9eb03e20d872951c5649a1a6f27a054eb1e91ca92e3e8485a7e81ac4e9923e26
drfold_selected_output,9FI8_hG,data/cache/v4_final_drfold2/9FI8_hG/e2e_relax/plddt_model_2.npz,488,4be50d0af8d48ab06cc3a7232c2840c4795267605986b6372e286edf2877fd39
drfold_selected_output,9FI8_hG,data/cache/v4_final_drfold2/9FI8_hG/e2e_relax/priors_model_1.npz,834429,51a3ed5e42b9104cd44fe77c56b9e0e233cc58761c9f11350c0966831c67fe24
drfold_selected_output,9FI8_hG,data/cache/v4_final_drfold2/9FI8_hG/e2e_relax/priors_model_2.npz,819638,357cb5741574d8c37781a347f80b8c4ed15ee1a1f4578d8424283e778a21b571
drfold_selected_output,9FIA_bE,data/cache/v4_final_drfold2/9FIA_bE/e2e_relax/manifest.json,228,3ddf883afd167b260df037f6e4adbdf7c5eaa4cc3afb9c1d0af68c04808ccab4
drfold_selected_output,9FIA_bE,data/cache/v4_final_drfold2/9FIA_bE/e2e_relax/model_1.pdb,180361,8207a14cf7904b4ba55b207ba394283af3f8afcb79b7736173bd0d0608f05d57
drfold_selected_output,9FIA_bE,data/cache/v4_final_drfold2/9FIA_bE/e2e_relax/model_2.pdb,180361,b9a07ef656340e1bb7e63ad8e49f7ec13f6caaacac0acde795b577b5b455de87
drfold_selected_output,9FIA_bE,data/cache/v4_final_drfold2/9FIA_bE/e2e_relax/plddt_model_1.npz,644,ad55c36a829eb2d061419d5784d07bcad213738f07d65d4bba7cf6df5e3580b4
drfold_selected_output,9FIA_bE,data/cache/v4_final_drfold2/9FIA_bE/e2e_relax/plddt_model_2.npz,639,a0152af5c7ff737cdb718be0f63bcfbace37b2e3892680df409dec868e62f234
drfold_selected_output,9FIA_bE,data/cache/v4_final_drfold2/9FIA_bE/e2e_relax/priors_model_1.npz,2207453,2e7f6d04c640f16ab873f48c2aa213906d2a417c759d402869e7f87155d671f6
drfold_selected_output,9FIA_bE,data/cache/v4_final_drfold2/9FIA_bE/e2e_relax/priors_model_2.npz,2174507,e76c551eee465b384b79751ccedb2217937fce71143e136c507e7965408c7762
drfold_selected_output,9FIA_bL,data/cache/v4_final_drfold2/9FIA_bL/e2e_relax/manifest.json,230,196be804863476a8ab7e86d5c9c982513c42baa417facb4fb3003ca4aa345bed
drfold_selected_output,9FIA_bL,data/cache/v4_final_drfold2/9FIA_bL/e2e_relax/model_1.pdb,80505,90331a8a6191314249a1bbcb6d8510acdeed8e62794c83fdcdb339d5350f5541
drfold_selected_output,9FIA_bL,data/cache/v4_final_drfold2/9FIA_bL/e2e_relax/model_2.pdb,80505,67fd3f7add1059585dc86fd5e9bcce49058e6072720ee8cfd511918a57179e13
drfold_selected_output,9FIA_bL,data/cache/v4_final_drfold2/9FIA_bL/e2e_relax/plddt_model_1.npz,401,d4ea0492f31cc76f687e8e66696eacc17a75ea4e6e569e0be6cc3174213895e3
drfold_selected_output,9FIA_bL,data/cache/v4_final_drfold2/9FIA_bL/e2e_relax/plddt_model_2.npz,407,131defb43b680ebdab4279c75ba0605a44e8e9bcfaad5b0a384f593069f76c61
drfold_selected_output,9FIA_bL,data/cache/v4_final_drfold2/9FIA_bL/e2e_relax/priors_model_1.npz,394116,f891f5d118be956db6c8298f3aff307f09114db94acfcf14b2ad9676d3f8e845
drfold_selected_output,9FIA_bL,data/cache/v4_final_drfold2/9FIA_bL/e2e_relax/priors_model_2.npz,454602,8e34b1aae3f5832f0a692d3236030e0c602bc5756de9fa80f4732f792f57a202
drfold_selected_output,9FIA_bO,data/cache/v4_final_drfold2/9FIA_bO/e2e_relax/manifest.json,231,dcbc993adf4ba77c1cc44900af2b9b50fb5bbf0aa28248b8c7beed28f824a6af
drfold_selected_output,9FIA_bO,data/cache/v4_final_drfold2/9FIA_bO/e2e_relax/model_1.pdb,193633,661e655ff369c7bc6c3ea84b9b1daa3087832b304db5a4ca0e4bfc0b8b9356e2
drfold_selected_output,9FIA_bO,data/cache/v4_final_drfold2/9FIA_bO/e2e_relax/model_2.pdb,193633,1c0d553eb0adc5fac920ba2c31f876e0c8c878903896e5e567d3e8818f620ebc
drfold_selected_output,9FIA_bO,data/cache/v4_final_drfold2/9FIA_bO/e2e_relax/plddt_model_1.npz,669,6644f13448c6209c852ed10b5fb58385c191c44c95d1c3bec340581df90268b4
drfold_selected_output,9FIA_bO,data/cache/v4_final_drfold2/9FIA_bO/e2e_relax/plddt_model_2.npz,668,16d1f8fce2c917d14e85c5d95e879861c2eebb67a8a2f180d05a69c21eae1771
drfold_selected_output,9FIA_bO,data/cache/v4_final_drfold2/9FIA_bO/e2e_relax/priors_model_1.npz,2599404,fb5eab20440142a844e6be1da977015dd4e44bffe1409bf04c95f9702f2efb2f
drfold_selected_output,9FIA_bO,data/cache/v4_final_drfold2/9FIA_bO/e2e_relax/priors_model_2.npz,2587944,3b829e5056a7ee843037ff3b9de0cea153e8b4635cd4b5d8b53290e1b053478d
drfold_selected_output,9FIA_bT,data/cache/v4_final_drfold2/9FIA_bT/e2e_relax/manifest.json,228,cad84a177d4a74f51637a1b488e401594709bd3140480ef5ced228f6ca037328
drfold_selected_output,9FIA_bT,data/cache/v4_final_drfold2/9FIA_bT/e2e_relax/model_1.pdb,102467,93850f72cc220e3a3553ba7c6c0f87074aa46ca3086fff529bf91c0122120620
drfold_selected_output,9FIA_bT,data/cache/v4_final_drfold2/9FIA_bT/e2e_relax/model_2.pdb,102467,cab7e305769d7b01fb04f505a0bd894965c5c6cf2be1cf3a07aa828c62e60a38
drfold_selected_output,9FIA_bT,data/cache/v4_final_drfold2/9FIA_bT/e2e_relax/plddt_model_1.npz,455,c914bc2cdd947ab654b93539e0ccd4ea41a86f4456c8d09e4c4ded532912559d
drfold_selected_output,9FIA_bT,data/cache/v4_final_drfold2/9FIA_bT/e2e_relax/plddt_model_2.npz,455,68a2ebb7377389bd414c59f0e65da441bd165ca060be127ea812d936e1d07a11
drfold_selected_output,9FIA_bT,data/cache/v4_final_drfold2/9FIA_bT/e2e_relax/priors_model_1.npz,691662,767a62c361a08c6bcc3b8f78b80c8bf65127af63f453f12c5b8d80b75ab4b118
drfold_selected_output,9FIA_bT,data/cache/v4_final_drfold2/9FIA_bT/e2e_relax/priors_model_2.npz,686999,94f52a12931d281be3e2f3d8231d02db2db176e271da8a65af344e1e435a2c62
drfold_selected_output,9FIA_bU,data/cache/v4_final_drfold2/9FIA_bU/e2e_relax/manifest.json,230,a8e0ee1fefc4f810fe05b55d509dd597d7ea08e4a559bad5e192543f1f31177c
drfold_selected_output,9FIA_bU,data/cache/v4_final_drfold2/9FIA_bU/e2e_relax/model_1.pdb,48984,0bd978c24118179bff7623a50c2c4bdb045ccd3652ad0422596b0e73742f7be1
drfold_selected_output,9FIA_bU,data/cache/v4_final_drfold2/9FIA_bU/e2e_relax/model_2.pdb,48984,223b2e3d1e187325f369307b735c1e4b497de9c74ba0e2ec5d63bab24a164ada
drfold_selected_output,9FIA_bU,data/cache/v4_final_drfold2/9FIA_bU/e2e_relax/plddt_model_1.npz,333,d4305a6ea2458d0de1f0adc026544c558a16efa779d1dd2b3cf16e3954655f8b
drfold_selected_output,9FIA_bU,data/cache/v4_final_drfold2/9FIA_bU/e2e_relax/plddt_model_2.npz,333,7e86e48b0a9b389f9ff5b04d383a340dcd20c841603a6678de40f3738b13ed04
drfold_selected_output,9FIA_bU,data/cache/v4_final_drfold2/9FIA_bU/e2e_relax/priors_model_1.npz,173439,c2adc270ff665e55c53a15efc9e462219c04c9fdae0c2dabb1f705cae1ece6af
drfold_selected_output,9FIA_bU,data/cache/v4_final_drfold2/9FIA_bU/e2e_relax/priors_model_2.npz,166152,70df0b65c2151402572b4369904069bc923e4a96d6287253d6d57cea2fefb8be
drfold_selected_output,9FO9_A,data/cache/v4_final_drfold2/9FO9_A/e2e_relax/manifest.json,227,a6e148209eccf4627e376310111677e56ca3e958c658a492cf42f7f1230e7fa7
drfold_selected_output,9FO9_A,data/cache/v4_final_drfold2/9FO9_A/e2e_relax/model_1.pdb,55067,efe3271b6e89356eb8d11886432bc7935a34aa56615aed30420a624cfd76134b
drfold_selected_output,9FO9_A,data/cache/v4_final_drfold2/9FO9_A/e2e_relax/model_2.pdb,55067,6bfe2edce3b6e0e127d72cb274f701ef38aa519bb3817b5059c924445b161cf6
drfold_selected_output,9FO9_A,data/cache/v4_final_drfold2/9FO9_A/e2e_relax/plddt_model_1.npz,341,aab9a7c384b6d4c5693666a5db2d18c76cd7a778166b50311339bfa04b89919a
drfold_selected_output,9FO9_A,data/cache/v4_final_drfold2/9FO9_A/e2e_relax/plddt_model_2.npz,341,39e1c56af1423c76a697a4cb57ae2935c9f4d45565eb492859c6381e50033201
drfold_selected_output,9FO9_A,data/cache/v4_final_drfold2/9FO9_A/e2e_relax/priors_model_1.npz,142886,b595d458ef1a26ad91ce1ef85688bfae0a23d169807c831ac771afd27a908063
drfold_selected_output,9FO9_A,data/cache/v4_final_drfold2/9FO9_A/e2e_relax/priors_model_2.npz,135039,22dca09758bc973c31a4f926778f11269818502021d46d6c0f9197e29c7100ab
drfold_selected_output,9FPZ_1,data/cache/v4_final_drfold2/9FPZ_1/e2e_relax/manifest.json,230,f03bd71ff5ea0ba91868ac6da596b4ca3e0acb502290b0184392e8398af0146b
drfold_selected_output,9FPZ_1,data/cache/v4_final_drfold2/9FPZ_1/e2e_relax/model_1.pdb,507579,d05d93af38a1df510ad1d4ffd72b7013b2cdb5da7c178d276bd18ba5c22d9dd7
drfold_selected_output,9FPZ_1,data/cache/v4_final_drfold2/9FPZ_1/e2e_relax/model_2.pdb,507579,26ff348b206c83620b4988348e1a97daf8219cb604a0163ab60fa355bf203a68
drfold_selected_output,9FPZ_1,data/cache/v4_final_drfold2/9FPZ_1/e2e_relax/plddt_model_1.npz,1321,5a62f14350548f4e31870ddd0a85c9415a06222b9c74b96751b74b1fc6ee59d1
drfold_selected_output,9FPZ_1,data/cache/v4_final_drfold2/9FPZ_1/e2e_relax/plddt_model_2.npz,1318,fadb4fe7a291baf3faf148e7044b2945a3ce73cf59f0f3bddd5889d9ba49b1c8
drfold_selected_output,9FPZ_1,data/cache/v4_final_drfold2/9FPZ_1/e2e_relax/priors_model_1.npz,14984155,9506892d58eb2c3416e21e6bc684cdc1b62265deff9130386f99179bfa8eaa39
drfold_selected_output,9FPZ_1,data/cache/v4_final_drfold2/9FPZ_1/e2e_relax/priors_model_2.npz,17637801,d2055301891a8654e1a0b12a15d11fde2cdb68613325468f9ff3dae1115cf914
drfold_selected_output,9FQ0_1,data/cache/v4_final_drfold2/9FQ0_1/e2e_relax/manifest.json,229,1cfd8b1c0c6a796edd3c00dac50a4550cce1ee30c322353e1eb667af1a606a21
drfold_selected_output,9FQ0_1,data/cache/v4_final_drfold2/9FQ0_1/e2e_relax/model_1.pdb,504261,0a0c102b9f1f4fc2da29f841bb3303251affd0f4582d75d855c7623eb19706a6
drfold_selected_output,9FQ0_1,data/cache/v4_final_drfold2/9FQ0_1/e2e_relax/model_2.pdb,504261,984c951e159595643b8ce7ce66b31a56f15a4afcf8982dd85d53bbc5b846fa63
drfold_selected_output,9FQ0_1,data/cache/v4_final_drfold2/9FQ0_1/e2e_relax/plddt_model_1.npz,1315,c1bd3220fcfececd392e0e8d22a6e429b55c0cde9b2b742c9336ca04d1176a17
drfold_selected_output,9FQ0_1,data/cache/v4_final_drfold2/9FQ0_1/e2e_relax/plddt_model_2.npz,1311,8b86462f7ae574aa41d83206def43b9064ac277d8be5c0b647bd723390248119
drfold_selected_output,9FQ0_1,data/cache/v4_final_drfold2/9FQ0_1/e2e_relax/priors_model_1.npz,15847697,2d32ff7179dfb528ef499bedf1d2e3b40320d0813e8b528f78f81c3cfc1662e4
drfold_selected_output,9FQ0_1,data/cache/v4_final_drfold2/9FQ0_1/e2e_relax/priors_model_2.npz,15306260,3a59659fb963c25776253e14af000e9a91b6c8944c0ceaf5f6f6c3ac3a3c1285
drfold_selected_output,9G6K_l2,data/cache/v4_final_drfold2/9G6K_l2/e2e_relax/manifest.json,230,57603dfb8c1643ed59aac0e641621f497da128640586fd5fc7111322e535914f
drfold_selected_output,9G6K_l2,data/cache/v4_final_drfold2/9G6K_l2/e2e_relax/model_1.pdb,52223,7665c98eeac44061d8aa32b0f54f52077eb2c1aa2c9f938e2ec56bc1bed3369c
drfold_selected_output,9G6K_l2,data/cache/v4_final_drfold2/9G6K_l2/e2e_relax/model_2.pdb,52223,8c9ff2ccc718e5788575a0a09494336eb5cf41f85b2fea0af0d23e3a9ebb2d4b
drfold_selected_output,9G6K_l2,data/cache/v4_final_drfold2/9G6K_l2/e2e_relax/plddt_model_1.npz,336,2c36c8154ee6cf0fd27a3a47997e170f629229b432c7d5cbc58130dcba9547fe
drfold_selected_output,9G6K_l2,data/cache/v4_final_drfold2/9G6K_l2/e2e_relax/plddt_model_2.npz,335,5db5a9d88546cdef432e183b2f1b9e4d5ed5bbfcb0c177e956026b61dfad0286
drfold_selected_output,9G6K_l2,data/cache/v4_final_drfold2/9G6K_l2/e2e_relax/priors_model_1.npz,150662,d8e9830200333cf322f17edce3c013e07b47888b4fa39cd4124b64d4be860692
drfold_selected_output,9G6K_l2,data/cache/v4_final_drfold2/9G6K_l2/e2e_relax/priors_model_2.npz,169546,0d0c68e5bb8d0cb0fb57a0a94605847f73d8bb18647dd0c198dfa77403e7db2c
drfold_selected_output,9G6K_l4,data/cache/v4_final_drfold2/9G6K_l4/e2e_relax/manifest.json,230,167e358fb41ff05fc6756c5f2db622d193b1e33fb5003d9f644920149c1245f0
drfold_selected_output,9G6K_l4,data/cache/v4_final_drfold2/9G6K_l4/e2e_relax/model_1.pdb,157293,96bcd8ae1ae4af06af28e19959fc7d890a80d2332282a8d79d6b7dfc416ebbe1
drfold_selected_output,9G6K_l4,data/cache/v4_final_drfold2/9G6K_l4/e2e_relax/model_2.pdb,157293,737683608373fece60db9dddd0b61ceb3a74c6043f32a64e370cfc67240c5848
drfold_selected_output,9G6K_l4,data/cache/v4_final_drfold2/9G6K_l4/e2e_relax/plddt_model_1.npz,583,f25eb02f48a8a56714cb4f20575026fefd5bb5c7689323d32b2749d99d177385
drfold_selected_output,9G6K_l4,data/cache/v4_final_drfold2/9G6K_l4/e2e_relax/plddt_model_2.npz,584,0258bc5b436d3571ba17fe541e3d7abe5185fdcceb2624107c39814758b4ae15
drfold_selected_output,9G6K_l4,data/cache/v4_final_drfold2/9G6K_l4/e2e_relax/priors_model_1.npz,1742877,7c867460a950fa7228e21c14b9180e33206be7a4e564235d96baea57aef3e1a9
drfold_selected_output,9G6K_l4,data/cache/v4_final_drfold2/9G6K_l4/e2e_relax/priors_model_2.npz,1763872,a69fedea7fcf48a276c8b63e208dd6ddd2c5c2ac1a4309d2459875facf5cb4c7
drfold_selected_output,9G6K_l6,data/cache/v4_final_drfold2/9G6K_l6/e2e_relax/manifest.json,229,73323f9f00beb6971ab2d781b8fb519c8288b500d5a50be83c6ca21c58825e89
drfold_selected_output,9G6K_l6,data/cache/v4_final_drfold2/9G6K_l6/e2e_relax/model_1.pdb,84850,a29e4dc96b235cdaa3991903f9a050d01e5287e98ac4f951e8b574d454d5858c
drfold_selected_output,9G6K_l6,data/cache/v4_final_drfold2/9G6K_l6/e2e_relax/model_2.pdb,84850,a91e6ba52d315dd1ecf8d45dbf4b75053f78264c24bdca5b31b30a117b75996b
drfold_selected_output,9G6K_l6,data/cache/v4_final_drfold2/9G6K_l6/e2e_relax/plddt_model_1.npz,411,5e8775e3278cba26b5d7f6eb1f4ef4e50b80a402569e0534482c75a0c919a37a
drfold_selected_output,9G6K_l6,data/cache/v4_final_drfold2/9G6K_l6/e2e_relax/plddt_model_2.npz,412,c7b9b547972a5679122ed75634d6fbcb775a3b28f3105ce54361c77726947ba9
drfold_selected_output,9G6K_l6,data/cache/v4_final_drfold2/9G6K_l6/e2e_relax/priors_model_1.npz,385034,d14e7216d93c5473a35ca225a81e538773a5b32912f4cf8255d57e3e79796a6b
drfold_selected_output,9G6K_l6,data/cache/v4_final_drfold2/9G6K_l6/e2e_relax/priors_model_2.npz,435228,5094ff9df061491a03b2a1a46eb7a640384b9f938515230c933de89d21abe215
drfold_selected_output,9G6K_l7,data/cache/v4_final_drfold2/9G6K_l7/e2e_relax/manifest.json,229,f0d6909e204d77bf1649bcc9d1424b850ba690892189e725b6643f1f86a055ce
drfold_selected_output,9G6K_l7,data/cache/v4_final_drfold2/9G6K_l7/e2e_relax/model_1.pdb,117082,cc793fa2a8b2d25e329516cc96d20cb5392fbf3bfb80c01ae7545eb08e4cd5fc
drfold_selected_output,9G6K_l7,data/cache/v4_final_drfold2/9G6K_l7/e2e_relax/model_2.pdb,117082,03122ddeeb677db1e1da91a6f9a134fb595170d0fca21aa693ba0fa83cda6996
drfold_selected_output,9G6K_l7,data/cache/v4_final_drfold2/9G6K_l7/e2e_relax/plddt_model_1.npz,494,4398786f71165b288e07e2291e14d894be1668be7403e27bfbf4d00c9f7f8226
drfold_selected_output,9G6K_l7,data/cache/v4_final_drfold2/9G6K_l7/e2e_relax/plddt_model_2.npz,494,b1460d6317e1cc21699b24d337aaf5571c73521b81430d901917297567d4a827
drfold_selected_output,9G6K_l7,data/cache/v4_final_drfold2/9G6K_l7/e2e_relax/priors_model_1.npz,937431,fb086c323f279bec81b6fff6f70bb4365287ac53015ea22d3daabb27a4f59864
drfold_selected_output,9G6K_l7,data/cache/v4_final_drfold2/9G6K_l7/e2e_relax/priors_model_2.npz,932393,9970e2df23e8f0c49cb9dcc3b49dd7b75049ffe64e7c943cb32f82bd3e6c78e5
drfold_selected_output,9G6K_l8,data/cache/v4_final_drfold2/9G6K_l8/e2e_relax/manifest.json,230,b8498be441aaedfe16d108f575caea3d872ba1e01a11864c718af5ce25ad16a9
drfold_selected_output,9G6K_l8,data/cache/v4_final_drfold2/9G6K_l8/e2e_relax/model_1.pdb,55936,cd31656e31bb7a393e9cf62533ec1db2e9e192f2ca9b8ff66fd2b4b6aff69436
drfold_selected_output,9G6K_l8,data/cache/v4_final_drfold2/9G6K_l8/e2e_relax/model_2.pdb,55936,78673ee11019ce810c3c91d0ce642452dcd26c4111e169ce207b57bf258ce7fb
drfold_selected_output,9G6K_l8,data/cache/v4_final_drfold2/9G6K_l8/e2e_relax/plddt_model_1.npz,344,1a950c749cb2f1e7747b69198c6df660ad97d458ac33fa77ab49ea32736d6946
drfold_selected_output,9G6K_l8,data/cache/v4_final_drfold2/9G6K_l8/e2e_relax/plddt_model_2.npz,344,666698872c28cb7de8acea41d82cd4e4f7beff561c66e5dea3b6b4b440d96c62
drfold_selected_output,9G6K_l8,data/cache/v4_final_drfold2/9G6K_l8/e2e_relax/priors_model_1.npz,159835,eda58c372c816868a3b9c1f3aef504f4c4464a2c429e5afbf1ada202ebbde104
drfold_selected_output,9G6K_l8,data/cache/v4_final_drfold2/9G6K_l8/e2e_relax/priors_model_2.npz,172260,f9fe8a15f3770673a60fcf0ebdd8c402a3a1e88d3a0bf68c9321ecc075b09f95
drfold_selected_output,9G6K_lF,data/cache/v4_final_drfold2/9G6K_lF/e2e_relax/manifest.json,230,a94504e06d305d0c3de416d1372f6bc79dfffe3a3f3801730831380a05c26951
drfold_selected_output,9G6K_lF,data/cache/v4_final_drfold2/9G6K_lF/e2e_relax/model_1.pdb,148524,837d1520a98c90e2fe4374f89e4876c93dbc990f689aed69157c0b6bfc86b6c3
drfold_selected_output,9G6K_lF,data/cache/v4_final_drfold2/9G6K_lF/e2e_relax/model_2.pdb,148524,14a667ea2d21c8e73e7b15c5acf79e3a82dee47daafc13305285cb16d79021eb
drfold_selected_output,9G6K_lF,data/cache/v4_final_drfold2/9G6K_lF/e2e_relax/plddt_model_1.npz,568,912651b6397e79494a753a2043a2d4852df12ba40325eb16cbcb85a64aada29e
drfold_selected_output,9G6K_lF,data/cache/v4_final_drfold2/9G6K_lF/e2e_relax/plddt_model_2.npz,570,a2646e44c26ddf829e6206903d876b197179a562e78176f9e8864a14bf50659d
drfold_selected_output,9G6K_lF,data/cache/v4_final_drfold2/9G6K_lF/e2e_relax/priors_model_1.npz,1442418,7c3e295fe5f04259502b688aa2d0ca1e0cc08f53c43ada8c6beed9f080f12956
drfold_selected_output,9G6K_lF,data/cache/v4_final_drfold2/9G6K_lF/e2e_relax/priors_model_2.npz,1492946,869dd6c8b10ae4e35c0a8445cf2af976b96f7d7e5f94b1a23b6a3aae3cf323ec
drfold_selected_output,9G6K_lI,data/cache/v4_final_drfold2/9G6K_lI/e2e_relax/manifest.json,231,f516eeba812e3b4417377ed573cc199b428c0f36066ac2e3716c2c05af4daaf9
drfold_selected_output,9G6K_lI,data/cache/v4_final_drfold2/9G6K_lI/e2e_relax/model_1.pdb,82243,822b64ebda28cb864f290335e25e0f6a7a2dfbaf8d2862f0c6ffc8645c86b3f4
drfold_selected_output,9G6K_lI,data/cache/v4_final_drfold2/9G6K_lI/e2e_relax/model_2.pdb,82243,1ae345004561ec3d9a31e2edb4a87ecedf6ac1228ddca6fe39b035f51cbc642a
drfold_selected_output,9G6K_lI,data/cache/v4_final_drfold2/9G6K_lI/e2e_relax/plddt_model_1.npz,406,5e21efad215a9514b09ddcc008f4ecc6094c9f0357447c75635729817a1b31b6
drfold_selected_output,9G6K_lI,data/cache/v4_final_drfold2/9G6K_lI/e2e_relax/plddt_model_2.npz,405,ed6ebe23599a2df6a31076e6cd9c6c9eee00560dd1b844df2fdea41c2cbd2c22
drfold_selected_output,9G6K_lI,data/cache/v4_final_drfold2/9G6K_lI/e2e_relax/priors_model_1.npz,434162,7d9f2f1725f0143b6c1d629edba3d68944c80228a87f7ade9d332f65c28712b4
drfold_selected_output,9G6K_lI,data/cache/v4_final_drfold2/9G6K_lI/e2e_relax/priors_model_2.npz,417821,1ee96a371064b16afbcb0951050a380bcea50c8f83b17869f7767fa5c42706f4
drfold_selected_output,9G6K_lJ,data/cache/v4_final_drfold2/9G6K_lJ/e2e_relax/manifest.json,230,007a2fe17d34ace198f6d74bf7600709caff002e51ce3fa4350857a40f6d4cca
drfold_selected_output,9G6K_lJ,data/cache/v4_final_drfold2/9G6K_lJ/e2e_relax/model_1.pdb,468395,2f438f0b55e98a51be6add89221a8958cd1693f22267306edec10a3c6fe5a16f
drfold_selected_output,9G6K_lJ,data/cache/v4_final_drfold2/9G6K_lJ/e2e_relax/model_2.pdb,468395,1ac95328f9aaa78474416888c67fffa65c5b5fdc5431c4833d362d6875b5def6
drfold_selected_output,9G6K_lJ,data/cache/v4_final_drfold2/9G6K_lJ/e2e_relax/plddt_model_1.npz,1246,5358d79506bfe91508a757c6056894e2def0becd5afe086a299faa8d31603024
drfold_selected_output,9G6K_lJ,data/cache/v4_final_drfold2/9G6K_lJ/e2e_relax/plddt_model_2.npz,1245,561cf42a39bd4fcd0c8b1736125ebec9c697db8e4ad69013606bfbb29fe02d12
drfold_selected_output,9G6K_lJ,data/cache/v4_final_drfold2/9G6K_lJ/e2e_relax/priors_model_1.npz,15328189,47db9d5f2866fdc517958b3827f4927ff37c1e196106f8bdac2200288e6a8c1a
drfold_selected_output,9G6K_lJ,data/cache/v4_final_drfold2/9G6K_lJ/e2e_relax/priors_model_2.npz,15432212,c4d049755494cd10a6455a6113a7f84dd2afc61df8cea24974ce6fd4bda74164
drfold_selected_output,9G6K_lL,data/cache/v4_final_drfold2/9G6K_lL/e2e_relax/manifest.json,229,5776bdf626bd517c796515a27b41574e44e418d68f471418c87a483a68b2d470
drfold_selected_output,9G6K_lL,data/cache/v4_final_drfold2/9G6K_lL/e2e_relax/model_1.pdb,153975,5f852db77e19085f177b95c504e635bb47503d8d21dfc823ad0228c7e24df718
drfold_selected_output,9G6K_lL,data/cache/v4_final_drfold2/9G6K_lL/e2e_relax/model_2.pdb,153975,199869b810e9e374c380ad5ed110b3658969f734547b8d54cf168098f6d2710e
drfold_selected_output,9G6K_lL,data/cache/v4_final_drfold2/9G6K_lL/e2e_relax/plddt_model_1.npz,583,c14324ec4f429e014f2892c04ab27c6525865cfe677f366a77b52d7aae0fdf0c
drfold_selected_output,9G6K_lL,data/cache/v4_final_drfold2/9G6K_lL/e2e_relax/plddt_model_2.npz,581,6b2636fec2ff6ab23e1c6c04bd6370c62a1e6c691d1b411cd4be5b9ae06770e2
drfold_selected_output,9G6K_lL,data/cache/v4_final_drfold2/9G6K_lL/e2e_relax/priors_model_1.npz,1414954,e3fa0fbec39348e961cdea5b25f2bc788c339d22c4ab29de73fc5e617db5a358
drfold_selected_output,9G6K_lL,data/cache/v4_final_drfold2/9G6K_lL/e2e_relax/priors_model_2.npz,1608701,72bc7dcae60b86cee40ef2aa7bda8a62c43418ba419c217268d94f6244ac62e7
drfold_selected_output,9G6K_lM,data/cache/v4_final_drfold2/9G6K_lM/e2e_relax/manifest.json,230,e38731611312f63f18e589fe20d6b6930a61000e1168ee798ba8442fdcc14a26
drfold_selected_output,9G6K_lM,data/cache/v4_final_drfold2/9G6K_lM/e2e_relax/model_1.pdb,325563,13ce19ea275004f46a8252aa3fed589f74d855ad595712a624df910ac177826e
drfold_selected_output,9G6K_lM,data/cache/v4_final_drfold2/9G6K_lM/e2e_relax/model_2.pdb,325563,6a48002d45d2839091d79948f4d4bbc278a2ee728413ad4055f68c531fbf07e9
drfold_selected_output,9G6K_lM,data/cache/v4_final_drfold2/9G6K_lM/e2e_relax/plddt_model_1.npz,958,88a8b21c580f128606d781af9b63005d4c632020b6a5bc8a57f79bc3273924bd
drfold_selected_output,9G6K_lM,data/cache/v4_final_drfold2/9G6K_lM/e2e_relax/plddt_model_2.npz,952,1e2dc9b69badef4ed6205865e4f6caf92c9a881389df1d9bc66621d602a1db7e
drfold_selected_output,9G6K_lM,data/cache/v4_final_drfold2/9G6K_lM/e2e_relax/priors_model_1.npz,5916316,01f31ead99accf23d87538c0e8bc2b8f093876c6204169dbd355e4f0f6d3a172
drfold_selected_output,9G6K_lM,data/cache/v4_final_drfold2/9G6K_lM/e2e_relax/priors_model_2.npz,6434900,e0bb59a0ca917022e876f15660cc66f87571e62c87f8bd9ce136c6d873c274e3
drfold_selected_output,9G6K_lO,data/cache/v4_final_drfold2/9G6K_lO/e2e_relax/manifest.json,228,3cedfc1992e02db2a15af2a3ceeb612b32f5314e643f878c3971c47bd49fb22b
drfold_selected_output,9G6K_lO,data/cache/v4_final_drfold2/9G6K_lO/e2e_relax/model_1.pdb,303443,353eb937cebbca1e3e05280d2755b62491cdce85dd030ba9d4a9ae9aefce4c26
drfold_selected_output,9G6K_lO,data/cache/v4_final_drfold2/9G6K_lO/e2e_relax/model_2.pdb,303443,8da3b7736945852f30274283b59651af342eb421537ca188a5f82254c2203416
drfold_selected_output,9G6K_lO,data/cache/v4_final_drfold2/9G6K_lO/e2e_relax/plddt_model_1.npz,901,e9558e72bad91ac2bd8bdbf2671d6cff50f4e7e4e799406b43603ce6311762c4
drfold_selected_output,9G6K_lO,data/cache/v4_final_drfold2/9G6K_lO/e2e_relax/plddt_model_2.npz,902,b7bc97ffd3b6cd26765fc73d19191bb111ed93d02862aa19f01edacf44bb8568
drfold_selected_output,9G6K_lO,data/cache/v4_final_drfold2/9G6K_lO/e2e_relax/priors_model_1.npz,6449203,ee1067fe8c6bb80699852d89c5cf566d3ed4749c8414eb8abd9a037971728b43
drfold_selected_output,9G6K_lO,data/cache/v4_final_drfold2/9G6K_lO/e2e_relax/priors_model_2.npz,6449058,51f5873a19e6c990480dc8e789be7b57ecf2fff353adbec539a17ab0f6752422
drfold_selected_output,9G6K_lX,data/cache/v4_final_drfold2/9G6K_lX/e2e_relax/manifest.json,231,79e2c983348927656f697a88d1a0498c965b1a773de542944c9c8f41e98cffdc
drfold_selected_output,9G6K_lX,data/cache/v4_final_drfold2/9G6K_lX/e2e_relax/model_1.pdb,91644,3694ed9cb4122c77a8f95c47990094c60fd48c66bd18769e762166bc2c904d89
drfold_selected_output,9G6K_lX,data/cache/v4_final_drfold2/9G6K_lX/e2e_relax/model_2.pdb,91644,56b4da723fc3a79005e7500d32b50daf2ec18101e88c404bb985e0e1098794f6
drfold_selected_output,9G6K_lX,data/cache/v4_final_drfold2/9G6K_lX/e2e_relax/plddt_model_1.npz,445,1c67725973163e076dc15f5a7e020bdd6bc7dcd003f45c82559c0de8f4e16e7a
drfold_selected_output,9G6K_lX,data/cache/v4_final_drfold2/9G6K_lX/e2e_relax/plddt_model_2.npz,445,5f55122a1209594ab2be09e989670b2297bc8cd5bf5810e78114e3038b9b77f2
drfold_selected_output,9G6K_lX,data/cache/v4_final_drfold2/9G6K_lX/e2e_relax/priors_model_1.npz,484143,6e371bae8562a5568f6bdb39b93f7037681de532df8d53903c10babbb98b0fa4
drfold_selected_output,9G6K_lX,data/cache/v4_final_drfold2/9G6K_lX/e2e_relax/priors_model_2.npz,557509,c1e8de90278740b12e638a089a7212149571bf89ce08ad9a2dd82a571cf7f8fb
drfold_selected_output,9G7C_A,data/cache/v4_final_drfold2/9G7C_A/e2e_relax/manifest.json,229,54b8a0ad894cb8e747fe8f4208539222fe20acbf61c4e3515457e87d6544f467
drfold_selected_output,9G7C_A,data/cache/v4_final_drfold2/9G7C_A/e2e_relax/model_1.pdb,381258,4b8135a598f6643d9de44e9c4d2b1d7d1d6c7f4e987af1890f8ea6330eeaf3d3
drfold_selected_output,9G7C_A,data/cache/v4_final_drfold2/9G7C_A/e2e_relax/model_2.pdb,381258,f4104a77c9c937dd831667c6ee019ce7eb6769b7efb8dac5da934142191844e6
drfold_selected_output,9G7C_A,data/cache/v4_final_drfold2/9G7C_A/e2e_relax/plddt_model_1.npz,1059,8f0e397b5ca611c855876fd5db4cab077fd25fcc877cbca3e568f341f7353dc7
drfold_selected_output,9G7C_A,data/cache/v4_final_drfold2/9G7C_A/e2e_relax/plddt_model_2.npz,1061,77e0a9ac2b15be2888e9429375d07b108f259bf7d5b8c84dafc94b7fec4b8ec6
drfold_selected_output,9G7C_A,data/cache/v4_final_drfold2/9G7C_A/e2e_relax/priors_model_1.npz,8977718,ed559375b032c71ead624e59856ee11b1727e1a79a577711a4f6239465cd5a30
drfold_selected_output,9G7C_A,data/cache/v4_final_drfold2/9G7C_A/e2e_relax/priors_model_2.npz,9182686,00480450bdf0758c88c00230a435fed63329bde1acae7145fe04e9140043a3fb
drfold_selected_output,9KPO_B,data/cache/v4_final_drfold2/9KPO_B/e2e_relax/manifest.json,230,b4403e5e3ba397f8a4d3aa75439f7a6f3555a97caff3ff672b6293ee9e6114d9
drfold_selected_output,9KPO_B,data/cache/v4_final_drfold2/9KPO_B/e2e_relax/model_1.pdb,429843,c9f9a137af1a7fe78f59b18f9f9cce27ee777362d50ebcdf06661bb6f0fcdc5c
drfold_selected_output,9KPO_B,data/cache/v4_final_drfold2/9KPO_B/e2e_relax/model_2.pdb,429843,7029288f9b5e3a54c9a50c0d219d3c642a2c7b8ece36287d8b78d110d1938b4b
drfold_selected_output,9KPO_B,data/cache/v4_final_drfold2/9KPO_B/e2e_relax/plddt_model_1.npz,1155,48a0803f2cdbae56f7ce557cdc651578cb5d6b9e7ceee151dd2fe2f1a44ab370
drfold_selected_output,9KPO_B,data/cache/v4_final_drfold2/9KPO_B/e2e_relax/plddt_model_2.npz,1163,2069feec3a554b0b8c4c94313c5cd67b69255a15a046afe297f2c3b881a53f6d
drfold_selected_output,9KPO_B,data/cache/v4_final_drfold2/9KPO_B/e2e_relax/priors_model_1.npz,11297425,ab97ac8556ab345fe31300d096d30e7c2ba2937a02c13f7b2e95b0d52aa07934
drfold_selected_output,9KPO_B,data/cache/v4_final_drfold2/9KPO_B/e2e_relax/priors_model_2.npz,12714424,8e5e5debcdd3a306d34ec8c30d42004008cf3bb3c6db16efb8eb60767a1a9137
drfold_selected_output,9L5S_5,data/cache/v4_final_drfold2/9L5S_5/e2e_relax/manifest.json,231,a81330891ee055c9a5bcffe79b0b895e2eac9b9430c90320aa968ed9a2034e80
drfold_selected_output,9L5S_5,data/cache/v4_final_drfold2/9L5S_5/e2e_relax/model_1.pdb,193238,0635880b183cd352bb44642123f98dd5c006251ef43bf7bb52da3243473802ae
drfold_selected_output,9L5S_5,data/cache/v4_final_drfold2/9L5S_5/e2e_relax/model_2.pdb,193238,2625ce42fe4bfef32317a02878aab97e43f744445173e0410715da1b3569d257
drfold_selected_output,9L5S_5,data/cache/v4_final_drfold2/9L5S_5/e2e_relax/plddt_model_1.npz,673,c5f146683590c80567cba96dde1dd29585168e943bed3ec07c404ccc8b031168
drfold_selected_output,9L5S_5,data/cache/v4_final_drfold2/9L5S_5/e2e_relax/plddt_model_2.npz,672,96305efc94e2d479efd032eb4ded8fb36440b00e1a189fda4f220f642a541dda
drfold_selected_output,9L5S_5,data/cache/v4_final_drfold2/9L5S_5/e2e_relax/priors_model_1.npz,2308202,dcb4ac52b10395ffed1472219581c1f4a25a859fca13f58ca0eea72905b84074
drfold_selected_output,9L5S_5,data/cache/v4_final_drfold2/9L5S_5/e2e_relax/priors_model_2.npz,2317593,2b7576ed86cf891ee61dc0db79109f15331d11d4750d546860d50aa1927bd123
drfold_selected_output,9MTY_C,data/cache/v4_final_drfold2/9MTY_C/e2e_relax/manifest.json,230,56211f6dd1284e9ad78b21ca26d0a8ec63abebe036fb4801eff090ed4362e5cc
drfold_selected_output,9MTY_C,data/cache/v4_final_drfold2/9MTY_C/e2e_relax/model_1.pdb,60202,0018a29fa338426e3ff69cfbbc3304633ebcf8a39a8fa2a1456cf1797d795ea6
drfold_selected_output,9MTY_C,data/cache/v4_final_drfold2/9MTY_C/e2e_relax/model_2.pdb,60202,208857ec732191302e6e0a35616b79101244da72060bc6bf9b7ec1084b1aac76
drfold_selected_output,9MTY_C,data/cache/v4_final_drfold2/9MTY_C/e2e_relax/plddt_model_1.npz,357,1c702ac0ef3389efcacd6bd617619920b246becfe477a08eb55882ea97e89c08
drfold_selected_output,9MTY_C,data/cache/v4_final_drfold2/9MTY_C/e2e_relax/plddt_model_2.npz,356,9b61d8dacad3f176d934a676838a281432bc179147e58f966e57bd215723d85e
drfold_selected_output,9MTY_C,data/cache/v4_final_drfold2/9MTY_C/e2e_relax/priors_model_1.npz,173203,98255de9bbe914db71d3d206c63365879f27147891b25dfe878ad6f49a5a5445
drfold_selected_output,9MTY_C,data/cache/v4_final_drfold2/9MTY_C/e2e_relax/priors_model_2.npz,203422,e0c16bef7594935fe43f78a154119d265e9673678a6b6d3e5219b4969d26b80f
final_bank,8BU8_A,data/cache/v4_final_native_blind/8BU8_A/raw_banks.npz,68974,577b8d8b8d31f88eff310eff1bdd4db8f2567deb099b3b5df9b03fd89308f6d5
final_bank,8BU8_A,data/cache/v4_final_native_blind/8BU8_A/refined_banks.npz,192519,522173b0fd61530ec3a6ebc9fe5217673b6ee2630f06276e8c41ec3139890f16
final_bank,8BU8_A,data/cache/v4_final_native_blind/8BU8_A/tbm_banks.json,499,efc6c44a262a3211b0edf2413c199fa7f891ff140f62dd0504cd75233624134a
final_bank,8BU8_A,data/cache/v4_final_native_blind/8BU8_A/tbm_banks.npz,37401,fe04e8488e4e142540e2e61915f69c6fd484a401c9009d7bfb1819886ebbf170
final_bank,8CBM_T,data/cache/v4_final_native_blind/8CBM_T/raw_banks.npz,16652,7495f3a09fba208ad656268afcc91400a511cc2555467a940eda3f130a2a1760
final_bank,8CBM_T,data/cache/v4_final_native_blind/8CBM_T/refined_banks.npz,40815,8c415e3be5a21afff7443534cfbf3a642bdcfc19220fde0302bd45f6c49cfe71
final_bank,8CBM_T,data/cache/v4_final_native_blind/8CBM_T/tbm_banks.json,498,48446c09a8c981421f146adff55656244c86bac573a407891a22c8ab59886b16
final_bank,8CBM_T,data/cache/v4_final_native_blind/8CBM_T/tbm_banks.npz,8847,2dff3e86ea7e10e952bcab9054f29a7e85c9a8f10d93eed5164aaad3b75f4280
final_bank,8K85_A,data/cache/v4_final_native_blind/8K85_A/raw_banks.npz,14142,11dba08d227a5c516a079d7c22c7b4ef7b886167be5cb46e6bced322951c3e7d
final_bank,8K85_A,data/cache/v4_final_native_blind/8K85_A/refined_banks.npz,33778,0f0cbe66df6c03e3ba921d6b67d2fa63239d2895cc44b681c3ee9c5575de6db7
final_bank,8K85_A,data/cache/v4_final_native_blind/8K85_A/tbm_banks.json,498,d410b6f4559505538a95c828bad036386f73827bfbaede11d6c491f5922581a8
final_bank,8K85_A,data/cache/v4_final_native_blind/8K85_A/tbm_banks.npz,7476,c45ee1205f6c2dd6e62b3012b64be88dd1db4d524f97f8e8fbd47d2dd6ce9713
final_bank,8KIE_a,data/cache/v4_final_native_blind/8KIE_a/raw_banks.npz,69133,7b71bacc5a9dec47d8d1857540bef95538f0dabfc71c2373ca328e0ee328d146
final_bank,8KIE_a,data/cache/v4_final_native_blind/8KIE_a/refined_banks.npz,193324,8d2172550d21fa6ed12b53767a7a675b6a55972c98535300c87a59a8a125f766
final_bank,8KIE_a,data/cache/v4_final_native_blind/8KIE_a/tbm_banks.json,498,a32d370540945736e889ec0b207eb086a517bca9ea0ca94efff3d37992702ab7
final_bank,8KIE_a,data/cache/v4_final_native_blind/8KIE_a/tbm_banks.npz,37490,57cd3fe8a1519554fa34019af273b7f491f8d99d41b1d78e093dd1aabea669ae
final_bank,8ONY_5,data/cache/v4_final_native_blind/8ONY_5/raw_banks.npz,32039,56439258652b3e02da15065ca00aac023fdacf2075500bb7276bc331f919f699
final_bank,8ONY_5,data/cache/v4_final_native_blind/8ONY_5/refined_banks.npz,85602,6a3ea2c3dd520d8092dc1dd512bbc3798b425edcb4c83e823c329849a52ced1d
final_bank,8ONY_5,data/cache/v4_final_native_blind/8ONY_5/tbm_banks.json,498,cc3ab43d76c5b43bbf1541328b3d5e89751b7ed05eadb8e11d6d0ab8b3f564a2
final_bank,8ONY_5,data/cache/v4_final_native_blind/8ONY_5/tbm_banks.npz,17123,d4faba7be21e8f2f38ec3a6eaa4236dbe16b1339a6879442d76069e00fe2505e
final_bank,8ONZ_1,data/cache/v4_final_native_blind/8ONZ_1/raw_banks.npz,54030,35b02593455f62e17ff4112a94b0f423775601c7d09d5d022b6f118b23523d4d
final_bank,8ONZ_1,data/cache/v4_final_native_blind/8ONZ_1/refined_banks.npz,147307,6df9dbaa26c55d39a1ac84cc4eb09a2feb66a81d9db462e467f3b4b40bf35698
final_bank,8ONZ_1,data/cache/v4_final_native_blind/8ONZ_1/tbm_banks.json,502,76593868738a64a6926921f2bcf4a3c647a3cae58751f6b092996df48e78aa58
final_bank,8ONZ_1,data/cache/v4_final_native_blind/8ONZ_1/tbm_banks.npz,29305,3ea41fc5bc8c696f09857d42b48804e913fb2ab7c7f33744e2ed90cbb515b986
final_bank,8OPT_D,data/cache/v4_final_native_blind/8OPT_D/raw_banks.npz,13493,30e7f71acd27ea00553da4c20988b564e57d169317546f5d94e859b0d4fbec06
final_bank,8OPT_D,data/cache/v4_final_native_blind/8OPT_D/refined_banks.npz,31960,83e36ce754f271ba32eebd0b8f553f584e8152aa827617f3ca6f339e615c4a88
final_bank,8OPT_D,data/cache/v4_final_native_blind/8OPT_D/tbm_banks.json,498,ea07a9c4da4e827bc0036698c198875b0a87b56942274a4e2c163331a8045b57
final_bank,8OPT_D,data/cache/v4_final_native_blind/8OPT_D/tbm_banks.npz,7037,9e9b514d0889a77190b51221eb1870e70bce8516e926db9b5bdb710b9917f50e
final_bank,8P7X_7,data/cache/v4_final_native_blind/8P7X_7/raw_banks.npz,17161,b911452359464818c67a0f452024abb56184f89d054f128873d691ecf4352e5a
final_bank,8P7X_7,data/cache/v4_final_native_blind/8P7X_7/refined_banks.npz,42492,539db0b7cd5466aac36f7a90e87e9f4ee10575e0596d4f72d6a7fc4c555a239c
final_bank,8P7X_7,data/cache/v4_final_native_blind/8P7X_7/tbm_banks.json,500,00f376311841cc5dcdd958d34e7ce6e18debc6151e605db87f7c993e3405b791
final_bank,8P7X_7,data/cache/v4_final_native_blind/8P7X_7/tbm_banks.npz,8980,5275a44cbc14f022c75c23e1b3d928cb5c9ebcfa31f9bf0951de1377fb862e4b
final_bank,8P8B_5,data/cache/v4_final_native_blind/8P8B_5/raw_banks.npz,8644,693b22ae9c93cfde5344aa031fe008d2067d4a4fd11ba010990ecebb26d0f46a
final_bank,8P8B_5,data/cache/v4_final_native_blind/8P8B_5/refined_banks.npz,17945,f5a5e61658f4180fea9246bfe2dbab29a01dd98ac14be95dd8cbad51f848df72
final_bank,8P8B_5,data/cache/v4_final_native_blind/8P8B_5/tbm_banks.json,498,397deca20a7269349847dfc9c12f845a8770b05782eb57fe16814facd7c3129d
final_bank,8P8B_5,data/cache/v4_final_native_blind/8P8B_5/tbm_banks.npz,4310,3b69abc1eb174eecfffa9b5b74f3e073b8d5eff8bd0e795960f36ed52d33ef50
final_bank,8PM0_V,data/cache/v4_final_native_blind/8PM0_V/raw_banks.npz,9176,28f1531ac392b41af262624e4783946b59cc5217707458312400812d00e0099c
final_bank,8PM0_V,data/cache/v4_final_native_blind/8PM0_V/refined_banks.npz,19825,f585d28186318dd93fd112943fd5576bad8656cb34901e31b14f64f21617700e
final_bank,8PM0_V,data/cache/v4_final_native_blind/8PM0_V/tbm_banks.json,502,9e9aced9047ba43595773f0e5047d23a2df47532843aff5e9a8852c40639c3cf
final_bank,8PM0_V,data/cache/v4_final_native_blind/8PM0_V/tbm_banks.npz,4777,5fe316c13e33e24052ded8f1f0193335e27505bd2ee6543f35c4efb9dab5c476
final_bank,8Q6N_A,data/cache/v4_final_native_blind/8Q6N_A/raw_banks.npz,12040,837af1c04b444e8b67ea8c34e6203a51e4e1957e120eaed678c9ee2596dba4c0
final_bank,8Q6N_A,data/cache/v4_final_native_blind/8Q6N_A/refined_banks.npz,28060,2f99653016ad00e54a1dde9a766b50849e8205500409107d06e2dcef20e88aec
final_bank,8Q6N_A,data/cache/v4_final_native_blind/8Q6N_A/tbm_banks.json,498,553b8b0dfaad6a78187af7a45133f154102d7dd4354078267321ccbca63e5af9
final_bank,8Q6N_A,data/cache/v4_final_native_blind/8Q6N_A/tbm_banks.npz,6330,353ab219c09a0b03f364c8b21f1ae0fbbb6869b134851d4b5505b14afd037275
final_bank,8QBK_Q,data/cache/v4_final_native_blind/8QBK_Q/raw_banks.npz,19202,c985b21443a653c83dd2ee75731227a02c16216d3da4cdeb64e42fe99c5fe366
final_bank,8QBK_Q,data/cache/v4_final_native_blind/8QBK_Q/refined_banks.npz,49144,c7131ae83da596511e3f248fcdb569791868fe286b51e43d9c8a59e15b12b7fc
final_bank,8QBK_Q,data/cache/v4_final_native_blind/8QBK_Q/tbm_banks.json,499,29acef4d564a816778f58261fbc38ada395e8717c06f85b47fe02cf3d32d060e
final_bank,8QBK_Q,data/cache/v4_final_native_blind/8QBK_Q/tbm_banks.npz,10254,b5ae769f9e8ff87f5b5a5eb39e1efd8eefc4996971063b6dfe657d013953990a
final_bank,8QBL_L,data/cache/v4_final_native_blind/8QBL_L/raw_banks.npz,10334,0d90f22d12cdb3b036baa9ea97347d9c240f6e195c0172f692cd9f9b780c801e
final_bank,8QBL_L,data/cache/v4_final_native_blind/8QBL_L/refined_banks.npz,22744,6a0a86f16ab6233d4ae823de3af0c3a28c8cc72be39a3368d63d0a0823fdc4bb
final_bank,8QBL_L,data/cache/v4_final_native_blind/8QBL_L/tbm_banks.json,499,804d8cb3b10d7e45fa558bdfb2bdbd060dd7c707dac646113d02b8e157886013
final_bank,8QBL_L,data/cache/v4_final_native_blind/8QBL_L/tbm_banks.npz,5335,0f91fb188ea5f03032d5c1cfadf5c295d8b71fd17c526e708731bb60297753b9
final_bank,8QO2_A,data/cache/v4_final_native_blind/8QO2_A/raw_banks.npz,44435,c19e76a569433eedecc6fae33bccda4c5479b58e6bd20f7651102be50e5f4e68
final_bank,8QO2_A,data/cache/v4_final_native_blind/8QO2_A/refined_banks.npz,120266,4b34d6d1279c630f4875225c4af901656980d2d84490e2a0780066aa6ef06965
final_bank,8QO2_A,data/cache/v4_final_native_blind/8QO2_A/tbm_banks.json,505,c4118d11a7c3834e8554b8afb33d5d7393444db4b78f946ecebf74138d5c3431
final_bank,8QO2_A,data/cache/v4_final_native_blind/8QO2_A/tbm_banks.npz,23699,e59d753653293103aeaa7f0610db6d9528c473853a605826dfd8321b5a46f5d0
final_bank,8QO3_A,data/cache/v4_final_native_blind/8QO3_A/raw_banks.npz,25279,c0014fc43d2f25075635d5bad6389c269e3e42e29206d6109e05245b929d4fe0
final_bank,8QO3_A,data/cache/v4_final_native_blind/8QO3_A/refined_banks.npz,65329,9e2b294d479dba7dd98eafbac9dc13930ba116a4812c2313a8f59d8605a9ba9c
final_bank,8QO3_A,data/cache/v4_final_native_blind/8QO3_A/tbm_banks.json,501,56d3fb033b0e8bab2254fda418613933d154c18916c25662964728d67a4b0cdc
final_bank,8QO3_A,data/cache/v4_final_native_blind/8QO3_A/tbm_banks.npz,13348,3d41c9bbccf85cf9a04c5b266a6184bda907346094c6a0025f103bec3caeb96e
final_bank,8R7N_A,data/cache/v4_final_native_blind/8R7N_A/raw_banks.npz,28714,2b13809a0c23318a1228830d0d0a0e14f9b66494adf46b3f59080cdb525790c6
final_bank,8R7N_A,data/cache/v4_final_native_blind/8R7N_A/refined_banks.npz,73921,fc5924f75646345b186ddde8280af68270e8621ab310ba251e95524dacfa6728
final_bank,8R7N_A,data/cache/v4_final_native_blind/8R7N_A/tbm_banks.json,500,eed7328f14bd6e9693d4251120be427e972ae5150c1f854753061413802bd154
final_bank,8R7N_A,data/cache/v4_final_native_blind/8R7N_A/tbm_banks.npz,15239,9970bc18ae7a0013d67600e6f2d6c10a158927ebab55981acb795420ef03ea4e
final_bank,8RDV_V,data/cache/v4_final_native_blind/8RDV_V/raw_banks.npz,17437,5476d3d4bbbf69f56b7f9c4bddfb608b3edab582b3c2980c10d02554600ed5e9
final_bank,8RDV_V,data/cache/v4_final_native_blind/8RDV_V/refined_banks.npz,42168,f86e43ad8f498723ded20a85442d04a243248f4f4cacb53e8166779149444c5c
final_bank,8RDV_V,data/cache/v4_final_native_blind/8RDV_V/tbm_banks.json,500,90693ecfaccaf653995ad3c82c1261dd93fb1bf14752171f863955d88fbb5b9f
final_bank,8RDV_V,data/cache/v4_final_native_blind/8RDV_V/tbm_banks.npz,9039,d2d428012450eb70f8adc2c8c93bfdf0dcc2f255ad0e2a0f9a6f150cfb606fc3
final_bank,8RG0_A,data/cache/v4_final_native_blind/8RG0_A/raw_banks.npz,26267,aee8e9e21123984ce24739d86fb139f3a01ba657aec0c96c9711e36fcf4a1881
final_bank,8RG0_A,data/cache/v4_final_native_blind/8RG0_A/refined_banks.npz,68335,c5729470c91c8b9b9e73801477963672a119eb88b984add84e9676550ca4d1f0
final_bank,8RG0_A,data/cache/v4_final_native_blind/8RG0_A/tbm_banks.json,498,62f8f6587f14385b6c1c5bee6a4e23351654de126012451ba4164e53e1704bc8
final_bank,8RG0_A,data/cache/v4_final_native_blind/8RG0_A/tbm_banks.npz,14154,a0936659b9309815533b05e1b5b47bd12f99fe2fa50c2651bad0ad9b52cd79b5
final_bank,8RO0_5,data/cache/v4_final_native_blind/8RO0_5/raw_banks.npz,25624,89846785e08361ec25320320c467b43ebf2c1cf5fd4102ae9da1b1e25c0e240a
final_bank,8RO0_5,data/cache/v4_final_native_blind/8RO0_5/refined_banks.npz,65511,d4af39e4aacee1ce45a91b2c516360eecf432bf2a951ed8eb9dd5c9f89a5ad91
final_bank,8RO0_5,data/cache/v4_final_native_blind/8RO0_5/tbm_banks.json,498,de81e3da4cf4d4dc32a1bcd399a120126470aae28eab25c50cd33eaaf5a0ea0e
final_bank,8RO0_5,data/cache/v4_final_native_blind/8RO0_5/tbm_banks.npz,13376,bc5ae5ae15fd0ff8e8c8b9b039a038a3acf6c87ce8bab12577d92fe614ae5ac4
final_bank,8RO1_5,data/cache/v4_final_native_blind/8RO1_5/raw_banks.npz,24108,e3ec4299511c451bbcce14d20d4154eaa1b41de7afde945a36da02db09e9adb8
final_bank,8RO1_5,data/cache/v4_final_native_blind/8RO1_5/refined_banks.npz,61485,4a969b9de771f836a9d7844f751e990831f756b2e43fe07be09bb148add11465
final_bank,8RO1_5,data/cache/v4_final_native_blind/8RO1_5/tbm_banks.json,498,6c319173cae770f2b186cefa37483fc7c1aa822f9597ecac448318acbf4b1542
final_bank,8RO1_5,data/cache/v4_final_native_blind/8RO1_5/tbm_banks.npz,12644,9783f421ea2e40889c4da9ccd1bd75ac195377957a0a6dd21554c09c5200078f
final_bank,8SD0_B,data/cache/v4_final_native_blind/8SD0_B/raw_banks.npz,9261,23a1ba79aabc22fbfd3535385bab6a9da2869e4b7eca943dc400a0c552a2ab10
final_bank,8SD0_B,data/cache/v4_final_native_blind/8SD0_B/refined_banks.npz,19989,6427c67615c5d81377f2529ff9c3f6089d1f41f101e6baebfdc9f36ca3c3076a
final_bank,8SD0_B,data/cache/v4_final_native_blind/8SD0_B/tbm_banks.json,499,71cdd021deeee7e110ccf742ba8ebaf0e29a3ba73f9d1ad55c3057748d4ce32a
final_bank,8SD0_B,data/cache/v4_final_native_blind/8SD0_B/tbm_banks.npz,4775,0a5dad467f9ee2e4930f9132cf76189077403312878c139fd5f2b3092c95196a
final_bank,8SFP_B,data/cache/v4_final_native_blind/8SFP_B/raw_banks.npz,12470,c4afbcf8e0f7da25cd632c89868c045598ef2634739026a3912f76d7c98cf22b
final_bank,8SFP_B,data/cache/v4_final_native_blind/8SFP_B/refined_banks.npz,28686,c3d9be11a0d91b9b283f40d79b015e9bb80f412d27f6e926a46cc30698b74cfc
final_bank,8SFP_B,data/cache/v4_final_native_blind/8SFP_B/tbm_banks.json,498,1f543092f0345332adffed857b555abe72bc4b7e79f9a0324d25f7a2fa7de1c6
final_bank,8SFP_B,data/cache/v4_final_native_blind/8SFP_B/tbm_banks.npz,6489,77e4bf0dd1e66695e448ebcb4ee0d7f0fd605ed81f66b0e66d5100f2b75e2e2d
final_bank,8SYK_B,data/cache/v4_final_native_blind/8SYK_B/raw_banks.npz,23776,716ace76ef15d93753bd3de81d5e04925f7b076886b4e12b190659e9d906ae8f
final_bank,8SYK_B,data/cache/v4_final_native_blind/8SYK_B/refined_banks.npz,61551,36038c3af65cc8649ef164e7881c87fb9a7bc0ae94194e566139e8692b938b8e
final_bank,8SYK_B,data/cache/v4_final_native_blind/8SYK_B/tbm_banks.json,504,0cad2fe57c21501e23be05dd63030c98260e1a679b1ccc3c35994a8a309c4ec4
final_bank,8SYK_B,data/cache/v4_final_native_blind/8SYK_B/tbm_banks.npz,12746,2a85ac1f0ed86bbfd8f164668aa49777118b3cff20903e98d86a3d3a60ee1f58
final_bank,8T2P_A,data/cache/v4_final_native_blind/8T2P_A/raw_banks.npz,28885,d1cfcc39f00c456ba0040052ab5a873d1d94d72af3c841a4cfddda653282d498
final_bank,8T2P_A,data/cache/v4_final_native_blind/8T2P_A/refined_banks.npz,75560,c0faeb3f79d68c58e63784c41c6853b337b8ca0109068fb6c931a1631ac019bf
final_bank,8T2P_A,data/cache/v4_final_native_blind/8T2P_A/tbm_banks.json,501,e5fd1bea83254ccc2d72281ba5ec8b5f9aa88ea56693be158b4fe2b32ac3ad0e
final_bank,8T2P_A,data/cache/v4_final_native_blind/8T2P_A/tbm_banks.npz,15423,6340a75067b6704d06ad62b7e9d35759e88283e7863ba9409108c0aa03f8cbc3
final_bank,8T2P_B,data/cache/v4_final_native_blind/8T2P_B/raw_banks.npz,32150,db5b266afd7b1b7871d9bcb47b5cc6b1d7d3a3d7903aca08a60d0e2f9c0cfaee
final_bank,8T2P_B,data/cache/v4_final_native_blind/8T2P_B/refined_banks.npz,85294,557dbbc2154bad41f3ed6dbfbbf7de4a83b6cedf09fcecd50cf99c110628fc37
final_bank,8T2P_B,data/cache/v4_final_native_blind/8T2P_B/tbm_banks.json,498,7f37efd8b8947e7bf456cb37304b03acc6a1b1cb980847014c1d07e0a891005b
final_bank,8T2P_B,data/cache/v4_final_native_blind/8T2P_B/tbm_banks.npz,17439,cb2b224435784e2f197c14b7059c2a6799ecaa5d0fc2f8f82bb00caa78112fc3
final_bank,8T5O_A,data/cache/v4_final_native_blind/8T5O_A/raw_banks.npz,26135,900a2e6de281f2a691899a0cc5edf163fa68fc8a7c60085e738421db03869bf0
final_bank,8T5O_A,data/cache/v4_final_native_blind/8T5O_A/refined_banks.npz,69671,72d0094f2d0aaa03ce71b0a7015e438233551a11e62446f35d230f82ca849b61
final_bank,8T5O_A,data/cache/v4_final_native_blind/8T5O_A/tbm_banks.json,498,ebd9ae517f56a65e8b02e9652e0fbd599be7ca6cc5a510417fed999572373035
final_bank,8T5O_A,data/cache/v4_final_native_blind/8T5O_A/tbm_banks.npz,13840,da0b6752362ea6c896fc75754802add0243c1ee2545b606378cfdb0a3576a019
final_bank,8TUX_R,data/cache/v4_final_native_blind/8TUX_R/raw_banks.npz,21239,c92837861abd3be1e614e7d3760faae0ed170cf9ad1add928e0aaf9d37de28d5
final_bank,8TUX_R,data/cache/v4_final_native_blind/8TUX_R/refined_banks.npz,54144,9c9aab9bd4592fbef8e994cf85e1a7d93c5274ed066463c09f00d3e42f9e37c1
final_bank,8TUX_R,data/cache/v4_final_native_blind/8TUX_R/tbm_banks.json,501,99b095b08ae9bf52a01b3ab15ff25e22dea065348cde9e7cfc55c1a4fecfacf2
final_bank,8TUX_R,data/cache/v4_final_native_blind/8TUX_R/tbm_banks.npz,11255,b3481b5f142ccbed271ee43ee2db82460668560cd2afcbf7f490f8202561799c
final_bank,8TVZ_C,data/cache/v4_final_native_blind/8TVZ_C/raw_banks.npz,70214,ec4654d79119c2146a7969726e331ac219547607dab686a9afc0ff3ca2a2434e
final_bank,8TVZ_C,data/cache/v4_final_native_blind/8TVZ_C/refined_banks.npz,195137,6d02947ab7d437a974c5ca1db03bc2d1599b9deaca4da76b596b99f69d0741ab
final_bank,8TVZ_C,data/cache/v4_final_native_blind/8TVZ_C/tbm_banks.json,498,1e304f69da1299553ebd9b05358a71c7efdce16555da166dab8f1c684381d055
final_bank,8TVZ_C,data/cache/v4_final_native_blind/8TVZ_C/tbm_banks.npz,37843,045c8282751e2c7e913372e6ff3f7011ce07a183800dc1ba4ff4b6747c5fe257
final_bank,8UB9_I,data/cache/v4_final_native_blind/8UB9_I/raw_banks.npz,29889,535b54d1d42ecf6988f3684261f09b440c5e7d1915239480adb5c994ec6614f1
final_bank,8UB9_I,data/cache/v4_final_native_blind/8UB9_I/refined_banks.npz,78458,769be0633edaf7aba154adefcf7057eaa6d726e3f1916da533b4aeaa130a9d0f
final_bank,8UB9_I,data/cache/v4_final_native_blind/8UB9_I/tbm_banks.json,500,b58a28aaf016d4c7d5565352a904cafebc367bbf7883245022497d4b5f891c87
final_bank,8UB9_I,data/cache/v4_final_native_blind/8UB9_I/tbm_banks.npz,16137,7383efa0b9c1e3291e6f732f9ac9773aefc8500c5c711ad6243c3b7c61f99a98
final_bank,8UIW_N,data/cache/v4_final_native_blind/8UIW_N/raw_banks.npz,27810,33e360a46f620174400ab2cd135755e54c0df2cc875173306f135bcbb74db274
final_bank,8UIW_N,data/cache/v4_final_native_blind/8UIW_N/refined_banks.npz,72674,1a1200078d3b27da9e2638d7425ff0a2eb73dda23cf7c390db3fb95960e097c1
final_bank,8UIW_N,data/cache/v4_final_native_blind/8UIW_N/tbm_banks.json,500,afc4b7a8ccdb13352d89bf13bede1b115adf17f46bcb495f55f82dda84a561b8
final_bank,8UIW_N,data/cache/v4_final_native_blind/8UIW_N/tbm_banks.npz,14962,ff3b946ba15f93e3ddd7ab1f7d117e6d7e34f1f1a9487058f09ad3d683778d7b
final_bank,8UMF_B,data/cache/v4_final_native_blind/8UMF_B/raw_banks.npz,27819,65a1edf8e5f71366efb420a9ae01fc9a0b2f075ef4b260763eb9ece7f4a13641
final_bank,8UMF_B,data/cache/v4_final_native_blind/8UMF_B/refined_banks.npz,72957,ff00c746e8d70869716063ffa5db7f3d693dadd4d84fc5a4461b60e3b077bb2c
final_bank,8UMF_B,data/cache/v4_final_native_blind/8UMF_B/tbm_banks.json,500,56b9a31a619486c0a2e4e48e44fa05cfbc5feb2ea40c7c1943c9bf374a5ff48e
final_bank,8UMF_B,data/cache/v4_final_native_blind/8UMF_B/tbm_banks.npz,14790,3eb5b8b8aee56cd12bc7e625998bbf300c65bf0cfac2f8a670f532032172481a
final_bank,8UO6_B,data/cache/v4_final_native_blind/8UO6_B/raw_banks.npz,29172,c17943a150161bfb62ba299e584569fef7d55cf6e76f1976fc0240229313fb45
final_bank,8UO6_B,data/cache/v4_final_native_blind/8UO6_B/refined_banks.npz,76490,9cf005c803cf58647b2c44c27ad78d94c839392ed49313e77335f564458d2919
final_bank,8UO6_B,data/cache/v4_final_native_blind/8UO6_B/tbm_banks.json,499,b791faff81a78182ff70d0ea9a4688cec710a2139529be815a05139e03e44584
final_bank,8UO6_B,data/cache/v4_final_native_blind/8UO6_B/tbm_banks.npz,15893,bde29016bf9333136cae83d28bc1eb2cf952aeddaa9bf688884427814be82a05
final_bank,8URQ_D,data/cache/v4_final_native_blind/8URQ_D/raw_banks.npz,9230,1b648e66a79bcc0a40f798b9bfeda53b449dbae7b791652fcafe743247d793a8
final_bank,8URQ_D,data/cache/v4_final_native_blind/8URQ_D/refined_banks.npz,19819,07e340857c3ca7379405d0b7051f42c4697044378bd1bdf3f6c9645c82b66a7b
final_bank,8URQ_D,data/cache/v4_final_native_blind/8URQ_D/tbm_banks.json,498,217ffb7d8bbc1d5a0b261f4d5bd4d53c1e345f8215f5dad73d7f669a5a4fcd1f
final_bank,8URQ_D,data/cache/v4_final_native_blind/8URQ_D/tbm_banks.npz,4788,9a8b782e2542ca7b418cd8ba769a50a242c001402af528a71849b2c97c25def3
final_bank,8UZB_B,data/cache/v4_final_native_blind/8UZB_B/raw_banks.npz,23117,523611d0c3b0cd55459bbecece73fddafe5eb9ea8ff07a5ad505168c972c0992
final_bank,8UZB_B,data/cache/v4_final_native_blind/8UZB_B/refined_banks.npz,59991,56f4a2479edd20df3a9fbb71e067033a5de569f2dea63e7d1c16878a196bd753
final_bank,8UZB_B,data/cache/v4_final_native_blind/8UZB_B/tbm_banks.json,501,7df8cc0755fc6273a42b5f3f5ce1106e20cb7b8e7c94c0ddf47400b91daf8aec
final_bank,8UZB_B,data/cache/v4_final_native_blind/8UZB_B/tbm_banks.npz,12183,181c9aa4e3995a69ed8ca9f43e81e76187012dac243af3940263f023d085c86e
final_bank,8VCI_A,data/cache/v4_final_native_blind/8VCI_A/raw_banks.npz,25614,fce9533649e294ee7f7a2776563a28e584a9bdc2a62997038cb9b495a2de29f4
final_bank,8VCI_A,data/cache/v4_final_native_blind/8VCI_A/refined_banks.npz,66174,9a7e58683fdb29251b240178a2083ce802bb28afa15f77eb7066b0a77a3f5f4c
final_bank,8VCI_A,data/cache/v4_final_native_blind/8VCI_A/tbm_banks.json,500,d6093918f01d8402951c490dd11bf1d415974a9b2fc791a07b180e466be269e1
final_bank,8VCI_A,data/cache/v4_final_native_blind/8VCI_A/tbm_banks.npz,13621,beb3d4aa3e35962e0b2010f971e0b56feecde3d8ec27de2a0078f63a477c63a7
final_bank,8W2Z_B,data/cache/v4_final_native_blind/8W2Z_B/raw_banks.npz,32822,80772872e242743890f6ce87a539b573ee896faac95c5d853251f3a04cfd1ed4
final_bank,8W2Z_B,data/cache/v4_final_native_blind/8W2Z_B/refined_banks.npz,86464,711669adba6194cf57f6ff2712df2832032a7c41d5dcff95c2a790c685e6c625
final_bank,8W2Z_B,data/cache/v4_final_native_blind/8W2Z_B/tbm_banks.json,502,20a2aeb7330d1ca97a06d1e9f4ba6f6144aaf77bd7283a5bbb691773d665cc9d
final_bank,8W2Z_B,data/cache/v4_final_native_blind/8W2Z_B/tbm_banks.npz,17501,b4fae8a79c9ea174fb10ae5ab54ee1550a91100b65a2a66f55fd86396cf1f040
final_bank,8WCE_G,data/cache/v4_final_native_blind/8WCE_G/raw_banks.npz,15792,3f5cff935f0e140bf44c6ae8f3061911d74777c95582f7a8cef9383d0132c5d9
final_bank,8WCE_G,data/cache/v4_final_native_blind/8WCE_G/refined_banks.npz,38602,e3e5cc60bc12d71d75bbedd241bc683eaad5faf99ff6f517fd0452194bc0b4a4
final_bank,8WCE_G,data/cache/v4_final_native_blind/8WCE_G/tbm_banks.json,498,34e896a4c9ee86917cbdd2511a53049b0f4d6e706999c1b05ccc67ef0f492835
final_bank,8WCE_G,data/cache/v4_final_native_blind/8WCE_G/tbm_banks.npz,8413,a390ab6403343afc134023d3b9ad54179903b53023c938b6472bdff4ec3c31b7
final_bank,8WMM_O,data/cache/v4_final_native_blind/8WMM_O/raw_banks.npz,27271,9187b16460d4e43383304ce344ada71893ea7d76aedbfd8971ea6b03a46ea25b
final_bank,8WMM_O,data/cache/v4_final_native_blind/8WMM_O/refined_banks.npz,70333,147feb1cdb7ba889c6d8fda49a75036a6818b916d89b9f653afd9f677aabce21
final_bank,8WMM_O,data/cache/v4_final_native_blind/8WMM_O/tbm_banks.json,498,cab5db8c45ad8254c5f4bf6ad4ea6394a2dc2df1673ab4bd6b3125f42d84037c
final_bank,8WMM_O,data/cache/v4_final_native_blind/8WMM_O/tbm_banks.npz,14418,390b552ef67f69c6f2dabd16f018b0ea4a6b7707db0cdc59c77c80d60fd0078d
final_bank,8WR4_N,data/cache/v4_final_native_blind/8WR4_N/raw_banks.npz,27565,fe907d13f2f90e7d73026f45ebadc3ef3770cc53af42521ad91e65278cd15a84
final_bank,8WR4_N,data/cache/v4_final_native_blind/8WR4_N/refined_banks.npz,71980,bb0cf1b76b659fb6c4290fa276fb026d1f65cf5ddb2a8d7a2c13fd820017bf6d
final_bank,8WR4_N,data/cache/v4_final_native_blind/8WR4_N/tbm_banks.json,498,a704a4345dbe3dbd7d17ac7762137d69847cd0a6202c2f173196c1890eeb0a0f
final_bank,8WR4_N,data/cache/v4_final_native_blind/8WR4_N/tbm_banks.npz,14700,967d4180b261a29851f7ca7b1b33e328e5a534d83c737438afe90a228df505fd
final_bank,8WUS_B,data/cache/v4_final_native_blind/8WUS_B/raw_banks.npz,25153,eb06523298221deb7be2699159b460e4c7c63dd7d53271387a30df91dfbc1ac2
final_bank,8WUS_B,data/cache/v4_final_native_blind/8WUS_B/refined_banks.npz,65495,1f6d62b9c2ecc366492ee42fb264afbba7e657ec93adb933f26d292152802f00
final_bank,8WUS_B,data/cache/v4_final_native_blind/8WUS_B/tbm_banks.json,498,d086b37d1b5f9c10d407ac000b4af2b2ed0fcfb16d88baa719893bb9513e238e
final_bank,8WUS_B,data/cache/v4_final_native_blind/8WUS_B/tbm_banks.npz,13374,2503f7bfbef61be836d3d8f69e2685d6b5243d93252515b281e3277c17081816
final_bank,8WUT_B,data/cache/v4_final_native_blind/8WUT_B/raw_banks.npz,25102,0b84720fa5d31d7762fa0a3a385e6e66bd7eaa2c890bf5cdfd63469b76443091
final_bank,8WUT_B,data/cache/v4_final_native_blind/8WUT_B/refined_banks.npz,65202,acca97f3dd3a0342fba3052c6a007557894914e3fb4cd1498a5e233ab80c6e3a
final_bank,8WUT_B,data/cache/v4_final_native_blind/8WUT_B/tbm_banks.json,498,3a253686431393424aef9e578acb227ed229e78c7a54114d9aeaa5c06d294128
final_bank,8WUT_B,data/cache/v4_final_native_blind/8WUT_B/tbm_banks.npz,13312,8d1c52622cbd4b83b1d0f6ad48a8de90ee17b87180f4e2f7b72e774e699ec8b4
final_bank,8WUU_B,data/cache/v4_final_native_blind/8WUU_B/raw_banks.npz,24346,b382f839778e15fbd2e1ff7fdd4bae1a1117af45077d2328174c4a196938063c
final_bank,8WUU_B,data/cache/v4_final_native_blind/8WUU_B/refined_banks.npz,63058,808acbd675549aa2beef7f44730e92e020925953a6e6b479b711d16c3f2c8b4c
final_bank,8WUU_B,data/cache/v4_final_native_blind/8WUU_B/tbm_banks.json,498,d4e7f0540371bbf60800ef564354b1616f2f20b56590d78c281f74766cb45605
final_bank,8WUU_B,data/cache/v4_final_native_blind/8WUU_B/tbm_banks.npz,12873,0c881e678c3f268a0dffe6d32ac51fa55854a8f2adbf26a08cb0437be23ffed7
final_bank,8WUV_B,data/cache/v4_final_native_blind/8WUV_B/raw_banks.npz,29485,fb80249027b1a004610a49b0039c184332af35bf4f6267ec97ec8c6357f50033
final_bank,8WUV_B,data/cache/v4_final_native_blind/8WUV_B/refined_banks.npz,77269,5217994030b87084a602c48b17533d0a1f8d2ae7a8956ffc20c156d4a113ebaf
final_bank,8WUV_B,data/cache/v4_final_native_blind/8WUV_B/tbm_banks.json,498,00fead55ea1017af6f253630ca7c7f4eddaa1ec9251b01cd5eb0d1b36e012e02
final_bank,8WUV_B,data/cache/v4_final_native_blind/8WUV_B/tbm_banks.npz,15768,da0a186e350a2ce5ff23107a2380b31902719bc034442481fb60d081d5dc770c
final_bank,8X5V_B,data/cache/v4_final_native_blind/8X5V_B/raw_banks.npz,24313,a0699e4915374bbc5cbf1470093ca258c964649a6c1af4ecaa56e6d599872354
final_bank,8X5V_B,data/cache/v4_final_native_blind/8X5V_B/refined_banks.npz,62523,2b8118729b4745f84546a88c2615d60cf487546845290cb97214c40afaf68d6f
final_bank,8X5V_B,data/cache/v4_final_native_blind/8X5V_B/tbm_banks.json,498,9ac579a01c98dea81bc7e35174714ddaa31d81be906f44c41ed20525d7ac288b
final_bank,8X5V_B,data/cache/v4_final_native_blind/8X5V_B/tbm_banks.npz,13025,18571cbfe346ed05c4edb5deaae78b83cf8ca285d2c7ae73766c69fbf3d9a822
final_bank,8XAK_B,data/cache/v4_final_native_blind/8XAK_B/raw_banks.npz,9559,cad7d5219c2970fc69868f00738cda5649a9902b98231978d70244c57f0593c9
final_bank,8XAK_B,data/cache/v4_final_native_blind/8XAK_B/refined_banks.npz,20914,f340db38616c81f32454332617b107dd6a5eb532286683371ce5395e1a46790b
final_bank,8XAK_B,data/cache/v4_final_native_blind/8XAK_B/tbm_banks.json,498,a3fd1bbe9759519b31628db7adf7cc3bbb783b65c13a99421f322a251adc0b7b
final_bank,8XAK_B,data/cache/v4_final_native_blind/8XAK_B/tbm_banks.npz,4883,7c836cdb15ba0232cad38fa42e26ea8f3eb7dcbea24eeb9f70a7581be30aa319
final_bank,8XCA_B,data/cache/v4_final_native_blind/8XCA_B/raw_banks.npz,14650,c5a79e11c658910a78a3e99fcebce2cc805e60657ccec9d7b1cc24415dae43dd
final_bank,8XCA_B,data/cache/v4_final_native_blind/8XCA_B/refined_banks.npz,35098,9ea4470e98787abf4c28ee9783056a85a6224c82d728940a6b03c472f892732b
final_bank,8XCA_B,data/cache/v4_final_native_blind/8XCA_B/tbm_banks.json,498,c2bfcbb337ce69785f7ff8db9f5781f193b398d7a802f94d25ad5acb93ee06c6
final_bank,8XCA_B,data/cache/v4_final_native_blind/8XCA_B/tbm_banks.npz,7641,86650152f745688188ef5cc7062939011033ee274db7e3ee90224dd2a76ee44e
final_bank,8XTP_A,data/cache/v4_final_native_blind/8XTP_A/raw_banks.npz,28453,341e6da9f1d71e7bf2428395e727c6a5f08c97d3dca526d315d423359cbd4229
final_bank,8XTP_A,data/cache/v4_final_native_blind/8XTP_A/refined_banks.npz,74594,6a51e34b73f0007986ead9deb5a2b7c31ac34089ab2990d6f32a85ee284aba88
final_bank,8XTP_A,data/cache/v4_final_native_blind/8XTP_A/tbm_banks.json,498,a0555070fa83855b43e36e9f942d0b2579b25b80fd9bf7ebe52bf47a46d6c837
final_bank,8XTP_A,data/cache/v4_final_native_blind/8XTP_A/tbm_banks.npz,15158,5b5629df50c22e43e697cb1bfdffd770e48d9b6be5ebbb51875462df448eaa26
final_bank,8XTR_A,data/cache/v4_final_native_blind/8XTR_A/raw_banks.npz,30861,b73acde4c80593dd91719681a23a6274b4648f175a92c53f4d5858e06388e344
final_bank,8XTR_A,data/cache/v4_final_native_blind/8XTR_A/refined_banks.npz,81742,7190029097b7e92f7ad93f28742595b38ad0baebd545e87dc2e850a2a1f0d393
final_bank,8XTR_A,data/cache/v4_final_native_blind/8XTR_A/tbm_banks.json,506,ba8b08606805b186c46d8524ea320497de6da37e00b492ed8cbcd22b6f459019
final_bank,8XTR_A,data/cache/v4_final_native_blind/8XTR_A/tbm_banks.npz,16588,d360b4e7b3c74914bc2bcc108c337eafa40f8eac147f9139678d48d7c617e13b
final_bank,8YDC_A,data/cache/v4_final_native_blind/8YDC_A/raw_banks.npz,14397,840a32b0c739eedcc1492bceb89efb42a66e48f8727ff54fac991d552f1ecaf1
final_bank,8YDC_A,data/cache/v4_final_native_blind/8YDC_A/refined_banks.npz,34531,2218548aadfdb619f03ae1fbd14897bd7f864b4ebc55ba25c0d1dc2dc22d1c9d
final_bank,8YDC_A,data/cache/v4_final_native_blind/8YDC_A/tbm_banks.json,498,01ca2a48be464c4f173c2d483c3eb09fc52c3b862039a22b1803edd5c6bf7c65
final_bank,8YDC_A,data/cache/v4_final_native_blind/8YDC_A/tbm_banks.npz,7531,cf73f34d32488870ba3faf14fb7a31122eb72334b35f34fcfb52e11f3660a009
final_bank,8YGJ_B,data/cache/v4_final_native_blind/8YGJ_B/raw_banks.npz,29465,7af7033af814e2f457253c6a6a7207f44d4b40fdea37e9c44b3173ece8034c60
final_bank,8YGJ_B,data/cache/v4_final_native_blind/8YGJ_B/refined_banks.npz,77058,42c19c444059ab9d9e2d2dab8bbc5e5f475806839d5d663963aca742d129df52
final_bank,8YGJ_B,data/cache/v4_final_native_blind/8YGJ_B/tbm_banks.json,498,4b9c2cc0180d6734c670866d9be47a3c8681630b834d29a5ecd8159b87918b06
final_bank,8YGJ_B,data/cache/v4_final_native_blind/8YGJ_B/tbm_banks.npz,15724,a90714e815acccc46068f377878d2363fcb6d04a545dc2eedde49b7bc09af263
final_bank,8YHA_C,data/cache/v4_final_native_blind/8YHA_C/raw_banks.npz,14386,b117c5a8e66d2c593b1ae43b7f3bc19efe780ee493f366720742c153b9fabb98
final_bank,8YHA_C,data/cache/v4_final_native_blind/8YHA_C/refined_banks.npz,35684,117a2b07945b13538fb061efcc4e14a2c64194b61c57f3f2a79843f8c238aeda
final_bank,8YHA_C,data/cache/v4_final_native_blind/8YHA_C/tbm_banks.json,498,b1b859146e380daae4747354840b02e832423495cedd8437a3380ad07ccf22a3
final_bank,8YHA_C,data/cache/v4_final_native_blind/8YHA_C/tbm_banks.npz,7375,c1a4058e5da628b5d621d2c1d68fac1621af92672cb4e5e86111ee7b39de909c
final_bank,8YII_C,data/cache/v4_final_native_blind/8YII_C/raw_banks.npz,22622,1a704a4281e828c94a8e29c26bf390f34c4734e01049a71d7e393db1f05b6cda
final_bank,8YII_C,data/cache/v4_final_native_blind/8YII_C/refined_banks.npz,59344,536e7078d18618338b4b04b9ed041618ff80eab876c5ab1266f7fd0c8d7deb92
final_bank,8YII_C,data/cache/v4_final_native_blind/8YII_C/tbm_banks.json,498,02a20c68999369502088c70d0c90c24be08d2bfe04e18b3b96c43d4eb4ed772b
final_bank,8YII_C,data/cache/v4_final_native_blind/8YII_C/tbm_banks.npz,12095,f81d7e4585658f2cfcdd173a590b4fa8884bab781df4a2eb7a78801b7a706e2d
final_bank,8ZAU_A,data/cache/v4_final_native_blind/8ZAU_A/raw_banks.npz,16629,2cc2f19abb59ebb10b9081ab306aef106b1e2e8135b7dddb5c0857247baca5d9
final_bank,8ZAU_A,data/cache/v4_final_native_blind/8ZAU_A/refined_banks.npz,40901,477ac9faa659fb7a8548d4cd3ec3885e3144227613e639d374bdb8865336562e
final_bank,8ZAU_A,data/cache/v4_final_native_blind/8ZAU_A/tbm_banks.json,498,bf7323684653838ca50b6efb92eb2b2e647a48ec20bacbce2ba15fbedbd7e8be
final_bank,8ZAU_A,data/cache/v4_final_native_blind/8ZAU_A/tbm_banks.npz,8830,c0536b2510230f3f8c24fdbf130c13ced3aa72ac4572b5933976da09d8020443
final_bank,8ZDR_A,data/cache/v4_final_native_blind/8ZDR_A/raw_banks.npz,33447,70b9bf8c9e33ad0eea259a034552d87f76898aa967f688be4dbd5ac745118e27
final_bank,8ZDR_A,data/cache/v4_final_native_blind/8ZDR_A/refined_banks.npz,88511,9b368f42280baed7e0de3f06a605807e81eb8381c0f4387fa7d9727b10f77b10
final_bank,8ZDR_A,data/cache/v4_final_native_blind/8ZDR_A/tbm_banks.json,498,fb737f2583ee0e58a2fe882d1efda3a3bf34375d46c60f9416f29532c7c2ad86
final_bank,8ZDR_A,data/cache/v4_final_native_blind/8ZDR_A/tbm_banks.npz,17922,24192a55437672471e8a17a69b08a9473c6bb16d274cc3e75c4a1bfd625f6ba2
final_bank,9AR4_B,data/cache/v4_final_native_blind/9AR4_B/raw_banks.npz,31927,3732aeaab7d0fe1f6a1d30f76e24ab126312e390da862a699c078dd9c627ec8a
final_bank,9AR4_B,data/cache/v4_final_native_blind/9AR4_B/refined_banks.npz,83218,aa06318e02df879d284d51fb37824023cadee3a6ad33e5ea20ee3bb9edc694b0
final_bank,9AR4_B,data/cache/v4_final_native_blind/9AR4_B/tbm_banks.json,498,6ab7df5e674bea9a4bb2489df08e5914403575338740853824a659e8c7e66332
final_bank,9AR4_B,data/cache/v4_final_native_blind/9AR4_B/tbm_banks.npz,17111,47b41355c2156a63bcce48d8ffc136f40e3e3ca9dc6376fecbbc06b06cd1346b
final_bank,9AR6_B,data/cache/v4_final_native_blind/9AR6_B/raw_banks.npz,31474,15bb58cd01b00e687921f1102e5f1bc8a67a295f45b622a8d964eae2d9b2b4e1
final_bank,9AR6_B,data/cache/v4_final_native_blind/9AR6_B/refined_banks.npz,82848,58b91cc61a36905f016fda44cd91f363a9e86ded9dcb0eafa655569d79b910aa
final_bank,9AR6_B,data/cache/v4_final_native_blind/9AR6_B/tbm_banks.json,498,5d9ef28873aa0ae419c545c41bf1af480f7699b9e3e84969a8467269ae7aa8f9
final_bank,9AR6_B,data/cache/v4_final_native_blind/9AR6_B/tbm_banks.npz,16947,adda94d2f30ee830dd7d7cf7b516aeb2c7211063ef21ff7c170682b1a183c274
final_bank,9AR7_B,data/cache/v4_final_native_blind/9AR7_B/raw_banks.npz,25943,66e05a1e2c5e5bef75fdd3dc3925f3b66f95748839af6be83af2084cd91c7398
final_bank,9AR7_B,data/cache/v4_final_native_blind/9AR7_B/refined_banks.npz,66952,f0f6b29a4b830d0ec1e6275832787504785032138ea1cfa38951d99053b51938
final_bank,9AR7_B,data/cache/v4_final_native_blind/9AR7_B/tbm_banks.json,498,5c71682155573e2154bb7e97996486fecabe578ee5997d2f49e3249e1cc35152
final_bank,9AR7_B,data/cache/v4_final_native_blind/9AR7_B/tbm_banks.npz,13776,dd662f3e72f14b669680ae52d5192c6dc5c0dce58d0858a8b6e87df79a2cb93e
final_bank,9ASP_E,data/cache/v4_final_native_blind/9ASP_E/raw_banks.npz,25973,4643b2f8284f234ae2247a751d9ed68ac8a1b4bf95d7a9817eefa5f7d103633c
final_bank,9ASP_E,data/cache/v4_final_native_blind/9ASP_E/refined_banks.npz,67930,fc424d0b37097ca1f7ae43966ca6e26e48b6b08a321df35f012b6ff6f004d75e
final_bank,9ASP_E,data/cache/v4_final_native_blind/9ASP_E/tbm_banks.json,498,d3463a431d60a5abb5671b2f8f43670af2102d427a037e6a56d620dfb4865bee
final_bank,9ASP_E,data/cache/v4_final_native_blind/9ASP_E/tbm_banks.npz,13940,5fa9127ce3bdd1508cfb6ea415a9bbf4228374c389bbf4c6affcc9112c46b832
final_bank,9B1Y_4,data/cache/v4_final_native_blind/9B1Y_4/raw_banks.npz,18563,2507affd89771bfdf94253136514eab43af0d715560a23fd02dc191b99dbfdf2
final_bank,9B1Y_4,data/cache/v4_final_native_blind/9B1Y_4/refined_banks.npz,47095,1dfe5178252f66bb83ba2d1d0cbbd036ad8b58c18bfae13b15d9b4887166649b
final_bank,9B1Y_4,data/cache/v4_final_native_blind/9B1Y_4/tbm_banks.json,498,13ae60891def2eafb01c36eac0a7c495ab739e16140012969c476f0260606d1b
final_bank,9B1Y_4,data/cache/v4_final_native_blind/9B1Y_4/tbm_banks.npz,9897,29805d348053b34265efbbc95ee3da2753635776b3714cc8378295e5d59a0fa3
final_bank,9B89_C,data/cache/v4_final_native_blind/9B89_C/raw_banks.npz,9809,99a82f999c60996054dc7b367cf1bb16cac6b84b90ad0324478d94cc0b915035
final_bank,9B89_C,data/cache/v4_final_native_blind/9B89_C/refined_banks.npz,21594,340aac16b1c85dd283ca240137671b242b8d4055a743b86e387d27fd0f6ec1f0
final_bank,9B89_C,data/cache/v4_final_native_blind/9B89_C/tbm_banks.json,498,2183d8bee2cb9d38b09ea0c470457e57937def282db97b9bfb93ea727a64dab2
final_bank,9B89_C,data/cache/v4_final_native_blind/9B89_C/tbm_banks.npz,5050,e0e6886888bb5ec754d4a385b2aeefe23405a5c8f1dbbd277c5eb950222d0107
final_bank,9BCI_A,data/cache/v4_final_native_blind/9BCI_A/raw_banks.npz,12791,e95c2971493f119b43ec2cc5f18ea1fdcc0ffd96d4a54e48dcfeaf4b6ec38bdd
final_bank,9BCI_A,data/cache/v4_final_native_blind/9BCI_A/refined_banks.npz,30317,8a4c510555cd62c6f6a4b057a94ab85ceb72423164a4f3065aaeea48638571eb
final_bank,9BCI_A,data/cache/v4_final_native_blind/9BCI_A/tbm_banks.json,498,8d1566a16c2ad735b7ec0793646cc5d27b2dbe83a161c6d76fa02c491c4de106
final_bank,9BCI_A,data/cache/v4_final_native_blind/9BCI_A/tbm_banks.npz,6714,2f4e41cdea2b7a14ba87a7bf8f1e829c069a08f283c4f0d666ee172aeac8043c
final_bank,9C0J_R,data/cache/v4_final_native_blind/9C0J_R/raw_banks.npz,32766,57003f0401aac396b6ada13a91b31636ffe1b3f5e4dcef7a9efa7496f312ceb8
final_bank,9C0J_R,data/cache/v4_final_native_blind/9C0J_R/refined_banks.npz,86769,a3b18ee9af3c39c17a80098f86e19c0d12e7acbd958d6ff574505a98cee6f30e
final_bank,9C0J_R,data/cache/v4_final_native_blind/9C0J_R/tbm_banks.json,500,194a87ad3ea17f262391d33734a310d1f1201ab3441d26bbc5aba693458ef28f
final_bank,9C0J_R,data/cache/v4_final_native_blind/9C0J_R/tbm_banks.npz,17567,8105a9b8580d7804a046a94c21298551c413671d7692e8d4f6be793121ae90d4
final_bank,9C3H_S4,data/cache/v4_final_native_blind/9C3H_S4/raw_banks.npz,17725,ecb1a011178fcd5d6e2a5c274a03fe7f5135e6ce94d736b59daab320fdb8eccc
final_bank,9C3H_S4,data/cache/v4_final_native_blind/9C3H_S4/refined_banks.npz,43962,0a86c959b2bd191f1880e0163ad99f459b5c48ad4e940fb0418e63602d736f26
final_bank,9C3H_S4,data/cache/v4_final_native_blind/9C3H_S4/tbm_banks.json,499,f1ec21d64d63f4beb560de90b6d6898b10b9d8c90e5988f91985895b5ae7760d
final_bank,9C3H_S4,data/cache/v4_final_native_blind/9C3H_S4/tbm_banks.npz,9388,4aba89a4b4030a2a78ce5757dc82c3219181fa3275f1c49cc2246c0a99add29e
final_bank,9CAI_A7,data/cache/v4_final_native_blind/9CAI_A7/raw_banks.npz,25529,f771352990b25928001342c99568da7d937f38db4fec7778f5d6cbfdd69360b5
final_bank,9CAI_A7,data/cache/v4_final_native_blind/9CAI_A7/refined_banks.npz,67307,ac3e05bb3dd37bb82862bee09f2ab4a208b4f070e8a017896286a69fe5405c8b
final_bank,9CAI_A7,data/cache/v4_final_native_blind/9CAI_A7/tbm_banks.json,517,30cbc7497d70144c23b81483138b027e5669cf64794a146df7d2b4af4849c282
final_bank,9CAI_A7,data/cache/v4_final_native_blind/9CAI_A7/tbm_banks.npz,13525,7c642cbf561b47875f57c1bb33f1f51bfd97cce99d63bcce408750c0fae8ba24
final_bank,9CAI_A8,data/cache/v4_final_native_blind/9CAI_A8/raw_banks.npz,30882,f8f3ce7b2f989cd36bd47594a31e48de619b81159c6c952b1e4fe5194a32fb83
final_bank,9CAI_A8,data/cache/v4_final_native_blind/9CAI_A8/refined_banks.npz,82115,71f3a63f8a773be69db5d77d1efeebb914013d377d01016aba7505ff73bf741b
final_bank,9CAI_A8,data/cache/v4_final_native_blind/9CAI_A8/tbm_banks.json,506,5905957c4c6ff01399abf71f2f69287247613e390f5c6d5b831de77938296530
final_bank,9CAI_A8,data/cache/v4_final_native_blind/9CAI_A8/tbm_banks.npz,16153,2571530a4ef986b52c85adeab344fd64d4602242b1faf4ed928ddbc5a7e5e70f
final_bank,9DTR_2,data/cache/v4_final_native_blind/9DTR_2/raw_banks.npz,25130,3266b6eee09954ef260e4c2d4add1d397a1632e6daf672fc0a810d7ec1603562
final_bank,9DTR_2,data/cache/v4_final_native_blind/9DTR_2/refined_banks.npz,67763,3c2ad1b79f9eef8c7eb0576d56ab3fb1b21756dbbca4762a40305cad9b86624a
final_bank,9DTR_2,data/cache/v4_final_native_blind/9DTR_2/tbm_banks.json,498,bac94122761915867ea7e37bb42fa05e0d1ee22ad44db642bfeaa27d9bb0f96d
final_bank,9DTR_2,data/cache/v4_final_native_blind/9DTR_2/tbm_banks.npz,12808,80267547da11f5033e5f61846b29d021646cda48226d6153a08bb6ddba07163f
final_bank,9DTR_I,data/cache/v4_final_native_blind/9DTR_I/raw_banks.npz,12254,0452b3257ad2f5777d5ebc16754b69a57bd787e997543b819d2e68fbf5dd20bf
final_bank,9DTR_I,data/cache/v4_final_native_blind/9DTR_I/refined_banks.npz,28400,e9f7616bd34563ab56a5d3cb50ca1c251aed8c10fd8c2ee484151c15576b8260
final_bank,9DTR_I,data/cache/v4_final_native_blind/9DTR_I/tbm_banks.json,498,36bb030fac46830bcaba5beae31d5cda5590e1b9a6616d70de3ace68b98af413
final_bank,9DTR_I,data/cache/v4_final_native_blind/9DTR_I/tbm_banks.npz,6285,a9395429ae35100edf2ce17fdf51dfa2152cc0e6e9c97750b1efa69f3fddd120
final_bank,9DXL_A,data/cache/v4_final_native_blind/9DXL_A/raw_banks.npz,12317,cbf56c6a88e34f6e60c426640b8a95d2a078b5440b2fb30afaa8bd0ed02be021
final_bank,9DXL_A,data/cache/v4_final_native_blind/9DXL_A/refined_banks.npz,28750,04779f7c72b36b6201c86743212b5b9d8c21daef8929d2c7f82451d8441bd895
final_bank,9DXL_A,data/cache/v4_final_native_blind/9DXL_A/tbm_banks.json,498,55fb45e7c3a6cc2224af16b90f51f35d5f3e3930c53abd2dc433fda3c89eaa29
final_bank,9DXL_A,data/cache/v4_final_native_blind/9DXL_A/tbm_banks.npz,6407,6db5b32797f3d6997bbd7312f037fae0b9468cce2271ed26ff2d02252dfbef5c
final_bank,9E2W_F,data/cache/v4_final_native_blind/9E2W_F/raw_banks.npz,12526,88c33cbacfa8c6d7e3ed6c4c1c4a83d37e8ea1671e0f7f765af01c29992139cb
final_bank,9E2W_F,data/cache/v4_final_native_blind/9E2W_F/refined_banks.npz,28585,e4a6c14ff2d2738180fa6184b010db29fc04e770b008c185852e9e0727432d58
final_bank,9E2W_F,data/cache/v4_final_native_blind/9E2W_F/tbm_banks.json,498,5d919c82cb05ebeeef5ff5fb10e8b810db68a0805c9fcf88778dc8cb963e5da2
final_bank,9E2W_F,data/cache/v4_final_native_blind/9E2W_F/tbm_banks.npz,6528,bcecda22d142d9c485ef0b30deda76be25ce4c7aa6447640fdc1b6c6d5eb1523
final_bank,9E2Y_F,data/cache/v4_final_native_blind/9E2Y_F/raw_banks.npz,9828,e6f68354c27945bbcacf4bfc3d74efa40cb74524ff0f6d812e59bfbb555cff30
final_bank,9E2Y_F,data/cache/v4_final_native_blind/9E2Y_F/refined_banks.npz,21312,799600c65f48c91531ea3fce3d511b1c445a9c60df1f69ddfc916d2e5578de3c
final_bank,9E2Y_F,data/cache/v4_final_native_blind/9E2Y_F/tbm_banks.json,498,9ae72e3f090f2e2ddebfda7c3cf3d4904ddcbd84cf863d219210e153278f11f5
final_bank,9E2Y_F,data/cache/v4_final_native_blind/9E2Y_F/tbm_banks.npz,5041,e17e6812eb0bef700ec8ee52b9d3fb3255604e1d01227c877a8eb63ad71539b6
final_bank,9E71_2,data/cache/v4_final_native_blind/9E71_2/raw_banks.npz,27644,381392a548c644ad71a9d33ec73007faa04f765136c1164ca8f0cbd3229683ff
final_bank,9E71_2,data/cache/v4_final_native_blind/9E71_2/refined_banks.npz,72810,13022995c6f96fe61cf3607c94710a71d07b647998214ca029b8837c5759596d
final_bank,9E71_2,data/cache/v4_final_native_blind/9E71_2/tbm_banks.json,517,35ee9a59185ef57dc00156f9406cbdcfb6105f6288f2e3fd1c03b563f0c2b9f4
final_bank,9E71_2,data/cache/v4_final_native_blind/9E71_2/tbm_banks.npz,14811,9c297716ee7ce1e9ad5c7161e2fc428715e47fbdb3f33a8ab4b31b85cd60ac19
final_bank,9FI8_bN,data/cache/v4_final_native_blind/9FI8_bN/raw_banks.npz,14322,fcb252ace3a1e6a7bc6bfda714f2af7069254df5402b47fbd9ab8aca761f4c91
final_bank,9FI8_bN,data/cache/v4_final_native_blind/9FI8_bN/refined_banks.npz,33943,d459ec78f768fbc63b15ce0aee100b5913983d5d025054e4495307dc0dd5a590
final_bank,9FI8_bN,data/cache/v4_final_native_blind/9FI8_bN/tbm_banks.json,504,bd7e29619fb7093f90bf175118b4334f1ef35a8782ca0559e06baa0d121c01b2
final_bank,9FI8_bN,data/cache/v4_final_native_blind/9FI8_bN/tbm_banks.npz,7444,1f964271a069c2e6de6645630ce80caeaa5b19bf0efec057b2fa0b975cb3e936
final_bank,9FI8_hG,data/cache/v4_final_native_blind/9FI8_hG/raw_banks.npz,16093,9122c9f0554a4034f4f7fb4514954d7ae52db7f34589d2b8f3a3a141ee473bde
final_bank,9FI8_hG,data/cache/v4_final_native_blind/9FI8_hG/refined_banks.npz,39573,d8f5686e15566e850aa56c3aa7a602602b4451200f13ddd91acb9096fd249d13
final_bank,9FI8_hG,data/cache/v4_final_native_blind/9FI8_hG/tbm_banks.json,499,999cfc7392ef5be7a9621d71d920a835729d5f391b395f1d72ec8da5764cd5dc
final_bank,9FI8_hG,data/cache/v4_final_native_blind/9FI8_hG/tbm_banks.npz,8495,2faf5ae4b8c6d7cbb8bfbba864fa68b78f23c5e88e51452ce701e5d5616fe021
final_bank,9FIA_bE,data/cache/v4_final_native_blind/9FIA_bE/raw_banks.npz,24018,82a273d6680ac0e0173e8b9021d69b63ca7f8453e2be0eae9bd329713c6973f4
final_bank,9FIA_bE,data/cache/v4_final_native_blind/9FIA_bE/refined_banks.npz,60949,07b084094ae776824cdb1559250c6a34c3a6c7d0b3f7b7e2117a191ab3d1ea27
final_bank,9FIA_bE,data/cache/v4_final_native_blind/9FIA_bE/tbm_banks.json,501,dab7caf1d10962d3a68bf470f4c9232820bf5d307a1459ccd00267780e56a2d5
final_bank,9FIA_bE,data/cache/v4_final_native_blind/9FIA_bE/tbm_banks.npz,12847,69822ca3a744bbe123a0f9207b45c7046e8c153569fa574901e9704a36cae466
final_bank,9FIA_bL,data/cache/v4_final_native_blind/9FIA_bL/raw_banks.npz,12578,1cfa707f87e1bb54756d81500d1e85afc29c5eaf753fca4ddd0b4e6dec9b381b
final_bank,9FIA_bL,data/cache/v4_final_native_blind/9FIA_bL/refined_banks.npz,29098,1415436cb6da886a0003bffbccaad5a5571cad822f242d0e421e74139c4df05c
final_bank,9FIA_bL,data/cache/v4_final_native_blind/9FIA_bL/tbm_banks.json,500,0e7f7a77992b002141fcc65f3d0d7b7d3e4dd2137c25510b55ac2cf6b0dd19f3
final_bank,9FIA_bL,data/cache/v4_final_native_blind/9FIA_bL/tbm_banks.npz,6549,df2be07cf061b829c829acdb7b51f587e64d3046572c2a6b7f4fede265b764e6
final_bank,9FIA_bO,data/cache/v4_final_native_blind/9FIA_bO/raw_banks.npz,24703,a85f8833f435171da88d1151b22babd0a6640335e673fe5d5ac95e82a972fc8b
final_bank,9FIA_bO,data/cache/v4_final_native_blind/9FIA_bO/refined_banks.npz,64110,911c7434d1d61e552145dad6e768da69148f9f5d51ef89bf80c4acfc900fddbd
final_bank,9FIA_bO,data/cache/v4_final_native_blind/9FIA_bO/tbm_banks.json,503,6a720dc1244287110193e7987a8a0bd3cde3253e892b8287f512e7aa29bed820
final_bank,9FIA_bO,data/cache/v4_final_native_blind/9FIA_bO/tbm_banks.npz,13112,8807d7709cd8f6a85b6cd6cfca7023b7c8cc8147b0b929ca86c5d56041ca5a4b
final_bank,9FIA_bT,data/cache/v4_final_native_blind/9FIA_bT/raw_banks.npz,14307,0bb92407a01f87ca873e11a9bbf00ec3d52dd06170288dbf902cde2e96b97115
final_bank,9FIA_bT,data/cache/v4_final_native_blind/9FIA_bT/refined_banks.npz,34184,1183f65be394ca4e74473155ed4f774b476b54a6706d9332151cc03f004be327
final_bank,9FIA_bT,data/cache/v4_final_native_blind/9FIA_bT/tbm_banks.json,500,8fa7b7118ceff144ef2e953a51ae341e1443ebf674ad7266ecdad62125b51e79
final_bank,9FIA_bT,data/cache/v4_final_native_blind/9FIA_bT/tbm_banks.npz,7375,6edabf45247e49abacfe4efb34daad8c4744dc45405a4e480c59813d0c4f7a30
final_bank,9FIA_bU,data/cache/v4_final_native_blind/9FIA_bU/raw_banks.npz,9024,08883ed76c31e972040405535d7e23732bbf119c09e179d1d42344cca2552ddc
final_bank,9FIA_bU,data/cache/v4_final_native_blind/9FIA_bU/refined_banks.npz,19313,89af3f88c9ea7209b1c12f318ebd7e5858ad24de740471c6e610d62cae0dbac8
final_bank,9FIA_bU,data/cache/v4_final_native_blind/9FIA_bU/tbm_banks.json,500,26815cfecc12cda5d8d6c3f275ffab73a90a8a1d346a04856a20e5247fdeec0a
final_bank,9FIA_bU,data/cache/v4_final_native_blind/9FIA_bU/tbm_banks.npz,4602,be62ca30fc278e76e5b25e9c3ed863e7e722233fdd1ae5e26f9a656491389346
final_bank,9FO9_A,data/cache/v4_final_native_blind/9FO9_A/raw_banks.npz,9568,49279390b804069c63f05dc5120f52466c39b30b036c27b8ae8038e60d62426c
final_bank,9FO9_A,data/cache/v4_final_native_blind/9FO9_A/refined_banks.npz,21042,630acfd20695ded0f22379a4ff59c6182e17e7cb7e9a11e26d4bee833b91c653
final_bank,9FO9_A,data/cache/v4_final_native_blind/9FO9_A/tbm_banks.json,498,edb353c503e6bca357b82b12a2b59e268ccd5a5caff51c90b6ffebefa1516c82
final_bank,9FO9_A,data/cache/v4_final_native_blind/9FO9_A/tbm_banks.npz,4951,b73197c5ca5407b3a989bce291c80e30da08c5fee781598d477b4008dc3dca2b
final_bank,9FPZ_1,data/cache/v4_final_native_blind/9FPZ_1/raw_banks.npz,58490,8bdd3154864e9533d4d67c3af1428b0a999d3a3cfa03f95e81b9554307280e38
final_bank,9FPZ_1,data/cache/v4_final_native_blind/9FPZ_1/refined_banks.npz,161662,5f27737126c8ac6b7a486109e6ed01ba894336d9b2bde8e4a0326e0565071219
final_bank,9FPZ_1,data/cache/v4_final_native_blind/9FPZ_1/tbm_banks.json,499,152d5974d80e8338c3ed06a62fbc9b770ae90e9601e403be0e4f98bed422f709
final_bank,9FPZ_1,data/cache/v4_final_native_blind/9FPZ_1/tbm_banks.npz,31310,0c30051a9b94d622c9d7c8936831327a215dc8f2a3fd6640b77eec78be436326
final_bank,9FQ0_1,data/cache/v4_final_native_blind/9FQ0_1/raw_banks.npz,57962,1823ee353329f6b0625f892b1d78f421f97567ff31ee571a3c8786cc0f2cf86d
final_bank,9FQ0_1,data/cache/v4_final_native_blind/9FQ0_1/refined_banks.npz,159568,8e27a7258a6c3cd0f717115f8302febc2f5b7a5f3a4f233ea5621635a60a0bcf
final_bank,9FQ0_1,data/cache/v4_final_native_blind/9FQ0_1/tbm_banks.json,500,c3164c45e34ee1b8e5f65a64b4771889bb30d25bc32443b0e81a84b09522cdea
final_bank,9FQ0_1,data/cache/v4_final_native_blind/9FQ0_1/tbm_banks.npz,30795,66a81bb38de218caade879f3f608a81da88f123d23f5cc32baa27474229555f4
final_bank,9G6K_l2,data/cache/v4_final_native_blind/9G6K_l2/raw_banks.npz,8447,c9ab45a96092471f2857e29517401a65df87ce825cd153678b0fefae731e31f2
final_bank,9G6K_l2,data/cache/v4_final_native_blind/9G6K_l2/refined_banks.npz,17965,91b8fc1125abae0497b350ca14c870d01ef1eb9edbc2772cf7e5db7c8a681cfa
final_bank,9G6K_l2,data/cache/v4_final_native_blind/9G6K_l2/tbm_banks.json,499,e4d4a190be111f42a5036a6340de6dd504652d6e3884e1d644e8a838e8ea7e6e
final_bank,9G6K_l2,data/cache/v4_final_native_blind/9G6K_l2/tbm_banks.npz,4344,6263953b8543af946ffd93d17d7ad35626de9af48965602a885368539d44e2f6
final_bank,9G6K_l4,data/cache/v4_final_native_blind/9G6K_l4/raw_banks.npz,20764,448bf0d06a692336b585cb93da02d596416c4c605d99a73df82a5128ee1d2c61
final_bank,9G6K_l4,data/cache/v4_final_native_blind/9G6K_l4/refined_banks.npz,52260,56fd76712fff37b2cd5f5a88ce2baa01c33cc662cf7336ff3e45a157d05c9e73
final_bank,9G6K_l4,data/cache/v4_final_native_blind/9G6K_l4/tbm_banks.json,502,c8add6e7b5a871cb750e5b2b1ca6bafc79111f6696be5832011ecfba23244983
final_bank,9G6K_l4,data/cache/v4_final_native_blind/9G6K_l4/tbm_banks.npz,10841,d693cd96c966c1d8ae28b72318c6969f4290fae2013404ef8442a6c7de685bee
final_bank,9G6K_l6,data/cache/v4_final_native_blind/9G6K_l6/raw_banks.npz,12933,340a4a6511b1da4dd8084bf2b72152c4e545ad98d275632255d72efdcceef099
final_bank,9G6K_l6,data/cache/v4_final_native_blind/9G6K_l6/refined_banks.npz,30153,013688d7f735233a600e58ee3686f1fd2d998fe190687a18b85bc145fadd9f4f
final_bank,9G6K_l6,data/cache/v4_final_native_blind/9G6K_l6/tbm_banks.json,500,003b8e5d249f5eaf86a13583248affaf9ba6dea31c10f1a50ff0cade5be60b53
final_bank,9G6K_l6,data/cache/v4_final_native_blind/9G6K_l6/tbm_banks.npz,6782,4a5a60f657c95599dfbba253b2250b8c982d99424eaf8f95c64efdca2f62d2e8
final_bank,9G6K_l7,data/cache/v4_final_native_blind/9G6K_l7/raw_banks.npz,15928,9e8d1ba4a643132971c8d695c39224446307b71c1f202ef8cf751f46a3c29faf
final_bank,9G6K_l7,data/cache/v4_final_native_blind/9G6K_l7/refined_banks.npz,38315,5d5e69a92d786d4354012b2458b2ebd880c5af1de9d10dda7966b7aa5bf039ed
final_bank,9G6K_l7,data/cache/v4_final_native_blind/9G6K_l7/tbm_banks.json,502,995bba383e9b66fee1a36319e83e1d1c215944d0e3b3819fb5a4c65710f5aec8
final_bank,9G6K_l7,data/cache/v4_final_native_blind/9G6K_l7/tbm_banks.npz,8137,309769951237df962ca49e95098071ddd8e76da55ee80086744f328f7cad7216
final_bank,9G6K_l8,data/cache/v4_final_native_blind/9G6K_l8/raw_banks.npz,9482,20224a66b143319bf964657e0475fa4f33ee09052d2821f0779903e1afb99b90
final_bank,9G6K_l8,data/cache/v4_final_native_blind/9G6K_l8/refined_banks.npz,20574,65f7e53cbeab12027e2e14fc29e200695fea676a52092ec76e744990bb7581b2
final_bank,9G6K_l8,data/cache/v4_final_native_blind/9G6K_l8/tbm_banks.json,503,9491fd5b42310f9178ab18ebc364698771d1fc6c7c15e5436e6dcc5d493cf627
final_bank,9G6K_l8,data/cache/v4_final_native_blind/9G6K_l8/tbm_banks.npz,4858,519295a01336bf2b9178380dea1b0371a4936d33e8c8462274d1be019c5bfa75
final_bank,9G6K_lF,data/cache/v4_final_native_blind/9G6K_lF/raw_banks.npz,20022,ff7de85d5ffce54217894e97e075b7f886e52519c8c64fd1511be421c3c732c4
final_bank,9G6K_lF,data/cache/v4_final_native_blind/9G6K_lF/refined_banks.npz,49819,8d9708d3d17e83680e934523572f5ce6484582ce500c804dd8f2b63ecff84884
final_bank,9G6K_lF,data/cache/v4_final_native_blind/9G6K_lF/tbm_banks.json,503,15ef373a82fff4a9ed2839fbedfdfd1dcd134e10f7dfcd9cf89a86b9aa720708
final_bank,9G6K_lF,data/cache/v4_final_native_blind/9G6K_lF/tbm_banks.npz,10780,812ab9559618d3fee03a9dfaed8a43a1ef683352c83472299cb0a130dab3380f
final_bank,9G6K_lI,data/cache/v4_final_native_blind/9G6K_lI/raw_banks.npz,12549,99f66827c750b3c0467b2d1ad423d7b40d4cc6046479b9fe5308572be43b24bf
final_bank,9G6K_lI,data/cache/v4_final_native_blind/9G6K_lI/refined_banks.npz,28955,e751413be05030eb3f3457705add5a5bd72c74fef6e2e04ba227696ef9a18877
final_bank,9G6K_lI,data/cache/v4_final_native_blind/9G6K_lI/tbm_banks.json,500,32331578e0bb0e2831250868f1f94bfde201d1d71309f2b1c8abd23207a23deb
final_bank,9G6K_lI,data/cache/v4_final_native_blind/9G6K_lI/tbm_banks.npz,6614,89d4cb6ecd45c3f74e43416796b2c0341c010e67e9d397f31bd46b108d9cd35c
final_bank,9G6K_lJ,data/cache/v4_final_native_blind/9G6K_lJ/raw_banks.npz,54461,f6e58c94fd1ced764156f8528f79a3f39c510874e9a9ff082932c978fc2db7d0
final_bank,9G6K_lJ,data/cache/v4_final_native_blind/9G6K_lJ/refined_banks.npz,149995,795a27c24768b4ba626c0799a61f40a5574ca7868e8bb79a69c18164e6a2ec13
final_bank,9G6K_lJ,data/cache/v4_final_native_blind/9G6K_lJ/tbm_banks.json,505,0d3afeae989fb1e8a6f42201899b35bfd4a51bfab258b369ca4bf99a0924b5a6
final_bank,9G6K_lJ,data/cache/v4_final_native_blind/9G6K_lJ/tbm_banks.npz,29273,1b71a829198c941ec1d2bf1586847cf52d963573a571a72f7c148e2b57180167
final_bank,9G6K_lL,data/cache/v4_final_native_blind/9G6K_lL/raw_banks.npz,20649,1b17d3ebbe84d255a23ac18c87d37d7a1c71c7e3fbcf47862f7044f79fd00aac
final_bank,9G6K_lL,data/cache/v4_final_native_blind/9G6K_lL/refined_banks.npz,52270,9e1582b4d54aafe2206d005c73122eeb79a8d5e2c5bda7757345ac855f58a049
final_bank,9G6K_lL,data/cache/v4_final_native_blind/9G6K_lL/tbm_banks.json,502,6507edcbe3b98d240fbef5d0ea43122df03c85796e5fd46751b64aa23675ba4f
final_bank,9G6K_lL,data/cache/v4_final_native_blind/9G6K_lL/tbm_banks.npz,10958,056d7a5ae83dbe02f012023615cf04b8439c1223253edc95c7dae5726983dc2a
final_bank,9G6K_lM,data/cache/v4_final_native_blind/9G6K_lM/raw_banks.npz,40211,f8bf7326015b2f8249bdc2351630d0883534b9cfc5be5a89e9ce53fa4071fb94
final_bank,9G6K_lM,data/cache/v4_final_native_blind/9G6K_lM/refined_banks.npz,108389,64c9f1cf3460b9e5df4c713030a5a32af4bedbf37eb422298a4cd2c29649e4cc
final_bank,9G6K_lM,data/cache/v4_final_native_blind/9G6K_lM/tbm_banks.json,500,6444b0fdbef072320b640ba778b050994780c419a270c12ae5436c054a5aa100
final_bank,9G6K_lM,data/cache/v4_final_native_blind/9G6K_lM/tbm_banks.npz,21728,c528cb7ea34038159a8188f58fb5e700e960fb8684c78fadde84765831c80260
final_bank,9G6K_lO,data/cache/v4_final_native_blind/9G6K_lO/raw_banks.npz,36143,e0c6bc31b21a8209e7195867c0994c9059575a66b80bb0442538dd5a04c8d127
final_bank,9G6K_lO,data/cache/v4_final_native_blind/9G6K_lO/refined_banks.npz,97500,6bccf74450243773f7467811cda367de0a4c4db07d5d8cc36cce7a463b053e1e
final_bank,9G6K_lO,data/cache/v4_final_native_blind/9G6K_lO/tbm_banks.json,506,f031f2935b48d6b5080f055745ce536f93fd82c013a7c52d0c7be763f6499b33
final_bank,9G6K_lO,data/cache/v4_final_native_blind/9G6K_lO/tbm_banks.npz,19334,94908ef47fea677bee26160cbc6723fc6da0a5184dd5f32c3efb9015253fd7b3
final_bank,9G6K_lX,data/cache/v4_final_native_blind/9G6K_lX/raw_banks.npz,14084,a841b8fe03c6ef4fd9abc7289d84e95dafa8971b66118670b33a08fdb02b0ae9
final_bank,9G6K_lX,data/cache/v4_final_native_blind/9G6K_lX/refined_banks.npz,33244,2e432ea0cad0437d7cacff1f2e63a790d74be07f5b09bb3935907bf1bb1d5c6d
final_bank,9G6K_lX,data/cache/v4_final_native_blind/9G6K_lX/tbm_banks.json,502,200a0eb6de5495be99d5e980417b3d96503f4f13b8b49f707f626ff376b80a2c
final_bank,9G6K_lX,data/cache/v4_final_native_blind/9G6K_lX/tbm_banks.npz,7220,32ef254584154993ebe4a4d495a4472a765d3b8c35ce609323cf61b388303602
final_bank,9G7C_A,data/cache/v4_final_native_blind/9G7C_A/raw_banks.npz,45292,77733138993f39460de7538064b5f66b7082ceb70c9e075318b4ca6d579aba95
final_bank,9G7C_A,data/cache/v4_final_native_blind/9G7C_A/refined_banks.npz,122818,fa6523afef527c96b28b311a27e19e02e05dea6767da3da140061d4776d31410
final_bank,9G7C_A,data/cache/v4_final_native_blind/9G7C_A/tbm_banks.json,503,9725ad5ec09f0f8216f2a2be9f9799e72c5a8f4c8781d752350643aa9bbd153b
final_bank,9G7C_A,data/cache/v4_final_native_blind/9G7C_A/tbm_banks.npz,24304,f0b7884ec415df38130f3a6424bd38b95fc7531378d652d6a603caafe8bad54e
final_bank,9KPO_B,data/cache/v4_final_native_blind/9KPO_B/raw_banks.npz,50000,8e6fedb8ecea17d9eb847d0ba0a55345453250aa1733facc30f6fac380c80f05
final_bank,9KPO_B,data/cache/v4_final_native_blind/9KPO_B/refined_banks.npz,137455,190499ff26f9dd5ba3f614fa6fadbb43024ea87085198a795a32ffe4ef8588c5
final_bank,9KPO_B,data/cache/v4_final_native_blind/9KPO_B/tbm_banks.json,501,7309351032c1e468b3a729f01a9a1eb5a22f4a91bca828e6b0ecfa94a63e91ee
final_bank,9KPO_B,data/cache/v4_final_native_blind/9KPO_B/tbm_banks.npz,26901,b8442965ca75ee43cc3520d29e18c26a78b2fdae1ea12547ebf4b0a73f1c9702
final_bank,9L5S_5,data/cache/v4_final_native_blind/9L5S_5/raw_banks.npz,24622,0cdec822e58f90437c9c152796d4991da2842696b94d32c63bf46b9802bd4fde
final_bank,9L5S_5,data/cache/v4_final_native_blind/9L5S_5/refined_banks.npz,62871,539509a80766b3f348ff9d7dc137a91d8c7acdefd255bfdbddc53c3af9515bb7
final_bank,9L5S_5,data/cache/v4_final_native_blind/9L5S_5/tbm_banks.json,499,05948a058e55715e43a00315299458e1cf9693f2aa841b15c98e70a5f85bee06
final_bank,9L5S_5,data/cache/v4_final_native_blind/9L5S_5/tbm_banks.npz,12972,0a34ca529edbb7cf29277d2b5d9c58dbb3da069855b62306d9e11b09096fafc3
final_bank,9MTY_C,data/cache/v4_final_native_blind/9MTY_C/raw_banks.npz,10169,b6013f2bb4f6ad342819322aad7a6c12e56dd5d5bc532228942250406d95eb1f
final_bank,9MTY_C,data/cache/v4_final_native_blind/9MTY_C/refined_banks.npz,22332,b46003ba9f514a6c0dced678b4482386412fd33bb099007c9473d41ce77e65e9
final_bank,9MTY_C,data/cache/v4_final_native_blind/9MTY_C/tbm_banks.json,499,9b45bd4d353cd758b48dd0f2cd2ebfe239c08db9573eeb03d194efb628bd3718
final_bank,9MTY_C,data/cache/v4_final_native_blind/9MTY_C/tbm_banks.npz,5244,17446c827e93dad3da60dba903fc3540cd750aa2ba4ff98113c4fe5ff036a601
generation_ledger,ALL,data/cache/v4_final_native_blind/raw_generation_manifest.csv,12500,d5c130a65cfa985cceb7164f762078d38bddf409e242af7824a89648a626b665
generation_ledger,ALL,data/cache/v4_final_native_blind/refinement_failures.csv,59683,a912d73de8d16d9293ad02e3a4f6c7d02043f32f5dd79f1c5311e951cb2dc9a5
generation_ledger,ALL,data/cache/v4_final_native_blind/refinement_generation_manifest.csv,15496,6a225115f403957567ebb84078e898149c888255ec3c09d087b02524710ab4d0
generation_ledger,ALL,data/cache/v4_final_native_blind/tbm_generation_manifest.csv,12974,5e3ed21c6cb654bb8e7afc89d71b33591fb9f6dc8b368d8f83bc6b1dd4407db0
