target_id,cluster_id,seq_len,bank,candidate_index,setting,raw_reference_index,raw_candidate_tm,candidate_tm_same_reference,c1_rmsd,c1_lddt,c1_lddt_pair,c1_lddt_pairs,sw_rmsd_9,sw_rmsd_15,clash_per_res,bb_dev,rg_err,sharp_kinks,angle_nll,torsion_nll,pair_like_fraction
8QEQ_R,8QEQ_R,30,J-controlled,0,Raw,0,0.13711,0.13711,31.007312738002263,0.4015647546897547,0.3696581196581197,117,8.45091927479649,15.335987926028693,0.03333333333333333,3.399101202859121,21.330183714627633,0.03571428571428571,1.9615411498255975,0.27868999822606455,0.06666666666666667
8QEQ_R,8QEQ_R,30,J-controlled,0,John-original,0,0.13711,0.13315,30.746642584957442,0.394765812890813,0.36324786324786323,117,8.162452555229075,15.125761922097498,0.03333333333333333,2.470404490808778,21.083397762333885,0.03571428571428571,1.9387248869201277,0.3450250229041727,0.0
8QEQ_R,8QEQ_R,30,J-controlled,0,John-fixed,0,0.13711,0.13035,30.808903225667642,0.39170664983164993,0.358974358974359,117,8.058060858839236,15.054803886261848,0.03333333333333333,2.138048251749406,21.135052531734534,0.03571428571428571,1.8850446975174704,0.34804050219072097,0.0
8QEQ_R,8QEQ_R,30,J-controlled,0,Simple,0,0.13711,0.13204,30.960204822680122,0.4081256012506012,0.37606837606837606,117,8.44363270026927,15.334389434465127,0.03333333333333333,3.337348288411997,21.290479675196277,0.03571428571428571,1.9647686374047983,0.29734101187072026,0.06666666666666667
8QEQ_R,8QEQ_R,30,J-controlled,0,Geometry,0,0.13711,0.13328,30.967801143916994,0.4074642255892256,0.37606837606837606,117,8.448281751766805,15.328176540019028,0.03333333333333333,3.3697975058643723,21.294163129356118,0.03571428571428571,1.360605418903494,0.44903601649923064,0.06666666666666667
8QEQ_R,8QEQ_R,30,J-controlled,1,Raw,0,0.25769,0.25769,16.390087029778712,0.4003406084656084,0.37606837606837606,117,6.246031959084889,10.838874678363432,0.0,1.0868778607051248,0.7498150087840969,0.10714285714285714,0.6978238062902279,0.7904140662562047,0.6
8QEQ_R,8QEQ_R,30,J-controlled,1,John-original,0,0.25769,0.27838,16.418241945956943,0.4043353174603174,0.3803418803418803,117,6.153682221026141,10.730417937187699,0.0,0.9093825763557748,0.8282367860306987,0.10714285714285714,0.6831616911540793,0.8540488564756802,0.6
8QEQ_R,8QEQ_R,30,J-controlled,1,John-fixed,0,0.25769,0.27883,16.435005389403223,0.39406715969215966,0.3696581196581197,117,6.13022552010787,10.700307117555155,0.0,0.8592895337307468,0.852683857609069,0.10714285714285714,0.6905266181325815,0.8728434384282165,0.6
8QEQ_R,8QEQ_R,30,J-controlled,1,Simple,0,0.25769,0.27476,16.408996027436583,0.40850919913419914,0.38675213675213677,117,6.218225285864303,10.81531194718676,0.0,0.8921675191427674,0.721427049298903,0.10714285714285714,0.667368025540668,0.8188238244720487,0.5333333333333333
8QEQ_R,8QEQ_R,30,J-controlled,1,Geometry,0,0.25769,0.26591,16.40108848673259,0.39611471861471864,0.37606837606837606,117,6.2317817125896395,10.827846270935973,0.0,0.9786787963688188,0.7325638959845442,0.10714285714285714,0.577359819174187,0.6791003461862346,0.5333333333333333
8QEQ_R,8QEQ_R,30,J-controlled,2,Raw,0,0.24932,0.24932,29.858466136705374,0.37300925925925926,0.3696581196581197,117,17.539719147234948,23.59356671037566,0.06666666666666667,3.6629695124419803,18.927626898786794,0.07142857142857142,2.2207312895691946,0.408629856326356,0.13333333333333333
8QEQ_R,8QEQ_R,30,J-controlled,2,John-original,0,0.24932,0.13843,28.754618953214933,0.3564679533429534,0.3525641025641026,117,15.869027644229096,21.799698832666685,0.06666666666666667,3.00704499462542,18.353974072006803,0.03571428571428571,2.0775606806117706,0.4979111989920701,0.06666666666666667
8QEQ_R,8QEQ_R,30,J-controlled,2,John-fixed,0,0.24932,0.18419,28.488729647977728,0.34000240500240503,0.32905982905982906,117,15.382034373204588,21.264374947953115,0.1,2.856083848987757,18.260335389332514,0.03571428571428571,2.1590426175479243,0.4613424891226821,0.0
8QEQ_R,8QEQ_R,30,J-controlled,2,Simple,0,0.24932,0.24495,29.79997918701672,0.3792192760942761,0.3717948717948718,117,17.474168487492918,23.53339064299118,0.06666666666666667,3.602757852874498,18.88016876255382,0.07142857142857142,2.219931763498362,0.39772207325850895,0.13333333333333333
8QEQ_R,8QEQ_R,30,J-controlled,2,Geometry,0,0.24932,0.24722,29.819349748877023,0.37962331649831643,0.37606837606837606,117,17.49866033593528,23.55713451501714,0.06666666666666667,3.6144644468144587,18.884842432001836,0.07142857142857142,1.500982789543342,0.5852528137623818,0.13333333333333333
8QEQ_R,8QEQ_R,30,J-controlled,3,Raw,0,0.2103,0.2103,17.720370779548333,0.41834535834535835,0.41239316239316237,117,8.408049408134598,13.049529224141946,0.1,1.8617185307701893,2.95297546125423,0.14285714285714285,1.7424870414411782,0.5465595719567845,0.3333333333333333
8QEQ_R,8QEQ_R,30,J-controlled,3,John-original,0,0.2103,0.17437,17.141914712921633,0.4220794252044252,0.4166666666666667,117,7.897327479496116,12.522739721512442,0.1,1.4326244948504443,2.8147252444532285,0.10714285714285714,1.5551141506944715,0.7006438456870512,0.3333333333333333
8QEQ_R,8QEQ_R,30,J-controlled,3,John-fixed,0,0.2103,0.17156,16.998530895557945,0.4039475108225109,0.3995726495726496,117,7.798559736172954,12.412903662402723,0.1,1.3791368639734176,2.8134144432927,0.10714285714285714,1.5483005786693254,0.7459936496447185,0.3333333333333333
8QEQ_R,8QEQ_R,30,J-controlled,3,Simple,0,0.2103,0.20759,17.686252505179915,0.42511183261183255,0.4188034188034188,117,8.348610048165968,12.987350124298192,0.1,1.8241135170225535,2.9331940128733223,0.14285714285714285,1.723320417649088,0.549482948841282,0.3333333333333333
8QEQ_R,8QEQ_R,30,J-controlled,3,Geometry,0,0.2103,0.21116,17.703081561141616,0.42013828763828764,0.41452991452991456,117,8.364015090992783,13.003746101899438,0.1,1.8388184076332181,2.933055840864217,0.14285714285714285,1.1960842364543207,0.6599183413531304,0.3333333333333333
8QEQ_R,8QEQ_R,30,J-controlled,4,Raw,0,0.21953,0.21953,14.52434003081251,0.4273079004329005,0.3974358974358974,117,7.581610507356708,9.867663054116996,0.03333333333333333,2.0702566264153397,6.603531749452159,0.07142857142857142,1.352717420553801,0.530867956075816,0.2
8QEQ_R,8QEQ_R,30,J-controlled,4,John-original,0,0.21953,0.21353,14.47358639249847,0.44699044011544015,0.4188034188034188,117,7.042332200630628,9.565443466501893,0.03333333333333333,1.5365488217000547,6.642377823214545,0.03571428571428571,1.2322261299386743,0.681601332764338,0.2
8QEQ_R,8QEQ_R,30,J-controlled,4,John-fixed,0,0.21953,0.21164,14.500394794399549,0.44165945165945164,0.41239316239316237,117,6.968814458763514,9.538539448525292,0.03333333333333333,1.4639325100557314,6.681645653776336,0.03571428571428571,1.2117153760775563,0.6610030028991056,0.2
8QEQ_R,8QEQ_R,30,J-controlled,4,Simple,0,0.21953,0.21509,14.469657487120513,0.43600198412698415,0.405982905982906,117,7.4930770992231,9.801570466668972,0.03333333333333333,1.8904455430550582,6.57158101413545,0.07142857142857142,1.2932270225355393,0.484167992395016,0.13333333333333333
8QEQ_R,8QEQ_R,30,J-controlled,4,Geometry,0,0.21953,0.22148,14.485964073210274,0.4360019841269842,0.405982905982906,117,7.523700982068311,9.826218431256457,0.03333333333333333,1.960064716339068,6.568230991570658,0.07142857142857142,0.946457454074622,0.6178165443925074,0.2
8QEQ_R,8QEQ_R,30,Thesis-3T+2D,0,Raw,0,0.2617,0.2617,16.801779998704117,0.4002513227513227,0.3782051282051282,117,6.216447181014332,10.965191848191338,0.0,1.073917973549215,0.033994245279462376,0.07142857142857142,0.696659325539361,0.8168489833756446,0.5333333333333333
8QEQ_R,8QEQ_R,30,Thesis-3T+2D,0,John-original,0,0.2617,0.27892,16.867464258596144,0.40431908369408365,0.38247863247863245,117,6.144707614013609,10.877367019101932,0.0,0.9094653655644218,0.028631669752648747,0.07142857142857142,0.687672621782748,0.8347008368552141,0.5333333333333333
8QEQ_R,8QEQ_R,30,Thesis-3T+2D,0,John-fixed,0,0.2617,0.27688,16.90842944373663,0.3941266835016835,0.3717948717948718,117,6.104792294489524,10.830179776816689,0.0,0.8467329435693106,0.0746658114808767,0.07142857142857142,0.6877692526763264,0.8540014871991266,0.5333333333333333
8QEQ_R,8QEQ_R,30,Thesis-3T+2D,0,Geometry,0,0.2617,0.27026,16.814987380416493,0.4098051948051948,0.38675213675213677,117,6.204821731151759,10.955704856275227,0.0,0.9821715799232517,0.05455933282715009,0.07142857142857142,0.43679147137396657,0.7339476422363842,0.4666666666666667
8QEQ_R,8QEQ_R,30,Thesis-3T+2D,0,Geometry-fixed-strength,0,0.2617,0.27514,16.82667116665791,0.4176034151034151,0.39316239316239315,117,6.194769987665477,10.948671575501852,0.0,0.9014441074437676,0.07042390988604197,0.07142857142857142,0.36319785431811474,0.7074762623256411,0.4666666666666667
8QEQ_R,8QEQ_R,30,Thesis-3T+2D,0,Geometry-global-prior,0,0.2617,0.27039,16.814813440284233,0.4070968614718614,0.38461538461538464,117,6.204479251781162,10.955344307969291,0.0,0.9820436028456699,0.053795705029592966,0.07142857142857142,0.4286235192584423,0.7419763348677393,0.4666666666666667
8QEQ_R,8QEQ_R,30,Thesis-3T+2D,0,Geometry-no-Rg,0,0.2617,0.27027,16.81518534365858,0.4098051948051948,0.38675213675213677,117,6.204883910507582,10.955826089171094,0.0,0.9820854169944655,0.05495908684257955,0.07142857142857142,0.43679806847706504,0.7341677798929629,0.4666666666666667
8QEQ_R,8QEQ_R,30,Thesis-3T+2D,0,Simple,0,0.2617,0.27526,16.822263617823722,0.4136613155363155,0.391025641025641,117,6.190063184656935,10.94421564704908,0.0,0.8983641745071421,0.06685401517214018,0.07142857142857142,0.6668272409826284,0.8215799676363377,0.4666666666666667
8QEQ_R,8QEQ_R,30,Thesis-3T+2D,1,Raw,0,0.07849,0.07849,21.396635047800228,0.21635401635401638,0.18376068376068377,117,7.589064947945886,11.753125697437198,0.5,2.141306181121913,13.014554015306242,0.0,1.1956022195688738,0.9890625755019421,0.2
8QEQ_R,8QEQ_R,30,Thesis-3T+2D,1,John-original,0,0.07849,0.09117,21.367416291056827,0.26094877344877343,0.2222222222222222,117,7.4756170435713445,11.70033453150972,0.36666666666666664,1.545232427617788,12.967549829636681,0.21428571428571427,2.6106046902860625,0.9126594263711383,0.26666666666666666
8QEQ_R,8QEQ_R,30,Thesis-3T+2D,1,John-fixed,0,0.07849,0.04711,21.30776796020387,0.26445767195767195,0.22863247863247863,117,7.499172378290789,11.709768248452946,0.4,1.2685910078447729,12.942888499076126,0.21428571428571427,1.9630089145398746,1.0029639166050868,0.26666666666666666
8QEQ_R,8QEQ_R,30,Thesis-3T+2D,1,Geometry,0,0.07849,0.08601,21.414502610723968,0.2502804834054834,0.21367521367521367,117,7.552324091698245,11.79614276796169,0.23333333333333334,1.5017347797849772,13.004680984664848,0.0,0.6912933837755634,0.8769288205769544,0.06666666666666667
8QEQ_R,8QEQ_R,30,Thesis-3T+2D,1,Geometry-fixed-strength,0,0.07849,0.07238,21.38265968386508,0.2669748075998076,0.23504273504273504,117,7.478600673246606,11.81762087195959,0.1,1.0424103892114907,13.001503017788256,0.0,0.8376332335130641,0.9357681891502897,0.13333333333333333
8QEQ_R,8QEQ_R,30,Thesis-3T+2D,1,Geometry-global-prior,0,0.07849,0.07562,21.34754846598907,0.24822300384800386,0.21153846153846154,117,7.463016970437732,11.746558038643522,0.36666666666666664,1.5876662585967931,12.9956332893939,0.0,0.7031015934207728,0.8534579101025488,0.13333333333333333
8QEQ_R,8QEQ_R,30,Thesis-3T+2D,1,Geometry-no-Rg,0,0.07849,0.08592,21.424860848678975,0.2502804834054834,0.21367521367521367,117,7.551690138277294,11.801033081337387,0.26666666666666666,1.4906249089051204,13.021943748892827,0.0,0.6979529597722477,0.8759773817502766,0.06666666666666667
8QEQ_R,8QEQ_R,30,Thesis-3T+2D,1,Simple,0,0.07849,0.09107,21.316097196533466,0.2950447931697932,0.26282051282051283,117,7.732198097900863,11.919779725288702,0.3333333333333333,0.8248418729881004,13.005895882501655,0.21428571428571427,1.901894111046543,1.085039612136434,0.2
8QEQ_R,8QEQ_R,30,Thesis-3T+2D,2,Raw,0,0.06928,0.06928,21.786805216568858,0.2208435545935546,0.19017094017094016,117,7.510147129548736,11.618158523196273,0.36666666666666664,2.1940076878032606,13.294689363211582,0.03571428571428571,1.173848124886917,0.7976398056349395,0.13333333333333333
8QEQ_R,8QEQ_R,30,Thesis-3T+2D,2,John-original,0,0.06928,0.07381,21.703810834065926,0.2530164742664742,0.22008547008547008,117,7.412813186870605,11.586145873273873,0.3,1.4891733436500982,13.28646988823893,0.21428571428571427,1.370759137047789,0.8526734415598249,0.2
8QEQ_R,8QEQ_R,30,Thesis-3T+2D,2,John-fixed,0,0.06928,0.07739,21.671409713691787,0.249788961038961,0.21794871794871795,117,7.403323058378612,11.568576376848767,0.26666666666666666,1.344991680667744,13.265651682376369,0.21428571428571427,1.4169730475050166,0.8565518895648441,0.2
8QEQ_R,8QEQ_R,30,Thesis-3T+2D,2,Geometry,0,0.06928,0.06493,21.76582403628376,0.23573773448773447,0.20726495726495728,117,7.4604005750518105,11.506839551367682,0.2,1.4750615930572564,13.213492302107575,0.0,0.9010686890210033,0.8469757940362301,0.2
8QEQ_R,8QEQ_R,30,Thesis-3T+2D,2,Geometry-fixed-strength,0,0.06928,0.08175,21.755159803829898,0.26616251803751806,0.24145299145299146,117,7.50219776294852,11.542877761816285,0.2,1.0983007728088523,13.195115695230594,0.0,0.8824406629332031,0.8090071854356223,0.2
8QEQ_R,8QEQ_R,30,Thesis-3T+2D,2,Geometry-global-prior,0,0.06928,0.07629,21.739762038252955,0.23644841269841269,0.20726495726495728,117,7.396985881113474,11.480231378356084,0.3,1.72952040741594,13.240381431332175,0.0,0.8994707302297256,0.9303080732946524,0.26666666666666666
8QEQ_R,8QEQ_R,30,Thesis-3T+2D,2,Geometry-no-Rg,0,0.06928,0.06488,21.783922333389008,0.23573773448773447,0.20726495726495728,117,7.462504173441989,11.512773062991782,0.2,1.4800458586872263,13.232204157390473,0.0,0.8997539340395582,0.8474163043440354,0.2
8QEQ_R,8QEQ_R,30,Thesis-3T+2D,2,Simple,0,0.06928,0.05675,21.678054292966248,0.2799834656084656,0.2564102564102564,117,7.659429718600896,11.79657240310187,0.3333333333333333,0.8834878900309558,13.278688664139516,0.21428571428571427,1.752606815535254,0.9675290008743164,0.2
8QEQ_R,8QEQ_R,30,Thesis-3T+2D,3,Raw,0,0.23709,0.23709,16.64944520065275,0.48416937229437235,0.45085470085470086,117,6.246515516452379,10.56996103790362,0.0,0.8652602319349474,3.26458902927976,0.10714285714285714,0.5368154946820493,0.5777619528251029,0.7333333333333333
8QEQ_R,8QEQ_R,30,Thesis-3T+2D,3,John-original,0,0.23709,0.19428,16.667317352996733,0.46790223665223674,0.4358974358974359,117,6.247031915478627,10.573537310649701,0.0,0.6516182552906623,3.289873124240433,0.07142857142857142,0.48650103858580923,0.46366442979243766,0.6666666666666666
8QEQ_R,8QEQ_R,30,Thesis-3T+2D,3,John-fixed,0,0.23709,0.21049,16.667817589832556,0.4663113275613276,0.4337606837606838,117,6.247351727847906,10.574021286038924,0.0,0.6481514489142479,3.289599875859759,0.07142857142857142,0.4872602555320989,0.46384716415803645,0.6666666666666666
8QEQ_R,8QEQ_R,30,Thesis-3T+2D,3,Geometry,0,0.23709,0.23758,16.660525041186535,0.47800204425204434,0.4444444444444444,117,6.2110737178682305,10.54597534530717,0.0,0.7175479719124267,3.2393948649836837,0.07142857142857142,0.4142324116067005,0.4971716691803023,0.6666666666666666
8QEQ_R,8QEQ_R,30,Thesis-3T+2D,3,Geometry-fixed-strength,0,0.23709,0.23842,16.672888475750756,0.4771651034151035,0.4444444444444444,117,6.20329774146002,10.544965469959699,0.0,0.6545589598506031,3.217869181711558,0.07142857142857142,0.3944546897954348,0.4803029454850774,0.6666666666666666
8QEQ_R,8QEQ_R,30,Thesis-3T+2D,3,Geometry-global-prior,0,0.23709,0.23721,16.660610402464513,0.4764111351611352,0.4423076923076923,117,6.2131107449012575,10.54743042220797,0.0,0.7176001950830259,3.2398234133852686,0.10714285714285714,0.41506878137516384,0.49160702865313927,0.6666666666666666
8QEQ_R,8QEQ_R,30,Thesis-3T+2D,3,Geometry-no-Rg,0,0.23709,0.23747,16.654200306298893,0.47807780182780185,0.4444444444444444,117,6.210967488505003,10.544728377275009,0.0,0.720512550532135,3.2531041403335195,0.07142857142857142,0.4144216264331023,0.4982931899993811,0.6666666666666666
8QEQ_R,8QEQ_R,30,Thesis-3T+2D,3,Simple,0,0.23709,0.23528,16.660481286514937,0.47430796055796065,0.4423076923076923,117,6.210110252709144,10.54262453338816,0.0,0.6451657339540071,3.243129130283327,0.07142857142857142,0.478606904077822,0.586522487895266,0.7333333333333333
8QEQ_R,8QEQ_R,30,Thesis-3T+2D,4,Raw,0,0.21187,0.21187,16.55482186215536,0.4368476430976431,0.405982905982906,117,5.915490375552236,10.410481605716434,0.0,0.8345670691786622,3.251616353477999,0.03571428571428571,0.483851218345737,0.44700181004319606,0.6666666666666666
8QEQ_R,8QEQ_R,30,Thesis-3T+2D,4,John-original,0,0.21187,0.18872,16.586912994722216,0.4501905964405964,0.42094017094017094,117,5.899043666634765,10.42495862534878,0.0,0.6299939300461727,3.2366236336114724,0.03571428571428571,0.5684617767031218,0.4834417405884651,0.7333333333333333
8QEQ_R,8QEQ_R,30,Thesis-3T+2D,4,John-fixed,0,0.21187,0.18865,16.586875480365503,0.4501905964405964,0.42094017094017094,117,5.899042874188064,10.424924839954176,0.0,0.630177760912696,3.2366687741887397,0.03571428571428571,0.5684230167131409,0.48342292580779156,0.7333333333333333
8QEQ_R,8QEQ_R,30,Thesis-3T+2D,4,Geometry,0,0.21187,0.21511,16.575692190626697,0.447303391053391,0.4166666666666667,117,5.912245111946899,10.42047642643811,0.0,0.6887730056994502,3.210494020340345,0.03571428571428571,0.4224060432244819,0.4311892052488381,0.6666666666666666
8QEQ_R,8QEQ_R,30,Thesis-3T+2D,4,Geometry-fixed-strength,0,0.21187,0.21444,16.590462676438996,0.45536616161616167,0.4252136752136752,117,5.9138596608572875,10.42884828808831,0.0,0.6273499639512058,3.1836063064702955,0.03571428571428571,0.4004837235761679,0.42216987401801503,0.6666666666666666
8QEQ_R,8QEQ_R,30,Thesis-3T+2D,4,Geometry-global-prior,0,0.21187,0.21384,16.57586660700496,0.4488943001443001,0.4188034188034188,117,5.9107210457270245,10.419952067455744,0.0,0.6871874682593923,3.210218887893891,0.03571428571428571,0.42095289293950966,0.4283185486597781,0.6666666666666666
8QEQ_R,8QEQ_R,30,Thesis-3T+2D,4,Geometry-no-Rg,0,0.21187,0.21521,16.569698803206688,0.45148689273689274,0.42094017094017094,117,5.910880523235415,10.417392636125808,0.0,0.692084545940842,3.2240050107120126,0.03571428571428571,0.42271442595377157,0.43052664693650444,0.6666666666666666
8QEQ_R,8QEQ_R,30,Thesis-3T+2D,4,Simple,0,0.21187,0.20454,16.579942525353406,0.4510107022607023,0.42094017094017094,117,5.919606984594986,10.429164402305606,0.0,0.6216323422528695,3.2058200772794105,0.03571428571428571,0.5088992454918252,0.4586960590987055,0.6666666666666666
8T2Y_tA,8XU8_s,76,J-controlled,0,Raw,0,0.60745,0.60745,4.882524039538323,0.8435566109358217,0.8445652173913043,460,1.2146638069868834,1.5349187616411522,0.02631578947368421,0.7842237301481841,0.17578098193982328,0.06756756756756757,0.6550427049053738,0.7700607437160819,0.6842105263157895
8T2Y_tA,8XU8_s,76,J-controlled,0,John-original,0,0.60745,0.60791,4.8668811709801165,0.8453209526527562,0.8467391304347827,460,1.206386094478446,1.5239216993774947,0.0,0.7111069353907901,0.18594105581129838,0.06756756756756757,0.6420899313284517,0.7792862208643695,0.6578947368421053
8T2Y_tA,8XU8_s,76,J-controlled,0,John-fixed,0,0.60745,0.60158,4.854705161774433,0.8229638996722098,0.8206521739130435,460,1.2349379856327125,1.5427258298882685,0.0,0.5968619672217936,0.2032089701199702,0.05405405405405406,0.6721433518038339,0.813788593298986,0.6842105263157895
8T2Y_tA,8XU8_s,76,J-controlled,0,Simple,0,0.60745,0.60475,4.87365150625033,0.8377117386713603,0.8385869565217391,460,1.2121974608923696,1.5250351942803861,0.0,0.5951058069037228,0.17738564783138244,0.05405405405405406,0.6433055101992435,0.8143149602373534,0.6842105263157895
8T2Y_tA,8XU8_s,76,J-controlled,0,Geometry,0,0.60745,0.60733,4.877683808224171,0.8445195402144986,0.845108695652174,460,1.2030231017823851,1.5235598258409238,0.013157894736842105,0.7367528786924309,0.17674990642485255,0.06756756756756757,0.6243663981783041,0.7434796309066142,0.631578947368421
8T2Y_tA,8XU8_s,76,J-controlled,1,Raw,0,0.86466,0.86466,1.316103050315649,0.8655162610013709,0.8646739130434783,460,0.8145604964446367,0.9697310183973217,0.013157894736842105,0.819771781771764,0.6095314945173662,0.06756756756756757,0.6567369344357816,0.7748406393400395,0.6842105263157895
8T2Y_tA,8XU8_s,76,J-controlled,1,John-original,0,0.86466,0.86423,1.3114096054544724,0.8571579075293128,0.8559782608695652,460,0.8112374337274865,0.9657743030193966,0.013157894736842105,0.7310661695146482,0.5891617338275452,0.06756756756756757,0.6307330719737352,0.7622905486538106,0.6578947368421053
8T2Y_tA,8XU8_s,76,J-controlled,1,John-fixed,0,0.86466,0.8556,1.3426067381977171,0.8320931113774471,0.8293478260869566,460,0.8580872085931087,1.003494057568139,0.013157894736842105,0.599925247421836,0.5581369342744793,0.04054054054054054,0.6149623527802931,0.8000076808816616,0.6842105263157895
8T2Y_tA,8XU8_s,76,J-controlled,1,Simple,0,0.86466,0.86076,1.313718185212921,0.8545857539612784,0.8516304347826087,460,0.820742763657011,0.9713543127495083,0.0,0.6053957357214361,0.6082275487531383,0.05405405405405406,0.6288981208094964,0.7978090150420817,0.6842105263157895
8T2Y_tA,8XU8_s,76,J-controlled,1,Geometry,0,0.86466,0.86559,1.305255482988534,0.8691970397742386,0.8657608695652174,460,0.8003546348537083,0.9557861642346669,0.013157894736842105,0.7654177393154624,0.607920672974334,0.06756756756756757,0.6174679777617,0.7263854754486405,0.7105263157894737
8T2Y_tA,8XU8_s,76,J-controlled,2,Raw,0,0.62265,0.62265,3.77406425898636,0.8127541571248189,0.8217391304347826,460,1.211953318022351,1.55800636847478,0.0,0.8770490754007789,0.05857353416141464,0.08108108108108109,0.6777615549028256,0.7281053549187523,0.6578947368421053
8T2Y_tA,8XU8_s,76,J-controlled,2,John-original,0,0.62265,0.62333,3.7704105606933935,0.8178412933452195,0.8255434782608696,460,1.1933345428276128,1.53576888041945,0.0,0.7801120999944969,0.08687697598854882,0.06756756756756757,0.6408323203372656,0.7244762373805086,0.6578947368421053
8T2Y_tA,8XU8_s,76,J-controlled,2,John-fixed,0,0.62265,0.6187,3.7903657330261864,0.8126922122466013,0.8135869565217392,460,1.2098079553694345,1.5389568116482795,0.0,0.634946490953796,0.13283077998377735,0.05405405405405406,0.6758090497851942,0.8028433291989664,0.7631578947368421
8T2Y_tA,8XU8_s,76,J-controlled,2,Simple,0,0.62265,0.62203,3.752295379970577,0.8060689400307355,0.8108695652173913,460,1.1938615977457245,1.527369074207591,0.0,0.6558618410362548,0.06423115761155884,0.05405405405405406,0.6295007408586386,0.7461093336652378,0.6578947368421053
8T2Y_tA,8XU8_s,76,J-controlled,2,Geometry,0,0.62265,0.62352,3.7641980578936973,0.8156222881869474,0.825,460,1.1939988116863258,1.5389553959454232,0.0,0.8186872403079728,0.06031041331767639,0.08108108108108109,0.62996430274779,0.6986575277004802,0.6578947368421053
8T2Y_tA,8XU8_s,76,J-controlled,3,Raw,0,0.70338,0.70338,3.4120892944034957,0.8178497301644511,0.8206521739130435,460,1.1025481775544903,1.3596052314054734,0.0,0.9174981332297997,0.11077055043873685,0.06756756756756757,0.6207972302888793,0.7301193783015495,0.7105263157894737
8T2Y_tA,8XU8_s,76,J-controlled,3,John-original,0,0.70338,0.70518,3.386469974173136,0.8228850658104281,0.8260869565217391,460,1.075320873583506,1.3271634321409589,0.0,0.8291105009577286,0.10592911110733638,0.05405405405405406,0.600436330520667,0.7171207292861639,0.6842105263157895
8T2Y_tA,8XU8_s,76,J-controlled,3,John-fixed,0,0.70338,0.6998,3.3749399101270545,0.8104301749008593,0.8070652173913043,460,1.0828025039321618,1.3152106533847026,0.0,0.6834821441977671,0.09758574082026072,0.05405405405405406,0.6293235009160991,0.7998208572844874,0.7105263157894737
8T2Y_tA,8XU8_s,76,J-controlled,3,Simple,0,0.70338,0.7014,3.3972161149517848,0.8133366988324621,0.8146739130434782,460,1.091678469011493,1.3464626289588482,0.0,0.7010579145214865,0.11491966986312363,0.05405405405405406,0.5956226324781223,0.7470728053357921,0.6842105263157895
8T2Y_tA,8XU8_s,76,J-controlled,3,Geometry,0,0.70338,0.7041,3.4023665188751044,0.8193946193731774,0.8228260869565217,460,1.0861162222581882,1.3446274344710476,0.0,0.8487187797760256,0.11032688243065891,0.06756756756756757,0.5631383877996322,0.661290341491272,0.6842105263157895
8T2Y_tA,8XU8_s,76,J-controlled,4,Raw,0,0.78205,0.78205,1.9534185266780548,0.8310157221457278,0.8239130434782609,460,1.0952399267432416,1.3340320760090314,0.02631578947368421,0.8706986776684466,0.47820723071139426,0.05405405405405406,0.6676747704736775,0.8609864023483841,0.6842105263157895
8T2Y_tA,8XU8_s,76,J-controlled,4,John-original,0,0.78205,0.78074,1.9572256603887743,0.8235105238121512,0.8157608695652174,460,1.0913352683585769,1.332241783528603,0.02631578947368421,0.7592920195819314,0.4591370942216244,0.05405405405405406,0.6459284227985664,0.8555339222774856,0.6578947368421053
8T2Y_tA,8XU8_s,76,J-controlled,4,John-fixed,0,0.78205,0.77131,1.9925313944559861,0.8029176364635489,0.7907608695652174,460,1.1241717608820343,1.3644479684290862,0.02631578947368421,0.609480167312569,0.41085139209296884,0.05405405405405406,0.646070153711104,0.8699818452457385,0.6578947368421053
8T2Y_tA,8XU8_s,76,J-controlled,4,Simple,0,0.78205,0.78026,1.9395833333988615,0.834847313509853,0.8239130434782609,460,1.0903526342979755,1.3286197446449652,0.013157894736842105,0.6195603450450347,0.4734424081610378,0.05405405405405406,0.6566213452720671,0.8825091624942262,0.6578947368421053
8T2Y_tA,8XU8_s,76,J-controlled,4,Geometry,0,0.78205,0.78333,1.9364410055265502,0.8385154100950427,0.8293478260869566,460,1.075076549070366,1.3153363442501393,0.02631578947368421,0.773648896034069,0.4744788182462685,0.05405405405405406,0.6400429663162304,0.8423675383011379,0.6842105263157895
8T2Y_tA,8XU8_s,76,Thesis-3T+2D,0,Raw,0,0.86466,0.86466,1.316103050315649,0.8655162610013709,0.8646739130434783,460,0.8145604964446367,0.9697310183973217,0.013157894736842105,0.819771781771764,0.6095314945173662,0.06756756756756757,0.6567369344357816,0.7748406393400395,0.6842105263157895
8T2Y_tA,8XU8_s,76,Thesis-3T+2D,0,John-original,0,0.86466,0.86423,1.3114096054544724,0.8571579075293128,0.8559782608695652,460,0.8112374337274865,0.9657743030193966,0.013157894736842105,0.7310661695146482,0.5891617338275452,0.06756756756756757,0.6307330719737352,0.7622905486538106,0.6578947368421053
8T2Y_tA,8XU8_s,76,Thesis-3T+2D,0,John-fixed,0,0.86466,0.8556,1.3426067381977171,0.8320931113774471,0.8293478260869566,460,0.8580872085931087,1.003494057568139,0.013157894736842105,0.599925247421836,0.5581369342744793,0.04054054054054054,0.6149623527802931,0.8000076808816616,0.6842105263157895
8T2Y_tA,8XU8_s,76,Thesis-3T+2D,0,Geometry,0,0.86466,0.86562,1.2968420855441776,0.8694532544469292,0.8657608695652174,460,0.7966031897449828,0.9502206653296564,0.013157894736842105,0.7627267691489049,0.6069985310353623,0.06756756756756757,0.6063688041427662,0.7264280597466999,0.7105263157894737
8T2Y_tA,8XU8_s,76,Thesis-3T+2D,0,Geometry-fixed-strength,0,0.86466,0.86397,1.2765043538887153,0.8489509653489073,0.846195652173913,460,0.7845446309010942,0.9326761393534811,0.0,0.6131812163867382,0.6027129729820828,0.05405405405405406,0.5149388906943158,0.6712702942402459,0.6578947368421053
8T2Y_tA,8XU8_s,76,Thesis-3T+2D,0,Geometry-global-prior,0,0.86466,0.86562,1.2972555832266048,0.8689471815724353,0.8652173913043478,460,0.7970448773850896,0.9508068474761882,0.013157894736842105,0.7631237653974121,0.6067361872791857,0.06756756756756757,0.591925544924603,0.7181355384250694,0.6842105263157895
8T2Y_tA,8XU8_s,76,Thesis-3T+2D,0,Geometry-no-Rg,0,0.86466,0.8656,1.2969431278657741,0.8694532544469292,0.8657608695652174,460,0.7964631219377577,0.9501478540498298,0.013157894736842105,0.7628557996363682,0.6078342934903453,0.06756756756756757,0.5930114419817072,0.7177976837486834,0.6842105263157895
8T2Y_tA,8XU8_s,76,Thesis-3T+2D,0,Simple,0,0.86466,0.86087,1.3096271698923312,0.8550165183723062,0.8521739130434782,460,0.8175149563355838,0.9673502554227188,0.0,0.60655555596022,0.6088040010209284,0.05405405405405406,0.6233516051261936,0.7980173603070446,0.6842105263157895
8T2Y_tA,8XU8_s,76,Thesis-3T+2D,1,Raw,0,0.76214,0.76214,2.097632807202009,0.858191511351309,0.8554347826086957,460,1.0240778053279433,1.3015888683382826,0.013157894736842105,0.7605125442443342,0.6705749833201011,0.06756756756756757,0.7012537466754641,0.7800832227968039,0.7631578947368421
8T2Y_tA,8XU8_s,76,Thesis-3T+2D,1,John-original,0,0.76214,0.76547,2.0859170412032952,0.8643494019624403,0.8625,460,1.0254462988509625,1.3020790551002377,0.013157894736842105,0.6943958026414646,0.653610735913059,0.05405405405405406,0.6861521136553793,0.7774941163699521,0.7631578947368421
8T2Y_tA,8XU8_s,76,Thesis-3T+2D,1,John-fixed,0,0.76214,0.76228,2.091344423897516,0.8481677417496816,0.8434782608695652,460,1.0755300182143552,1.3408430990683986,0.013157894736842105,0.5686606440203812,0.6214962435410278,0.04054054054054054,0.6599072541759415,0.8018703815054644,0.7631578947368421
8T2Y_tA,8XU8_s,76,Thesis-3T+2D,1,Geometry,0,0.76214,0.76276,2.087036067548303,0.8588266250292866,0.8608695652173913,460,1.0093530311910845,1.286355544950536,0.013157894736842105,0.7103628051849532,0.6679575223850556,0.06756756756756757,0.6526022384605173,0.7367515084648074,0.7631578947368421
8T2Y_tA,8XU8_s,76,Thesis-3T+2D,1,Geometry-fixed-strength,0,0.76214,0.76315,2.079411055236467,0.8507900077681952,0.85,460,1.0060210481791558,1.2803781139125692,0.0,0.5819709299132906,0.6645991764981787,0.04054054054054054,0.5709683959060268,0.6834093424418872,0.7368421052631579
8T2Y_tA,8XU8_s,76,Thesis-3T+2D,1,Geometry-global-prior,0,0.76214,0.76268,2.08645386793438,0.8588266250292866,0.8608695652173913,460,1.0090463130223926,1.2859730562182616,0.013157894736842105,0.710254518539304,0.6678609718799109,0.06756756756756757,0.6540513871142127,0.7378902830577009,0.7631578947368421
8T2Y_tA,8XU8_s,76,Thesis-3T+2D,1,Geometry-no-Rg,0,0.76214,0.76272,2.08706825147989,0.8588266250292866,0.8608695652173913,460,1.0092158825737771,1.2862333433881588,0.013157894736842105,0.7105369282721431,0.6689576615009862,0.06756756756756757,0.6527327029779633,0.7366790106674461,0.7631578947368421
8T2Y_tA,8XU8_s,76,Thesis-3T+2D,1,Simple,0,0.76214,0.76207,2.0938354336977407,0.8536716896999005,0.8527173913043479,460,1.02705128526564,1.2999472762580035,0.0,0.5767302036818187,0.6707616508046534,0.04054054054054054,0.6622393835017794,0.8065687950867932,0.7368421052631579
8T2Y_tA,8XU8_s,76,Thesis-3T+2D,2,Raw,0,0.78086,0.78086,2.241101453572249,0.8187966268860244,0.8402173913043478,460,1.2113144291837157,1.4626212542452746,0.013157894736842105,0.8385331960097229,0.33770170566195645,0.05405405405405406,0.8043806755750058,0.9207593022253953,0.7368421052631579
8T2Y_tA,8XU8_s,76,Thesis-3T+2D,2,John-original,0,0.78086,0.78162,2.232470281642008,0.8199000597987434,0.8385869565217391,460,1.2110164031724777,1.4610577994795002,0.013157894736842105,0.7584442643623198,0.3178711143209263,0.04054054054054054,0.7610670131993483,0.9068996390572828,0.7105263157894737
8T2Y_tA,8XU8_s,76,Thesis-3T+2D,2,John-fixed,0,0.78086,0.7708,2.2543327720507658,0.799673567100621,0.8125,460,1.277850903101629,1.5169890485784867,0.013157894736842105,0.6206969744311925,0.2696503652286246,0.04054054054054054,0.7508672652648236,0.9233315532687119,0.7105263157894737
8T2Y_tA,8XU8_s,76,Thesis-3T+2D,2,Geometry,0,0.78086,0.78205,2.231769429684133,0.8204839220605692,0.841304347826087,460,1.201075511523243,1.4511923524519708,0.013157894736842105,0.778959558757204,0.3357752712750681,0.05405405405405406,0.7532683376193394,0.894374688127398,0.7368421052631579
8T2Y_tA,8XU8_s,76,Thesis-3T+2D,2,Geometry-fixed-strength,0,0.78086,0.78269,2.207916056821793,0.8241940095491987,0.8391304347826087,460,1.1829012691515306,1.4256392787046142,0.013157894736842105,0.6314883944483956,0.33643256639234664,0.04054054054054054,0.6639160082057919,0.832742120405468,0.7368421052631579
8T2Y_tA,8XU8_s,76,Thesis-3T+2D,2,Geometry-global-prior,0,0.78086,0.78193,2.2312398932139663,0.8225988210504682,0.8429347826086957,460,1.2009824513058056,1.4507486905880649,0.013157894736842105,0.778736269073778,0.33567143813236555,0.05405405405405406,0.7535510944403508,0.89393584966143,0.7368421052631579
8T2Y_tA,8XU8_s,76,Thesis-3T+2D,2,Geometry-no-Rg,0,0.78086,0.78204,2.2316822644863494,0.8204839220605692,0.841304347826087,460,1.2009445187459216,1.4511132368592798,0.013157894736842105,0.7788562690924218,0.3361454160198498,0.05405405405405406,0.7531702936815081,0.8938718037591968,0.7368421052631579
8T2Y_tA,8XU8_s,76,Thesis-3T+2D,2,Simple,0,0.78086,0.77895,2.231760595235763,0.8216346204089272,0.8375,460,1.2229009765415897,1.4648801887775573,0.013157894736842105,0.6239603769413816,0.33880784519043416,0.04054054054054054,0.7720194349543344,0.9460611965848428,0.7105263157894737
8T2Y_tA,8XU8_s,76,Thesis-3T+2D,3,Raw,0,0.71818,0.71818,2.700478851266356,0.854827883749709,0.8576086956521739,460,0.958122919215892,1.1362311740364788,0.039473684210526314,0.8305204775846343,0.19392319138008673,0.06756756756756757,0.625927841546551,0.7010302929629612,0.6578947368421053
8T2Y_tA,8XU8_s,76,Thesis-3T+2D,3,John-original,0,0.71818,0.70153,2.7308452448635023,0.8436889974929744,0.8429347826086957,460,1.0240143593908861,1.1945494933898815,0.02631578947368421,0.5958072099867295,0.23979761922418064,0.05405405405405406,0.6008869853504674,0.7231518835893623,0.7368421052631579
8T2Y_tA,8XU8_s,76,Thesis-3T+2D,3,John-fixed,0,0.71818,0.70457,2.7214005526747034,0.8467548058129521,0.8456521739130435,460,1.0110330716259082,1.1817581715620957,0.02631578947368421,0.6256322991213801,0.23581469983571424,0.05405405405405406,0.599454746811239,0.7204271466657653,0.7368421052631579
8T2Y_tA,8XU8_s,76,Thesis-3T+2D,3,Geometry,0,0.71818,0.71809,2.6841813444167206,0.8591936216154309,0.8592391304347826,460,0.9353832909550014,1.1111183763391428,0.013157894736842105,0.681905269539941,0.19162322582420543,0.06756756756756757,0.5435942821034739,0.6688560684469089,0.6578947368421053
8T2Y_tA,8XU8_s,76,Thesis-3T+2D,3,Geometry-fixed-strength,0,0.71818,0.71654,2.6810429390278014,0.8605620879095519,0.8603260869565217,460,0.9384499658280286,1.1124575773470629,0.013157894736842105,0.6302523686069151,0.18721700957262755,0.05405405405405406,0.5217926938309378,0.6407063192752497,0.6052631578947368
8T2Y_tA,8XU8_s,76,Thesis-3T+2D,3,Geometry-global-prior,0,0.71818,0.71846,2.6820516222201576,0.8620741367124453,0.8625,460,0.9300045000067241,1.1057274964101877,0.013157894736842105,0.6840487545086084,0.1908143328780305,0.06756756756756757,0.5461355636449379,0.6471707926893656,0.6578947368421053
8T2Y_tA,8XU8_s,76,Thesis-3T+2D,3,Geometry-no-Rg,0,0.71818,0.71806,2.6845170404047036,0.8591936216154309,0.8592391304347826,460,0.9354071611027406,1.1111342058739755,0.013157894736842105,0.6819060004021053,0.19266756746722535,0.06756756756756757,0.5437145111655254,0.6516961606066312,0.631578947368421
8T2Y_tA,8XU8_s,76,Thesis-3T+2D,3,Simple,0,0.71818,0.71646,2.687328550673556,0.8589403260249387,0.8592391304347826,460,0.9495460373997737,1.1240783713915752,0.013157894736842105,0.6290427878033976,0.19082773983599566,0.05405405405405406,0.5917813260088183,0.7213956780703628,0.6578947368421053
8T2Y_tA,8XU8_s,76,Thesis-3T+2D,4,Raw,0,0.67109,0.67109,2.829240894279998,0.8402292024822815,0.842391304347826,460,1.0108709730100225,1.2637357937209976,0.02631578947368421,0.9011094532579988,0.42567802983851166,0.08108108108108109,0.6367990980634909,0.7095818478909298,0.6578947368421053
8T2Y_tA,8XU8_s,76,Thesis-3T+2D,4,John-original,0,0.67109,0.6575,2.8479729765840642,0.8267537510406904,0.8228260869565217,460,1.0610473173681036,1.2923727288604467,0.013157894736842105,0.6201000990574339,0.4809261873808026,0.06756756756756757,0.6081933858259571,0.7247522588725573,0.7368421052631579
8T2Y_tA,8XU8_s,76,Thesis-3T+2D,4,John-fixed,0,0.67109,0.66068,2.8395680659259828,0.8345923070434796,0.8309782608695652,460,1.044284517053459,1.2772630705423622,0.02631578947368421,0.6522299153774136,0.47687141708873426,0.06756756756756757,0.6074988081831186,0.7221031102717398,0.7368421052631579
8T2Y_tA,8XU8_s,76,Thesis-3T+2D,4,Geometry,0,0.67109,0.67247,2.7958634636798854,0.8508941415850285,0.8532608695652174,460,0.9700358977900414,1.2160329312154368,0.02631578947368421,0.7188401813952782,0.4291126566636976,0.08108108108108109,0.5608874054887706,0.6603947226337388,0.6578947368421053
8T2Y_tA,8XU8_s,76,Thesis-3T+2D,4,Geometry-fixed-strength,0,0.67109,0.67102,2.789391720789751,0.8467550946531347,0.8478260869565217,460,0.9704146711226659,1.2132876975783353,0.02631578947368421,0.6596145535801471,0.4255845349019012,0.08108108108108109,0.5399202925186564,0.6341750593594636,0.631578947368421
8T2Y_tA,8XU8_s,76,Thesis-3T+2D,4,Geometry-global-prior,0,0.67109,0.67225,2.7941699771550024,0.8488295669053222,0.8510869565217392,460,0.9684689619958329,1.214576794430954,0.02631578947368421,0.7191528683173675,0.4288339291526242,0.08108108108108109,0.5604071609384137,0.6620654512225413,0.6578947368421053
8T2Y_tA,8XU8_s,76,Thesis-3T+2D,4,Geometry-no-Rg,0,0.67109,0.67249,2.796758106623018,0.8500258350012613,0.8521739130434782,460,0.9702639640365537,1.2161805661326996,0.02631578947368421,0.7191239928025823,0.4319070946806427,0.08108108108108109,0.5618717797750293,0.6601023352354523,0.6578947368421053
8T2Y_tA,8XU8_s,76,Thesis-3T+2D,4,Simple,0,0.67109,0.67038,2.7960977015960515,0.8469777776753107,0.8456521739130435,460,0.9802378716881004,1.2239329652892692,0.02631578947368421,0.6583568987296586,0.43224155507060047,0.08108108108108109,0.6114988430802336,0.7356812331310543,0.631578947368421
8VB6_F,8VBF_F,34,J-controlled,0,Raw,0,0.19045,0.19045,27.5759198996471,0.28890796703296706,0.2677514792899408,169,10.82988815111507,16.928612454611972,0.058823529411764705,2.487398449493097,13.55940854662687,0.0625,1.7056518766558566,0.2632959814261652,0.11764705882352941
8VB6_F,8VBF_F,34,J-controlled,0,John-original,0,0.19045,0.17931,27.81536485775626,0.26882563923005104,0.2455621301775148,169,9.803171661840157,16.120845967358612,0.058823529411764705,1.972220140000006,13.539451999023076,0.03125,1.6501218917996223,0.5243338857760962,0.11764705882352941
8VB6_F,8VBF_F,34,J-controlled,0,John-fixed,0,0.19045,0.16394,27.892674633153174,0.2618504453063277,0.23816568047337278,169,9.688518496085702,16.033179433181736,0.058823529411764705,1.9159953058005919,13.572903676929894,0.03125,1.6374268100126723,0.5286097143557205,0.17647058823529413
8VB6_F,8VBF_F,34,J-controlled,0,Simple,0,0.19045,0.18982,27.54115156857064,0.29169427386339153,0.27071005917159763,169,10.78177219131493,16.890945540816173,0.058823529411764705,2.45879429138888,13.530271297618754,0.0625,1.6976327668831837,0.36748219882511096,0.11764705882352941
8VB6_F,8VBF_F,34,J-controlled,0,Geometry,0,0.19045,0.18234,27.53286292724068,0.2912108112475759,0.27071005917159763,169,10.801019629421784,16.892791752039695,0.058823529411764705,2.4714770129185846,13.52415602220239,0.0625,1.1364071061338652,0.4792972097532311,0.11764705882352941
8VB6_F,8VBF_F,34,J-controlled,1,Raw,0,0.13919,0.13919,22.914676156154254,0.2860300851109675,0.25443786982248523,169,5.837505570503135,10.67659272471955,0.029411764705882353,0.7289255626567783,7.28915254693305,0.09375,1.2957648152839307,0.9815218787551439,0.35294117647058826
8VB6_F,8VBF_F,34,J-controlled,1,John-original,0,0.13919,0.14277,22.922305965494136,0.29658276772247366,0.2677514792899408,169,5.746012850951677,10.637341345094239,0.029411764705882353,0.5613228160918823,7.262763583843935,0.09375,1.262465540666252,0.9742032519498076,0.35294117647058826
8VB6_F,8VBF_F,34,J-controlled,1,John-fixed,0,0.13919,0.14189,22.925864512086953,0.29762645442792507,0.2692307692307692,169,5.739512626943797,10.638095884670374,0.029411764705882353,0.5437689025143546,7.262411548562511,0.09375,1.2569126467696508,0.9707140767268707,0.35294117647058826
8VB6_F,8VBF_F,34,J-controlled,1,Simple,0,0.13919,0.12492,22.90067144140987,0.29041671155641746,0.2603550295857988,169,5.758408834459012,10.624377051898971,0.029411764705882353,0.5264172119046383,7.278362745612412,0.09375,1.2737965394565962,0.980093767070671,0.35294117647058826
8VB6_F,8VBF_F,34,J-controlled,1,Geometry,0,0.13919,0.1302,22.889956799394746,0.29280641743877045,0.2618343195266272,169,5.7824764012494985,10.639149179742063,0.029411764705882353,0.5885904623004448,7.263044817178422,0.09375,0.8666866060395795,0.8869452808196002,0.35294117647058826
8VB6_F,8VBF_F,34,J-controlled,2,Raw,0,0.16002,0.16002,15.3376251738571,0.3552114756158874,0.33875739644970415,169,5.687643459890646,11.775029655818813,0.0,1.2702810101015705,1.6275911768592337,0.03125,0.5780685130202161,0.7326265499209397,0.5294117647058824
8VB6_F,8VBF_F,34,J-controlled,2,John-original,0,0.16002,0.16083,15.332077017917564,0.35079432413991235,0.3328402366863905,169,5.647678161797084,11.753696401896727,0.029411764705882353,0.8993902293205438,1.7639524781043132,0.03125,0.5740459820027057,0.7208988047325713,0.5294117647058824
8VB6_F,8VBF_F,34,J-controlled,2,John-fixed,0,0.16002,0.16047,15.334832532262304,0.34909614486820373,0.33136094674556216,169,5.646946502513599,11.75311713957397,0.029411764705882353,0.8766140181771699,1.7715345665180315,0.03125,0.5766720987414578,0.7213241434991121,0.5294117647058824
8VB6_F,8VBF_F,34,J-controlled,2,Simple,0,0.16002,0.15722,15.322711458339764,0.35498433347698055,0.3343195266272189,169,5.650927639061292,11.755107419314117,0.029411764705882353,1.0108350644253927,1.635098471204957,0.03125,0.5450317405934426,0.7329424246774986,0.5294117647058824
8VB6_F,8VBF_F,34,J-controlled,2,Geometry,0,0.16002,0.15611,15.331364469558897,0.3519960227680816,0.33579881656804733,169,5.65935275935765,11.765773997030731,0.0,1.105378468618549,1.624602680510863,0.03125,0.4778344440876052,0.7378676080803394,0.5294117647058824
8VB6_F,8VBF_F,34,J-controlled,3,Raw,0,0.16041,0.16041,32.73701200821846,0.2645413614163614,0.2440828402366864,169,7.402230260075872,14.862296110887883,0.029411764705882353,2.940574465344266,16.442024904450403,0.0625,1.922897558426599,0.6075986714114001,0.29411764705882354
8VB6_F,8VBF_F,34,J-controlled,3,John-original,0,0.16041,0.2392,32.06696953266496,0.25982524420024417,0.24260355029585798,169,7.103454793136516,14.549570634899942,0.029411764705882353,1.9269919675178038,16.41500721500437,0.0625,1.8790328508222554,0.7518699408356381,0.29411764705882354
8VB6_F,8VBF_F,34,J-controlled,3,John-fixed,0,0.16041,0.23819,32.055686557975676,0.2596973084105437,0.24260355029585798,169,7.083620464992581,14.53319891019153,0.058823529411764705,1.8595793061814287,16.444918104765836,0.0625,1.9007369212379288,0.6641724763519194,0.23529411764705882
8VB6_F,8VBF_F,34,J-controlled,3,Simple,0,0.16041,0.15731,32.69233287205971,0.27585672089348556,0.2514792899408284,169,7.384978078476009,14.854394263455726,0.029411764705882353,2.823977473758631,16.405561403951825,0.0625,1.9158877607625948,0.6654426600686657,0.29411764705882354
8VB6_F,8VBF_F,34,J-controlled,3,Geometry,0,0.16041,0.1589,32.69639909712415,0.26514086403792286,0.24260355029585798,169,7.379782658389427,14.845838809803945,0.029411764705882353,2.8566281600985164,16.40136167218957,0.0625,1.1966734557819816,0.8396744201071464,0.29411764705882354
8VB6_F,8VBF_F,34,J-controlled,4,Raw,0,0.15618,0.15618,22.538546029655336,0.260668722617252,0.24260355029585798,169,7.32891526001916,12.901957410238301,0.058823529411764705,1.6950468143540307,7.422126270895859,0.0625,1.2632712714861838,0.8437309765946448,0.23529411764705882
8VB6_F,8VBF_F,34,J-controlled,4,John-original,0,0.15618,0.15545,22.23999014976168,0.26757276628600163,0.2455621301775148,169,6.966120463852116,12.358259733836697,0.029411764705882353,1.1837363970631727,7.512530223227422,0.0625,1.1540208485380217,0.896216530041578,0.23529411764705882
8VB6_F,8VBF_F,34,J-controlled,4,John-fixed,0,0.15618,0.15484,22.229556060093298,0.26757276628600163,0.2455621301775148,169,6.956318045691707,12.340341738889704,0.029411764705882353,1.1730823995086506,7.517270949091351,0.0625,1.1560912802285719,0.8414118682507956,0.23529411764705882
8VB6_F,8VBF_F,34,J-controlled,4,Simple,0,0.15618,0.16226,22.495028826965783,0.2671837965955613,0.2470414201183432,169,7.225062133922484,12.792209107132704,0.058823529411764705,1.3620703164817374,7.378904564809872,0.0625,1.2388959149366088,0.85148748828352,0.23529411764705882
8VB6_F,8VBF_F,34,J-controlled,4,Geometry,0,0.15618,0.15539,22.494611236692307,0.27088944552179844,0.2514792899408284,169,7.250053095737339,12.820785423379954,0.058823529411764705,1.4556328681284048,7.375426197056605,0.0625,0.9958265688003528,0.904676454243158,0.23529411764705882
8VB6_F,8VBF_F,34,Thesis-3T+2D,0,Raw,0,0.14858,0.14858,20.511443729376104,0.2532042304101128,0.23668639053254437,169,5.400972844873194,9.974397963453132,0.11764705882352941,1.5338334817446746,0.7603463743931123,0.03125,0.9129947190013107,0.8912087737438955,0.35294117647058826
8VB6_F,8VBF_F,34,Thesis-3T+2D,0,John-original,0,0.14858,0.1464,20.36607493003145,0.2612249066293184,0.2455621301775148,169,5.286188188448538,9.878805004043635,0.11764705882352941,1.1812114755739977,0.6561625704974858,0.0625,0.7353920499508813,0.9272163452182319,0.35294117647058826
8VB6_F,8VBF_F,34,Thesis-3T+2D,0,John-fixed,0,0.14858,0.11985,20.34645996808134,0.2795188267614739,0.2618343195266272,169,5.233265900986146,9.787432854720711,0.08823529411764706,1.0601867309313417,0.644992061381334,0.09375,0.8821625515404352,0.9895132470938737,0.35294117647058826
8VB6_F,8VBF_F,34,Thesis-3T+2D,0,Geometry,0,0.14858,0.15048,20.510330579755877,0.2519066921640451,0.23520710059171598,169,5.337520070456329,9.930771372977084,0.11764705882352941,1.3721057647239057,0.7593879401381933,0.03125,0.5969932652459824,0.8978913257291695,0.35294117647058826
8VB6_F,8VBF_F,34,Thesis-3T+2D,0,Geometry-fixed-strength,0,0.14858,0.11654,20.527139371839176,0.255670697766286,0.23964497041420119,169,5.314250456474193,9.90053638978545,0.11764705882352941,1.15895396852682,0.7706418739780219,0.03125,0.6435210194087363,0.8922207155156177,0.35294117647058826
8VB6_F,8VBF_F,34,Thesis-3T+2D,0,Geometry-global-prior,0,0.14858,0.14009,20.51003503092077,0.2519066921640451,0.23520710059171598,169,5.335874198290305,9.929657688376164,0.11764705882352941,1.37607508186695,0.759601748738369,0.03125,0.5916176466086831,0.8965492390615816,0.35294117647058826
8VB6_F,8VBF_F,34,Thesis-3T+2D,0,Geometry-no-Rg,0,0.14858,0.1067,20.511032067007747,0.2519066921640451,0.23520710059171598,169,5.337436355679367,9.930721101098168,0.11764705882352941,1.3714689990779165,0.7615329571920633,0.03125,0.5966803771995348,0.8999917782599841,0.35294117647058826
8VB6_F,8VBF_F,34,Thesis-3T+2D,0,Simple,0,0.14858,0.14226,20.47583450378712,0.2724040257128493,0.2588757396449704,169,5.419460895430976,9.923137195550567,0.11764705882352941,0.7864876081804562,0.7193761690217855,0.125,1.0190588228611046,1.0368869493363584,0.4117647058823529
8VB6_F,8VBF_F,34,Thesis-3T+2D,1,Raw,0,0.15286,0.15286,20.486292238757432,0.2555721647633412,0.23964497041420119,169,5.402894592034402,9.985674145226614,0.11764705882352941,1.5181874636575008,0.7545283961731926,0.03125,0.9413610107541073,0.9306073581833172,0.35294117647058826
8VB6_F,8VBF_F,34,Thesis-3T+2D,1,John-original,0,0.15286,0.1603,20.341033458685725,0.2659955648926237,0.25,169,5.294769952451528,9.898247873906163,0.11764705882352941,1.1795157794790085,0.6497727119970484,0.0625,0.811723348504831,0.9802958351552307,0.35294117647058826
8VB6_F,8VBF_F,34,Thesis-3T+2D,1,John-fixed,0,0.15286,0.10511,20.308680144169333,0.28498550061050065,0.2677514792899408,169,5.247693314583588,9.808548031797674,0.08823529411764706,1.037648839000685,0.628772368989484,0.09375,0.898585248425966,1.0051625362562995,0.35294117647058826
8VB6_F,8VBF_F,34,Thesis-3T+2D,1,Geometry,0,0.15286,0.14233,20.48192226151859,0.25663358292034766,0.23964497041420119,169,5.320111544091306,9.932560308575654,0.11764705882352941,1.3317414560920855,0.7657289394029902,0.03125,0.7119350289018428,0.9296317302206888,0.35294117647058826
8VB6_F,8VBF_F,34,Thesis-3T+2D,1,Geometry-fixed-strength,0,0.15286,0.13304,20.478660172125412,0.2643615779645192,0.2485207100591716,169,5.252002355969211,9.897410195909348,0.08823529411764706,1.0714943526437646,0.7918280556298107,0.03125,0.7984723499256551,0.9474169749484385,0.35294117647058826
8VB6_F,8VBF_F,34,Thesis-3T+2D,1,Geometry-global-prior,0,0.15286,0.13494,20.483320632430583,0.2577244038641097,0.2411242603550296,169,5.358347397955274,9.953452303679965,0.11764705882352941,1.357862019930075,0.7456110758500394,0.03125,0.5904871197663555,0.8359967798976051,0.35294117647058826
8VB6_F,8VBF_F,34,Thesis-3T+2D,1,Geometry-no-Rg,0,0.15286,0.14241,20.483274178365996,0.25663358292034766,0.23964497041420119,169,5.319962377177493,9.932692769540731,0.11764705882352941,1.3315250320086507,0.7680052812546414,0.03125,0.7117012705491162,0.9300612509949263,0.35294117647058826
8VB6_F,8VBF_F,34,Thesis-3T+2D,1,Simple,0,0.15286,0.15212,20.528155351605143,0.2810612385980033,0.26331360946745563,169,5.490274896341718,10.09298690553301,0.11764705882352941,0.7762436986554464,0.799833431634756,0.125,1.1163261050767177,1.0392300353654373,0.35294117647058826
8VB6_F,8VBF_F,34,Thesis-3T+2D,2,Raw,0,0.1399,0.1399,20.459164972446906,0.25809070423041014,0.2411242603550296,169,5.401772786191497,9.963206514707155,0.11764705882352941,1.5397824319994184,0.6600085798058544,0.03125,0.9290786821246177,0.9322997705493268,0.35294117647058826
8VB6_F,8VBF_F,34,Thesis-3T+2D,2,John-original,0,0.1399,0.13684,20.313469195826872,0.26319444444444445,0.2470414201183432,169,5.282055605572356,9.86363093199113,0.11764705882352941,1.1876726855286948,0.5547513845112171,0.0625,0.7209530933113641,0.9152651815729839,0.29411764705882354
8VB6_F,8VBF_F,34,Thesis-3T+2D,2,John-fixed,0,0.1399,0.11579,20.293819208828214,0.27593325791855206,0.2618343195266272,169,5.2363753206005885,9.777566019407768,0.08823529411764706,1.0616558493270454,0.5403812582411476,0.09375,0.8855210064221208,0.9952379070159713,0.35294117647058826
8VB6_F,8VBF_F,34,Thesis-3T+2D,2,Geometry,0,0.1399,0.1436,20.454413633013374,0.2533914206708325,0.23668639053254437,169,5.332545677709484,9.920605934604847,0.11764705882352941,1.3801253667410955,0.6607866221330632,0.03125,0.6075704053464914,0.9721497958552882,0.35294117647058826
8VB6_F,8VBF_F,34,Thesis-3T+2D,2,Geometry-fixed-strength,0,0.1399,0.1287,20.4501047217973,0.25806668821374706,0.2411242603550296,169,5.283574671220953,9.894783523037791,0.11764705882352941,1.1848411820197948,0.6637963116573715,0.03125,0.7671678862363502,0.9799969764633526,0.35294117647058826
8VB6_F,8VBF_F,34,Thesis-3T+2D,2,Geometry-global-prior,0,0.1399,0.10368,20.4576839654262,0.2550074516986282,0.23816568047337278,169,5.338226585333914,9.91963255709619,0.11764705882352941,1.3810720404466217,0.658750163025946,0.03125,0.609376492564524,0.8751641844180363,0.35294117647058826
8VB6_F,8VBF_F,34,Thesis-3T+2D,2,Geometry-no-Rg,0,0.1399,0.14357,20.45571305908179,0.2550074516986282,0.23816568047337278,169,5.332547245473734,9.921115268919312,0.11764705882352941,1.379780612800701,0.6630663104512386,0.03125,0.6081656671799351,0.9722660119482955,0.35294117647058826
8VB6_F,8VBF_F,34,Thesis-3T+2D,2,Simple,0,0.1399,0.12705,20.46028398462425,0.2684166936005171,0.2529585798816568,169,5.52509681582228,10.046295867605533,0.08823529411764706,0.7884055951711915,0.6021914875246743,0.125,1.021360056235412,1.0727712259416178,0.4117647058823529
8VB6_F,8VBF_F,34,Thesis-3T+2D,3,Raw,0,0.2914,0.2914,6.02886952172546,0.6576159951159951,0.6923076923076923,169,1.62449202061457,2.947757720162668,0.0,0.8348476992597231,1.5471269141676114,0.03125,0.29339806296557175,0.35284930482174837,0.7058823529411765
8VB6_F,8VBF_F,34,Thesis-3T+2D,3,John-original,0,0.2914,0.27224,6.186181475926584,0.6625217715291245,0.6937869822485208,169,1.693292610502539,3.044462646748004,0.0,0.684603019634709,1.4938819697150265,0.03125,0.34953376034226136,0.415561970515486,0.8235294117647058
8VB6_F,8VBF_F,34,Thesis-3T+2D,3,John-fixed,0,0.2914,0.27753,6.173918428572323,0.6619651386195503,0.6952662721893491,169,1.6823531569143468,3.0345719904222848,0.0,0.7012354151671575,1.51219157534792,0.03125,0.34895762583475776,0.41204889069706646,0.8235294117647058
8VB6_F,8VBF_F,34,Thesis-3T+2D,3,Geometry,0,0.2914,0.29172,6.0208663438017,0.6651172969187675,0.6982248520710059,169,1.6364874503384357,2.954147210653097,0.0,0.7154720914731402,1.4917830979372155,0.03125,0.2856774901161372,0.33388094740921526,0.7058823529411765
8VB6_F,8VBF_F,34,Thesis-3T+2D,3,Geometry-fixed-strength,0,0.2914,0.29085,6.0217811460578865,0.6574252136752137,0.6893491124260355,169,1.653817254937476,2.967813960464219,0.0,0.6756056460848521,1.462021140538198,0.03125,0.2827843489214532,0.3180202230936365,0.7058823529411765
8VB6_F,8VBF_F,34,Thesis-3T+2D,3,Geometry-global-prior,0,0.2914,0.29185,6.021507215062925,0.6651172969187675,0.6982248520710059,169,1.6367063424189943,2.954288915210707,0.0,0.7147564781875645,1.491146189219954,0.03125,0.28469142511942624,0.33849487088555774,0.7058823529411765
8VB6_F,8VBF_F,34,Thesis-3T+2D,3,Geometry-no-Rg,0,0.2914,0.29157,6.022101846798532,0.665546218487395,0.6982248520710059,169,1.6353195528614306,2.9539680561626094,0.0,0.7174843060708265,1.5004536040128116,0.03125,0.28671484299925326,0.3348001366619172,0.7058823529411765
8VB6_F,8VBF_F,34,Thesis-3T+2D,3,Simple,0,0.2914,0.2899,6.030244839432211,0.6581546721252605,0.6908284023668639,169,1.6535552771022801,2.970176370949787,0.0,0.6688569900891852,1.4784597608439576,0.03125,0.31268233709794685,0.38594539944404926,0.7058823529411765
8VB6_F,8VBF_F,34,Thesis-3T+2D,4,Raw,0,0.27524,0.27524,6.049859331888024,0.6464368760324642,0.6789940828402367,169,1.852795126298228,3.200857211964999,0.0,0.897088379707048,1.3636250797996219,0.0,0.2712347408869374,0.30272085622826234,0.7647058823529411
8VB6_F,8VBF_F,34,Thesis-3T+2D,4,John-original,0,0.27524,0.26474,6.198044599515807,0.6600600175967822,0.6893491124260355,169,1.8612028815914137,3.2828585142316564,0.0,0.7823593966812423,1.292095035102303,0.0,0.2888587165583314,0.34014039924179257,0.7647058823529411
8VB6_F,8VBF_F,34,Thesis-3T+2D,4,John-fixed,0,0.27524,0.26862,6.168534919724559,0.658432090785032,0.6937869822485208,169,1.8530395300364613,3.262793368498909,0.0,0.803941544682151,1.3117030042833342,0.0,0.2805184252515324,0.31314135795566045,0.7647058823529411
8VB6_F,8VBF_F,34,Thesis-3T+2D,4,Geometry,0,0.27524,0.27752,6.05064156133497,0.6406492404654169,0.6745562130177515,169,1.8674375206800948,3.224660177770635,0.0,0.8086634303526612,1.2875049833837906,0.0,0.2327115556333333,0.24563836582927803,0.7647058823529411
8VB6_F,8VBF_F,34,Thesis-3T+2D,4,Geometry-fixed-strength,0,0.27524,0.27677,6.05004192181191,0.639294467787115,0.6745562130177515,169,1.8744264838374656,3.233394901586119,0.0,0.775627934058371,1.255234029715698,0.0,0.22204634580090815,0.23593719342128278,0.8235294117647058
8VB6_F,8VBF_F,34,Thesis-3T+2D,4,Geometry-global-prior,0,0.27524,0.27756,6.051689296075569,0.6449997306614953,0.6775147928994083,169,1.8752831082145605,3.232328368570408,0.0,0.8082520381099872,1.287881205862039,0.0,0.23345624592388403,0.24910959486988912,0.7647058823529411
8VB6_F,8VBF_F,34,Thesis-3T+2D,4,Geometry-no-Rg,0,0.27524,0.27757,6.051288767854709,0.6439580639948287,0.6760355029585798,169,1.8664625748401884,3.2241821017980072,0.0,0.8111308741545447,1.2951108251308199,0.0,0.23349522948615462,0.245311200067222,0.7647058823529411
8VB6_F,8VBF_F,34,Thesis-3T+2D,4,Simple,0,0.27524,0.27136,6.064651785160759,0.6479287868993752,0.6804733727810651,169,1.893348508039624,3.255932949517561,0.0,0.7711957094670974,1.2665188160981593,0.0,0.29860649772582276,0.3347150700625325,0.7647058823529411
8VBH_F,8VBF_F,36,J-controlled,0,Raw,0,0.14967,0.14967,16.608677635682806,0.3178721933930267,0.29428571428571426,175,6.027477597555261,10.769342133166647,0.05555555555555555,1.3266582344500168,2.9724640492193153,0.14705882352941177,1.6355451449304328,0.9830769718761168,0.5
8VBH_F,8VBF_F,36,J-controlled,0,John-original,0,0.14967,0.16036,16.513700625604425,0.3036534645909646,0.2842857142857143,175,5.780470128725814,10.562068039354422,0.05555555555555555,0.9585059256750347,3.017622940748703,0.11764705882352941,1.4776398550712562,1.1199906829401813,0.4444444444444444
8VBH_F,8VBF_F,36,J-controlled,0,John-fixed,0,0.14967,0.15982,16.50403674390531,0.3090046720255054,0.29,175,5.759383002138207,10.538668104667064,0.08333333333333333,0.8965919996430787,3.0105746942106837,0.11764705882352941,1.4583205672705282,1.0274621306081824,0.3888888888888889
8VBH_F,8VBF_F,36,J-controlled,0,Simple,0,0.14967,0.14829,16.567446927992926,0.3150098358431691,0.29,175,5.962093055304864,10.709878888814938,0.05555555555555555,1.1325753786977453,3.0067339831983197,0.14705882352941177,1.5739563030852537,1.0064879763795114,0.4444444444444444
8VBH_F,8VBF_F,36,J-controlled,0,Geometry,0,0.14967,0.15655,16.595006799331966,0.31726360059693387,0.2914285714285714,175,5.9675548846637785,10.732426447801869,0.05555555555555555,1.1972758160083299,2.981985766480955,0.14705882352941177,1.382424321363978,0.9679956648584113,0.5
8VBH_F,8VBF_F,36,J-controlled,1,Raw,0,0.16893,0.16893,13.897246689849046,0.29352805759055767,0.2671428571428571,175,5.53836213749662,8.348993609033649,0.027777777777777776,1.1670154197331328,2.4496771846827823,0.08823529411764706,1.1158786076151068,0.8948796301666058,0.5
8VBH_F,8VBF_F,36,J-controlled,1,John-original,0,0.16893,0.17337,13.879680112229993,0.29452330077330074,0.2642857142857143,175,5.349837062515385,8.214915217757339,0.027777777777777776,0.8134047759912806,2.440843010656584,0.058823529411764705,1.0471996228247207,0.8654238617753912,0.4444444444444444
8VBH_F,8VBF_F,36,J-controlled,1,John-fixed,0,0.16893,0.17076,13.878262772702852,0.29950714794464794,0.2671428571428571,175,5.336300734547167,8.20429875787504,0.05555555555555555,0.7829707086659261,2.4375367627325097,0.058823529411764705,1.0459965202639114,0.8632381516983656,0.4444444444444444
8VBH_F,8VBF_F,36,J-controlled,1,Simple,0,0.16893,0.1958,13.840968747349804,0.3095013397096731,0.28,175,5.400536539433657,8.230323151747918,0.027777777777777776,0.8368166238587065,2.4941149488495338,0.058823529411764705,1.1220755368393045,0.8903784560079853,0.5
8VBH_F,8VBF_F,36,J-controlled,1,Geometry,0,0.16893,0.17194,13.857704306072161,0.3008504612671279,0.2714285714285714,175,5.437932987619715,8.272159312775038,0.027777777777777776,0.9567872384505525,2.4671757944691706,0.08823529411764706,1.0000069395016333,0.7886227631242918,0.5
8VBH_F,8VBF_F,36,J-controlled,2,Raw,0,0.16345,0.16345,24.684658863524458,0.2806017670601004,0.24571428571428572,175,11.201696924204871,16.620324829183684,0.16666666666666666,2.980593926332238,4.223019647053686,0.17647058823529413,2.4285613277530764,0.5988903167232309,0.4444444444444444
8VBH_F,8VBF_F,36,J-controlled,2,John-original,0,0.16345,0.18923,24.295178513917147,0.26165992572242575,0.22857142857142856,175,10.05889270519658,15.808359410487315,0.16666666666666666,2.300761543214312,3.647410044839564,0.14705882352941177,2.273175272297724,0.9842923264164725,0.5555555555555556
8VBH_F,8VBF_F,36,J-controlled,2,John-fixed,0,0.16345,0.18034,24.286845740159382,0.2590530033238367,0.2257142857142857,175,9.989814247790978,15.751600646025194,0.19444444444444445,2.224564303056344,3.649631827933735,0.14705882352941177,2.0819868165665905,0.9011467575216138,0.3333333333333333
8VBH_F,8VBF_F,36,J-controlled,2,Simple,0,0.16345,0.1838,24.619184191561935,0.28583553791887123,0.25285714285714284,175,11.106016310820975,16.560159584872903,0.19444444444444445,2.9027771670121134,4.154646492960346,0.14705882352941177,2.277655973124736,0.5905072280583707,0.3888888888888889
8VBH_F,8VBF_F,36,J-controlled,2,Geometry,0,0.16345,0.18801,24.65579950593087,0.28480531813865145,0.25142857142857145,175,11.121556691269461,16.578787542096197,0.19444444444444445,2.906170551637253,4.1688304779616665,0.14705882352941177,1.758842872579721,0.7616442391388674,0.4444444444444444
8VBH_F,8VBF_F,36,J-controlled,3,Raw,0,0.17198,0.17198,27.45433631197516,0.2792177536969204,0.26285714285714284,175,10.274479606922496,15.640390688589148,0.05555555555555555,2.3559995175083794,14.339055221008312,0.058823529411764705,1.7672555320540417,0.2632959814261652,0.1111111111111111
8VBH_F,8VBF_F,36,J-controlled,3,John-original,0,0.17198,0.17032,27.753676603644674,0.2602193138651472,0.24142857142857144,175,9.28494424811069,14.875511563270551,0.08333333333333333,1.8504048426373982,14.406356893096042,0.029411764705882353,1.7392233579718681,0.5396305612693679,0.16666666666666666
8VBH_F,8VBF_F,36,J-controlled,3,John-fixed,0,0.17198,0.16081,27.803232284666564,0.2521592219508886,0.23285714285714285,175,9.213003660124821,14.819207911190249,0.05555555555555555,1.8172479820268743,14.432705415129501,0.029411764705882353,1.703043704625162,0.5286097143557206,0.16666666666666666
8VBH_F,8VBF_F,36,J-controlled,3,Simple,0,0.17198,0.16333,27.421957260701827,0.2830906169447836,0.2671428571428571,175,10.230564879374045,15.606664425699362,0.05555555555555555,2.329053879034732,14.313079815148132,0.058823529411764705,1.7597356914555533,0.39378209065484776,0.1111111111111111
8VBH_F,8VBF_F,36,J-controlled,3,Geometry,0,0.17198,0.1677,27.411364736624233,0.2802333469000136,0.2642857142857143,175,10.246599275175402,15.608064957141245,0.05555555555555555,2.3388991627846827,14.304901182655751,0.058823529411764705,1.1384897728012646,0.4930872334404613,0.1111111111111111
8VBH_F,8VBF_F,36,J-controlled,4,Raw,0,0.16725,0.16725,20.302452170111653,0.2838187661104328,0.2757142857142857,175,5.628330825409123,11.444381619748976,0.05555555555555555,0.9543360750754307,0.9961285475035702,0.14705882352941177,1.0159771148184538,0.760501070403463,0.3888888888888889
8VBH_F,8VBF_F,36,J-controlled,4,John-original,0,0.16725,0.16612,20.286826087797934,0.28618318409985083,0.27714285714285714,175,5.460880222548432,11.383413986121118,0.05555555555555555,0.7751241417734744,1.0691309334909427,0.08823529411764706,0.9942941744547275,0.7881489304600415,0.3888888888888889
8VBH_F,8VBF_F,36,J-controlled,4,John-fixed,0,0.16725,0.16598,20.286951924174836,0.28114846187762854,0.27285714285714285,175,5.45886747202312,11.382728016098797,0.05555555555555555,0.7669667714159853,1.075668139038573,0.08823529411764706,0.9934388321383584,0.7929533561496611,0.3888888888888889
8VBH_F,8VBF_F,36,J-controlled,4,Simple,0,0.16725,0.16408,20.291470717815137,0.274883199362366,0.26857142857142857,175,5.554085901782351,11.39046192236796,0.05555555555555555,0.7951832750360059,0.9860673686706534,0.11764705882352941,1.0010606788743235,0.7677676154855575,0.3888888888888889
8VBH_F,8VBF_F,36,J-controlled,4,Geometry,0,0.16725,0.16675,20.28881409793889,0.2803115672907339,0.27285714285714285,175,5.566381502131124,11.405338835245315,0.05555555555555555,0.8552457828374747,0.9855473334034173,0.11764705882352941,0.8523386256491912,0.7008506230147511,0.3888888888888889
8VBH_F,8VBF_F,36,Thesis-3T+2D,0,Raw,0,0.18931,0.18931,27.282604086185124,0.32600944580111246,0.3057142857142857,175,6.817903271294355,12.100763267001184,0.0,1.9857205861581129,11.4772642225264,0.029411764705882353,0.4968620916835804,0.564095460070197,0.05555555555555555
8VBH_F,8VBF_F,36,Thesis-3T+2D,0,John-original,0,0.18931,0.18538,27.252450812255073,0.3096041497083164,0.28,175,6.458586080388174,11.78327258442553,0.0,1.5961235609062203,11.416017372732338,0.029411764705882353,0.4736699908390051,0.6292216023241741,0.1111111111111111
8VBH_F,8VBF_F,36,Thesis-3T+2D,0,John-fixed,0,0.18931,0.18507,27.266917204609232,0.3025916598833265,0.2714285714285714,175,6.315686977872749,11.662599684469729,0.027777777777777776,1.4757888930296428,11.400459272940466,0.0,0.47477699869739887,0.5941997231891093,0.1111111111111111
8VBH_F,8VBF_F,36,Thesis-3T+2D,0,Geometry,0,0.18931,0.18667,27.255651213855742,0.32430809930809934,0.30142857142857143,175,6.761450872262297,12.050768916698376,0.0,1.8159088668392462,11.447570261771386,0.029411764705882353,0.44416664859452437,0.5307569349204858,0.05555555555555555
8VBH_F,8VBF_F,36,Thesis-3T+2D,0,Geometry-fixed-strength,0,0.18931,0.1843,27.228811231128773,0.3175913207163207,0.2957142857142857,175,6.710347307157646,12.000610490172136,0.0,1.6947667573174692,11.418054329562079,0.0,0.40827846041069804,0.5102403669566006,0.05555555555555555
8VBH_F,8VBF_F,36,Thesis-3T+2D,0,Geometry-global-prior,0,0.18931,0.18764,27.25521951130417,0.3254209910459911,0.3028571428571429,175,6.759437908752645,12.050405452227807,0.0,1.8166056551756256,11.447377490785481,0.029411764705882353,0.4335880806997028,0.5236207847695828,0.05555555555555555
8VBH_F,8VBF_F,36,Thesis-3T+2D,0,Geometry-no-Rg,0,0.18931,0.18672,27.268256812778194,0.3231952075702076,0.3,175,6.765704220376287,12.056809195012171,0.0,1.8153382148626636,11.463466536484113,0.029411764705882353,0.4440997458386833,0.5303064244844115,0.05555555555555555
8VBH_F,8VBF_F,36,Thesis-3T+2D,0,Simple,0,0.18931,0.18195,27.25446151299258,0.31343101343101337,0.2914285714285714,175,6.721672443705211,12.012982285830617,0.0,1.6979966279526373,11.45091895367321,0.0,0.46786245148183037,0.5460156362431845,0.05555555555555555
8VBH_F,8VBF_F,36,Thesis-3T+2D,1,Raw,0,0.17398,0.17398,12.923132080346692,0.33613061321394655,0.31857142857142856,175,5.112978111317981,8.414356756441014,0.0,1.0607082395725331,1.7214886167656367,0.029411764705882353,1.0239532690212032,0.940714870042831,0.5555555555555556
8VBH_F,8VBF_F,36,Thesis-3T+2D,1,John-original,0,0.17398,0.17001,12.820716104544076,0.33709087979921315,0.3171428571428571,175,5.01103619762531,8.273248259954867,0.0,0.8006662698217877,1.7533426648945216,0.0,0.9509382728175384,0.9103134257446175,0.6111111111111112
8VBH_F,8VBF_F,36,Thesis-3T+2D,1,John-fixed,0,0.17398,0.19116,12.793336688784331,0.33665547415547414,0.3157142857142857,175,4.989115764582238,8.23626943186347,0.0,0.7319021099160072,1.758593639527465,0.0,0.905059542320144,0.885289136382382,0.6111111111111112
8VBH_F,8VBF_F,36,Thesis-3T+2D,1,Geometry,0,0.17398,0.17545,12.90879228581707,0.3401531339031339,0.32285714285714284,175,5.064389558964921,8.36642320506273,0.0,0.8860400473870761,1.7372325725980495,0.0,0.7281107319479475,0.8546133711881058,0.5555555555555556
8VBH_F,8VBF_F,36,Thesis-3T+2D,1,Geometry-fixed-strength,0,0.17398,0.17141,12.893748935294877,0.3420357227648894,0.32285714285714284,175,5.0248742464769505,8.328887607173561,0.0,0.7573210562082421,1.7476015011600232,0.0,0.6323316845697198,0.8253628855100648,0.5555555555555556
8VBH_F,8VBF_F,36,Thesis-3T+2D,1,Geometry-global-prior,0,0.17398,0.1757,12.90956346305773,0.3403133903133903,0.32285714285714284,175,5.063669572118323,8.365296924922289,0.0,0.8863579619367489,1.7390498894533017,0.0,0.7208613901384817,0.8519798573738212,0.5555555555555556
8VBH_F,8VBF_F,36,Thesis-3T+2D,1,Geometry-no-Rg,0,0.17398,0.17567,12.907072807957176,0.3391229141229141,0.32142857142857145,175,5.062647386318055,8.36455311633746,0.0,0.885170113777448,1.7468947298168196,0.0,0.7267846885527538,0.853394756777148,0.5555555555555556
8VBH_F,8VBF_F,36,Thesis-3T+2D,1,Simple,0,0.17398,0.17102,12.883650291775684,0.3415204008954009,0.32142857142857145,175,5.027668993116308,8.329463160338124,0.0,0.7521032218655893,1.7562852179272355,0.0,0.9110548578900315,0.8859547661142744,0.5555555555555556
8VBH_F,8VBF_F,36,Thesis-3T+2D,2,Raw,0,0.16115,0.16115,15.964630475256051,0.32118415920499255,0.2914285714285714,175,5.289130556857905,9.250875953280785,0.5,1.7428561767126582,3.003838201024708,0.029411764705882353,1.0024638227919942,0.8545306912519518,0.3888888888888889
8VBH_F,8VBF_F,36,Thesis-3T+2D,2,John-original,0,0.16115,0.1493,15.919050195061503,0.3292480667480668,0.3,175,5.25234233025552,9.285879972472616,0.3611111111111111,1.2393648102562813,3.0487788294769107,0.20588235294117646,2.2448353516374295,0.8739917653672379,0.3888888888888889
8VBH_F,8VBF_F,36,Thesis-3T+2D,2,John-fixed,0,0.16115,0.14544,15.904577818528542,0.34326605107855107,0.31142857142857144,175,5.286687985502701,9.293706046716704,0.3611111111111111,0.9995277553581173,3.0630277143474096,0.20588235294117646,2.323527849494378,0.87065370818832,0.4444444444444444
8VBH_F,8VBF_F,36,Thesis-3T+2D,2,Geometry,0,0.16115,0.1737,16.031130920259987,0.3375773724732058,0.30857142857142855,175,5.242735250413135,9.340317376567713,0.25,1.3072491016310965,2.933896795781477,0.029411764705882353,0.5524917714416302,0.7812530589896227,0.3888888888888889
8VBH_F,8VBF_F,36,Thesis-3T+2D,2,Geometry-fixed-strength,0,0.16115,0.14562,16.011976695085373,0.3740259547551214,0.3414285714285714,175,5.315600111151895,9.459703013713748,0.1388888888888889,0.8912962628252434,2.877537950708323,0.029411764705882353,0.6934181798929795,0.8853103038825703,0.4444444444444444
8VBH_F,8VBF_F,36,Thesis-3T+2D,2,Geometry-global-prior,0,0.16115,0.17034,16.04583225953368,0.34098303317053313,0.31285714285714283,175,5.231877835387288,9.347179134988464,0.2222222222222222,1.249382848216326,2.9446009787839635,0.029411764705882353,0.6376996814123204,0.7765970792054538,0.3888888888888889
8VBH_F,8VBF_F,36,Thesis-3T+2D,2,Geometry-no-Rg,0,0.16115,0.17389,16.021114739239906,0.3389599019807353,0.31,175,5.240438197035237,9.32882141820831,0.25,1.3272853656848498,2.9502548562382813,0.029411764705882353,0.5788029514306275,0.7799222952923586,0.3888888888888889
8VBH_F,8VBF_F,36,Thesis-3T+2D,2,Simple,0,0.16115,0.14705,15.795573986288142,0.34976003934337263,0.32142857142857145,175,5.628966285979305,9.40593817174889,0.25,0.634640682928362,2.9753299102626816,0.20588235294117646,1.7512355865605072,1.083795113155474,0.5
8VBH_F,8VBF_F,36,Thesis-3T+2D,3,Raw,0,0.30121,0.30121,6.77234447496014,0.6744812864604531,0.6885714285714286,175,1.9511919762995016,3.232326115527972,0.0,0.863475068376372,1.2237993525115627,0.0,0.21862182669903513,0.306820209434544,0.7222222222222222
8VBH_F,8VBF_F,36,Thesis-3T+2D,3,John-original,0,0.30121,0.29783,6.932464628625922,0.6789521435354768,0.6885714285714286,175,1.9708175631926221,3.3362027529479827,0.0,0.7495345517839079,1.2086603181438953,0.0,0.28947386964274924,0.3486490427000078,0.8333333333333334
8VBH_F,8VBF_F,36,Thesis-3T+2D,3,John-fixed,0,0.30121,0.30238,6.884443151420887,0.6802895214353548,0.69,175,1.9591235529288977,3.3042996084263763,0.0,0.7846317311582923,1.2253818882862682,0.0,0.26497290964398507,0.3191380453758762,0.8333333333333334
8VBH_F,8VBF_F,36,Thesis-3T+2D,3,Geometry,0,0.30121,0.30698,6.8011528330069195,0.6585217830009497,0.6728571428571428,175,1.952171097200417,3.2359573317211034,0.0,0.7680225444427249,1.143430653496079,0.0,0.18543257327174092,0.2303917078290188,0.6666666666666666
8VBH_F,8VBF_F,36,Thesis-3T+2D,3,Geometry-fixed-strength,0,0.30121,0.3086,6.809886077939819,0.6602551383801384,0.6728571428571428,175,1.9570377633647895,3.2399176531333116,0.0,0.7355300066204217,1.1130966484109592,0.0,0.17928399334665826,0.2233928417532766,0.6666666666666666
8VBH_F,8VBF_F,36,Thesis-3T+2D,3,Geometry-global-prior,0,0.30121,0.30691,6.801498230194079,0.6582710113960115,0.6728571428571428,175,1.9632758885778252,3.2441307445496177,0.0,0.7698083998411053,1.1431867342590927,0.0,0.1790924945836729,0.23280044961063823,0.6666666666666666
8VBH_F,8VBF_F,36,Thesis-3T+2D,3,Geometry-no-Rg,0,0.30121,0.30712,6.801180499495381,0.6582710113960115,0.6728571428571428,175,1.9514731920363246,3.2363204189967645,0.0,0.7702353647276451,1.1511777413480644,0.0,0.18498384436448334,0.22907672834491466,0.6666666666666666
8VBH_F,8VBF_F,36,Thesis-3T+2D,3,Simple,0,0.30121,0.30491,6.8108930760802044,0.6659889685931354,0.6771428571428572,175,1.9674860199252964,3.2570077524934264,0.0,0.7296967130404673,1.1272329308798312,0.0,0.24577057572522445,0.31834928110718946,0.7222222222222222
8VBH_F,8VBF_F,36,Thesis-3T+2D,4,Raw,0,0.30635,0.30635,7.5755131611433395,0.6499529405779405,0.6614285714285715,175,2.126949798456947,3.426401203927544,0.0,0.9626703784913702,1.0366721245674775,0.0,0.20179607427776938,0.34970787049059004,0.7777777777777778
8VBH_F,8VBF_F,36,Thesis-3T+2D,4,John-original,0,0.30635,0.29414,7.777533814002169,0.674469415615249,0.68,175,2.1280616244287516,3.535129238573292,0.0,0.8157814156043491,1.0023862480311436,0.0,0.2832000993751048,0.3780611320877915,0.8333333333333334
8VBH_F,8VBF_F,36,Thesis-3T+2D,4,John-fixed,0,0.30635,0.30206,7.720966539219639,0.6813366995658662,0.6814285714285714,175,2.1262955801618113,3.5044717470926803,0.0,0.8548438086504317,1.016568569493483,0.0,0.24962800391952264,0.3643641132336301,0.8333333333333334
8VBH_F,8VBF_F,36,Thesis-3T+2D,4,Geometry,0,0.30635,0.31095,7.61731171238025,0.6624821937321937,0.6671428571428571,175,2.137685377637499,3.463009682783051,0.0,0.8390065436359302,0.9409079969747687,0.0,0.19728336583722517,0.3002254332459084,0.6666666666666666
8VBH_F,8VBF_F,36,Thesis-3T+2D,4,Geometry-fixed-strength,0,0.30635,0.31009,7.628110988581048,0.6670507733007732,0.67,175,2.144864743392387,3.477776949686009,0.0,0.8020031580581233,0.9058473694044977,0.0,0.19315027753202033,0.2888993813006781,0.6666666666666666
8VBH_F,8VBF_F,36,Thesis-3T+2D,4,Geometry-global-prior,0,0.30635,0.31029,7.621462377161539,0.6725346798263465,0.6728571428571428,175,2.147960601380308,3.474326496538227,0.0,0.8514469813444373,0.9370115767863822,0.0,0.17501410822622115,0.2967526939592317,0.6666666666666666
8VBH_F,8VBF_F,36,Thesis-3T+2D,4,Geometry-no-Rg,0,0.30635,0.31088,7.61665206530193,0.6647800501967169,0.67,175,2.1373555126773507,3.4631305259122103,0.0,0.8403062559750039,0.9470354177654947,0.0,0.1966088107527736,0.30263502854312585,0.6666666666666666
8VBH_F,8VBF_F,36,Thesis-3T+2D,4,Simple,0,0.30635,0.30879,7.6263215259380495,0.6670452618369285,0.6728571428571428,175,2.1472378941631534,3.474127348719993,0.0,0.7756173432073399,0.9249914074340353,0.0,0.28076722115582675,0.3873133584741827,0.7222222222222222
8ZOL_A,8ZOL_A,61,J-controlled,0,Raw,0,0.90699,0.90699,1.2537837669655216,0.9102266612859833,0.8919753086419753,162,0.5281730492844364,0.5855348331617245,0.0,1.0769229948956245,30.068431045514263,0.0847457627118644,0.7526781227175986,0.6432487736767128,0.16393442622950818
8ZOL_A,8ZOL_A,61,J-controlled,0,John-original,0,0.90699,0.89511,1.299191144837004,0.8960922787193973,0.8765432098765432,162,0.5726147697231401,0.6289173548876813,0.0,0.9240640491146263,30.08052328538861,0.0847457627118644,0.7387716622595133,0.6485405006997803,0.16393442622950818
8ZOL_A,8ZOL_A,61,J-controlled,0,John-fixed,0,0.90699,0.84924,1.45100554935494,0.8038354183481302,0.7885802469135802,162,0.7632710099930027,0.8250201227401792,0.0,0.7288149580922627,30.10859180537727,0.05084745762711865,0.7146431655305048,0.6679974198005165,0.16393442622950818
8ZOL_A,8ZOL_A,61,J-controlled,0,Simple,0,0.90699,0.89008,1.329001195166726,0.8514426957223566,0.8364197530864198,162,0.6326284056373047,0.6765059463652339,0.0,0.7636655021649593,30.051296979795875,0.1016949152542373,0.7443307261806965,0.6496258767997533,0.16393442622950818
8ZOL_A,8ZOL_A,61,J-controlled,0,Geometry,0,0.90699,0.90607,1.2592106473346965,0.9147346650524616,0.8950617283950617,162,0.5334434576930671,0.5881360226715262,0.0,0.9852964577630883,30.057715172085036,0.0847457627118644,0.7291703768995633,0.6254919630851108,0.16393442622950818
8ZOL_A,8ZOL_A,61,J-controlled,1,Raw,0,0.2191,0.2191,15.322360638047725,0.6647212133440946,0.6450617283950617,162,2.5527006774954324,3.644188676929372,0.01639344262295082,1.1583844830694177,23.889431398446984,0.06779661016949153,1.033232733897974,0.6706685664481445,0.13114754098360656
8ZOL_A,8ZOL_A,61,J-controlled,1,John-original,0,0.2191,0.21351,15.385064659847476,0.6458551923594298,0.6311728395061729,162,2.5558751216323063,3.654731889795187,0.03278688524590164,0.9924019832378213,23.894856801151516,0.06779661016949153,1.043876463567152,0.7058949356843757,0.16393442622950818
8ZOL_A,8ZOL_A,61,J-controlled,1,John-fixed,0,0.2191,0.20043,15.49038399657591,0.6185868980360507,0.6080246913580247,162,2.6226700815250794,3.7147645882402154,0.01639344262295082,0.7514135991986785,23.90735840369616,0.06779661016949153,1.0066572639643256,0.719005636276944,0.13114754098360656
8ZOL_A,8ZOL_A,61,J-controlled,1,Simple,0,0.2191,0.21273,15.332842743919771,0.6610774818401938,0.6466049382716049,162,2.548451565833792,3.6390540589171505,0.03278688524590164,0.8033916038959776,23.876827513996798,0.06779661016949153,1.0451106808404569,0.687994173920313,0.13114754098360656
8ZOL_A,8ZOL_A,61,J-controlled,1,Geometry,0,0.2191,0.2179,15.327525399218128,0.6764376513317192,0.6574074074074074,162,2.5421104847319493,3.634746372484149,0.03278688524590164,1.0372991378309842,23.877381799657076,0.06779661016949153,0.9792608874703562,0.6525600492304313,0.13114754098360656
8ZOL_A,8ZOL_A,61,J-controlled,2,Raw,0,0.76306,0.76306,5.123562874136376,0.6285428436911488,0.6311728395061729,162,3.133813453719047,3.9676547738467667,0.01639344262295082,1.1880027994496145,30.485485601099587,0.11864406779661017,0.9446777201619819,0.7576214530949634,0.26229508196721313
8ZOL_A,8ZOL_A,61,J-controlled,2,John-original,0,0.76306,0.77092,5.08414400023147,0.6311861043852569,0.6311728395061729,162,3.08049340620144,3.908924220542464,0.01639344262295082,1.0185734131695674,30.491855976501814,0.0847457627118644,0.8776196293336498,0.7551558581291841,0.26229508196721313
8ZOL_A,8ZOL_A,61,J-controlled,2,John-fixed,0,0.76306,0.74976,5.055217415085143,0.5955071294054345,0.5987654320987654,162,3.0619860043609353,3.8636952855256887,0.03278688524590164,0.8125753829916633,30.511730573911752,0.06779661016949153,0.7978592645946021,0.7495297528980323,0.26229508196721313
8ZOL_A,8ZOL_A,61,J-controlled,2,Simple,0,0.76306,0.75722,5.056049920555511,0.6248772531611514,0.6265432098765432,162,3.0653217346803445,3.8981423239248714,0.01639344262295082,0.8309705981138163,30.46012106743549,0.0847457627118644,0.9031201858862061,0.7570746731333556,0.26229508196721313
8ZOL_A,8ZOL_A,61,J-controlled,2,Geometry,0,0.76306,0.76298,5.099130123848668,0.6294373822975518,0.6311728395061729,162,3.1044168481771592,3.9390216747831834,0.01639344262295082,1.0326874911542494,30.464667870855923,0.1016949152542373,0.8457047871303603,0.7285235051588138,0.26229508196721313
8ZOL_A,8ZOL_A,61,J-controlled,3,Raw,0,0.14431,0.14431,39.25392659405816,0.6371922921711057,0.5972222222222222,162,5.358712729732495,8.2764765051943,0.01639344262295082,3.130287736111373,55.10618974018966,0.11864406779661017,1.4868391421657332,0.5044938182971502,0.03278688524590164
8ZOL_A,8ZOL_A,61,J-controlled,3,John-original,0,0.14431,0.14633,39.303603103195464,0.6082139494215765,0.5694444444444444,162,5.219212197627191,8.155506684134545,0.01639344262295082,2.218771616614854,55.647411596587546,0.03389830508474576,1.3988793762714515,0.5451377717590172,0.03278688524590164
8ZOL_A,8ZOL_A,61,J-controlled,3,John-fixed,0,0.14431,0.14656,39.319130819736586,0.5997511433952112,0.5617283950617284,162,5.206256149658621,8.144289044769511,0.01639344262295082,2.102933126465603,55.7556033732248,0.03389830508474576,1.4022152176278628,0.5454062239678549,0.03278688524590164
8ZOL_A,8ZOL_A,61,J-controlled,3,Simple,0,0.14431,0.13475,39.213098659370644,0.6561524751143395,0.6126543209876543,162,5.307517429073977,8.230609025819055,0.03278688524590164,2.8755659784398535,55.07808926408758,0.11864406779661017,1.4339593492522449,0.49213079170680035,0.03278688524590164
8ZOL_A,8ZOL_A,61,J-controlled,3,Geometry,0,0.14431,0.12423,39.21581264105211,0.6523221011568469,0.6095679012345679,162,5.324744034188596,8.247999724125943,0.03278688524590164,2.9473702254257583,55.07132953382805,0.11864406779661017,1.0632941692873432,0.620217378959187,0.03278688524590164
8ZOL_A,8ZOL_A,61,J-controlled,4,Raw,0,0.16637,0.16637,43.1019379915317,0.5008541834813021,0.4984567901234568,162,4.502113089090805,7.196201510582682,0.01639344262295082,0.565844693419794,56.352773424883964,0.05084745762711865,2.0124946775816683,0.955985293334217,0.22950819672131148
8ZOL_A,8ZOL_A,61,J-controlled,4,John-original,0,0.16637,0.17635,43.1070700387802,0.5175427091740651,0.5200617283950617,162,4.432867359710071,7.164498207251637,0.01639344262295082,0.42397598144520365,56.376980404784604,0.05084745762711865,1.983734316463865,0.9728176407781076,0.22950819672131148
8ZOL_A,8ZOL_A,61,J-controlled,4,John-fixed,0,0.16637,0.1724,43.107626314091824,0.521721146085553,0.5262345679012346,162,4.426432329126904,7.161577029962149,0.01639344262295082,0.4107122202455391,56.37958424486966,0.05084745762711865,1.980240177474891,0.9701866061755726,0.22950819672131148
8ZOL_A,8ZOL_A,61,J-controlled,4,Simple,0,0.16637,0.18005,43.10155731970694,0.5174552730696799,0.5200617283950617,162,4.436524162121789,7.146279082089651,0.01639344262295082,0.424429287509651,56.351133833168035,0.05084745762711865,2.0033324881845638,0.9060063769268167,0.22950819672131148
8ZOL_A,8ZOL_A,61,J-controlled,4,Geometry,0,0.16637,0.18063,43.08748008373266,0.5108689803605058,0.5123456790123457,162,4.428433242554438,7.149715928607203,0.01639344262295082,0.4628862315627069,56.33252994100607,0.05084745762711865,1.145465914434372,0.7972904762942877,0.22950819672131148
8ZOL_A,8ZOL_A,61,Thesis-3T+2D,0,Raw,0,0.90699,0.90699,0.7101259190870709,0.9543566720473499,0.9567901234567902,162,0.4098060599314459,0.4797845398957164,0.0,1.0094248458256188,29.874116377128768,0.06779661016949153,0.6902163958574908,0.6159919944011731,0.16393442622950818
8ZOL_A,8ZOL_A,61,Thesis-3T+2D,0,John-original,0,0.90699,0.8973,0.7416720951097728,0.941298426150121,0.9429012345679012,162,0.4522197672668642,0.5209141747761348,0.0,0.8719238056466014,29.882422401515253,0.06779661016949153,0.6746153426891027,0.61719387259546,0.16393442622950818
8ZOL_A,8ZOL_A,61,Thesis-3T+2D,0,John-fixed,0,0.90699,0.85478,0.9083919754685346,0.8540018832391713,0.8626543209876543,162,0.6414008546331714,0.7150304079595742,0.0,0.6886237115341278,29.904935370825836,0.03389830508474576,0.6491546940252013,0.6389593541702815,0.16393442622950818
8ZOL_A,8ZOL_A,61,Thesis-3T+2D,0,Geometry,0,0.90699,0.90637,0.7086645139872214,0.9589235270379337,0.9598765432098766,162,0.41417599342373945,0.48148490883350215,0.0,0.9155749493208932,29.862264771299,0.06779661016949153,0.6312224032641374,0.5769202069293095,0.16393442622950818
8ZOL_A,8ZOL_A,61,Thesis-3T+2D,0,Geometry-fixed-strength,0,0.90699,0.89242,0.7591220575430792,0.9068166532149582,0.9135802469135802,162,0.5027970298833981,0.5619308863585531,0.0,0.72764469885601,29.823580210702506,0.05084745762711865,0.574001343747696,0.5802342879542597,0.19672131147540983
8ZOL_A,8ZOL_A,61,Thesis-3T+2D,0,Geometry-global-prior,0,0.90699,0.90616,0.7093084716484787,0.9589235270379337,0.9598765432098766,162,0.4150638693658321,0.4823792360516847,0.0,0.9149692631599872,29.86199867512406,0.06779661016949153,0.6251514894815255,0.5773524400643401,0.16393442622950818
8ZOL_A,8ZOL_A,61,Thesis-3T+2D,0,Geometry-no-Rg,0,0.90699,0.90614,0.709507193951151,0.9589235270379337,0.9598765432098766,162,0.41436168821450675,0.4818794067783507,0.0,0.915798548119502,29.869781964770564,0.06779661016949153,0.6311699507276709,0.5768698519797936,0.16393442622950818
8ZOL_A,8ZOL_A,61,Thesis-3T+2D,0,Simple,0,0.90699,0.89316,0.7573056287253539,0.9018445655098196,0.9089506172839507,162,0.5026752717961225,0.5599875879467171,0.0,0.7256713794333628,29.856839184247622,0.06779661016949153,0.6673655701465332,0.620021404985284,0.16393442622950818
8ZOL_A,8ZOL_A,61,Thesis-3T+2D,1,Raw,0,0.60195,0.60195,1.9236735763825195,0.7965714958299706,0.7808641975308642,162,1.1206389646948045,1.2637918133586215,0.01639344262295082,1.0880167199576576,28.588541422831018,0.05084745762711865,0.8796497911686916,0.8355736225718717,0.19672131147540983
8ZOL_A,8ZOL_A,61,Thesis-3T+2D,1,John-original,0,0.60195,0.60611,1.8877354490398435,0.7968455743879473,0.7824074074074074,162,1.108307293811514,1.245720273440332,0.01639344262295082,0.9325121243408814,28.603840846981537,0.05084745762711865,0.8567673293901316,0.7981212256631429,0.16393442622950818
8ZOL_A,8ZOL_A,61,Thesis-3T+2D,1,John-fixed,0,0.60195,0.6044,1.893655221975458,0.7425460721011569,0.7376543209876543,162,1.1954234621762092,1.313351549861822,0.01639344262295082,0.7286101773731357,28.626260501612325,0.03389830508474576,0.8447443723200604,0.8382955071430761,0.19672131147540983
8ZOL_A,8ZOL_A,61,Thesis-3T+2D,1,Geometry,0,0.60195,0.60119,1.9132598164812356,0.8091824724239979,0.7932098765432098,162,1.1006337607116539,1.2477039067640872,0.01639344262295082,0.9751151906507809,28.57662011727251,0.05084745762711865,0.8109905662856337,0.784663555166456,0.19672131147540983
8ZOL_A,8ZOL_A,61,Thesis-3T+2D,1,Geometry-fixed-strength,0,0.60195,0.5906,1.9199435669709894,0.7852787866559053,0.7731481481481481,162,1.1050165121409372,1.2531719126652905,0.01639344262295082,0.7296777452004861,28.538952286151346,0.05084745762711865,0.7110517687387846,0.7361135491488026,0.19672131147540983
8ZOL_A,8ZOL_A,61,Thesis-3T+2D,1,Geometry-global-prior,0,0.60195,0.60125,1.912375998226307,0.8091824724239979,0.7932098765432098,162,1.099654233187539,1.2469722520130035,0.01639344262295082,0.9743365359758573,28.57542443055245,0.05084745762711865,0.8051105023095955,0.7839409946854489,0.19672131147540983
8ZOL_A,8ZOL_A,61,Thesis-3T+2D,1,Geometry-no-Rg,0,0.60195,0.6025,1.9085539430806624,0.8091824724239979,0.7932098765432098,162,1.0998176887318567,1.246114662593932,0.01639344262295082,0.9755160364585438,28.58412977007782,0.05084745762711865,0.810219198316021,0.7844568643582326,0.19672131147540983
8ZOL_A,8ZOL_A,61,Thesis-3T+2D,1,Simple,0,0.60195,0.59677,1.915123801923432,0.7851392251815981,0.7700617283950617,162,1.114975577868718,1.2570144836032036,0.01639344262295082,0.7352127703095459,28.572387042926206,0.05084745762711865,0.8651031299568557,0.777915333032109,0.19672131147540983
8ZOL_A,8ZOL_A,61,Thesis-3T+2D,2,Raw,0,0.22596,0.22596,13.58074373565264,0.6667456954533226,0.6419753086419753,162,2.3012527146964703,3.4989921995670357,0.0,1.1356267484626625,25.764031765875462,0.01694915254237288,0.725756934881555,0.7459010932305676,0.19672131147540983
8ZOL_A,8ZOL_A,61,Thesis-3T+2D,2,John-original,0,0.22596,0.22154,13.63392866356319,0.652269975786925,0.6280864197530864,162,2.329066105052548,3.527720043275707,0.0,0.9795625368628417,25.787228110888034,0.01694915254237288,0.7324784502971182,0.7477209760383494,0.19672131147540983
8ZOL_A,8ZOL_A,61,Thesis-3T+2D,2,John-fixed,0,0.22596,0.21363,13.714425909895366,0.6294121603443639,0.6095679012345679,162,2.4049639082931047,3.596608689588646,0.0,0.7771654471952986,25.81724049740774,0.01694915254237288,0.7419686349325079,0.7402298766919159,0.19672131147540983
8ZOL_A,8ZOL_A,61,Thesis-3T+2D,2,Geometry,0,0.22596,0.22377,13.594469667777796,0.6669575598601022,0.6450617283950617,162,2.2960506355596624,3.491902463524672,0.0,0.9679833914802841,25.751086565729448,0.01694915254237288,0.5649961649300193,0.7112327558808478,0.16393442622950818
8ZOL_A,8ZOL_A,61,Thesis-3T+2D,2,Geometry-fixed-strength,0,0.22596,0.22056,13.606599083433693,0.6571882566585956,0.6358024691358025,162,2.297151725483337,3.490040110480356,0.0,0.8065520911922158,25.730375853125043,0.01694915254237288,0.5042902315696184,0.6868639314240947,0.19672131147540983
8ZOL_A,8ZOL_A,61,Thesis-3T+2D,2,Geometry-global-prior,0,0.22596,0.22381,13.59432337436677,0.6671694242668819,0.6450617283950617,162,2.295894818709055,3.4917498002731886,0.0,0.9678408990120506,25.751103408778572,0.01694915254237288,0.556452665836073,0.711388575409332,0.16393442622950818
8ZOL_A,8ZOL_A,61,Thesis-3T+2D,2,Geometry-no-Rg,0,0.22596,0.22376,13.593236888356756,0.6688643395211191,0.6466049382716049,162,2.296824431705668,3.4930687782806777,0.0,0.9684549008020812,25.766594488848217,0.01694915254237288,0.5635367028002697,0.7106691835944962,0.16393442622950818
8ZOL_A,8ZOL_A,61,Thesis-3T+2D,2,Simple,0,0.22596,0.21929,13.609480491784165,0.6664867500672585,0.6466049382716049,162,2.3895138403624134,3.561960790385045,0.0,0.7189946435529867,25.70965817230218,0.03389830508474576,0.8338975330025045,0.7177887349910063,0.13114754098360656
8ZOL_A,8ZOL_A,61,Thesis-3T+2D,3,Raw,0,0.1519,0.1519,15.943432965109364,0.45729250739843963,0.4783950617283951,162,3.457809193782927,4.6998582731852325,0.0,1.1735296533252895,34.99910631109098,0.0,0.9007829108176625,0.6386670559417398,0.16393442622950818
8ZOL_A,8ZOL_A,61,Thesis-3T+2D,3,John-original,0,0.1519,0.18842,16.207023579798204,0.5212301587301587,0.5478395061728395,162,3.519474571254447,4.801002425036869,0.01639344262295082,0.7815897644122853,34.898390568185164,0.01694915254237288,0.7193996207162384,0.8169620568810554,0.22950819672131148
8ZOL_A,8ZOL_A,61,Thesis-3T+2D,3,John-fixed,0,0.1519,0.19179,16.00058971268408,0.4777206080172182,0.4984567901234568,162,3.431775852879179,4.650148973893921,0.0,1.0790336911879141,35.005889618820305,0.0,0.9062653050233073,0.6793979499257136,0.19672131147540983
8ZOL_A,8ZOL_A,61,Thesis-3T+2D,3,Geometry,0,0.1519,0.18845,15.951681729505735,0.49031308851224104,0.5123456790123457,162,3.4532855732505694,4.699300057081708,0.0,1.0493122905157504,34.98502647518971,0.0,0.4592098054921573,0.6235077063407937,0.19672131147540983
8ZOL_A,8ZOL_A,61,Thesis-3T+2D,3,Geometry-fixed-strength,0,0.1519,0.18858,15.952201690232128,0.49200800376647835,0.5138888888888888,162,3.454459116890293,4.70030809001063,0.0,1.0405376892859657,34.983796571645385,0.0,0.4487532781505084,0.6227194840408109,0.19672131147540983
8ZOL_A,8ZOL_A,61,Thesis-3T+2D,3,Geometry-global-prior,0,0.1519,0.1728,15.952041136036792,0.48447672854452517,0.5061728395061729,162,3.449333642239328,4.697750476945103,0.0,1.0698028876130423,34.98475933655277,0.0,0.4279785715366599,0.6120671531935243,0.19672131147540983
8ZOL_A,8ZOL_A,61,Thesis-3T+2D,3,Geometry-no-Rg,0,0.1519,0.18836,15.960646927430592,0.49031308851224104,0.5123456790123457,162,3.451431629454705,4.695515662200509,0.0,1.0470762761154262,35.02078398341786,0.0,0.4582889723553042,0.6238925593511694,0.19672131147540983
8ZOL_A,8ZOL_A,61,Thesis-3T+2D,3,Simple,0,0.1519,0.17235,15.958535342909533,0.48677528921172997,0.5108024691358025,162,3.4560635213958997,4.698094816222998,0.0,1.0577659205653487,35.02384404214959,0.0,0.8479403491622927,0.6904157847914683,0.19672131147540983
8ZOL_A,8ZOL_A,61,Thesis-3T+2D,4,Raw,0,0.18058,0.18058,13.20601567884555,0.45283158461124556,0.47530864197530864,162,3.4506348174251564,4.706079173252773,0.0,1.1668431482774932,27.911445298144063,0.0,0.8932838059218381,0.607073722827111,0.19672131147540983
8ZOL_A,8ZOL_A,61,Thesis-3T+2D,4,John-original,0,0.18058,0.18126,12.977763742657263,0.5155232714554748,0.5385802469135802,162,3.563825516481787,4.726846597612999,0.0,0.7993531613327124,27.932150150045285,0.0,0.5159096167628517,0.7821848606878457,0.19672131147540983
8ZOL_A,8ZOL_A,61,Thesis-3T+2D,4,John-fixed,0,0.18058,0.16451,13.096648913676916,0.4696260425073985,0.49382716049382713,162,3.4456906734740245,4.669381264065152,0.0,1.0990492496118267,27.92588859897747,0.0,0.8177575335700641,0.6553084004633456,0.19672131147540983
8ZOL_A,8ZOL_A,61,Thesis-3T+2D,4,Geometry,0,0.18058,0.17755,13.244360978346469,0.4660024885660478,0.4876543209876543,162,3.4447958507173735,4.715717951320126,0.0,1.0514507146260146,27.902911880425204,0.0,0.39086476823539934,0.5814702461280737,0.19672131147540983
8ZOL_A,8ZOL_A,61,Thesis-3T+2D,4,Geometry-fixed-strength,0,0.18058,0.17258,13.246741539093021,0.46500201775625505,0.4861111111111111,162,3.4441541529289923,4.7158872161565855,0.0,1.0454452363693727,27.902092880445405,0.0,0.3799371975680539,0.5799256448879443,0.19672131147540983
8ZOL_A,8ZOL_A,61,Thesis-3T+2D,4,Geometry-global-prior,0,0.18058,0.17245,13.249722875099126,0.4638838444982512,0.4861111111111111,162,3.4442312846802148,4.728306430159607,0.0,1.064872356394463,27.903667060297177,0.0,0.544691933767739,0.4946501689653709,0.19672131147540983
8ZOL_A,8ZOL_A,61,Thesis-3T+2D,4,Geometry-no-Rg,0,0.18058,0.1816,13.237487913563022,0.46939231907452245,0.49074074074074076,162,3.441935382216774,4.711229909333331,0.0,1.0485609379912928,27.94028810676974,0.0,0.39292480253105794,0.5815720934320984,0.19672131147540983
8ZOL_A,8ZOL_A,61,Thesis-3T+2D,4,Simple,0,0.18058,0.18476,13.242551264280772,0.4639880952380952,0.4861111111111111,162,3.4621673562728468,4.727105903981901,0.0,1.069957147065883,27.944364781411753,0.0,0.7605527936317874,0.6548484972133275,0.19672131147540983
9FI8_hB,9FI8_hB,56,J-controlled,0,Raw,0,0.23444,0.23444,44.05992738555926,0.3955702159943231,0.3597285067873303,221,7.586990553654381,13.299796948626273,0.03571428571428571,2.8091500561759086,26.343744372446647,0.07407407407407407,1.6694201100688186,0.8090766887436793,0.39285714285714285
9FI8_hB,9FI8_hB,56,J-controlled,0,John-original,0,0.23444,0.23166,43.90582079935926,0.4025028914537843,0.36538461538461536,221,7.199167709340501,12.964361295333529,0.07142857142857142,2.262037312153166,26.3860034667353,0.05555555555555555,1.637557757185124,0.8395484103600493,0.32142857142857145
9FI8_hB,9FI8_hB,56,J-controlled,0,John-fixed,0,0.23444,0.20308,43.92931152063577,0.40254529696493985,0.3665158371040724,221,7.116568854282046,12.893103423258585,0.05357142857142857,2.128032907354489,26.470462193398088,0.05555555555555555,1.6522290624447034,0.906373173800999,0.42857142857142855
9FI8_hB,9FI8_hB,56,J-controlled,0,Simple,0,0.23444,0.23207,44.02960786036207,0.400411840143983,0.36425339366515835,221,7.530960784180251,13.269563998344811,0.03571428571428571,2.6041100636767314,26.318081652126356,0.07407407407407407,1.6512761596266903,0.775735802981718,0.35714285714285715
9FI8_hB,9FI8_hB,56,J-controlled,0,Geometry,0,0.23444,0.23828,44.02593766154092,0.4046102335164835,0.36538461538461536,221,7.541808903084729,13.271102846321407,0.03571428571428571,2.6653011177131405,26.311383743171522,0.07407407407407407,1.1886707326462238,0.9053657421261709,0.35714285714285715
9FI8_hB,9FI8_hB,56,J-controlled,1,Raw,0,0.18863,0.18863,22.352301150755405,0.4028257704596991,0.3665158371040724,221,5.630251670965921,8.797514837166586,0.0,1.959058274319508,0.28673480647842453,0.14814814814814814,0.9276372591954152,0.8943734086558776,0.5
9FI8_hB,9FI8_hB,56,J-controlled,1,John-original,0,0.18863,0.19481,21.32243626756319,0.42285985344021054,0.3902714932126697,221,5.328880916024599,8.552567554483696,0.0,1.520332165417018,0.906523659950647,0.1111111111111111,0.9606451613594612,0.8757585610603593,0.5
9FI8_hB,9FI8_hB,56,J-controlled,1,John-fixed,0,0.18863,0.19549,21.114553980821317,0.4229146597450169,0.3925339366515837,221,5.284456988361738,8.51164565599387,0.017857142857142856,1.4655103674255185,1.0137711283433006,0.1111111111111111,0.9653539111107882,0.881347118321478,0.4642857142857143
9FI8_hB,9FI8_hB,56,J-controlled,1,Simple,0,0.18863,0.14801,22.302714596811388,0.4278976355985285,0.3925339366515837,221,5.517317890255239,8.714000627226717,0.0,1.5994152657772993,0.334531884438082,0.12962962962962962,0.8746921338846317,0.8890301977790276,0.5
9FI8_hB,9FI8_hB,56,J-controlled,1,Geometry,0,0.18863,0.19265,22.323044003099348,0.4194206463179677,0.3834841628959276,221,5.549454193308297,8.73985828098391,0.0,1.7202141544030916,0.31530182010484964,0.14814814814814814,0.8493297699865381,0.8456253944569342,0.5
9FI8_hB,9FI8_hB,56,J-controlled,2,Raw,0,0.18092,0.18092,27.301426347455724,0.367463674718139,0.333710407239819,221,5.2913558240203615,8.783514981803258,0.0,1.468933687406922,2.003922568997396,0.05555555555555555,0.6542320178957122,0.6170066257593008,0.32142857142857145
9FI8_hB,9FI8_hB,56,J-controlled,2,John-original,0,0.18092,0.17933,27.20748274076017,0.4123815420690421,0.3721719457013575,221,5.051087224482941,8.661400793395833,0.017857142857142856,1.0612540049429686,1.7723588263279773,0.018518518518518517,0.6724871991440842,0.6249210954366878,0.39285714285714285
9FI8_hB,9FI8_hB,56,J-controlled,2,John-fixed,0,0.18092,0.17834,27.203932273778918,0.41709534265337833,0.3766968325791855,221,5.034553815394208,8.65230124805742,0.0,1.0180561346486252,1.7469670394526062,0.018518518518518517,0.6672836584583351,0.6268542848867514,0.39285714285714285
9FI8_hB,9FI8_hB,56,J-controlled,2,Simple,0,0.18092,0.18192,27.274195374880062,0.38496155382316094,0.35294117647058826,221,5.200873021567784,8.715538618843347,0.0,1.1839499817697592,1.9692110298214303,0.05555555555555555,0.6791161590896998,0.647653979704865,0.39285714285714285
9FI8_hB,9FI8_hB,56,J-controlled,2,Geometry,0,0.18092,0.18276,27.28102255101664,0.3747376135768993,0.3438914027149321,221,5.22680052419494,8.736458475325538,0.0,1.2892519930150454,1.975000463319887,0.05555555555555555,0.6444343377444163,0.5993865498412163,0.39285714285714285
9FI8_hB,9FI8_hB,56,J-controlled,3,Raw,0,0.08768,0.08768,47.855839977744296,0.35080452781345645,0.30995475113122173,221,6.454606850327214,10.710415527374105,0.03571428571428571,1.0257453378480297,35.51911679542137,0.18518518518518517,1.3745689256738745,0.6854821257944802,0.0
9FI8_hB,9FI8_hB,56,J-controlled,3,John-original,0,0.08768,0.07559,47.87144395908813,0.37534170938188793,0.333710407239819,221,6.258612375830894,10.562368075470024,0.05357142857142857,0.7479377428603992,35.52822025406458,0.12962962962962962,1.3195788461534934,0.6948744109303173,0.0
9FI8_hB,9FI8_hB,56,J-controlled,3,John-fixed,0,0.08768,0.07805,47.86979941951359,0.3774502778967065,0.33597285067873306,221,6.243574778725414,10.550468919309594,0.05357142857142857,0.7239561410112327,35.52792487221957,0.12962962962962962,1.3167336345821712,0.6946372537766049,0.0
9FI8_hB,9FI8_hB,56,J-controlled,3,Simple,0,0.08768,0.08226,47.8367120191934,0.36301172785547786,0.3246606334841629,221,6.34006286299229,10.626595182168282,0.03571428571428571,0.7925460674189997,35.500519253103406,0.14814814814814814,1.332810180614341,0.6889618645355423,0.0
9FI8_hB,9FI8_hB,56,J-controlled,3,Geometry,0,0.08768,0.09185,47.82848412498306,0.3636829812053026,0.3235294117647059,221,6.380378431789029,10.660909858137122,0.03571428571428571,0.8689587387036241,35.48794355653378,0.14814814814814814,1.0358903241472222,0.6580938194122786,0.0
9FI8_hB,9FI8_hB,56,J-controlled,4,Raw,0,0.15202,0.15202,27.94209042750325,0.38117475282653857,0.32918552036199095,221,8.720028539241158,13.196211104906705,0.05357142857142857,2.101064841338052,5.034380069285046,0.12962962962962962,1.7533769949892057,0.7639697074554042,0.42857142857142855
9FI8_hB,9FI8_hB,56,J-controlled,4,John-original,0,0.15202,0.14644,27.90044676112518,0.3682025687606045,0.3167420814479638,221,8.110385234459295,12.566091093064767,0.08928571428571429,1.6112042181253776,5.160085828457877,0.1111111111111111,1.635831661128442,0.806345165052916,0.42857142857142855
9FI8_hB,9FI8_hB,56,J-controlled,4,John-fixed,0,0.15202,0.14618,27.907125308268498,0.36713942059924204,0.3167420814479638,221,8.077531651036137,12.530456403818128,0.07142857142857142,1.5860382146758978,5.184574141242589,0.1111111111111111,1.6297483534991846,0.8924870645678608,0.5
9FI8_hB,9FI8_hB,56,J-controlled,4,Simple,0,0.15202,0.23422,27.908646775240147,0.3824602976388691,0.332579185520362,221,8.63985428531557,13.118297873243064,0.05357142857142857,1.9342722963143368,4.999318754203081,0.12962962962962962,1.7234264388922336,0.8058564447327768,0.4642857142857143
9FI8_hB,9FI8_hB,56,J-controlled,4,Geometry,0,0.15202,0.234,27.904681756425866,0.38541212012194154,0.333710407239819,221,8.669536003342103,13.14451577068733,0.05357142857142857,1.9915689359773514,4.9945047310747235,0.12962962962962962,1.4110651089295079,0.7534070179689407,0.42857142857142855
9FI8_hB,9FI8_hB,56,Thesis-3T+2D,0,Raw,0,0.20914,0.20914,25.174171791162276,0.387618210162853,0.3552036199095023,221,6.3425957647547335,9.441484106697763,0.017857142857142856,1.8322985721705856,2.3470697445986275,0.09259259259259259,0.7366558368982917,0.5985465150742477,0.4642857142857143
9FI8_hB,9FI8_hB,56,Thesis-3T+2D,0,John-original,0,0.20914,0.20485,25.079089656129963,0.41039459052851907,0.3733031674208145,221,6.053423334375666,9.170828813532358,0.03571428571428571,1.4685336141648855,2.256885268189091,0.037037037037037035,0.70736044166318,0.5628455855820446,0.42857142857142855
9FI8_hB,9FI8_hB,56,Thesis-3T+2D,0,John-fixed,0,0.20914,0.20282,25.05570049362669,0.41672060578310577,0.3766968325791855,221,5.943124927305123,9.060766104084163,0.0,1.3159047360478233,2.2239462459093104,0.037037037037037035,0.7076875429494968,0.5831903853028367,0.42857142857142855
9FI8_hB,9FI8_hB,56,Thesis-3T+2D,0,Geometry,0,0.20914,0.20939,25.148931349084037,0.39299757781900635,0.3608597285067873,221,6.284224476035962,9.386733828052837,0.017857142857142856,1.645187584689978,2.3118159013151285,0.037037037037037035,0.709482164879627,0.5576502113547369,0.4642857142857143
9FI8_hB,9FI8_hB,56,Thesis-3T+2D,0,Geometry-fixed-strength,0,0.20914,0.20824,25.127182592183484,0.39666916664684526,0.36538461538461536,221,6.23620878321024,9.341039281525239,0.017857142857142856,1.5046635744052688,2.2804070209391867,0.037037037037037035,0.6738661566339587,0.5518335225007224,0.4642857142857143
9FI8_hB,9FI8_hB,56,Thesis-3T+2D,0,Geometry-global-prior,0,0.20914,0.20942,25.148893906927857,0.3953094400639043,0.36312217194570134,221,6.283122880256006,9.386187783291371,0.017857142857142856,1.6448223786987068,2.3117381321572914,0.037037037037037035,0.7071759617871252,0.5575228536653538,0.4642857142857143
9FI8_hB,9FI8_hB,56,Thesis-3T+2D,0,Geometry-no-Rg,0,0.20914,0.2094,25.15325231755143,0.39299757781900635,0.3608597285067873,221,6.28534431456157,9.387989693452074,0.017857142857142856,1.6453700618799598,2.3192374833415137,0.037037037037037035,0.7103656329318847,0.5570344748273546,0.4642857142857143
9FI8_hB,9FI8_hB,56,Thesis-3T+2D,0,Simple,0,0.20914,0.20792,25.13387275610533,0.39618923982763266,0.36538461538461536,221,6.246748962618429,9.34762177811386,0.017857142857142856,1.506027775351678,2.294414901181998,0.037037037037037035,0.7134964051714123,0.5912453486783028,0.4642857142857143
9FI8_hB,9FI8_hB,56,Thesis-3T+2D,1,Raw,0,0.19497,0.19497,23.279214949093195,0.38075573979591837,0.3506787330316742,221,6.349642484391199,9.462685603427856,0.017857142857142856,1.8094246604966975,1.8079993686593276,0.09259259259259259,0.732161512855458,0.6530681295767699,0.42857142857142855
9FI8_hB,9FI8_hB,56,Thesis-3T+2D,1,John-original,0,0.19497,0.19722,23.179997561233538,0.39517060320631753,0.36199095022624433,221,6.042162819673931,9.170913396921364,0.03571428571428571,1.4541780419732475,1.6817035310011619,0.05555555555555555,0.6790219032471796,0.6406962721062304,0.42857142857142855
9FI8_hB,9FI8_hB,56,Thesis-3T+2D,1,John-fixed,0,0.19497,0.19655,23.149646128720963,0.40835264685711115,0.36990950226244346,221,5.931106030648995,9.063820804200711,0.017857142857142856,1.3169355597988963,1.6245976078875124,0.05555555555555555,0.6991705390495331,0.6668862047237626,0.39285714285714285
9FI8_hB,9FI8_hB,56,Thesis-3T+2D,1,Geometry,0,0.19497,0.19521,23.25517057234526,0.39523336286729144,0.36425339366515835,221,6.294496844863946,9.409592973359214,0.0,1.6329588538495177,1.7760750341494926,0.09259259259259259,0.6955684484017174,0.6226608404758827,0.42857142857142855
9FI8_hB,9FI8_hB,56,Thesis-3T+2D,1,Geometry-fixed-strength,0,0.19497,0.19499,23.23537544817028,0.39690188283938277,0.3665158371040724,221,6.249369375092122,9.365917080014789,0.0,1.5034330066891353,1.7484387704056203,0.09259259259259259,0.6709855776672321,0.5969017197792792,0.42857142857142855
9FI8_hB,9FI8_hB,56,Thesis-3T+2D,1,Geometry-global-prior,0,0.19497,0.19503,23.255212660539232,0.3943314869654155,0.36312217194570134,221,6.293383794282182,9.408671582062548,0.0,1.6342741375702587,1.7761578436755165,0.09259259259259259,0.6930783420594063,0.6213586859661747,0.42857142857142855
9FI8_hB,9FI8_hB,56,Thesis-3T+2D,1,Geometry-no-Rg,0,0.19497,0.19526,23.258292790010422,0.3934476485815771,0.36312217194570134,221,6.294782774279025,9.410272902278855,0.0,1.633105639182135,1.781891076219818,0.09259259259259259,0.6955772487921175,0.6219161075762174,0.42857142857142855
9FI8_hB,9FI8_hB,56,Thesis-3T+2D,1,Simple,0,0.19497,0.19719,23.239849550438052,0.39554488170559604,0.36538461538461536,221,6.254499807288543,9.370266095825935,0.0,1.5025633665524791,1.7594005802231223,0.09259259259259259,0.7079657456043454,0.6679720564787225,0.42857142857142855
9FI8_hB,9FI8_hB,56,Thesis-3T+2D,2,Raw,0,0.18092,0.18092,27.301426347455724,0.367463674718139,0.333710407239819,221,5.2913558240203615,8.783514981803258,0.0,1.468933687406922,2.003922568997396,0.05555555555555555,0.6542320178957122,0.6170066257593008,0.32142857142857145
9FI8_hB,9FI8_hB,56,Thesis-3T+2D,2,John-original,0,0.18092,0.18107,27.220603958065567,0.406165089870447,0.3665158371040724,221,5.08960133470362,8.680396562619862,0.017857142857142856,1.1324657275131795,1.8127114893701908,0.018518518518518517,0.6666394033755921,0.5992003652956,0.35714285714285715
9FI8_hB,9FI8_hB,56,Thesis-3T+2D,2,John-fixed,0,0.18092,0.17834,27.203932273778918,0.41709534265337833,0.3766968325791855,221,5.034553815394208,8.65230124805742,0.0,1.0180561346486252,1.7469670394526062,0.018518518518518517,0.6672836584583351,0.6268542848867514,0.39285714285714285
9FI8_hB,9FI8_hB,56,Thesis-3T+2D,2,Geometry,0,0.18092,0.18289,27.282990156976954,0.37843321113410394,0.34728506787330315,221,5.23294729441193,8.740934989879046,0.0,1.3068148765820577,1.9778190602480414,0.05555555555555555,0.6483274454769409,0.6009304975153069,0.39285714285714285
9FI8_hB,9FI8_hB,56,Thesis-3T+2D,2,Geometry-fixed-strength,0,0.18092,0.17758,27.268948095595682,0.383213041918399,0.35180995475113125,221,5.189149922907921,8.710160591074377,0.0,1.1870286761994209,1.9570367133557092,0.05555555555555555,0.6129454602324421,0.5845045887051817,0.35714285714285715
9FI8_hB,9FI8_hB,56,Thesis-3T+2D,2,Geometry-global-prior,0,0.18092,0.18298,27.28343214573194,0.37679630637219924,0.34615384615384615,221,5.23145000342636,8.740494223961509,0.0,1.3080344688489842,1.9780033901891194,0.05555555555555555,0.6428408520062932,0.5965168109285857,0.39285714285714285
9FI8_hB,9FI8_hB,56,Thesis-3T+2D,2,Geometry-no-Rg,0,0.18092,0.18294,27.28690209127646,0.37679630637219924,0.34615384615384615,221,5.233272134354806,8.741424883652348,0.0,1.306683894357898,1.9843572243281358,0.05555555555555555,0.6489987825425861,0.5996014116224989,0.39285714285714285
9FI8_hB,9FI8_hB,56,Thesis-3T+2D,2,Simple,0,0.18092,0.18192,27.274195374880062,0.38496155382316094,0.35294117647058826,221,5.200873021567784,8.715538618843347,0.0,1.1839499817697592,1.9692110298214303,0.05555555555555555,0.6791161590896998,0.647653979704865,0.39285714285714285
9FI8_hB,9FI8_hB,56,Thesis-3T+2D,3,Raw,0,0.22804,0.22804,23.78894444771123,0.42732022441843875,0.3936651583710407,221,4.774798789675047,7.52490211814568,0.017857142857142856,0.8832557109017021,2.682984959937155,0.05555555555555555,0.6968939820848229,0.8867153714949007,0.7142857142857143
9FI8_hB,9FI8_hB,56,Thesis-3T+2D,3,John-original,0,0.22804,0.19414,23.80192297299199,0.4425208967619682,0.4061085972850679,221,4.729941044335,7.484946811169752,0.017857142857142856,0.6374193400841834,2.6541217692881247,0.037037037037037035,0.7455750893626003,0.943541297347709,0.75
9FI8_hB,9FI8_hB,56,Thesis-3T+2D,3,John-fixed,0,0.22804,0.19496,23.79544491012804,0.43588653410081984,0.3993212669683258,221,4.733010068552855,7.486836518911987,0.017857142857142856,0.6752545281054876,2.6646375545715557,0.037037037037037035,0.7340741111024616,0.9249516690839341,0.7142857142857143
9FI8_hB,9FI8_hB,56,Thesis-3T+2D,3,Geometry,0,0.22804,0.19744,23.80486334027752,0.4319650463623678,0.39705882352941174,221,4.738763735575527,7.497947795753364,0.017857142857142856,0.7185102905745778,2.651795771980126,0.05555555555555555,0.5643595635401065,0.8035889805878255,0.7142857142857143
9FI8_hB,9FI8_hB,56,Thesis-3T+2D,3,Geometry-fixed-strength,0,0.22804,0.1981,23.813885284580874,0.4432083665342593,0.4072398190045249,221,4.730522839517156,7.494383195635359,0.017857142857142856,0.6695814511757675,2.6357698422348967,0.05555555555555555,0.5302921923355284,0.7733669661973915,0.7142857142857143
9FI8_hB,9FI8_hB,56,Thesis-3T+2D,3,Geometry-global-prior,0,0.22804,0.19746,23.80496324666209,0.4319650463623678,0.39705882352941174,221,4.738423297892667,7.497523670199221,0.017857142857142856,0.7177356889493571,2.651816905737281,0.05555555555555555,0.5656158578421127,0.7984113218510255,0.7142857142857143
9FI8_hB,9FI8_hB,56,Thesis-3T+2D,3,Geometry-no-Rg,0,0.22804,0.19726,23.79852110786647,0.4319650463623678,0.39705882352941174,221,4.739360055962404,7.498139957640441,0.017857142857142856,0.7205044783763009,2.6642572557660884,0.05555555555555555,0.5664858307351156,0.8017549537247209,0.7142857142857143
9FI8_hB,9FI8_hB,56,Thesis-3T+2D,3,Simple,0,0.22804,0.19629,23.809333297681288,0.43962791920381206,0.40384615384615385,221,4.745254193914821,7.499392146493948,0.017857142857142856,0.6653272380789587,2.6548098901918387,0.05555555555555555,0.705446989060834,0.8891626149379616,0.7142857142857143
9FI8_hB,9FI8_hB,56,Thesis-3T+2D,4,Raw,0,0.21037,0.21037,22.55086135594967,0.4346965410581482,0.41968325791855204,221,4.869830195620089,7.344397624451142,0.0,0.8427764791105372,3.682543287363334,0.05555555555555555,0.6848679610727296,0.8792517683216887,0.7142857142857143
9FI8_hB,9FI8_hB,56,Thesis-3T+2D,4,John-original,0,0.21037,0.20908,22.544165011178038,0.47409638972138973,0.4479638009049774,221,4.911097736624048,7.404168878895744,0.0,0.5218676698694289,3.6391025239072867,0.09259259259259259,0.7465931755527209,0.9223472655168005,0.6785714285714286
9FI8_hB,9FI8_hB,56,Thesis-3T+2D,4,John-fixed,0,0.21037,0.2092,22.54362743640816,0.464237164125557,0.4411764705882353,221,4.884539218096364,7.375396910087024,0.0,0.6243426774950425,3.6542377373326858,0.07407407407407407,0.7208498701882621,0.9179594881337233,0.7142857142857143
9FI8_hB,9FI8_hB,56,Thesis-3T+2D,4,Geometry,0,0.21037,0.20856,22.57980786286598,0.4612904952190667,0.4411764705882353,221,4.851059171554575,7.328108207351012,0.0,0.6684740736113061,3.63900941128977,0.05555555555555555,0.5792460059386523,0.8339183499249909,0.7142857142857143
9FI8_hB,9FI8_hB,56,Thesis-3T+2D,4,Geometry-fixed-strength,0,0.21037,0.20987,22.590511617916988,0.4620519857127,0.4423076923076923,221,4.84895629324389,7.3269631867576,0.0,0.6342708864243422,3.6236077594645906,0.05555555555555555,0.5587439814647954,0.8156323906092267,0.6785714285714286
9FI8_hB,9FI8_hB,56,Thesis-3T+2D,4,Geometry-global-prior,0,0.21037,0.20864,22.57945502805073,0.4605006600542315,0.44004524886877827,221,4.850774410324536,7.3274292576474185,0.0,0.6699700539603629,3.6387123215226147,0.05555555555555555,0.5759759713954574,0.8349615428378693,0.7142857142857143
9FI8_hB,9FI8_hB,56,Thesis-3T+2D,4,Geometry-no-Rg,0,0.21037,0.20842,22.57213658374989,0.4612904952190667,0.4411764705882353,221,4.852801977595498,7.329574164303114,0.0,0.6722309634686088,3.6578824072608604,0.05555555555555555,0.5797737776415504,0.8335698915185095,0.7142857142857143
9FI8_hB,9FI8_hB,56,Thesis-3T+2D,4,Simple,0,0.21037,0.2109,22.580405044547366,0.46411228900068185,0.4434389140271493,221,4.8603386134338775,7.335513541163783,0.0,0.620845915893808,3.649596507874417,0.07407407407407407,0.6730191742143032,0.8991091014616279,0.6785714285714286
9FI8_hL,9FI8_hL,33,J-controlled,0,Raw,0,0.09422,0.09422,21.67462182931891,0.45566378066378066,0.44086021505376344,93,11.092037703653318,17.7967270496062,0.030303030303030304,2.58189098730106,8.605569981739869,0.0967741935483871,2.027421505990702,0.8303940953626285,0.42424242424242425
9FI8_hL,9FI8_hL,33,J-controlled,0,John-original,0,0.09422,0.09718,21.167178408110825,0.46276154401154407,0.44623655913978494,93,10.20152274179214,16.524454690093275,0.09090909090909091,2.009245974031508,8.48131923157247,0.06451612903225806,2.013045692599396,1.0106418650453832,0.48484848484848486
9FI8_hL,9FI8_hL,33,J-controlled,0,John-fixed,0,0.09422,0.09721,21.09133848771899,0.4554743867243868,0.4381720430107527,93,9.997602544861772,16.25980491331111,0.09090909090909091,1.9024684253846023,8.514652566442681,0.06451612903225806,1.9418082872156666,0.8372145209495186,0.36363636363636365
9FI8_hL,9FI8_hL,33,J-controlled,0,Simple,0,0.09422,0.09481,21.624160611514128,0.46165223665223665,0.44623655913978494,93,11.002799748803405,17.695722599494776,0.030303030303030304,2.431096049072521,8.558520262472353,0.0967741935483871,2.02015816373554,0.85451407015027,0.42424242424242425
9FI8_hL,9FI8_hL,33,J-controlled,0,Geometry,0,0.09422,0.10836,21.62897170468806,0.4545815295815296,0.44086021505376344,93,11.034372489753059,17.72952368269874,0.030303030303030304,2.482260102143455,8.562168906066088,0.0967741935483871,1.4674859722569455,1.0206302539468188,0.42424242424242425
9FI8_hL,9FI8_hL,33,J-controlled,1,Raw,0,0.12964,0.12964,13.536095566416487,0.4904671717171718,0.47043010752688175,93,5.500858075723417,8.849853641037237,0.030303030303030304,0.8485106037820099,4.901381117692207,0.0967741935483871,1.0755417567954597,0.4491656932306248,0.18181818181818182
9FI8_hL,9FI8_hL,33,J-controlled,1,John-original,0,0.12964,0.1275,13.484489331633085,0.48284632034632036,0.4650537634408602,93,5.3517936105824875,8.701535878448452,0.06060606060606061,0.7589400676165907,4.991372962706414,0.06451612903225806,1.0217043391994578,0.47608771576561537,0.12121212121212122
9FI8_hL,9FI8_hL,33,J-controlled,1,John-fixed,0,0.12964,0.12693,13.482654800824522,0.47747113997114,0.4596774193548387,93,5.338201298144801,8.692457004799547,0.030303030303030304,0.7394055117929178,5.006891149903879,0.06451612903225806,1.027573615952507,0.480071879366315,0.12121212121212122
9FI8_hL,9FI8_hL,33,J-controlled,1,Simple,0,0.12964,0.12806,13.542646848245958,0.497303391053391,0.478494623655914,93,5.4793135063962755,8.837255496071458,0.030303030303030304,0.8063355569764887,4.916149569104292,0.0967741935483871,1.0835992023669965,0.5418671869516477,0.18181818181818182
9FI8_hL,9FI8_hL,33,J-controlled,1,Geometry,0,0.12964,0.12719,13.535456287831774,0.48945707070707073,0.47043010752688175,93,5.479287673845707,8.83690911052693,0.030303030303030304,0.8358142195436591,4.892412190610145,0.0967741935483871,0.8568021881297208,0.4111659381825236,0.18181818181818182
9FI8_hL,9FI8_hL,33,J-controlled,2,Raw,0,0.11695,0.11695,21.672165657391975,0.4547258297258297,0.4327956989247312,93,5.620309286226233,9.712811058080582,0.0,1.54311756677622,1.584460843504523,0.0967741935483871,0.7601346593442563,0.8606868174192148,0.48484848484848486
9FI8_hL,9FI8_hL,33,J-controlled,2,John-original,0,0.11695,0.12455,21.719141944638793,0.4970147907647908,0.4731182795698925,93,5.461641540070252,9.68090151688943,0.030303030303030304,1.0357248385446403,1.3981361933426157,0.0967741935483871,0.726903888711513,0.8709029514177102,0.48484848484848486
9FI8_hL,9FI8_hL,33,J-controlled,2,John-fixed,0,0.11695,0.12428,21.726543014637098,0.4916396103896105,0.46774193548387094,93,5.453602216369143,9.685160289444276,0.030303030303030304,0.9909672275793191,1.3776565887735863,0.0967741935483871,0.7171611265282392,0.8753783543050723,0.48484848484848486
9FI8_hL,9FI8_hL,33,J-controlled,2,Simple,0,0.11695,0.12215,21.658189280879395,0.4856240981240981,0.46236559139784944,93,5.506444960890296,9.659022932941062,0.0,1.1881434839341047,1.5606324671998202,0.0967741935483871,0.8031395012812428,0.8789936478920484,0.48484848484848486
9FI8_hL,9FI8_hL,33,J-controlled,2,Geometry,0,0.11695,0.14219,21.659257700148626,0.48277417027417024,0.4596774193548387,93,5.5365374690997236,9.669509715603809,0.0,1.3188675656391093,1.5641651539110057,0.0967741935483871,0.7267651866366432,0.8140309355732182,0.48484848484848486
9FI8_hL,9FI8_hL,33,J-controlled,3,Raw,0,0.09912,0.09912,23.816988556411086,0.42554112554112555,0.3978494623655914,93,10.499654648270383,14.58666233498991,0.09090909090909091,3.290514060364742,21.144686718774302,0.0967741935483871,2.303758809565635,0.5546237588367657,0.12121212121212122
9FI8_hL,9FI8_hL,33,J-controlled,3,John-original,0,0.09912,0.09798,23.755327555512583,0.401722582972583,0.3709677419354839,93,9.628542781921881,13.939062573827313,0.09090909090909091,2.445368091778575,21.413443639444395,0.06451612903225806,2.0719207754268982,0.68443471024349,0.18181818181818182
9FI8_hL,9FI8_hL,33,J-controlled,3,John-fixed,0,0.09912,0.09826,23.768200660744505,0.41094877344877345,0.3790322580645161,93,9.589126569541133,13.915930204329484,0.12121212121212122,2.410146504546379,21.43692088990199,0.06451612903225806,2.0743447309470118,0.7355675336888085,0.18181818181818182
9FI8_hL,9FI8_hL,33,J-controlled,3,Simple,0,0.09912,0.09806,23.726850847359575,0.43318903318903323,0.40591397849462363,93,10.372108179032086,14.465554118761032,0.09090909090909091,3.126948881520797,21.092043623872918,0.0967741935483871,2.2594097708697665,0.5691038791682292,0.12121212121212122
9FI8_hL,9FI8_hL,33,J-controlled,3,Geometry,0,0.09912,0.08698,23.75364064228825,0.41663961038961034,0.3897849462365591,93,10.404448543309433,14.48575013247752,0.09090909090909091,3.152108092479976,21.094504949134688,0.0967741935483871,1.533300360860411,0.7199008920281733,0.12121212121212122
9FI8_hL,9FI8_hL,33,J-controlled,4,Raw,0,0.11905,0.11905,20.586600258322104,0.46565656565656566,0.44086021505376344,93,6.316619299239737,10.40612800053456,0.0,0.9534993383014372,13.432083169699876,0.0,0.6821695674105762,0.7034212713730333,0.12121212121212122
9FI8_hL,9FI8_hL,33,J-controlled,4,John-original,0,0.11905,0.11061,20.44907253978027,0.49098124098124096,0.4650537634408602,93,6.212802266278754,10.29217464186123,0.0,0.6537331607647761,13.279085041044357,0.0,0.70279472434575,0.7589399065284322,0.12121212121212122
9FI8_hL,9FI8_hL,33,J-controlled,4,John-fixed,0,0.11905,0.11062,20.449051492342058,0.49098124098124096,0.4650537634408602,93,6.212788868584132,10.292159364806949,0.0,0.6537014946224724,13.279062418561288,0.0,0.7027944642835544,0.7589288413263625,0.12121212121212122
9FI8_hL,9FI8_hL,33,J-controlled,4,Simple,0,0.11905,0.12138,20.538984319250837,0.48997113997113995,0.4650537634408602,93,6.256692475039282,10.350290878666389,0.0,0.6671299153287615,13.398780504316854,0.0,0.6875490187521682,0.7286661266701481,0.12121212121212122
9FI8_hL,9FI8_hL,33,J-controlled,4,Geometry,0,0.11905,0.11308,20.5392544116792,0.4870761183261184,0.46236559139784944,93,6.263677331718736,10.356499510040356,0.0,0.7496197737723485,13.390900804413775,0.0,0.5297789725323335,0.701742829362706,0.12121212121212122
9FI8_hL,9FI8_hL,33,Thesis-3T+2D,0,Raw,0,0.10079,0.10079,22.102415007858337,0.4586129148629149,0.44086021505376344,93,4.935174761684109,9.579037725764824,0.0,0.9118904880170032,0.004511402272527221,0.0,0.7875237043838831,0.8114310048653742,0.6666666666666666
9FI8_hL,9FI8_hL,33,Thesis-3T+2D,0,John-original,0,0.10079,0.10791,22.063888826515274,0.4918199855699855,0.4731182795698925,93,4.8559820012989485,9.513435207895071,0.0,0.7181196926097109,0.1183188462668241,0.0,0.8394157106586693,0.8281174244145179,0.7272727272727273
9FI8_hL,9FI8_hL,33,Thesis-3T+2D,0,John-fixed,0,0.10079,0.10342,22.062911756759405,0.49825937950937954,0.478494623655914,93,4.839898395973555,9.50068630262804,0.0,0.6701382782861695,0.15087456880336347,0.0,0.8446823296626783,0.8289808379752592,0.7272727272727273
9FI8_hL,9FI8_hL,33,Thesis-3T+2D,0,Geometry,0,0.10079,0.11003,22.101984891891046,0.4648268398268399,0.44623655913978494,93,4.907413677588054,9.548988697668918,0.0,0.7901702315348428,0.008362598227023454,0.0,0.6474394527393321,0.7145573517501388,0.6666666666666666
9FI8_hL,9FI8_hL,33,Thesis-3T+2D,0,Geometry-fixed-strength,0,0.10079,0.10527,22.098257915581236,0.47297979797979794,0.4543010752688172,93,4.888321928283534,9.527086726810476,0.0,0.7071958613089887,0.014410282720657364,0.0,0.6108695638189064,0.6969737213166991,0.7272727272727273
9FI8_hL,9FI8_hL,33,Thesis-3T+2D,0,Geometry-global-prior,0,0.10079,0.11023,22.10082759150525,0.4648268398268399,0.44623655913978494,93,4.90649423352228,9.547837954632309,0.0,0.7921394249610114,0.007382636862836023,0.0,0.6472537664698946,0.7137258398347925,0.6666666666666666
9FI8_hL,9FI8_hL,33,Thesis-3T+2D,0,Geometry-no-Rg,0,0.10079,0.10703,22.101627127810858,0.4648268398268399,0.44623655913978494,93,4.901994747251699,9.549385109157013,0.0,0.7919553573273237,0.00026950101037925833,0.0,0.6583070459668457,0.6662031101222713,0.6666666666666666
9FI8_hL,9FI8_hL,33,Thesis-3T+2D,0,Simple,0,0.10079,0.09499,22.09569301460712,0.4774891774891775,0.4596774193548387,93,4.89780949055943,9.541689677260727,0.0,0.710359430199004,0.004262909195809073,0.0,0.7835760952648825,0.7935414250452741,0.6666666666666666
9FI8_hL,9FI8_hL,33,Thesis-3T+2D,1,Raw,0,0.08999,0.08999,20.76723236666185,0.3471139971139971,0.34408602150537637,93,6.804453417231276,10.583606812452148,0.0,1.6041531195548244,2.7196409206552232,0.25806451612903225,1.2246618839277632,1.1275486148984795,0.5454545454545454
9FI8_hL,9FI8_hL,33,Thesis-3T+2D,1,John-original,0,0.08999,0.08977,20.639904978418578,0.39070165945165947,0.3817204301075269,93,6.604045549156422,10.43573406777697,0.030303030303030304,1.037429099493867,2.898396765268851,0.22580645161290322,1.1445327682724136,1.0992939590014386,0.6060606060606061
9FI8_hL,9FI8_hL,33,Thesis-3T+2D,1,John-fixed,0,0.08999,0.09151,20.60842435022907,0.4023268398268398,0.3924731182795699,93,6.566436043845931,10.411265739156475,0.030303030303030304,0.9443600398935119,2.9274518082319236,0.22580645161290322,1.1391499027633696,1.0933628043989498,0.6060606060606061
9FI8_hL,9FI8_hL,33,Thesis-3T+2D,1,Geometry,0,0.08999,0.09092,20.7278982440974,0.36800144300144305,0.3629032258064516,93,6.688663804330307,10.503171122056896,0.0,1.231693416247979,2.794892175160518,0.22580645161290322,1.063894580342817,1.036852456911592,0.6060606060606061
9FI8_hL,9FI8_hL,33,Thesis-3T+2D,1,Geometry-fixed-strength,0,0.08999,0.09256,20.71448886734891,0.39169372294372296,0.3844086021505376,93,6.634170666608404,10.479523181285982,0.0,1.0281122665576974,2.8295755171427377,0.22580645161290322,1.0800910882665353,1.0196471590386424,0.6666666666666666
9FI8_hL,9FI8_hL,33,Thesis-3T+2D,1,Geometry-global-prior,0,0.08999,0.09111,20.727875915331015,0.36800144300144305,0.3629032258064516,93,6.68864486482223,10.502739786374086,0.0,1.2316345809965927,2.796225422288588,0.22580645161290322,1.0613202466429181,1.0366700715570358,0.6060606060606061
9FI8_hL,9FI8_hL,33,Thesis-3T+2D,1,Geometry-no-Rg,0,0.08999,0.09098,20.725226177983863,0.36800144300144305,0.3629032258064516,93,6.688703294267993,10.503527771398668,0.0,1.22953294050733,2.806362304890847,0.22580645161290322,1.0635884376646694,1.0376518548536842,0.6060606060606061
9FI8_hL,9FI8_hL,33,Thesis-3T+2D,1,Simple,0,0.08999,0.09746,20.736768718893778,0.3972222222222222,0.3924731182795699,93,6.670931769392779,10.519420176699521,0.0,0.9953906885431274,2.82210778499417,0.22580645161290322,1.0976620440752034,1.1530232584718492,0.6060606060606061
9FI8_hL,9FI8_hL,33,Thesis-3T+2D,2,Raw,0,0.10072,0.10072,20.81030664627455,0.3451028138528139,0.34408602150537637,93,6.7990365474490355,10.577408365804267,0.0,1.5534024684125523,2.6621657685710716,0.25806451612903225,1.2379459761849336,1.1794154681725302,0.6060606060606061
9FI8_hL,9FI8_hL,33,Thesis-3T+2D,2,John-original,0,0.10072,0.0816,20.666744036806328,0.40409451659451656,0.3978494623655914,93,6.608680189593127,10.438192761121355,0.030303030303030304,0.9893196616881903,2.8191300865435984,0.22580645161290322,1.1182011804934269,1.1695709609557734,0.6060606060606061
9FI8_hL,9FI8_hL,33,Thesis-3T+2D,2,John-fixed,0,0.10072,0.08965,20.63815819208677,0.4150162337662337,0.40591397849462363,93,6.5764881284859245,10.414220103178057,0.030303030303030304,0.9150314470003797,2.843824042907409,0.22580645161290322,1.1122028438623848,1.162710275458122,0.6060606060606061
9FI8_hL,9FI8_hL,33,Thesis-3T+2D,2,Geometry,0,0.10072,0.09825,20.774615662612863,0.3662698412698413,0.3629032258064516,93,6.692144184601401,10.498267217057208,0.0,1.1865601529306362,2.7257382071269767,0.22580645161290322,0.9284445629337171,1.117171258846107,0.6060606060606061
9FI8_hL,9FI8_hL,33,Thesis-3T+2D,2,Geometry-fixed-strength,0,0.10072,0.08239,20.77304866972322,0.39756493506493507,0.3951612903225806,93,6.64998701358292,10.471300512541125,0.0,0.9700282898302665,2.740087788324299,0.22580645161290322,1.040978671878208,1.111496930112753,0.6666666666666666
9FI8_hL,9FI8_hL,33,Thesis-3T+2D,2,Geometry-global-prior,0,0.10072,0.09828,20.77351418817951,0.3662698412698413,0.3629032258064516,93,6.691730453725194,10.496896998565218,0.0,1.1875163350038416,2.7278855339295394,0.22580645161290322,0.9308552665515307,1.1161090980458073,0.6060606060606061
9FI8_hL,9FI8_hL,33,Thesis-3T+2D,2,Geometry-no-Rg,0,0.10072,0.09827,20.76857458112029,0.36942640692640694,0.3655913978494624,93,6.692453525369623,10.503382008332009,0.0,1.1851384500614695,2.7493551594067682,0.22580645161290322,0.9528363296117448,1.090509173546384,0.6060606060606061
9FI8_hL,9FI8_hL,33,Thesis-3T+2D,2,Simple,0,0.10072,0.07343,20.77919144630821,0.3923250360750361,0.3897849462365591,93,6.675196474927169,10.512771292898126,0.0,0.9594924273600283,2.757410700363657,0.22580645161290322,0.9989034996739887,1.1634271709594863,0.5454545454545454
9FI8_hL,9FI8_hL,33,Thesis-3T+2D,3,Raw,0,0.10691,0.10691,16.08767635385153,0.5481421356421357,0.521505376344086,93,3.673041779156429,7.431913962536576,0.0,0.6633341537018014,9.90852369866954,0.0,0.0875003357002137,0.07749567182546283,0.0
9FI8_hL,9FI8_hL,33,Thesis-3T+2D,3,John-original,0,0.10691,0.1352,16.12983633340292,0.564448051948052,0.5376344086021505,93,3.6985447547949684,7.479905618192473,0.0,0.6099572065744481,9.925996440913533,0.0,0.0870297011074398,0.09716670418935432,0.0
9FI8_hL,9FI8_hL,33,Thesis-3T+2D,3,John-fixed,0,0.10691,0.10872,16.116118334332626,0.564448051948052,0.5376344086021505,93,3.6916453370018814,7.467454216479166,0.0,0.6233598228219552,9.919625385825295,0.0,0.08665775434975913,0.09135888670077869,0.0
9FI8_hL,9FI8_hL,33,Thesis-3T+2D,3,Geometry,0,0.10691,0.10841,16.105269955349286,0.5562950937950938,0.5295698924731183,93,3.6798688614414807,7.454678281034914,0.0,0.6342308186452753,9.907682326715001,0.0,0.07499616452428064,0.05381614960839176,0.0
9FI8_hL,9FI8_hL,33,Thesis-3T+2D,3,Geometry-fixed-strength,0,0.10691,0.10844,16.112484929084264,0.5536976911976913,0.5268817204301075,93,3.6846101516869907,7.465419607308469,0.0,0.6217115724597831,9.906007535802974,0.0,0.07337938740515862,0.0444589127134629,0.0
9FI8_hL,9FI8_hL,33,Thesis-3T+2D,3,Geometry-global-prior,0,0.10691,0.10848,16.10520996215025,0.5536976911976913,0.5268817204301075,93,3.678621703186584,7.4544360301756765,0.0,0.6355548092293255,9.90780307177559,0.0,0.07440905983619142,0.03667215803819963,0.0
9FI8_hL,9FI8_hL,33,Thesis-3T+2D,3,Geometry-no-Rg,0,0.10691,0.10861,16.12238650488623,0.5536976911976913,0.5268817204301075,93,3.681900414286602,7.457233927594549,0.0,0.6291464099543225,9.934686387538157,0.0,0.0756469610961813,0.05150280797604242,0.0
9FI8_hL,9FI8_hL,33,Thesis-3T+2D,3,Simple,0,0.10691,0.10913,16.135148364606675,0.5588924963924965,0.532258064516129,93,3.6906227659574853,7.467912810906826,0.0,0.613330161582773,9.94503332910455,0.0,0.08533285289579315,0.09032531661804755,0.0
9FI8_hL,9FI8_hL,33,Thesis-3T+2D,4,Raw,0,0.14079,0.14079,16.490832712642387,0.5449314574314575,0.5188172043010753,93,3.657309912731205,7.376046462744363,0.0,0.6655562564183343,10.372656824826752,0.0,0.09044152312366985,0.07552499230750369,0.0
9FI8_hL,9FI8_hL,33,Thesis-3T+2D,4,John-original,0,0.14079,0.14318,16.567424532857395,0.5471410533910535,0.521505376344086,93,3.6794701018514506,7.425789635053615,0.0,0.6053044124978451,10.427110856791998,0.0,0.09264018775230803,0.09416029332542183,0.0
9FI8_hL,9FI8_hL,33,Thesis-3T+2D,4,John-fixed,0,0.14079,0.14269,16.53798798990138,0.5478986291486292,0.521505376344086,93,3.672706592639459,7.410684279659346,0.0,0.6274526759673941,10.405308446807712,0.0,0.09147847870596293,0.08800984147233544,0.0
9FI8_hL,9FI8_hL,33,Thesis-3T+2D,4,Geometry,0,0.14079,0.14365,16.504917092473704,0.542334054834055,0.5161290322580645,93,3.6645323533191974,7.397815292137798,0.0,0.6369878412849215,10.370800374029312,0.0,0.07865817266363682,0.045066475989871235,0.0
9FI8_hL,9FI8_hL,33,Thesis-3T+2D,4,Geometry-fixed-strength,0,0.14079,0.14479,16.50955013052284,0.5451118326118327,0.5188172043010753,93,3.668114964232324,7.407018609569924,0.0,0.6252298817764299,10.36871195598184,0.0,0.07701372232390566,0.03924787329688571,0.0
9FI8_hL,9FI8_hL,33,Thesis-3T+2D,4,Geometry-global-prior,0,0.14079,0.14399,16.504325205040264,0.542334054834055,0.5161290322580645,93,3.6633126559911595,7.397078350179657,0.0,0.6376421172722477,10.370601879315899,0.0,0.07803520532560819,0.03406961581949208,0.0
9FI8_hL,9FI8_hL,33,Thesis-3T+2D,4,Geometry-no-Rg,0,0.14079,0.1436,16.522663389272658,0.542334054834055,0.5161290322580645,93,3.6656255507888615,7.399658486399025,0.0,0.6319619665394567,10.398012518741208,0.0,0.07953218516530726,0.04673564897408985,0.0
9FI8_hL,9FI8_hL,33,Thesis-3T+2D,4,Simple,0,0.14079,0.14334,16.534341611378224,0.5461129148629149,0.5188172043010753,93,3.6730776563120076,7.41011202958959,0.0,0.6170076096328101,10.408669135032959,0.0,0.09014672171036693,0.08800312312304247,0.0
9FIA_bJ,9FIA_bJ,71,J-controlled,0,Raw,0,0.13155,0.13155,24.95678749054644,0.36822050076360424,0.3355263157894737,228,5.077516515135184,9.59995270314491,0.0,0.8554381377515639,2.618400474945613,0.07246376811594203,0.7327448798863764,0.9030978481357483,0.5915492957746479
9FIA_bJ,9FIA_bJ,71,J-controlled,0,John-original,0,0.13155,0.18626,24.91812865957061,0.3853095898354519,0.3508771929824561,228,5.0504605535570795,9.55441562542523,0.0,0.6530194643077646,2.670641634377727,0.07246376811594203,0.7865899867110836,0.8979449949550087,0.647887323943662
9FIA_bJ,9FIA_bJ,71,J-controlled,0,John-fixed,0,0.13155,0.13896,24.91486378986329,0.3823077425448115,0.3508771929824561,228,5.052809911079161,9.55260172886191,0.0,0.6254501140042212,2.675463559025875,0.07246376811594203,0.7927606220364357,0.8988968819278949,0.647887323943662
9FIA_bJ,9FIA_bJ,71,J-controlled,0,Simple,0,0.13155,0.16661,24.959069899755182,0.3827093285067422,0.3519736842105263,228,5.058005207560673,9.583795975933441,0.0,0.6329939267094682,2.606795405178726,0.07246376811594203,0.7457917711076292,0.9224936745009252,0.6197183098591549
9FIA_bJ,9FIA_bJ,71,J-controlled,0,Geometry,0,0.13155,0.11259,24.95952193525944,0.3726516539016539,0.34210526315789475,228,5.0444989139128245,9.582050253013332,0.0,0.7146965774006859,2.6017839641425553,0.057971014492753624,0.6632597468343518,0.8587621830168146,0.647887323943662
9FIA_bJ,9FIA_bJ,71,J-controlled,1,Raw,0,0.13673,0.13673,26.054647854979528,0.321591925794512,0.28399122807017546,228,5.773624742513102,9.752427914156062,0.0,1.7530617418332768,16.211615386208326,0.11594202898550725,0.6266881165448683,0.6696755121036159,0.14084507042253522
9FIA_bJ,9FIA_bJ,71,J-controlled,1,John-original,0,0.13673,0.13933,25.955531253264137,0.32171201643184405,0.2883771929824561,228,5.5335700721334495,9.435137042376743,0.0,1.215940672447157,15.92845061648634,0.08695652173913043,0.5525800873951451,0.6887745610150502,0.16901408450704225
9FIA_bJ,9FIA_bJ,71,J-controlled,1,John-fixed,0,0.13673,0.14002,25.943869712715866,0.3216334910300428,0.2883771929824561,228,5.522484931606465,9.419265233203747,0.0,1.1733698190263404,15.907606059186396,0.10144927536231885,0.5522885778799629,0.688885725005599,0.16901408450704225
9FIA_bJ,9FIA_bJ,71,J-controlled,1,Simple,0,0.13673,0.13847,26.024803117486314,0.3408043704379911,0.30043859649122806,228,5.695368529636223,9.671321076395717,0.0,1.4294268604958287,16.190811578216636,0.11594202898550725,0.5985160219160459,0.6620814777434849,0.14084507042253522
9FIA_bJ,9FIA_bJ,71,J-controlled,1,Geometry,0,0.13673,0.13812,26.021028748412398,0.3357567719636685,0.2949561403508772,228,5.716473179342184,9.694529501293097,0.0,1.5334091055843462,16.17931087268187,0.11594202898550725,0.5714449197499251,0.6505416844542627,0.14084507042253522
9FIA_bJ,9FIA_bJ,71,J-controlled,2,Raw,0,0.09723,0.09723,33.13407372194398,0.27185555105813725,0.2412280701754386,228,9.581586810017061,14.916457994754143,0.04225352112676056,2.8779218878554396,24.89948836571796,0.13043478260869565,1.9111790705427714,0.8804098155686884,0.28169014084507044
9FIA_bJ,9FIA_bJ,71,J-controlled,2,John-original,0,0.09723,0.07891,32.50434266602861,0.30468486255124183,0.26973684210526316,228,8.687655698018993,13.823829062559609,0.07042253521126761,1.9556037508563484,24.68213216511889,0.08695652173913043,1.7595155703816647,0.9488453769425609,0.19718309859154928
9FIA_bJ,9FIA_bJ,71,J-controlled,2,John-fixed,0,0.09723,0.09498,32.51639088442168,0.3075192408166546,0.2719298245614035,228,8.703301967704803,13.842520842248897,0.08450704225352113,1.9737335189511895,24.683903207699874,0.10144927536231885,1.7634846910693929,0.9371059771903419,0.19718309859154928
9FIA_bJ,9FIA_bJ,71,J-controlled,2,Simple,0,0.09723,0.08883,33.05567412254557,0.2885516542844129,0.2543859649122807,228,9.402468277698596,14.769384451720649,0.028169014084507043,2.4234166764959406,24.845720737667843,0.10144927536231885,1.8745904645315483,0.8860348911968294,0.30985915492957744
9FIA_bJ,9FIA_bJ,71,J-controlled,2,Geometry,0,0.09723,0.09555,33.060479356920915,0.2856540968609934,0.25219298245614036,228,9.452930860195634,14.813809376087391,0.028169014084507043,2.55478012938956,24.844632386575437,0.11594202898550725,1.5497491001432828,1.0159782255959178,0.30985915492957744
9FIA_bJ,9FIA_bJ,71,J-controlled,3,Raw,0,0.17847,0.17847,28.567039672841677,0.3004465840672737,0.27631578947368424,228,6.447585467523976,11.590930200614805,0.08450704225352113,1.3018984893256624,0.7003596494092754,0.13043478260869565,1.5265374336876925,1.2243272402456948,0.647887323943662
9FIA_bJ,9FIA_bJ,71,J-controlled,3,John-original,0,0.17847,0.16378,28.386301673768468,0.3266048965402414,0.2916666666666667,228,6.1834200525983745,11.35650775264616,0.07042253521126761,0.8628589749261946,0.7639225017243056,0.11594202898550725,1.3606158941126376,1.2074835053474198,0.6197183098591549
9FIA_bJ,9FIA_bJ,71,J-controlled,3,John-fixed,0,0.17847,0.16301,28.396260818062483,0.3266048965402414,0.2916666666666667,228,6.1902211069159625,11.363225734727955,0.08450704225352113,0.8714901925423975,0.7628698617741421,0.11594202898550725,1.3619665220749613,1.2116142881671916,0.6197183098591549
9FIA_bJ,9FIA_bJ,71,J-controlled,3,Simple,0,0.17847,0.14775,28.520743612351787,0.3174042432663122,0.28399122807017546,228,6.305407740977819,11.486123901604774,0.056338028169014086,0.9783315123525829,0.7465850167763897,0.11594202898550725,1.4595434312901578,1.206909848424693,0.647887323943662
9FIA_bJ,9FIA_bJ,71,J-controlled,3,Geometry,0,0.17847,0.15344,28.541584973384712,0.3178833738100979,0.2894736842105263,228,6.333872563985406,11.512434584194956,0.08450704225352113,1.0652333641398533,0.7278984002622302,0.11594202898550725,1.2855014992001443,1.1236340293510423,0.647887323943662
9FIA_bJ,9FIA_bJ,71,J-controlled,4,Raw,0,0.09436,0.09436,32.94081375635333,0.3325908047890807,0.28618421052631576,228,8.853472289933595,13.547698643420368,0.056338028169014086,2.051267417026191,29.828588046709744,0.13043478260869565,1.4426297088808717,0.5585356268739017,0.11267605633802817
9FIA_bJ,9FIA_bJ,71,J-controlled,4,John-original,0,0.09436,0.08998,31.72186017967273,0.3322715957414234,0.2905701754385965,228,8.157783997170224,12.739590652367989,0.04225352112676056,1.5562181433503468,29.33873913140165,0.07246376811594203,1.3472777315215758,0.7024796985586796,0.16901408450704225
9FIA_bJ,9FIA_bJ,71,J-controlled,4,John-fixed,0,0.09436,0.08998,31.781193702183266,0.33459807673169745,0.2916666666666667,228,8.178023528934434,12.765583157659975,0.04225352112676056,1.5711905948198888,29.359235654384253,0.07246376811594203,1.3420223034845742,0.6951507713382005,0.14084507042253522
9FIA_bJ,9FIA_bJ,71,J-controlled,4,Simple,0,0.09436,0.09282,32.8991917457512,0.34359201622132657,0.2982456140350877,228,8.775587693390518,13.475000438853447,0.056338028169014086,1.8414722559823706,29.807801084955432,0.13043478260869565,1.4084032355758125,0.5584573891532214,0.11267605633802817
9FIA_bJ,9FIA_bJ,71,J-controlled,4,Geometry,0,0.09436,0.10393,32.900040475034004,0.339528861942655,0.29605263157894735,228,8.788576864103208,13.494828008866865,0.056338028169014086,1.8942999497217683,29.79475583069836,0.13043478260869565,1.057270811225244,0.658906206700082,0.11267605633802817
9FIA_bJ,9FIA_bJ,71,Thesis-3T+2D,0,Raw,0,0.13568,0.13568,25.987551575273827,0.31620399476002925,0.28289473684210525,228,5.784888138375698,9.74442266543406,0.0,1.4556903754594979,15.334471574129697,0.11594202898550725,0.672297527580087,0.6651689046819151,0.14084507042253522
9FIA_bJ,9FIA_bJ,71,Thesis-3T+2D,0,John-original,0,0.13568,0.1387,25.917864347701048,0.3171926851883748,0.28399122807017546,228,5.56608836017877,9.4685034467433,0.0,1.0714981762566267,15.276849005909401,0.08695652173913043,0.6045320525838459,0.6901822009306128,0.16901408450704225
9FIA_bJ,9FIA_bJ,71,Thesis-3T+2D,0,John-fixed,0,0.13568,0.1476,25.892789304792355,0.3216334910300428,0.2883771929824561,228,5.515547697573932,9.406603114872915,0.0,0.9560662395262399,15.268356217619736,0.10144927536231885,0.6017576968372826,0.6830035036122782,0.16901408450704225
9FIA_bJ,9FIA_bJ,71,Thesis-3T+2D,0,Geometry,0,0.13568,0.13694,25.96315050820304,0.3323923083621359,0.2916666666666667,228,5.740013768439453,9.695785813678148,0.0,1.250822850263852,15.304175999036826,0.11594202898550725,0.5745522555878767,0.6634538330307156,0.14084507042253522
9FIA_bJ,9FIA_bJ,71,Thesis-3T+2D,0,Geometry-fixed-strength,0,0.13568,0.13735,25.942765963541518,0.34113790902584,0.30043859649122806,228,5.706584172674274,9.65946078521859,0.0,1.1321434303337983,15.282867747013821,0.11594202898550725,0.533857252820064,0.652011000280716,0.14084507042253522
9FIA_bJ,9FIA_bJ,71,Thesis-3T+2D,0,Geometry-global-prior,0,0.13568,0.13685,25.953916782332797,0.3348468102778448,0.29385964912280704,228,5.72462197167722,9.688146182778512,0.0,1.2534444766245347,15.305126076385985,0.11594202898550725,0.5947085806379693,0.6413902263100133,0.14084507042253522
9FIA_bJ,9FIA_bJ,71,Thesis-3T+2D,0,Geometry-no-Rg,0,0.13568,0.13597,25.963083984607753,0.3348468102778448,0.29385964912280704,228,5.719192824200492,9.688676699495636,0.0,1.2511428138860792,15.323924789689517,0.11594202898550725,0.5798291263530595,0.6737354505646567,0.14084507042253522
9FIA_bJ,9FIA_bJ,71,Thesis-3T+2D,0,Simple,0,0.13568,0.13656,25.95539862014777,0.34116356584028995,0.30043859649122806,228,5.6965145502093195,9.660082060343775,0.0,1.1404498664791252,15.31821991804993,0.11594202898550725,0.6296446748990864,0.6719900726785718,0.14084507042253522
9FIA_bJ,9FIA_bJ,71,Thesis-3T+2D,1,Raw,0,0.12304,0.12304,53.7661819726853,0.2896885442144063,0.2412280701754386,228,9.421117963436142,15.262460329487503,0.09859154929577464,3.095274476494024,44.59136066307015,0.08695652173913043,0.7618838321755722,0.8522189231041281,0.22535211267605634
9FIA_bJ,9FIA_bJ,71,Thesis-3T+2D,1,John-original,0,0.12304,0.11969,53.07856916088659,0.28531932626760215,0.2324561403508772,228,8.681937039834507,14.447578161241672,0.056338028169014086,2.4034285744679917,44.15641022767666,0.13043478260869565,0.7170837725407438,0.7674204467961392,0.19718309859154928
9FIA_bJ,9FIA_bJ,71,Thesis-3T+2D,1,John-fixed,0,0.12304,0.12375,52.88673722207981,0.2879042413525172,0.23355263157894737,228,8.554645109076997,14.285340219934072,0.056338028169014086,2.2779423199775244,44.0355955798336,0.13043478260869565,0.7365069182934463,0.7657060408463013,0.19718309859154928
9FIA_bJ,9FIA_bJ,71,Thesis-3T+2D,1,Geometry,0,0.12304,0.12451,53.732889977144104,0.2957469733331802,0.24451754385964913,228,9.327954799108587,15.182493298902822,0.08450704225352113,2.8133899902151667,44.570613675472956,0.07246376811594203,0.582064872539127,0.780769620512852,0.19718309859154928
9FIA_bJ,9FIA_bJ,71,Thesis-3T+2D,1,Geometry-fixed-strength,0,0.12304,0.13296,53.697775737340386,0.3112791064299685,0.2565789473684211,228,9.273926869898355,15.132460126005954,0.07042253521126761,2.6353849935038,44.54465585088944,0.07246376811594203,0.5672817972856655,0.7717575519030301,0.19718309859154928
9FIA_bJ,9FIA_bJ,71,Thesis-3T+2D,1,Geometry-global-prior,0,0.12304,0.12414,53.72800368930652,0.2933523373178546,0.24342105263157895,228,9.32864609313358,15.184357537723448,0.09859154929577464,2.813889683751148,44.56604908917987,0.07246376811594203,0.6097549986854155,0.8058312322287405,0.22535211267605634
9FIA_bJ,9FIA_bJ,71,Thesis-3T+2D,1,Geometry-no-Rg,0,0.12304,0.1245,53.74861563563483,0.2957469733331802,0.24451754385964913,228,9.330354067215426,15.186037368375061,0.08450704225352113,2.8129796768488826,44.588639281536175,0.07246376811594203,0.5840768421644521,0.7809837211061852,0.19718309859154928
9FIA_bJ,9FIA_bJ,71,Thesis-3T+2D,1,Simple,0,0.12304,0.12945,53.75051543944252,0.31844995282495286,0.26535087719298245,228,9.349782122381882,15.219560179157535,0.07042253521126761,2.418823120921928,44.57611614181151,0.13043478260869565,0.8928349452202105,0.8243242824127396,0.19718309859154928
9FIA_bJ,9FIA_bJ,71,Thesis-3T+2D,2,Raw,0,0.14056,0.14056,26.954147860577493,0.26419161537696023,0.25109649122807015,228,5.955227923243025,10.62793636751466,0.39436619718309857,1.8667774650746833,2.022462422700908,0.057971014492753624,1.283062301211019,1.0229241759676961,0.5915492957746479
9FIA_bJ,9FIA_bJ,71,Thesis-3T+2D,2,John-original,0,0.14056,0.16211,27.049850777251155,0.28651470655781,0.26096491228070173,228,5.927367841930345,10.631586781276383,0.28169014084507044,1.2726544838415512,2.0093073450001384,0.21739130434782608,1.9875025414671597,1.0168955969877898,0.6197183098591549
9FIA_bJ,9FIA_bJ,71,Thesis-3T+2D,2,John-fixed,0,0.14056,0.1682,27.059628439158878,0.2854079349769005,0.26096491228070173,228,5.935451362463929,10.64204110259782,0.28169014084507044,1.2102312592921027,2.0214050682179128,0.21739130434782608,2.027407051461401,0.9865919087040527,0.6197183098591549
9FIA_bJ,9FIA_bJ,71,Thesis-3T+2D,2,Geometry,0,0.14056,0.17629,27.003197681034134,0.27866320700372427,0.2598684210526316,228,5.856652683421231,10.608205375028833,0.2676056338028169,1.4891343619887365,1.9492549035956053,0.057971014492753624,0.8918542267644972,0.9762949170860109,0.5915492957746479
9FIA_bJ,9FIA_bJ,71,Thesis-3T+2D,2,Geometry-fixed-strength,0,0.14056,0.17614,27.021981459793952,0.28761903805007255,0.26644736842105265,228,5.847165224552537,10.62830319778046,0.2112676056338028,1.311787768385611,1.9229850104601667,0.057971014492753624,0.8818816760224484,0.9825938009308662,0.5915492957746479
9FIA_bJ,9FIA_bJ,71,Thesis-3T+2D,2,Geometry-global-prior,0,0.14056,0.13228,27.01653052721326,0.28002317366541507,0.26206140350877194,228,5.837649542802085,10.579602256363318,0.18309859154929578,1.4232514390861482,1.9491772681649984,0.057971014492753624,0.950085061881056,0.9405166763889123,0.5915492957746479
9FIA_bJ,9FIA_bJ,71,Thesis-3T+2D,2,Geometry-no-Rg,0,0.14056,0.13136,26.99874410420454,0.27866320700372427,0.2598684210526316,228,5.848774360307816,10.603610644986885,0.28169014084507044,1.4778794447910926,1.9508144844970978,0.057971014492753624,0.95886290568082,0.985876431871394,0.647887323943662
9FIA_bJ,9FIA_bJ,71,Thesis-3T+2D,2,Simple,0,0.14056,0.16282,26.90866633697729,0.30893235117373047,0.2807017543859649,228,6.017346561037527,10.712562707194026,0.22535211267605634,0.7152867374352142,1.9920070511944523,0.2608695652173913,1.8509847259926193,1.112361702675828,0.6197183098591549
9FIA_bJ,9FIA_bJ,71,Thesis-3T+2D,3,Raw,0,0.16228,0.16228,28.19255951364009,0.33998680916784363,0.29714912280701755,228,4.639630515564893,8.62793697213229,0.0,1.2365494605888885,5.989348993695788,0.0,0.3194447428087043,0.5557266565649741,0.39436619718309857
9FIA_bJ,9FIA_bJ,71,Thesis-3T+2D,3,John-original,0,0.16228,0.18897,28.749979075700796,0.38429959647632056,0.3399122807017544,228,4.751737243705759,8.810877766329305,0.014084507042253521,0.7577671296721155,6.251318776034548,0.043478260869565216,0.4930122567620094,0.7291837527348501,0.4225352112676056
9FIA_bJ,9FIA_bJ,71,Thesis-3T+2D,3,John-fixed,0,0.16228,0.1724,28.43776706649644,0.3585675698822251,0.31469298245614036,228,4.666716241551382,8.690925296261772,0.0,1.0838392044701965,6.069059205820917,0.014492753623188406,0.35029653807932853,0.6190397463166358,0.39436619718309857
9FIA_bJ,9FIA_bJ,71,Thesis-3T+2D,3,Geometry,0,0.16228,0.16892,28.205848625766013,0.35715520112071836,0.31359649122807015,228,4.649413367877899,8.668336972765406,0.0,1.092736556929051,6.014024266426549,0.0,0.21793673300021574,0.4763142806578212,0.39436619718309857
9FIA_bJ,9FIA_bJ,71,Thesis-3T+2D,3,Geometry-fixed-strength,0,0.16228,0.16946,28.206704788667626,0.3550186882083434,0.31140350877192985,228,4.650053921064864,8.671230812562008,0.0,1.0840131705810774,6.015022566581052,0.0,0.2154899490884827,0.47054632930689116,0.39436619718309857
9FIA_bJ,9FIA_bJ,71,Thesis-3T+2D,3,Geometry-global-prior,0,0.16228,0.17044,28.205127358774643,0.3534481801723181,0.3092105263157895,228,4.6464723408188195,8.66637024307742,0.0,1.098195863938631,6.0136889462194,0.0,0.2207102913387063,0.432481855271726,0.39436619718309857
9FIA_bJ,9FIA_bJ,71,Thesis-3T+2D,3,Geometry-no-Rg,0,0.16228,0.16901,28.225578874524842,0.3570541288213703,0.3125,228,4.648114616523637,8.67214468705315,0.0,1.0867475684722134,6.058318118729581,0.0,0.21388750186595187,0.49033605647487283,0.39436619718309857
9FIA_bJ,9FIA_bJ,71,Thesis-3T+2D,3,Simple,0,0.16228,0.16866,28.230208754337895,0.3605742437638989,0.31469298245614036,228,4.659759021199684,8.680849659004373,0.0,1.0536230123551344,6.062882742479562,0.014492753623188406,0.33973812870514725,0.6216338504643564,0.39436619718309857
9FIA_bJ,9FIA_bJ,71,Thesis-3T+2D,4,Raw,0,0.17393,0.17393,31.054183364656367,0.3273280120262879,0.29276315789473684,228,4.380894782909979,8.115566366128403,0.014084507042253521,1.263935852694159,5.2745571660449215,0.0,0.3717569924814156,0.6580464951857872,0.647887323943662
9FIA_bJ,9FIA_bJ,71,Thesis-3T+2D,4,John-original,0,0.17393,0.17941,31.280567164781417,0.3685970877781223,0.32785087719298245,228,4.549157370523306,8.232204899954903,0.0,0.7791254092488289,5.478094781863767,0.014492753623188406,0.8038369534112231,1.1464177568924274,0.5633802816901409
9FIA_bJ,9FIA_bJ,71,Thesis-3T+2D,4,John-fixed,0,0.17393,0.17123,31.17060314398301,0.3352458006552834,0.30153508771929827,228,4.4043607168448045,8.140266697456676,0.0,1.1426834680146551,5.319181060394644,0.0,0.45624805020533327,0.7616307224043951,0.6197183098591549
9FIA_bJ,9FIA_bJ,71,Thesis-3T+2D,4,Geometry,0,0.17393,0.18899,31.08578213034341,0.34605624260796675,0.31030701754385964,228,4.392794836085966,8.15437383734144,0.028169014084507043,1.1441012648816031,5.3019384389352595,0.0,0.29278934433142717,0.5179805215751382,0.647887323943662
9FIA_bJ,9FIA_bJ,71,Thesis-3T+2D,4,Geometry-fixed-strength,0,0.17393,0.18871,31.08696326419674,0.3438805447426137,0.3081140350877193,228,4.393650163447358,8.156898041635426,0.028169014084507043,1.1367354694961764,5.303258152410532,0.0,0.29052602338906414,0.5141236298414634,0.647887323943662
9FIA_bJ,9FIA_bJ,71,Thesis-3T+2D,4,Geometry-global-prior,0,0.17393,0.16828,31.085472693893003,0.3427858539927506,0.30701754385964913,228,4.383630776349288,8.148345261388714,0.028169014084507043,1.1504062254724456,5.302156196797995,0.0,0.26586026876063185,0.5111700618118293,0.6197183098591549
9FIA_bJ,9FIA_bJ,71,Thesis-3T+2D,4,Geometry-no-Rg,0,0.17393,0.18857,31.103710656855185,0.3438805447426137,0.3081140350877193,228,4.391612939472354,8.155934834472696,0.028169014084507043,1.1379363012097359,5.343996165053486,0.0,0.29115306204329766,0.5190187498728198,0.647887323943662
9FIA_bJ,9FIA_bJ,71,Thesis-3T+2D,4,Simple,0,0.17393,0.19113,31.100868207080367,0.3472239565989566,0.3125,228,4.409005208651522,8.164884697036166,0.014084507042253521,1.095434476371068,5.3449597355399945,0.014492753623188406,0.44807295395581714,0.7508045345056894,0.647887323943662
9G6K_l1,9G6K_l1,50,J-controlled,0,Raw,0,0.09954,0.09954,40.98516063164466,0.3054719724719725,0.27926829268292686,205,17.416279646726082,29.65417686286249,0.02,4.065003226359539,30.091422231544406,0.041666666666666664,2.201600130411457,0.5943006342784432,0.2
9G6K_l1,9G6K_l1,50,J-controlled,0,John-original,0,0.09954,0.08364,39.30239261029747,0.3208273115773116,0.2841463414634146,205,15.89498147369754,27.49290899239521,0.04,3.3868576164454436,28.913986860215687,0.041666666666666664,2.153525494050237,0.6177540287464305,0.16
9G6K_l1,9G6K_l1,50,J-controlled,0,John-fixed,0,0.09954,0.09833,38.82192807723025,0.3198235236985237,0.2817073170731707,205,15.452914590843093,26.84498088132578,0.06,3.2948004119516523,28.592241816879586,0.041666666666666664,2.1815959707355694,0.6381753670493421,0.2
9G6K_l1,9G6K_l1,50,J-controlled,0,Simple,0,0.09954,0.10588,40.920151750786765,0.3284283216783217,0.2926829268292683,205,17.331671741476992,29.578013948130383,0.02,3.8897571228434136,30.036404499542172,0.041666666666666664,2.1270220520602794,0.5556667587294419,0.16
9G6K_l1,9G6K_l1,50,J-controlled,0,Geometry,0,0.09954,0.08366,40.935404790031825,0.32273008935508934,0.29024390243902437,205,17.348414081457253,29.59931874852588,0.02,3.932764540921736,30.044878602428113,0.041666666666666664,1.3677939355845947,0.8767702798826642,0.16
9G6K_l1,9G6K_l1,50,J-controlled,1,Raw,0,0.18474,0.18474,53.497493305972505,0.35642571317571314,0.3146341463414634,205,5.976654987079161,11.055832018144196,0.0,0.43616133775720817,39.9783328891962,0.0,1.485093043992313,0.34447303695899517,0.0
9G6K_l1,9G6K_l1,50,J-controlled,1,John-original,0,0.18474,0.18673,53.52296205080255,0.35277082639582646,0.3146341463414634,205,5.976036441545416,11.065052683429466,0.0,0.3872197385227243,40.018008007550904,0.0,1.476272407968315,0.35449106880617337,0.0
9G6K_l1,9G6K_l1,50,J-controlled,1,John-fixed,0,0.18474,0.1869,53.526745910171826,0.353826381951382,0.31585365853658537,205,5.976390734795495,11.067350771949059,0.0,0.38090355691931893,40.02449827801699,0.0,1.474830110862327,0.35689235225490173,0.0
9G6K_l1,9G6K_l1,50,J-controlled,1,Simple,0,0.18474,0.18747,53.507281903731254,0.35838193750693753,0.3170731707317073,205,5.983753163278815,11.065702697505117,0.0,0.37942376204191347,39.987489324418746,0.0,1.486609405842587,0.4853593359806013,0.0
9G6K_l1,9G6K_l1,50,J-controlled,1,Geometry,0,0.18474,0.18657,53.48636200974868,0.35676288988788996,0.3170731707317073,205,5.969543992370861,11.056235448457576,0.0,0.3951920949000948,39.964919669411074,0.0,0.9204163550141172,0.4808657627687701,0.0
9G6K_l1,9G6K_l1,50,J-controlled,2,Raw,0,0.16795,0.16795,52.789397128166065,0.3085567488067488,0.2731707317073171,205,7.353068080494472,14.250066619368475,0.04,1.7763244566379774,45.97274629466421,0.041666666666666664,0.8042743565538576,0.5489508114836087,0.04
9G6K_l1,9G6K_l1,50,J-controlled,2,John-original,0,0.16795,0.15245,52.49308929730294,0.3293498584748585,0.28780487804878047,205,7.122795940815753,14.036010353653214,0.04,1.348897969323432,45.70256183050949,0.041666666666666664,0.6855599345829312,0.5560855375043567,0.04
9G6K_l1,9G6K_l1,50,J-controlled,2,John-fixed,0,0.16795,0.15254,52.45526202455088,0.32577662615162617,0.2865853658536585,205,7.101828807362911,14.013776305636245,0.04,1.3225647681376027,45.669421230067094,0.041666666666666664,0.6806036794461345,0.5575200578625449,0.04
9G6K_l1,9G6K_l1,50,J-controlled,2,Simple,0,0.16795,0.17214,52.779842840706415,0.33486392773892765,0.2914634146341463,205,7.27669973575912,14.208100959734763,0.04,1.4384831951395625,45.96292385490289,0.041666666666666664,0.7759284137283832,0.5614759715707779,0.04
9G6K_l1,9G6K_l1,50,J-controlled,2,Geometry,0,0.16795,0.17145,52.76613071608431,0.33236212398712395,0.2890243902439024,205,7.297841085244947,14.218007325870952,0.04,1.5523570795144142,45.948453323685506,0.041666666666666664,0.6069200384870744,0.49544151611315695,0.04
9G6K_l1,9G6K_l1,50,J-controlled,3,Raw,0,0.15552,0.15552,29.149681474648357,0.28554711954711953,0.2548780487804878,205,11.176751206341779,17.646315692271855,0.1,2.957151668972034,17.235880095137354,0.08333333333333333,2.083102119493266,0.6601930433659383,0.2
9G6K_l1,9G6K_l1,50,J-controlled,3,John-original,0,0.15552,0.1365,28.635157226982365,0.26973020035520034,0.24634146341463414,205,10.063928009376601,16.165965996805692,0.1,2.1421172243351343,16.900635811768602,0.0625,1.9281253700076875,0.7674131507429652,0.2
9G6K_l1,9G6K_l1,50,J-controlled,3,John-fixed,0,0.15552,0.1264,28.610918352648532,0.2684978771228771,0.2451219512195122,205,9.999673994585592,16.078307956377053,0.14,2.111370431175043,16.890773724903838,0.0625,1.944098987575898,0.7620744545383087,0.2
9G6K_l1,9G6K_l1,50,J-controlled,3,Simple,0,0.15552,0.161,29.105344375702675,0.2893748612498613,0.2597560975609756,205,11.068310840978913,17.535885348296254,0.1,2.7272215458194453,17.194646865517683,0.08333333333333333,2.0448617931443716,0.6883368775452111,0.2
9G6K_l1,9G6K_l1,50,J-controlled,3,Geometry,0,0.15552,0.15704,29.10795405038464,0.2903788295038295,0.2597560975609756,205,11.104933644706568,17.572350979557772,0.1,2.7954996370039695,17.19271147545524,0.08333333333333333,1.3645749665930653,0.8659376906671742,0.2
9G6K_l1,9G6K_l1,50,J-controlled,4,Raw,0,0.1293,0.1293,48.21083918786077,0.3454970862470863,0.29878048780487804,205,6.073236821556823,11.119876640959472,0.02,1.162914130653359,35.55983254103983,0.020833333333333332,0.8062171037123136,0.5164382667630802,0.08
9G6K_l1,9G6K_l1,50,J-controlled,4,John-original,0,0.1293,0.11751,48.23179744946411,0.3446136224886225,0.29878048780487804,205,5.907649003988259,10.91532235019775,0.02,0.8368632171480456,35.52720747620869,0.020833333333333332,0.766860591763527,0.498090906546254,0.04
9G6K_l1,9G6K_l1,50,J-controlled,4,John-fixed,0,0.1293,0.11754,48.2322728126833,0.34355806693306695,0.2975609756097561,205,5.904244434089512,10.909180229711625,0.02,0.8267759962664434,35.52555838751853,0.020833333333333332,0.7668428828469666,0.49778369491784885,0.04
9G6K_l1,9G6K_l1,50,J-controlled,4,Simple,0,0.1293,0.11825,48.20822183973439,0.366849123099123,0.31585365853658537,205,6.019720792217495,11.07198694385182,0.02,0.9540613922133228,35.55608926980733,0.020833333333333332,0.7630936519076914,0.5118215209984074,0.04
9G6K_l1,9G6K_l1,50,J-controlled,4,Geometry,0,0.1293,0.11787,48.1918671511172,0.3563432955932956,0.3073170731707317,205,6.032201364311135,11.087743666181,0.02,1.0133800778898152,35.53813538834572,0.020833333333333332,0.6749597970871327,0.49462773118120257,0.04
9G6K_l1,9G6K_l1,50,Thesis-3T+2D,0,Raw,0,0.18348,0.18348,20.39209362699798,0.3111859529359529,0.2926829268292683,205,7.408064668458469,11.832748152122909,0.0,1.8336483415569194,10.850855144154693,0.041666666666666664,0.5881249827822891,0.5467171319956263,0.2
9G6K_l1,9G6K_l1,50,Thesis-3T+2D,0,John-original,0,0.18348,0.18248,20.293512590871845,0.30759865134865133,0.2890243902439024,205,7.179958009063985,11.6196354833248,0.0,1.571594545228736,10.780377678462116,0.020833333333333332,0.549464424436276,0.517452692887972,0.16
9G6K_l1,9G6K_l1,50,Thesis-3T+2D,0,John-fixed,0,0.18348,0.17979,20.19150769607068,0.3114855561105561,0.2890243902439024,205,7.003805750490913,11.446683536718542,0.0,1.3850448164476572,10.724704131703572,0.020833333333333332,0.553209401844828,0.5391140905419977,0.16
9G6K_l1,9G6K_l1,50,Thesis-3T+2D,0,Geometry,0,0.18348,0.18404,20.370663690351442,0.3161783771783772,0.29878048780487804,205,7.359848657658476,11.79261200894244,0.0,1.6991454085267461,10.824724713863048,0.020833333333333332,0.5164608526041826,0.433129912164188,0.16
9G6K_l1,9G6K_l1,50,Thesis-3T+2D,0,Geometry-fixed-strength,0,0.18348,0.18521,20.342659294934748,0.31702596015096013,0.29878048780487804,205,7.302356405762292,11.745805734483799,0.0,1.5566138870230333,10.791195703230166,0.020833333333333332,0.46000859670309485,0.42803481743357,0.16
9G6K_l1,9G6K_l1,50,Thesis-3T+2D,0,Geometry-global-prior,0,0.18348,0.18474,20.371180811705386,0.3161783771783772,0.29878048780487804,205,7.3598277962328265,11.792610908366882,0.0,1.7006840022619163,10.82499539906387,0.020833333333333332,0.5105638265623244,0.4246786967186254,0.16
9G6K_l1,9G6K_l1,50,Thesis-3T+2D,0,Geometry-no-Rg,0,0.18348,0.18377,20.37884999660609,0.3161783771783772,0.29878048780487804,205,7.363307427328635,11.798036279248898,0.0,1.698054925823381,10.838936785552033,0.020833333333333332,0.5113280886122288,0.4558389312669666,0.16
9G6K_l1,9G6K_l1,50,Thesis-3T+2D,0,Simple,0,0.18348,0.1834,20.358630086721348,0.31763869463869465,0.30121951219512194,205,7.307700289243921,11.757876942707092,0.0,1.5539263860701944,10.823711470762635,0.020833333333333332,0.5517235165048361,0.5193810201263616,0.16
9G6K_l1,9G6K_l1,50,Thesis-3T+2D,1,Raw,0,0.09115,0.09115,31.93246971945602,0.3099650765900766,0.2731707317073171,205,8.545895768381461,13.595089079019951,0.0,2.2180535328763313,19.490116594609802,0.125,0.7067883826355729,0.7714547390116205,0.16
9G6K_l1,9G6K_l1,50,Thesis-3T+2D,1,John-original,0,0.09115,0.09229,31.662490087983514,0.3074464424464424,0.27439024390243905,205,8.083011387768627,13.10247829686059,0.0,1.6990107502865024,19.444795826021164,0.10416666666666667,0.6601141857536509,0.7545373627779713,0.16
9G6K_l1,9G6K_l1,50,Thesis-3T+2D,1,John-fixed,0,0.09115,0.09339,31.545398043322347,0.29064810189810186,0.25853658536585367,205,7.919153069470479,12.919283389332373,0.0,1.5240812326232882,19.445470053554615,0.10416666666666667,0.6521374681900474,0.737317764521018,0.16
9G6K_l1,9G6K_l1,50,Thesis-3T+2D,1,Geometry,0,0.09115,0.09721,31.897493102541883,0.32461659174159174,0.2865853658536585,205,8.475433788354792,13.532821641116632,0.0,1.970785061053489,19.45343469914029,0.125,0.6426940973638292,0.7473423689244214,0.16
9G6K_l1,9G6K_l1,50,Thesis-3T+2D,1,Geometry-fixed-strength,0,0.09115,0.09368,31.86689527536909,0.3213759157509158,0.2865853658536585,205,8.419454749843364,13.48066014812894,0.0,1.7981440624313059,19.419885860571767,0.10416666666666667,0.5954879103627139,0.7256367903563132,0.16
9G6K_l1,9G6K_l1,50,Thesis-3T+2D,1,Geometry-global-prior,0,0.09115,0.09739,31.89726216977108,0.32461659174159174,0.2865853658536585,205,8.474283839201952,13.532476269911665,0.0,1.970639531425287,19.453509422935767,0.125,0.6421298439426054,0.7402640786489917,0.16
9G6K_l1,9G6K_l1,50,Thesis-3T+2D,1,Geometry-no-Rg,0,0.09115,0.09712,31.90987843328763,0.32753325840825837,0.28780487804878047,205,8.477587423982985,13.537045165579341,0.0,1.9713704181546579,19.469740265545994,0.125,0.6426381396250661,0.7473625770637218,0.16
9G6K_l1,9G6K_l1,50,Thesis-3T+2D,1,Simple,0,0.09115,0.09977,31.892127240327675,0.3207824814074814,0.28536585365853656,205,8.431171922662932,13.491101143440714,0.0,1.809391664129333,19.452295056893114,0.10416666666666667,0.6392366409801261,0.7539195295772857,0.16
9G6K_l1,9G6K_l1,50,Thesis-3T+2D,2,Raw,0,0.0911,0.0911,31.937279202648092,0.31230268342768347,0.2731707317073171,205,8.54812365599132,13.602764106192014,0.0,2.2147308604242903,19.495506189085006,0.125,0.7053917975837495,0.7696638976484214,0.16
9G6K_l1,9G6K_l1,50,Thesis-3T+2D,2,John-original,0,0.0911,0.10042,31.668264081093493,0.30255172605172603,0.2682926829268293,205,8.086230204212338,13.110968173902,0.0,1.6946004023045682,19.450450444971096,0.10416666666666667,0.6576771199783067,0.7530926118233143,0.16
9G6K_l1,9G6K_l1,50,Thesis-3T+2D,2,John-fixed,0,0.0911,0.10157,31.551068364712545,0.2988448357198357,0.2634146341463415,205,7.91561364180016,12.926638781075118,0.0,1.5187437773229,19.452874678194256,0.10416666666666667,0.6461540468138788,0.7557584900385804,0.16
9G6K_l1,9G6K_l1,50,Thesis-3T+2D,2,Geometry,0,0.0911,0.09715,31.902467222627976,0.32753325840825837,0.28780487804878047,205,8.477646835733157,13.54037594218183,0.0,1.9670909042982543,19.458817496830783,0.125,0.6400890860968196,0.7467820540750577,0.16
9G6K_l1,9G6K_l1,50,Thesis-3T+2D,2,Geometry-fixed-strength,0,0.0911,0.09385,31.872060635791364,0.3253286019536019,0.29024390243902437,205,8.421495717505593,13.487657491174959,0.0,1.7938278545438733,19.42528466165701,0.10416666666666667,0.5936629669965219,0.7251699821476791,0.16
9G6K_l1,9G6K_l1,50,Thesis-3T+2D,2,Geometry-global-prior,0,0.0911,0.09733,31.902195635420753,0.3284878038628038,0.2890243902439024,205,8.476444120515051,13.53960925728715,0.0,1.9672943390347983,19.45883180821417,0.125,0.6403715945755541,0.7409670426499371,0.16
9G6K_l1,9G6K_l1,50,Thesis-3T+2D,2,Geometry-no-Rg,0,0.0911,0.09709,31.914628307749407,0.32753325840825837,0.28780487804878047,205,8.47986767919627,13.544647516544963,0.0,1.9679048848554392,19.474887757009803,0.125,0.6395371939833753,0.747004010777469,0.16
9G6K_l1,9G6K_l1,50,Thesis-3T+2D,2,Simple,0,0.0911,0.09969,31.896907834559315,0.32426294538794537,0.2890243902439024,205,8.43330271175033,13.498286325678073,0.0,1.8057763760974475,19.457570064844518,0.10416666666666667,0.6369069177455308,0.7523814844133052,0.16
9G6K_l1,9G6K_l1,50,Thesis-3T+2D,3,Raw,0,0.1582,0.1582,34.45010601786733,0.3369519647019647,0.3073170731707317,205,4.114732160891577,6.712641368458234,0.0,1.0000345267943906,21.069713751791376,0.0,0.16183986776257975,0.09270235862422031,0.0
9G6K_l1,9G6K_l1,50,Thesis-3T+2D,3,John-original,0,0.1582,0.16087,34.460944692140764,0.34399454711954713,0.3048780487804878,205,4.135173048066453,6.739129370601699,0.0,0.8503509740919468,21.14542565831961,0.0,0.16760941827596895,0.1820645297220174,0.0
9G6K_l1,9G6K_l1,50,Thesis-3T+2D,3,John-fixed,0,0.1582,0.16033,34.437854106190315,0.336428946053946,0.3048780487804878,205,4.121884359373568,6.7250115365862175,0.0,0.9379287467588705,21.093354913483196,0.0,0.15836473910810003,0.11855421957184163,0.0
9G6K_l1,9G6K_l1,50,Thesis-3T+2D,3,Geometry,0,0.1582,0.16025,34.449912797650974,0.34020196470196473,0.30853658536585366,205,4.12410454175266,6.732401237989829,0.0,0.9362012136330445,21.070825504424228,0.0,0.14746821134328195,0.053629588885633434,0.0
9G6K_l1,9G6K_l1,50,Thesis-3T+2D,3,Geometry-fixed-strength,0,0.1582,0.16058,34.448538996929194,0.33952568265068267,0.3073170731707317,205,4.124659281958741,6.734531278465414,0.0,0.9272312373561139,21.070112060872482,0.0,0.14529654267625416,0.051550155759830775,0.0
9G6K_l1,9G6K_l1,50,Thesis-3T+2D,3,Geometry-global-prior,0,0.1582,0.16035,34.449892754382724,0.3393173493173493,0.3073170731707317,205,4.1235380709662355,6.732569444189355,0.0,0.9367587877663694,21.070790867084824,0.0,0.14854693523490353,0.03594553906233898,0.0
9G6K_l1,9G6K_l1,50,Thesis-3T+2D,3,Geometry-no-Rg,0,0.1582,0.16064,34.482056451060224,0.3384461371961372,0.30609756097560975,205,4.121467314227931,6.7308411234150745,0.0,0.9309758237301884,21.11157888744534,0.0,0.14745948380608817,0.05502857353307894,0.0
9G6K_l1,9G6K_l1,50,Thesis-3T+2D,3,Simple,0,0.1582,0.16178,34.486716977157684,0.3393669524919525,0.3073170731707317,205,4.12142750178311,6.7292492420593515,0.0,0.9210135662025877,21.118659521388793,0.0,0.15351780660952188,0.11847735655287775,0.0
9G6K_l1,9G6K_l1,50,Thesis-3T+2D,4,Raw,0,0.1312,0.1312,19.469987544111028,0.3244748723498724,0.30121951219512194,205,4.9404100945211225,9.019095450098451,0.0,1.1270971012444437,0.6029350323215787,0.020833333333333332,0.4824287635271987,0.5620023273655897,0.4
9G6K_l1,9G6K_l1,50,Thesis-3T+2D,4,John-original,0,0.1312,0.13232,19.413239998562904,0.3595295954045954,0.32926829268292684,205,4.967119451245958,9.122378221273394,0.0,0.7275467422060397,0.8864192206087544,0.020833333333333332,0.5797853025541703,0.6885650175766541,0.4
9G6K_l1,9G6K_l1,50,Thesis-3T+2D,4,John-fixed,0,0.1312,0.13643,19.448637151307388,0.3344974886224886,0.31097560975609756,205,4.944782396142809,9.066029374688348,0.0,0.9177826464700983,0.6883209270264317,0.020833333333333332,0.4862437259961216,0.5938136102244177,0.36
9G6K_l1,9G6K_l1,50,Thesis-3T+2D,4,Geometry,0,0.1312,0.13015,19.508850122723423,0.33459638972138966,0.3097560975609756,205,4.927906316366466,9.04165588301394,0.0,0.9467271908140751,0.6557368495791138,0.020833333333333332,0.363818961234291,0.5437905843398304,0.44
9G6K_l1,9G6K_l1,50,Thesis-3T+2D,4,Geometry-fixed-strength,0,0.1312,0.13094,19.514314978860874,0.3375408341658342,0.31341463414634146,205,4.927898754885636,9.04549225702512,0.0,0.9275501043701685,0.6623480628957026,0.020833333333333332,0.3539502396887029,0.5406053744125632,0.44
9G6K_l1,9G6K_l1,50,Thesis-3T+2D,4,Geometry-global-prior,0,0.1312,0.13395,19.5092519165942,0.33586623099123103,0.31097560975609756,205,4.924130174877573,9.039763306177015,0.0,0.952252599012389,0.656448651406464,0.020833333333333332,0.35157420503299525,0.5474091910922848,0.44
9G6K_l1,9G6K_l1,50,Thesis-3T+2D,4,Geometry-no-Rg,0,0.1312,0.13022,19.50850435769774,0.33459638972138966,0.3097560975609756,205,4.927808788203065,9.042148994892663,0.0,0.9456865222745531,0.6601916671604684,0.020833333333333332,0.3643068486926467,0.5436644948839238,0.44
9G6K_l1,9G6K_l1,50,Thesis-3T+2D,4,Simple,0,0.1312,0.11776,19.51702855505805,0.3325862887112887,0.3073170731707317,205,4.935561372101903,9.05186905318484,0.02,0.9105376642260683,0.6663574283094604,0.020833333333333332,0.49578274453185583,0.5978303031526631,0.4
9G6K_l3,9G6K_l3,59,J-controlled,0,Raw,0,0.11668,0.11668,32.6727597366813,0.44898514856141974,0.3974358974358974,195,6.346242466089463,10.858925056014028,0.01694915254237288,1.0151980412485238,0.2386739327675933,0.10526315789473684,0.7183939992571513,0.7182165024206713,0.4745762711864407
9G6K_l3,9G6K_l3,59,J-controlled,0,John-original,0,0.11668,0.14416,32.57212584798846,0.48618343756055615,0.43974358974358974,195,6.204931112920009,10.721394513928464,0.05084745762711865,0.7395836170561899,0.15761424703484295,0.08771929824561403,0.7615185439882718,0.7667441884788472,0.5084745762711864
9G6K_l3,9G6K_l3,59,J-controlled,0,John-fixed,0,0.11668,0.14517,32.558025836059734,0.490634730147442,0.4461538461538462,195,6.192560296397323,10.708378126667059,0.05084745762711865,0.7042501715008667,0.1527844908951579,0.07017543859649122,0.7354954276239809,0.7622347547766515,0.4745762711864407
9G6K_l3,9G6K_l3,59,J-controlled,0,Simple,0,0.11668,0.11995,32.65967867590789,0.4848963066124083,0.43205128205128207,195,6.272032447301518,10.801382057589947,0.01694915254237288,0.7530316169645224,0.22302731725977054,0.10526315789473684,0.69353379152185,0.6811547556378758,0.4067796610169492
9G6K_l3,9G6K_l3,59,J-controlled,0,Geometry,0,0.11668,0.1167,32.66874807314368,0.47187541742626493,0.4217948717948718,195,6.290859366343355,10.819088153565549,0.01694915254237288,0.8413675303259517,0.22799181354966436,0.10526315789473684,0.5990721442707038,0.6377945095888565,0.4067796610169492
9G6K_l3,9G6K_l3,59,J-controlled,1,Raw,0,0.10457,0.10457,30.085417074534963,0.4196104625130049,0.3769230769230769,195,5.376102060886635,10.335413590432932,0.0,1.2155812982427658,3.4279837323426428,0.03508771929824561,0.5332362961504977,0.5508206039686988,0.3389830508474576
9G6K_l3,9G6K_l3,59,J-controlled,1,John-original,0,0.10457,0.14246,29.877057056465326,0.4273045339782628,0.382051282051282,195,5.260502092436574,10.252011854680298,0.0,0.8964171981299064,3.0931388446484647,0.03508771929824561,0.5070720688888539,0.5368511011201282,0.3389830508474576
9G6K_l3,9G6K_l3,59,J-controlled,1,John-fixed,0,0.10457,0.14271,29.856434093908945,0.4291375879299608,0.38333333333333336,195,5.250716337269412,10.246068016674705,0.0,0.8659933609526196,3.063254747097126,0.03508771929824561,0.5035256949870344,0.5366318548382555,0.3389830508474576
9G6K_l3,9G6K_l3,59,J-controlled,1,Simple,0,0.10457,0.10436,30.06760613679696,0.42769341063832583,0.38333333333333336,195,5.3382733781568135,10.319583313618958,0.0,0.995660250116996,3.4180977710838114,0.03508771929824561,0.5280378364112673,0.5632316634920539,0.3389830508474576
9G6K_l3,9G6K_l3,59,J-controlled,1,Geometry,0,0.10457,0.14072,30.07008698617529,0.4282146643375457,0.38461538461538464,195,5.345967981772222,10.322641816111295,0.0,1.0740895192775013,3.409032364957053,0.03508771929824561,0.4744589467739699,0.5049490185197377,0.3389830508474576
9G6K_l3,9G6K_l3,59,J-controlled,2,Raw,0,0.127,0.127,24.772441518560466,0.40173166052403336,0.36025641025641025,195,7.2846269505315355,11.636620294213301,0.05084745762711865,1.8429850231756646,8.474270928019955,0.12280701754385964,1.7012961202637045,0.5772597577679537,0.3728813559322034
9G6K_l3,9G6K_l3,59,J-controlled,2,John-original,0,0.127,0.12172,24.448687513803787,0.40292081976404015,0.36025641025641025,195,6.890996031488791,11.324035982729539,0.05084745762711865,1.4367253310929133,8.716066987741183,0.10526315789473684,1.6012766891025714,0.6441572033587047,0.4406779661016949
9G6K_l3,9G6K_l3,59,J-controlled,2,John-fixed,0,0.127,0.12144,24.42832709251101,0.3969554456842593,0.3564102564102564,195,6.855278802180797,11.299389218003812,0.06779661016949153,1.403018450550456,8.759574782887501,0.10526315789473684,1.6286735522043192,0.605463922078655,0.4406779661016949
9G6K_l3,9G6K_l3,59,J-controlled,2,Simple,0,0.127,0.13381,24.746655621323903,0.4035463712370492,0.36153846153846153,195,7.250393623770304,11.609844718301796,0.05084745762711865,1.729151555509105,8.451720386314392,0.10526315789473684,1.7148753515481037,0.662346152338263,0.3728813559322034
9G6K_l3,9G6K_l3,59,J-controlled,2,Geometry,0,0.127,0.13452,24.748276055019996,0.3970812967635001,0.3564102564102564,195,7.246535459195203,11.608061834977502,0.05084745762711865,1.767340952357028,8.442812724108467,0.12280701754385964,1.0576494951897526,0.6796343090222032,0.3728813559322034
9G6K_l3,9G6K_l3,59,J-controlled,3,Raw,0,0.13244,0.13244,32.93258390374643,0.3973534822051772,0.3525641025641026,195,6.450176693733019,11.573762288394587,0.01694915254237288,1.7155227088930112,2.8678243756606605,0.12280701754385964,1.0510532699955393,0.8143270725814731,0.3728813559322034
9G6K_l3,9G6K_l3,59,J-controlled,3,John-original,0,0.13244,0.12851,32.796808800915,0.41536908242416715,0.37051282051282053,195,6.266294511279026,11.479523044993549,0.0,1.2148428744743838,2.6576225973071743,0.08771929824561403,0.986063889700888,0.8368019369303715,0.3389830508474576
9G6K_l3,9G6K_l3,59,J-controlled,3,John-fixed,0,0.13244,0.12866,32.78711173143517,0.4204272304907898,0.37564102564102564,195,6.252875861806802,11.474801942438255,0.0,1.1730346147816444,2.6429273313650015,0.08771929824561403,0.984172575500622,0.8428241422375388,0.3389830508474576
9G6K_l3,9G6K_l3,59,J-controlled,3,Simple,0,0.13244,0.1278,32.905071632642056,0.41212003627257865,0.36923076923076925,195,6.350482953983172,11.507216612682544,0.0,1.3711780730734575,2.8273723621345965,0.08771929824561403,0.9973555117678653,0.8446448536673934,0.3728813559322034
9G6K_l3,9G6K_l3,59,J-controlled,3,Geometry,0,0.13244,0.12774,32.91033158411824,0.4085589551691247,0.36538461538461536,195,6.381614052506199,11.525264464049876,0.01694915254237288,1.484893039195647,2.8316955158854284,0.08771929824561403,0.8766849471853224,0.7697208411564386,0.3728813559322034
9G6K_l3,9G6K_l3,59,J-controlled,4,Raw,0,0.14671,0.14671,32.945010139953446,0.3852773638790588,0.3423076923076923,195,6.5021917976423005,11.498651290818502,0.01694915254237288,1.6091841611251227,3.6664424119721204,0.10526315789473684,1.0901139548750094,0.8943902714417903,0.4067796610169492
9G6K_l3,9G6K_l3,59,J-controlled,4,John-original,0,0.14671,0.14328,32.92898262496464,0.3952004915987966,0.35384615384615387,195,6.287124678461846,11.386906275006506,0.0,1.1397423986381414,3.5770245359394437,0.08771929824561403,1.032828863226637,0.9311953962783058,0.4067796610169492
9G6K_l3,9G6K_l3,59,J-controlled,4,John-fixed,0,0.14671,0.14293,32.932087084236244,0.3935205566561499,0.3525641025641026,195,6.274899669210877,11.382426334420725,0.0,1.1154538554596793,3.5687464946312524,0.08771929824561403,1.0283182164686027,0.9350162578975828,0.4067796610169492
9G6K_l3,9G6K_l3,59,J-controlled,4,Simple,0,0.14671,0.14516,32.9165603537928,0.4051201035311205,0.36153846153846153,195,6.395076011368204,11.426963858283166,0.01694915254237288,1.2575099281807707,3.6242904754691274,0.08771929824561403,1.008632410048058,0.9065070427105493,0.3728813559322034
9G6K_l3,9G6K_l3,59,J-controlled,4,Geometry,0,0.14671,0.14521,32.92039724853681,0.3948990040091735,0.35384615384615387,195,6.427019565515546,11.44576366656226,0.01694915254237288,1.3665108821995668,3.6256939574098084,0.08771929824561403,0.900795013647069,0.8466313202119781,0.3728813559322034
9G6K_l3,9G6K_l3,59,Thesis-3T+2D,0,Raw,0,0.12706,0.12706,34.41625513434337,0.4260342411825463,0.37435897435897436,195,6.512068577297337,11.57321110752004,0.0,1.1560729008650317,3.9451614438175078,0.07017543859649122,0.7934881097878141,0.7443142139985444,0.4745762711864407
9G6K_l3,9G6K_l3,59,Thesis-3T+2D,0,John-original,0,0.12706,0.13494,34.37155585731501,0.4571099686565788,0.40897435897435896,195,6.228179083848931,11.30480341895863,0.01694915254237288,0.8532367542907536,3.7980351634321927,0.05263157894736842,0.7628342086932363,0.750162995189846,0.4406779661016949
9G6K_l3,9G6K_l3,59,Thesis-3T+2D,0,John-fixed,0,0.12706,0.13529,34.369259844564056,0.4593767343767344,0.4115384615384615,195,6.211796956279807,11.288043094335725,0.01694915254237288,0.8361490563834908,3.7907786242025203,0.05263157894736842,0.7619037428442075,0.7276708473146308,0.4406779661016949
9G6K_l3,9G6K_l3,59,Thesis-3T+2D,0,Geometry,0,0.12706,0.13098,34.36992836158825,0.44938915839339566,0.39871794871794874,195,6.471109996061829,11.537028125858754,0.0,1.0105087503106263,3.8871896401091632,0.07017543859649122,0.522128109930519,0.6619370864966206,0.4745762711864407
9G6K_l3,9G6K_l3,59,Thesis-3T+2D,0,Geometry-fixed-strength,0,0.12706,0.13357,34.342422318300315,0.45902847152847154,0.40897435897435896,195,6.446579480573657,11.51309024188305,0.0,0.9367106024479477,3.8508825021805393,0.07017543859649122,0.47336645453157244,0.6175914373142151,0.4406779661016949
9G6K_l3,9G6K_l3,59,Thesis-3T+2D,0,Geometry-global-prior,0,0.12706,0.13013,34.35594051990768,0.44748237873237867,0.3974358974358974,195,6.4742622843551985,11.53617005330534,0.0,1.012219432893555,3.8869767236800605,0.07017543859649122,0.46802875622192586,0.6562263333578685,0.4745762711864407
9G6K_l3,9G6K_l3,59,Thesis-3T+2D,0,Geometry-no-Rg,0,0.12706,0.13149,34.38903978394405,0.44815649275395036,0.3974358974358974,195,6.472552704011048,11.540396731804158,0.0,1.0123243331696914,3.919537119579754,0.07017543859649122,0.5264991393668375,0.6667232996553659,0.4745762711864407
9G6K_l3,9G6K_l3,59,Thesis-3T+2D,0,Simple,0,0.12706,0.13399,34.40096370578653,0.45744269854439346,0.4064102564102564,195,6.449931405548154,11.518622773960324,0.0,0.9309443567230965,3.9334400403075342,0.07017543859649122,0.7840296775666394,0.7325463928659737,0.4406779661016949
9G6K_l3,9G6K_l3,59,Thesis-3T+2D,1,Raw,0,0.13318,0.13318,34.43779960565119,0.45736259973548105,0.40512820512820513,195,6.445404758021505,11.475281184359947,0.0,1.1872848191345202,4.03057986736119,0.07017543859649122,0.7964449793281214,0.7786468730922615,0.4745762711864407
9G6K_l3,9G6K_l3,59,Thesis-3T+2D,1,John-original,0,0.13318,0.15663,34.39818770940517,0.4738338991516957,0.42435897435897435,195,6.175952316753611,11.21971718266979,0.01694915254237288,0.8584620219638841,3.8992340556394076,0.07017543859649122,0.7605970749562211,0.7754110017353112,0.4406779661016949
9G6K_l3,9G6K_l3,59,Thesis-3T+2D,1,John-fixed,0,0.13318,0.15693,34.39541993923775,0.46910042640974847,0.4205128205128205,195,6.160653475348278,11.204602169994335,0.01694915254237288,0.8399352077730868,3.890815725034468,0.07017543859649122,0.7608706371278378,0.7769549980283187,0.4406779661016949
9G6K_l3,9G6K_l3,59,Thesis-3T+2D,1,Geometry,0,0.13318,0.16075,34.419375737322746,0.4656924643153457,0.41410256410256413,195,6.402492067049404,11.440930568438018,0.0,1.026032729035222,3.990879826636988,0.07017543859649122,0.45764405839575767,0.7472378016223191,0.4745762711864407
9G6K_l3,9G6K_l3,59,Thesis-3T+2D,1,Geometry-fixed-strength,0,0.13318,0.16182,34.39825195718607,0.47142121061612585,0.41923076923076924,195,6.376212740854681,11.418727700659469,0.0,0.9358007385742187,3.959128352654531,0.07017543859649122,0.4160486622783237,0.723562893037215,0.4745762711864407
9G6K_l3,9G6K_l3,59,Thesis-3T+2D,1,Geometry-global-prior,0,0.13318,0.16074,34.41920332521852,0.46455747642188316,0.4128205128205128,195,6.4018320612710715,11.44056072563722,0.0,1.0258267931155975,3.991446702957006,0.07017543859649122,0.45605182519728,0.7360431030392773,0.4745762711864407
9G6K_l3,9G6K_l3,59,Thesis-3T+2D,1,Geometry-no-Rg,0,0.13318,0.15922,34.43958470160415,0.4626860074953295,0.4115384615384615,195,6.404634955504217,11.445113316365855,0.0,1.0287094408887594,4.029347052355558,0.07017543859649122,0.45810014957146117,0.745037031771884,0.4745762711864407
9G6K_l3,9G6K_l3,59,Thesis-3T+2D,1,Simple,0,0.13318,0.15619,34.42550638825199,0.46902359646003705,0.41794871794871796,195,6.384141577606857,11.42576747892845,0.0,0.9330924574584382,4.022015994001709,0.07017543859649122,0.8027644527058441,0.7895250736925264,0.4745762711864407
9G6K_l3,9G6K_l3,59,Thesis-3T+2D,2,Raw,0,0.12575,0.12575,34.266370387713586,0.44230224812851937,0.391025641025641,195,6.4339275854335005,11.440475613631381,0.0,1.174015072299188,3.976974377174159,0.07017543859649122,0.770056749838503,0.7565203329362559,0.4745762711864407
9G6K_l3,9G6K_l3,59,Thesis-3T+2D,2,John-original,0,0.12575,0.14649,34.22473279176642,0.4528354296362771,0.4064102564102564,195,6.1624620176444,11.186973560018302,0.01694915254237288,0.8560414899950454,3.82468528663604,0.07017543859649122,0.7462540636079079,0.7538999312192062,0.4406779661016949
9G6K_l3,9G6K_l3,59,Thesis-3T+2D,2,John-fixed,0,0.12575,0.1469,34.22191349328378,0.4554705887333006,0.41025641025641024,195,6.145792981141665,11.172066838738944,0.01694915254237288,0.8379048524345264,3.8168748740693452,0.07017543859649122,0.7480835320982644,0.7453202323820486,0.4406779661016949
9G6K_l3,9G6K_l3,59,Thesis-3T+2D,2,Geometry,0,0.12575,0.12694,34.22492673597711,0.4516744672465011,0.4,195,6.3988552486991805,11.407408122358136,0.0,1.0159964739363425,3.9162182943311983,0.07017543859649122,0.5128379107235054,0.5704073394150896,0.4406779661016949
9G6K_l3,9G6K_l3,59,Thesis-3T+2D,2,Geometry-fixed-strength,0,0.12575,0.13412,34.1985830819428,0.45669826877454,0.40512820512820513,195,6.378178493200917,11.387574469890996,0.0,0.9347716244632026,3.8755164315873607,0.07017543859649122,0.4743467443967304,0.5867694634027677,0.4745762711864407
9G6K_l3,9G6K_l3,59,Thesis-3T+2D,2,Geometry-global-prior,0,0.12575,0.12186,34.226696128036856,0.4504385915402864,0.39871794871794874,195,6.397785767571392,11.406664799984599,0.0,1.016954324136056,3.91627603198679,0.07017543859649122,0.5096951088283693,0.5696318653352602,0.4406779661016949
9G6K_l3,9G6K_l3,59,Thesis-3T+2D,2,Geometry-no-Rg,0,0.12575,0.12708,34.24554855445589,0.4516744672465011,0.4,195,6.400345441873387,11.411118899882693,0.0,1.0164277868077056,3.9542189066643765,0.07017543859649122,0.5154400613094402,0.571934780703926,0.4406779661016949
9G6K_l3,9G6K_l3,59,Thesis-3T+2D,2,Simple,0,0.12575,0.14388,34.254406516020524,0.457540787837398,0.40512820512820513,195,6.375754730932325,11.39578087638411,0.0,0.926191224571276,3.967593982211575,0.07017543859649122,0.7639753487538443,0.7393502348819799,0.4406779661016949
9G6K_l3,9G6K_l3,59,Thesis-3T+2D,3,Raw,0,0.12815,0.12815,31.089707543287027,0.39332437807014076,0.3525641025641026,195,5.389276110777264,9.335283239609852,0.01694915254237288,1.1550978068536633,0.9350827365212453,0.017543859649122806,0.3721955859983897,0.6188920534610926,0.4406779661016949
9G6K_l3,9G6K_l3,59,Thesis-3T+2D,3,John-original,0,0.12815,0.14116,30.89871118880509,0.4485969303765914,0.39487179487179486,195,5.457152828417253,9.417256388572637,0.01694915254237288,0.7580358147035585,1.1375716254857977,0.03508771929824561,0.565625635175787,0.9799613420194652,0.4745762711864407
9G6K_l3,9G6K_l3,59,Thesis-3T+2D,3,John-fixed,0,0.12815,0.12634,31.008467644615706,0.4028986315003264,0.3576923076923077,195,5.410164722469643,9.368819937849759,0.01694915254237288,1.0183472742542965,0.9730989788644031,0.03508771929824561,0.4070071311697153,0.7139631473832732,0.4067796610169492
9G6K_l3,9G6K_l3,59,Thesis-3T+2D,3,Geometry,0,0.12815,0.13964,31.121602844774138,0.4138182086275307,0.367948717948718,195,5.396133398313323,9.366729359256896,0.01694915254237288,1.0145322967085166,1.0025979360764588,0.017543859649122806,0.28133046769346437,0.5198817803086788,0.4406779661016949
9G6K_l3,9G6K_l3,59,Thesis-3T+2D,3,Geometry-fixed-strength,0,0.12815,0.1398,31.124976858685006,0.4173240601206703,0.37051282051282053,195,5.398276496754988,9.370392397973413,0.01694915254237288,1.001648106596545,1.0088777063654248,0.017543859649122806,0.2784927815840394,0.5176604670057819,0.4406779661016949
9G6K_l3,9G6K_l3,59,Thesis-3T+2D,3,Geometry-global-prior,0,0.12815,0.13997,31.12155749337823,0.4108955662981087,0.36666666666666664,195,5.3937879442334555,9.365686843707067,0.01694915254237288,1.0257817794225799,1.0031857283576784,0.017543859649122806,0.26911403360605146,0.4919190153224804,0.4406779661016949
9G6K_l3,9G6K_l3,59,Thesis-3T+2D,3,Geometry-no-Rg,0,0.12815,0.14066,31.124023959873796,0.41628996003996,0.36923076923076925,195,5.395822147533831,9.367496611683086,0.01694915254237288,1.012758054842176,1.010664040713685,0.017543859649122806,0.2818252907870454,0.5214043558816551,0.4406779661016949
9G6K_l3,9G6K_l3,59,Thesis-3T+2D,3,Simple,0,0.12815,0.13887,31.126969147674675,0.4200700429513988,0.3730769230769231,195,5.411549970816749,9.37480471687733,0.01694915254237288,0.9720390874059248,1.0118445225917512,0.03508771929824561,0.4104118522567839,0.7125073178777421,0.4406779661016949
9G6K_l3,9G6K_l3,59,Thesis-3T+2D,4,Raw,0,0.17258,0.17258,23.960542780189744,0.3844948601304534,0.35,195,5.176732465435021,9.138028855770395,0.0,1.2235450691050802,8.577157111115387,0.0,0.3473533409526139,0.38553414905255595,0.13559322033898305
9G6K_l3,9G6K_l3,59,Thesis-3T+2D,4,John-original,0,0.17258,0.16136,23.90632399115585,0.4385173442376832,0.3858974358974359,195,5.271841637948074,9.236956001103362,0.0,0.840045843981936,8.810195106274016,0.017543859649122806,0.4546026036312519,0.6108886163449407,0.13559322033898305
9G6K_l3,9G6K_l3,59,Thesis-3T+2D,4,John-fixed,0,0.17258,0.15172,23.934174841146493,0.39843104165138066,0.3576923076923077,195,5.189809810316445,9.15450206962051,0.0,1.111078981361089,8.632117051459591,0.0,0.39324468172306465,0.4215901561281311,0.13559322033898305
9G6K_l3,9G6K_l3,59,Thesis-3T+2D,4,Geometry,0,0.17258,0.14415,24.00655705273502,0.4062146892655367,0.36666666666666664,195,5.17665592338326,9.170228965648617,0.0,1.0889750485081926,8.595637336991572,0.0,0.2020289457882676,0.37055527277109024,0.13559322033898305
9G6K_l3,9G6K_l3,59,Thesis-3T+2D,4,Geometry-fixed-strength,0,0.17258,0.14385,24.011008279205537,0.4098114456165303,0.36923076923076925,195,5.178022699457061,9.173701382195041,0.0,1.0764203594600208,8.597710897416796,0.0,0.19825821635007773,0.36890008224190524,0.13559322033898305
9G6K_l3,9G6K_l3,59,Thesis-3T+2D,4,Geometry-global-prior,0,0.17258,0.1453,24.007241479552995,0.40974576271186436,0.36923076923076925,195,5.177279799553612,9.170249398535123,0.0,1.094740414904598,8.596064113151698,0.0,0.1971724462248692,0.3646975191785063,0.13559322033898305
9G6K_l3,9G6K_l3,59,Thesis-3T+2D,4,Geometry-no-Rg,0,0.17258,0.14426,24.02015252844999,0.40798022598870054,0.367948717948718,195,5.1769067702735745,9.173966104291619,0.0,1.0835215865238066,8.632825643777117,0.0,0.202198325626798,0.3695743840605438,0.13559322033898305
9G6K_l3,9G6K_l3,59,Thesis-3T+2D,4,Simple,0,0.17258,0.14588,24.023402903109208,0.40883262218007976,0.36923076923076925,195,5.170288791987878,9.17289897489368,0.0,1.0659176039373106,8.639809930322134,0.0,0.3131508477750338,0.43692167673126114,0.13559322033898305
9G6K_l9,9G6K_l9,91,J-controlled,0,Raw,0,0.09522,0.09522,45.28280476378711,0.4300616889215791,0.3685064935064935,308,8.009573464722562,12.587994479476638,0.02197802197802198,1.6654629672115324,14.451161919497295,0.033707865168539325,1.1665248910684853,0.7098524292923931,0.4835164835164835
9G6K_l9,9G6K_l9,91,J-controlled,0,John-original,0,0.09522,0.10434,45.24991408446866,0.4329526090515102,0.3685064935064935,308,7.525622641083555,11.96595628052625,0.03296703296703297,1.2856221734584214,14.644500410166238,0.02247191011235955,1.1162722990745046,0.7815844422433241,0.4835164835164835
9G6K_l9,9G6K_l9,91,J-controlled,0,John-fixed,0,0.09522,0.10431,45.25277410293781,0.431873331186518,0.3676948051948052,308,7.51343480488101,11.948651862973263,0.03296703296703297,1.2782597523073636,14.656766790925019,0.02247191011235955,1.1114253575709847,0.8118366656541095,0.4835164835164835
9G6K_l9,9G6K_l9,91,J-controlled,0,Simple,0,0.09522,0.09316,45.273078803957624,0.4403374860792443,0.3782467532467532,308,7.96968721451178,12.55651001948334,0.02197802197802198,1.5018151947520286,14.441198240995412,0.033707865168539325,1.1770675665967156,0.726144314495468,0.4835164835164835
9G6K_l9,9G6K_l9,91,J-controlled,0,Geometry,0,0.09522,0.1057,45.2628091526541,0.4326933445065314,0.37256493506493504,308,7.969465328021582,12.555370542770985,0.02197802197802198,1.5563912023889588,14.425381835670613,0.033707865168539325,0.8222455389695831,0.7144560379449969,0.4835164835164835
9G6K_l9,9G6K_l9,91,J-controlled,1,Raw,0,0.12312,0.12312,31.94072321377871,0.42436875548139286,0.3741883116883117,308,6.281256606948299,10.535878030765637,0.054945054945054944,1.3349929983653999,10.160341885866643,0.11235955056179775,1.1809109443100383,0.7203352029067208,0.3956043956043956
9G6K_l9,9G6K_l9,91,J-controlled,1,John-original,0,0.12312,0.11326,32.0279534414103,0.4368150088617121,0.3814935064935065,308,6.194760744527694,10.50042565554946,0.054945054945054944,0.962503490347739,10.010041868888756,0.10112359550561797,1.109557568596628,0.8101541486797195,0.4175824175824176
9G6K_l9,9G6K_l9,91,J-controlled,1,John-fixed,0,0.12312,0.11328,32.03137419256904,0.43638329771571527,0.3814935064935065,308,6.193520557311488,10.499935945279004,0.054945054945054944,0.9538052457864653,10.006959441691045,0.10112359550561797,1.1094052531978902,0.8030855537508207,0.4175824175824176
9G6K_l9,9G6K_l9,91,J-controlled,1,Simple,0,0.12312,0.12168,31.923736000156683,0.44453810078810074,0.3912337662337662,308,6.221665157023737,10.487415853102133,0.06593406593406594,1.0973469586428035,10.147792698184155,0.11235955056179775,1.1641878575880245,0.7382367167656299,0.37362637362637363
9G6K_l9,9G6K_l9,91,J-controlled,1,Geometry,0,0.12312,0.12184,31.923008502869532,0.43981940678369247,0.3847402597402597,308,6.236541458753434,10.50030070314291,0.054945054945054944,1.174373942901845,10.13261392166649,0.11235955056179775,0.9965145280934838,0.7502414763161251,0.3956043956043956
9G6K_l9,9G6K_l9,91,J-controlled,2,Raw,0,0.13216,0.13216,31.984551937038866,0.40129924257671523,0.34983766233766234,308,6.255808799246249,10.019432865392469,0.0,1.0926640026459735,9.857961523181586,0.07865168539325842,0.7222858566420841,0.657287304749791,0.43956043956043955
9G6K_l9,9G6K_l9,91,J-controlled,2,John-original,0,0.13216,0.1188,32.04129488707442,0.410780535093722,0.35957792207792205,308,6.122480758067926,9.898074589728934,0.0,0.7626154557347986,9.785055139947524,0.06741573033707865,0.7251034948758699,0.6624003060699001,0.43956043956043955
9G6K_l9,9G6K_l9,91,J-controlled,2,John-fixed,0,0.13216,0.11881,32.04171520275912,0.410780535093722,0.35957792207792205,308,6.121860850558544,9.897441727713485,0.0,0.7611005008935722,9.784502582441327,0.06741573033707865,0.7249004275271974,0.6624892559003638,0.43956043956043955
9G6K_l9,9G6K_l9,91,J-controlled,2,Simple,0,0.13216,0.13279,31.97871784527903,0.41187163721504383,0.3612012987012987,308,6.198838908295918,9.98501232834796,0.0,0.8482155514023167,9.852826627059699,0.07865168539325842,0.7388530521754036,0.6544114543907096,0.4175824175824176
9G6K_l9,9G6K_l9,91,J-controlled,2,Geometry,0,0.13216,0.13394,31.9731746350501,0.4056447978151275,0.3555194805194805,308,6.210617810981097,9.991440989868833,0.0,0.9274780374371123,9.834543241065816,0.07865168539325842,0.6461627930786819,0.6059679471443539,0.4175824175824176
9G6K_l9,9G6K_l9,91,J-controlled,3,Raw,0,0.13486,0.13486,38.80684301103903,0.3760232898969163,0.32711038961038963,308,9.719658232280562,14.893188545296002,0.03296703296703297,2.18071902196932,14.483470465123126,0.056179775280898875,1.4831793316048973,0.5904916686184396,0.3516483516483517
9G6K_l9,9G6K_l9,91,J-controlled,3,John-original,0,0.13486,0.13704,38.69710645359524,0.39496786790742827,0.3409090909090909,308,8.995296277475024,13.950886818973654,0.04395604395604396,1.7293514309892322,14.481201065022063,0.02247191011235955,1.473048235978135,0.773735141299435,0.3516483516483517
9G6K_l9,9G6K_l9,91,J-controlled,3,John-fixed,0,0.13486,0.13704,38.69664718528715,0.39496786790742827,0.3409090909090909,308,8.997220445160293,13.95327245343759,0.04395604395604396,1.7303686285985316,14.480447938841486,0.02247191011235955,1.4735287652992608,0.7732933352168494,0.3516483516483517
9G6K_l9,9G6K_l9,91,J-controlled,3,Simple,0,0.13486,0.13055,38.79518881417315,0.3878426213591048,0.3336038961038961,308,9.694439148014132,14.87025932323613,0.03296703296703297,2.076056852800316,14.472923024983032,0.0449438202247191,1.5005486080818977,0.6428397062926251,0.3516483516483517
9G6K_l9,9G6K_l9,91,J-controlled,3,Geometry,0,0.13486,0.13651,38.78413939485089,0.3840533550698385,0.3319805194805195,308,9.687463423977968,14.867049794941492,0.03296703296703297,2.1199759251498804,14.457679651511583,0.056179775280898875,1.0432191865980927,0.6303475287236132,0.3516483516483517
9G6K_l9,9G6K_l9,91,J-controlled,4,Raw,0,0.10352,0.10352,27.337448983193916,0.36669874691852716,0.3287337662337662,308,6.2740379338587395,10.073420347152974,0.02197802197802198,1.5923139936080475,23.656344586646682,0.12359550561797752,0.7259128664415718,0.5852127434902048,0.08791208791208792
9G6K_l9,9G6K_l9,91,J-controlled,4,John-original,0,0.10352,0.11085,27.1053158055144,0.397796053153196,0.3538961038961039,308,6.025855685245388,9.855548805824835,0.02197802197802198,1.1024863335964115,23.492042581183277,0.10112359550561797,0.6588767555251471,0.5892328942208481,0.10989010989010989
9G6K_l9,9G6K_l9,91,J-controlled,4,John-fixed,0,0.10352,0.11083,27.109016790898774,0.3983302411873841,0.3547077922077922,308,6.0285827767650515,9.859602080187408,0.02197802197802198,1.10987760561938,23.494001946332425,0.10112359550561797,0.6589486542018353,0.5889034279962234,0.10989010989010989
9G6K_l9,9G6K_l9,91,J-controlled,4,Simple,0,0.10352,0.10402,27.307735717394955,0.3888664296631329,0.34334415584415584,308,6.21071273507636,10.01111135137356,0.02197802197802198,1.2704134064691759,23.635809139999488,0.11235955056179775,0.7152400418880538,0.5746960214473419,0.08791208791208792
9G6K_l9,9G6K_l9,91,J-controlled,4,Geometry,0,0.10352,0.10413,27.30549737313363,0.37695277860113025,0.3352272727272727,308,6.229364009069159,10.031676713381977,0.02197802197802198,1.3813872032728531,23.62311497677971,0.10112359550561797,0.5639957414490118,0.5433861434272189,0.06593406593406594
9G6K_l9,9G6K_l9,91,Thesis-3T+2D,0,Raw,0,0.14762,0.14762,35.35663615842903,0.4382142735164714,0.37743506493506496,308,7.150549304245464,11.217662749391831,0.0,1.6043602572052913,6.739504623123324,0.06741573033707865,0.8821059674871404,0.7626301452486048,0.5054945054945055
9G6K_l9,9G6K_l9,91,Thesis-3T+2D,0,John-original,0,0.14762,0.14842,35.20108530037698,0.4302034351484901,0.3685064935064935,308,6.74318950638352,10.881718671480153,0.01098901098901099,1.258647202730173,6.664778179416192,0.0449438202247191,0.8632360248979248,0.7421504607478758,0.5274725274725275
9G6K_l9,9G6K_l9,91,Thesis-3T+2D,0,John-fixed,0,0.14762,0.13577,35.167871278633726,0.42536739816959596,0.36607142857142855,308,6.664922079697218,10.818310261794736,0.02197802197802198,1.204587731095322,6.6545462542952585,0.0449438202247191,0.8630803601207462,0.7262175120086816,0.5054945054945055
9G6K_l9,9G6K_l9,91,Thesis-3T+2D,0,Geometry,0,0.14762,0.15253,35.34854428684097,0.44369351649571426,0.3814935064935065,308,7.112963094567335,11.189248294871863,0.0,1.4676254001285671,6.718816802048689,0.06741573033707865,0.7327225266436254,0.6692362351013226,0.5054945054945055
9G6K_l9,9G6K_l9,91,Thesis-3T+2D,0,Geometry-fixed-strength,0,0.14762,0.15386,35.341376307111986,0.4511252712488976,0.3871753246753247,308,7.091033640830311,11.172304470385463,0.0,1.3862453052658672,6.70004811186142,0.06741573033707865,0.6449687223411376,0.6401303095539895,0.5054945054945055
9G6K_l9,9G6K_l9,91,Thesis-3T+2D,0,Geometry-global-prior,0,0.14762,0.13699,35.34496259144608,0.44235586605092103,0.3814935064935065,308,7.1201247650546335,11.189511618448794,0.0,1.4689005708542946,6.714214704280309,0.06741573033707865,0.7378563947136599,0.6716390098340647,0.5274725274725275
9G6K_l9,9G6K_l9,91,Thesis-3T+2D,0,Geometry-no-Rg,0,0.14762,0.15235,35.35647848909309,0.4469117268567818,0.3847402597402597,308,7.115509737836901,11.192724356187842,0.0,1.4662564395664623,6.736572912969642,0.06741573033707865,0.7339319914811196,0.6761422917308736,0.5274725274725275
9G6K_l9,9G6K_l9,91,Thesis-3T+2D,0,Simple,0,0.14762,0.15182,35.350575494994494,0.4536905630999038,0.38961038961038963,308,7.099047581838716,11.180353770418321,0.0,1.3791871046801918,6.73058684941396,0.06741573033707865,0.8645666418122461,0.7733797604445126,0.5054945054945055
9G6K_l9,9G6K_l9,91,Thesis-3T+2D,1,Raw,0,0.11011,0.11011,32.93521758411496,0.4275228205860075,0.3758116883116883,308,5.996850475782054,10.120563134551542,0.054945054945054944,1.4505601835058524,21.016976891074755,0.06741573033707865,0.7925963200206343,0.7213193944639976,0.26373626373626374
9G6K_l9,9G6K_l9,91,Thesis-3T+2D,1,John-original,0,0.11011,0.10835,32.8151455623826,0.44513272136898513,0.38961038961038963,308,5.870071546027465,10.024212697710412,0.04395604395604396,1.0762581716548005,20.967697048276946,0.0449438202247191,0.8133154369159497,0.7166534191893535,0.2857142857142857
9G6K_l9,9G6K_l9,91,Thesis-3T+2D,1,John-fixed,0,0.11011,0.11277,32.772097304764884,0.4438214029560184,0.3887987012987013,308,5.843936450798772,10.004468973281574,0.04395604395604396,0.9757307998805594,20.94403968983753,0.056179775280898875,0.7035144310569024,0.719501004473351,0.2857142857142857
9G6K_l9,9G6K_l9,91,Thesis-3T+2D,1,Geometry,0,0.11011,0.10865,32.91617474309747,0.43216044486648897,0.37743506493506496,308,5.973327616489546,10.1104463131254,0.04395604395604396,1.2550211115338104,21.00312737706023,0.056179775280898875,0.4974191387078747,0.603647244417414,0.26373626373626374
9G6K_l9,9G6K_l9,91,Thesis-3T+2D,1,Geometry-fixed-strength,0,0.11011,0.1074,32.90136060762248,0.4407589891793189,0.38392857142857145,308,5.9482753967987385,10.096672677135269,0.03296703296703297,1.1441762972301208,20.99615642556178,0.0449438202247191,0.4547834092823573,0.5768697844323752,0.26373626373626374
9G6K_l9,9G6K_l9,91,Thesis-3T+2D,1,Geometry-global-prior,0,0.11011,0.10357,32.91958866510422,0.4353067033698902,0.37987012987012986,308,5.956625806492042,10.099335536122073,0.04395604395604396,1.27865693554353,20.998429717323468,0.0449438202247191,0.49815862652931153,0.6028516999458228,0.2857142857142857
9G6K_l9,9G6K_l9,91,Thesis-3T+2D,1,Geometry-no-Rg,0,0.11011,0.10078,32.92267564865956,0.43271544542148943,0.3782467532467532,308,5.972431259815352,10.110756951802548,0.03296703296703297,1.2543571959116162,21.02802820100552,0.056179775280898875,0.4947109443016722,0.6066450985315106,0.26373626373626374
9G6K_l9,9G6K_l9,91,Thesis-3T+2D,1,Simple,0,0.11011,0.11953,32.929096818491914,0.4507923090340673,0.3944805194805195,308,5.999386565231696,10.087929696312223,0.04395604395604396,0.9299517733478849,20.965040291145087,0.12359550561797752,0.9560463818475524,0.7071600388565783,0.26373626373626374
9G6K_l9,9G6K_l9,91,Thesis-3T+2D,2,Raw,0,0.14225,0.14225,31.61401707697711,0.36290143007175973,0.3262987012987013,308,7.432292348479986,11.601895909427624,0.0,1.992188738279162,3.1083079894039507,0.056179775280898875,0.7304257519934193,0.8504617063234942,0.46153846153846156
9G6K_l9,9G6K_l9,91,Thesis-3T+2D,2,John-original,0,0.14225,0.10345,31.25884454491525,0.3683112979816276,0.3336038961038961,308,6.974380782792957,11.09990375514225,0.01098901098901099,1.4476581160313002,2.885765205041757,0.0449438202247191,0.6957233509652773,0.8068349662567372,0.4175824175824176
9G6K_l9,9G6K_l9,91,Thesis-3T+2D,2,John-fixed,0,0.14225,0.10399,31.191720384697973,0.366278867652494,0.3336038961038961,308,6.893484853887968,11.007355004179207,0.02197802197802198,1.3701630405038956,2.8496492584147894,0.0449438202247191,0.7014725364980177,0.8089221569950822,0.4175824175824176
9G6K_l9,9G6K_l9,91,Thesis-3T+2D,2,Geometry,0,0.14225,0.11346,31.598515888115436,0.37137137130269005,0.3327922077922078,308,7.366350084931874,11.552926826184605,0.0,1.7578276507736348,3.0754220533592402,0.056179775280898875,0.5936908194517985,0.717678181751824,0.43956043956043955
9G6K_l9,9G6K_l9,91,Thesis-3T+2D,2,Geometry-fixed-strength,0,0.14225,0.12928,31.585027098410897,0.37734439705593553,0.3400974025974026,308,7.320856052249995,11.516812638877978,0.0,1.6200432152371125,3.051516821037122,0.0449438202247191,0.5371212603116114,0.6704227736390057,0.4175824175824176
9G6K_l9,9G6K_l9,91,Thesis-3T+2D,2,Geometry-global-prior,0,0.14225,0.11354,31.598827177764342,0.37111392118260256,0.3327922077922078,308,7.365758752058641,11.54479951519081,0.0,1.757969235772414,3.0751637626404573,0.056179775280898875,0.5809725633153241,0.7578769010864199,0.46153846153846156
9G6K_l9,9G6K_l9,91,Thesis-3T+2D,2,Geometry-no-Rg,0,0.14225,0.11342,31.600759996422475,0.37137137130269005,0.3327922077922078,308,7.368426373701357,11.556233365604738,0.0,1.7580020618362857,3.086280772461741,0.056179775280898875,0.5944021565460081,0.71764303533336,0.43956043956043955
9G6K_l9,9G6K_l9,91,Thesis-3T+2D,2,Simple,0,0.14225,0.11948,31.584630507662652,0.38003659954209407,0.3449675324675325,308,7.335072807576029,11.492543601729318,0.0,1.5726581502320036,3.0917414489832744,0.0449438202247191,0.7636867145528211,0.8233203825067705,0.43956043956043955
9G6K_l9,9G6K_l9,91,Thesis-3T+2D,3,Raw,0,0.13538,0.13538,44.79330418037747,0.38074001700375326,0.3409090909090909,308,4.682189543881378,8.340172739302217,0.0,1.1351971890663788,12.778390721339818,0.0,0.3278984754155301,0.46605951586486616,0.7032967032967034
9G6K_l9,9G6K_l9,91,Thesis-3T+2D,3,John-original,0,0.13538,0.13562,44.76898709440127,0.4158205347765787,0.36688311688311687,308,4.793626499623869,8.430162630933536,0.0,0.8125458163105823,13.050880669471525,0.02247191011235955,0.5538529376620365,1.0082599171039683,0.6153846153846154
9G6K_l9,9G6K_l9,91,Thesis-3T+2D,3,John-fixed,0,0.13538,0.13563,44.779974593185116,0.38285043710867883,0.3417207792207792,308,4.708312818748318,8.35749159272865,0.0,1.034961953113381,12.864643234090558,0.0,0.41850848465652485,0.5711388056740784,0.6813186813186813
9G6K_l9,9G6K_l9,91,Thesis-3T+2D,3,Geometry,0,0.13538,0.13549,44.798821785082154,0.3913231457187501,0.34983766233766234,308,4.70014232412801,8.369879093362657,0.0,1.0389758000017022,12.783178198188772,0.0,0.25193013349158927,0.2893571652040302,0.7032967032967034
9G6K_l9,9G6K_l9,91,Thesis-3T+2D,3,Geometry-fixed-strength,0,0.13538,0.13553,44.79881452579884,0.39494809220083943,0.3530844155844156,308,4.701434650822109,8.37221760975895,0.0,1.031677772787241,12.78301630672511,0.0,0.24796277685221385,0.28229419594619376,0.7032967032967034
9G6K_l9,9G6K_l9,91,Thesis-3T+2D,3,Geometry-global-prior,0,0.13538,0.13554,44.79840281470516,0.38973584413144857,0.349025974025974,308,4.698981309652224,8.369461619325195,0.0,1.0393927920599417,12.782576052026165,0.0,0.25510157797042327,0.2928575052285662,0.7032967032967034
9G6K_l9,9G6K_l9,91,Thesis-3T+2D,3,Geometry-no-Rg,0,0.13538,0.13561,44.823083660082155,0.3920644678886437,0.34983766233766234,308,4.699095970723282,8.370867445124851,0.0,1.0339821478759492,12.824682248245658,0.0,0.25108194445274856,0.28889865748826116,0.7032967032967034
9G6K_l9,9G6K_l9,91,Thesis-3T+2D,3,Simple,0,0.13538,0.13625,44.82458158867471,0.3959245272432086,0.3530844155844156,308,4.707428520014303,8.372622900496374,0.0,1.0094472928889433,12.827277123854508,0.0,0.3745181409823924,0.5604651864247457,0.7032967032967034
9G6K_l9,9G6K_l9,91,Thesis-3T+2D,4,Raw,0,0.12103,0.12103,46.386781631747084,0.36826223227322136,0.336038961038961,308,4.634062340458667,8.358063671297543,0.0,1.1952593669380214,14.521529184693705,0.0,0.451846992937042,0.5437384401680901,0.6813186813186813
9G6K_l9,9G6K_l9,91,Thesis-3T+2D,4,John-original,0,0.12103,0.13979,46.48082111169761,0.403261062807766,0.3587662337662338,308,4.7907446889331,8.569035622223558,0.0,0.8026464785928746,14.831238170018338,0.033707865168539325,0.7264367169884399,1.0959304278434827,0.6813186813186813
9G6K_l9,9G6K_l9,91,Thesis-3T+2D,4,John-fixed,0,0.12103,0.12058,46.42203972662665,0.3734612685848949,0.338474025974026,308,4.65698121536738,8.41310681711472,0.0,1.0918723781356612,14.612005882802585,0.0,0.5057533009597607,0.6338635486907496,0.6593406593406593
9G6K_l9,9G6K_l9,91,Thesis-3T+2D,4,Geometry,0,0.12103,0.1206,46.401240223276474,0.38771229533592166,0.351461038961039,308,4.644957868812255,8.388932983893689,0.0,1.0854569397821168,14.53171005912727,0.0,0.339087632026132,0.36212855259816146,0.6813186813186813
9G6K_l9,9G6K_l9,91,Thesis-3T+2D,4,Geometry-fixed-strength,0,0.12103,0.12068,46.40186225418995,0.3905162374255781,0.3538961038961039,308,4.645539176532133,8.390901418673879,0.0,1.0789669772827615,14.53216099726695,0.0,0.33598727952010843,0.3553312354650182,0.6813186813186813
9G6K_l9,9G6K_l9,91,Thesis-3T+2D,4,Geometry-global-prior,0,0.12103,0.12065,46.399730912123516,0.3903504310097716,0.3530844155844156,308,4.6432840164049365,8.388036690838492,0.0,1.0887595043003178,14.530368297186506,0.0,0.3358256142765702,0.3563111181877892,0.6813186813186813
9G6K_l9,9G6K_l9,91,Thesis-3T+2D,4,Geometry-no-Rg,0,0.12103,0.12069,46.42692674578124,0.38938126129060185,0.3530844155844156,308,4.64376963619589,8.389746046205468,0.0,1.0807806399678477,14.57251756876991,0.0,0.33797642620676077,0.3634536109805461,0.6813186813186813
9G6K_l9,9G6K_l9,91,Thesis-3T+2D,4,Simple,0,0.12103,0.12044,46.42868304046965,0.38926253081472867,0.3522727272727273,308,4.650797877708343,8.393848736647445,0.0,1.0468591050390859,14.57345418948448,0.011235955056179775,0.5107997990702213,0.6479614174193226,0.7032967032967034
9G6K_lA,9G6K_lA,65,J-controlled,0,Raw,0,0.08577,0.08577,43.727399112462415,0.30362226794070685,0.2631578947368421,323,13.68075632223013,22.423599847194875,0.03076923076923077,2.8699499208336334,33.042116238692444,0.031746031746031744,1.8153805815542772,0.638364924121713,0.12307692307692308
9G6K_lA,9G6K_lA,65,J-controlled,0,John-original,0,0.08577,0.09558,43.60987594713589,0.2926205110877057,0.25077399380804954,323,12.86299006502027,21.312016922965896,0.03076923076923077,2.483751533296255,32.98974455039631,0.047619047619047616,1.7653441724567909,0.6036093604394978,0.09230769230769231
9G6K_lA,9G6K_lA,65,J-controlled,0,John-fixed,0,0.08577,0.09312,43.6493686417498,0.297389100341589,0.25386996904024767,323,12.653778061070174,21.007240086103277,0.03076923076923077,2.383716042389519,33.03731561892697,0.047619047619047616,1.8196057329367163,0.637758472026998,0.15384615384615385
9G6K_lA,9G6K_lA,65,J-controlled,0,Simple,0,0.08577,0.08905,43.69553895040351,0.3121833414197668,0.2708978328173375,323,13.61526730931556,22.36129957459587,0.03076923076923077,2.6888536360038153,33.014058132705514,0.031746031746031744,1.774118982297628,0.6107107976199212,0.09230769230769231
9G6K_lA,9G6K_lA,65,J-controlled,0,Geometry,0,0.08577,0.08274,43.69395037863193,0.30695648870988235,0.26857585139318885,323,13.632552465529301,22.378056333963062,0.03076923076923077,2.7440040178058416,33.00927494174786,0.031746031746031744,1.2919576591389483,0.7127699533789125,0.09230769230769231
9G6K_lA,9G6K_lA,65,J-controlled,1,Raw,0,0.19805,0.19805,26.077927661944663,0.2809233749533523,0.24071207430340558,323,7.561913257867249,11.580539693495808,0.1076923076923077,1.8666250502500572,4.548062727128727,0.19047619047619047,1.726522632607957,0.803377276832991,0.4307692307692308
9G6K_lA,9G6K_lA,65,J-controlled,1,John-original,0,0.19805,0.14284,25.89642102817808,0.28851001750888633,0.25077399380804954,323,7.114001507751292,11.26470504986892,0.09230769230769231,1.3565240489386683,4.387786010342168,0.14285714285714285,1.6101943713143765,0.9047413423589298,0.4307692307692308
9G6K_lA,9G6K_lA,65,J-controlled,1,John-fixed,0,0.19805,0.14367,25.87286150102436,0.2879352290494825,0.25077399380804954,323,7.070402073146903,11.239794150540357,0.09230769230769231,1.3044527288680494,4.377874471638229,0.14285714285714285,1.5988487398203777,0.9252969216578407,0.46153846153846156
9G6K_lA,9G6K_lA,65,J-controlled,1,Simple,0,0.19805,0.20152,26.039781274729553,0.2947004510070121,0.25232198142414863,323,7.437376272328111,11.488690628037828,0.1076923076923077,1.610657379871397,4.504878902434104,0.1746031746031746,1.670132686089343,0.8157192145494397,0.4
9G6K_lA,9G6K_lA,65,J-controlled,1,Geometry,0,0.19805,0.19971,26.043540303706227,0.2922601342850211,0.25,323,7.480326363841016,11.519000309400795,0.12307692307692308,1.70299533335375,4.505485369534465,0.1746031746031746,1.3582458242537827,0.8561160911662238,0.4307692307692308
9G6K_lA,9G6K_lA,65,J-controlled,2,Raw,0,0.09947,0.09947,37.40763824276232,0.31784676170988385,0.27321981424148606,323,7.81995571968204,13.78766352475121,0.046153846153846156,1.2207549060395142,24.480149853710305,0.047619047619047616,1.7985259429568885,0.7111032711479611,0.24615384615384617
9G6K_lA,9G6K_lA,65,J-controlled,2,John-original,0,0.09947,0.11441,37.274272307297494,0.31961552179595165,0.27476780185758515,323,7.388956247775099,13.377044755005322,0.046153846153846156,0.9320911111657003,24.2905990391618,0.047619047619047616,1.7594409532893935,0.8302370063625976,0.27692307692307694
9G6K_lA,9G6K_lA,65,J-controlled,2,John-fixed,0,0.09947,0.14066,37.269065802500656,0.32445572432846187,0.2801857585139319,323,7.369544705886459,13.363847541143302,0.046153846153846156,0.9238111772079957,24.280574727010833,0.047619047619047616,1.763554951172762,0.8315210568089323,0.27692307692307694
9G6K_lA,9G6K_lA,65,J-controlled,2,Simple,0,0.09947,0.11471,37.40560346982229,0.31964822413634636,0.2755417956656347,323,7.787313974165207,13.757407688501107,0.046153846153846156,1.1410094157603115,24.47941435484473,0.047619047619047616,1.7826631182233683,0.7483015951658828,0.24615384615384617
9G6K_lA,9G6K_lA,65,J-controlled,2,Geometry,0,0.09947,0.14871,37.38856968176501,0.3176685371566593,0.27321981424148606,323,7.78970407598339,13.761255582304669,0.046153846153846156,1.1617742400364588,24.46005973407924,0.047619047619047616,1.2267482213119747,0.6769109190183334,0.24615384615384617
9G6K_lA,9G6K_lA,65,J-controlled,3,Raw,0,0.07986,0.07986,46.92995544500055,0.29269183305382396,0.25773993808049533,323,7.691314606855905,14.533012550201219,0.03076923076923077,1.9309288482794091,38.09749817896301,0.07936507936507936,1.1413357565798758,0.6628129264570433,0.0
9G6K_lA,9G6K_lA,65,J-controlled,3,John-original,0,0.07986,0.09149,46.66309892742162,0.2972529663649573,0.2647058823529412,323,7.165256405853278,13.917905099675915,0.03076923076923077,1.3924108747814508,37.96814186789052,0.06349206349206349,1.0167293915516886,0.6898548349701366,0.03076923076923077
9G6K_lA,9G6K_lA,65,J-controlled,3,John-fixed,0,0.07986,0.09137,46.65422481491537,0.2956319629339991,0.2631578947368421,323,7.148861813497055,13.898811582128177,0.03076923076923077,1.3767615051789384,37.96431062925315,0.06349206349206349,1.009079064892321,0.6887529357406356,0.03076923076923077
9G6K_lA,9G6K_lA,65,J-controlled,3,Simple,0,0.07986,0.10469,46.89567776228762,0.3060716759359293,0.27012383900928794,323,7.580568381291492,14.446832696859289,0.03076923076923077,1.629088516132215,38.06630630465429,0.07936507936507936,1.0756242243168639,0.6185578595250162,0.0
9G6K_lA,9G6K_lA,65,J-controlled,3,Geometry,0,0.07986,0.08244,46.89012598587186,0.298213198942837,0.2631578947368421,323,7.617845928520956,14.475378019888037,0.03076923076923077,1.7124839019025415,38.05904801089095,0.07936507936507936,0.8121450488552522,0.6160323498612774,0.0
9G6K_lA,9G6K_lA,65,J-controlled,4,Raw,0,0.11549,0.11549,40.138497428152505,0.278560699920994,0.24845201238390094,323,15.169699085089244,25.0685270644149,0.03076923076923077,3.8608819757882147,20.226251360011343,0.07936507936507936,1.3594377487290334,0.5455851691926445,0.12307692307692308
9G6K_lA,9G6K_lA,65,J-controlled,4,John-original,0,0.11549,0.10614,39.178815700188814,0.2567651588607471,0.23761609907120743,323,13.746259693542962,23.094305334133946,0.046153846153846156,3.136962600139726,19.138754907141635,0.06349206349206349,1.3602439379530278,0.6403028429978342,0.12307692307692308
9G6K_lA,9G6K_lA,65,J-controlled,4,John-fixed,0,0.11549,0.10546,39.15323329799812,0.2563713410772234,0.23761609907120743,323,13.704912402480334,23.033176201696396,0.03076923076923077,3.1171363639460448,19.107932519173897,0.06349206349206349,1.3466007456524203,0.6375147798566076,0.12307692307692308
9G6K_lA,9G6K_lA,65,J-controlled,4,Simple,0,0.11549,0.13497,40.08822960847085,0.2855781696307715,0.25541795665634676,323,15.106391939581448,24.999424661134608,0.03076923076923077,3.633005240768441,20.177606556602758,0.07936507936507936,1.3362175302213712,0.5404336879837744,0.12307692307692308
9G6K_lA,9G6K_lA,65,J-controlled,4,Geometry,0,0.11549,0.1343,40.09245381764027,0.28227545738575155,0.2515479876160991,323,15.120235149925257,25.010790170556366,0.03076923076923077,3.694853706084949,20.177167498201985,0.07936507936507936,0.8671513518041962,0.6962348082735978,0.12307692307692308
9G6K_lA,9G6K_lA,65,Thesis-3T+2D,0,Raw,0,0.1153,0.1153,41.891769064475774,0.2323995103689674,0.2043343653250774,323,10.485373628166004,18.119971751932585,0.27692307692307694,3.0996703642648793,27.92478879819321,0.031746031746031744,0.7771305281919545,0.6974393562372256,0.06153846153846154
9G6K_lA,9G6K_lA,65,Thesis-3T+2D,0,John-original,0,0.1153,0.11302,41.48412283248744,0.23511197261762876,0.20820433436532507,323,10.028028548497186,17.690172364523747,0.2,2.521059999711266,27.713490179999585,0.1111111111111111,0.9273051470407596,0.7063141384463095,0.09230769230769231
9G6K_lA,9G6K_lA,65,Thesis-3T+2D,0,John-fixed,0,0.1153,0.1125,41.310623684755726,0.24329567616897932,0.21671826625386997,323,9.883508934641654,17.539796651981696,0.2,2.2799366636998166,27.635750472953344,0.1111111111111111,1.1204158193502416,0.7323896250984709,0.12307692307692308
9G6K_lA,9G6K_lA,65,Thesis-3T+2D,0,Geometry,0,0.1153,0.11668,41.90035583039961,0.24742879449610217,0.21981424148606812,323,10.420850308122725,18.165114603773254,0.15384615384615385,2.706349726740374,27.910908545564727,0.031746031746031744,0.5744106899723628,0.6123664676171998,0.06153846153846154
9G6K_lA,9G6K_lA,65,Thesis-3T+2D,0,Geometry-fixed-strength,0,0.1153,0.11689,41.89484843554743,0.2599617636636868,0.23142414860681115,323,10.377202916683222,18.194288303291145,0.07692307692307693,2.4322733845482203,27.896516399887542,0.031746031746031744,0.5982290066890359,0.6148799340182799,0.09230769230769231
9G6K_lA,9G6K_lA,65,Thesis-3T+2D,0,Geometry-global-prior,0,0.1153,0.11635,41.8625297985873,0.2467528038201115,0.21981424148606812,323,10.437115195099382,18.119278799610026,0.16923076923076924,2.7447323945870234,27.904341094931358,0.031746031746031744,0.5713222914299774,0.6232106443451616,0.09230769230769231
9G6K_lA,9G6K_lA,65,Thesis-3T+2D,0,Geometry-no-Rg,0,0.1153,0.11586,41.91905057365456,0.24726853808584578,0.21981424148606812,323,10.419578327373696,18.17794423322438,0.13846153846153847,2.6927792424820423,27.9290267936582,0.031746031746031744,0.5997983550073516,0.6278606524133624,0.09230769230769231
9G6K_lA,9G6K_lA,65,Thesis-3T+2D,0,Simple,0,0.1153,0.11315,41.89088371364357,0.26085302298254787,0.23297213622291021,323,10.432162848232869,18.099982122795925,0.13846153846153847,2.312803863880383,27.931884479922598,0.12698412698412698,1.147283315113157,0.6886847690832718,0.06153846153846154
9G6K_lA,9G6K_lA,65,Thesis-3T+2D,1,Raw,0,0.1148,0.1148,40.03077043918711,0.22975021678924396,0.20278637770897834,323,10.88703405725822,18.4088774660743,0.3076923076923077,3.1628851173164385,22.974328789757134,0.015873015873015872,0.736481336948792,0.7336360376638262,0.03076923076923077
9G6K_lA,9G6K_lA,65,Thesis-3T+2D,1,John-original,0,0.1148,0.11787,39.73222064580824,0.2399241438551393,0.21284829721362228,323,10.415301716059423,17.972160251088305,0.2153846153846154,2.613642108347627,22.797155571281582,0.1111111111111111,1.3502317947668578,0.6821552036864708,0.03076923076923077
9G6K_lA,9G6K_lA,65,Thesis-3T+2D,1,John-fixed,0,0.1148,0.11079,39.60800860598942,0.24028502229294085,0.21594427244582043,323,10.277489613579775,17.845558121709296,0.23076923076923078,2.4463949386146053,22.738774708003813,0.1111111111111111,1.3901334808041825,0.7195901093231173,0.06153846153846154
9G6K_lA,9G6K_lA,65,Thesis-3T+2D,1,Geometry,0,0.1148,0.11998,39.997862418800125,0.2499384696500081,0.22058823529411764,323,10.817748329353902,18.31359531975794,0.18461538461538463,2.8324232255986628,22.955871762164055,0.015873015873015872,0.5638137190631379,0.6817532809187294,0.03076923076923077
9G6K_lA,9G6K_lA,65,Thesis-3T+2D,1,Geometry-fixed-strength,0,0.1148,0.12411,39.96737180639362,0.2602766015407418,0.2306501547987616,323,10.786971671414696,18.267910391635834,0.1076923076923077,2.613931059853247,22.93876578148556,0.015873015873015872,0.521324967588137,0.6585232565407158,0.03076923076923077
9G6K_lA,9G6K_lA,65,Thesis-3T+2D,1,Geometry-global-prior,0,0.1148,0.112,39.98438498238715,0.25014146110299956,0.22058823529411764,323,10.814178382515541,18.307026519746664,0.18461538461538463,2.913463284876765,22.938095116474866,0.015873015873015872,0.5219388887246452,0.6527967972528719,0.03076923076923077
9G6K_lA,9G6K_lA,65,Thesis-3T+2D,1,Geometry-no-Rg,0,0.1148,0.12019,40.0112858460875,0.24829187906110983,0.21904024767801858,323,10.819333921600158,18.315273599206506,0.18461538461538463,2.8353594311165633,22.972601654802776,0.015873015873015872,0.56275016926746,0.6794520295847692,0.03076923076923077
9G6K_lA,9G6K_lA,65,Thesis-3T+2D,1,Simple,0,0.1148,0.13655,40.0267357209,0.2717329352397226,0.24148606811145512,323,10.870143434830306,18.395687900498235,0.12307692307692308,2.3753384434698765,22.986975474209405,0.1111111111111111,0.9878639207917291,0.729613048985633,0.03076923076923077
9G6K_lA,9G6K_lA,65,Thesis-3T+2D,2,Raw,0,0.11191,0.11191,41.964739993527296,0.23022797087276725,0.19891640866873064,323,10.483040169651558,18.120166495944325,0.27692307692307694,3.0027186793711804,27.974954947826635,0.031746031746031744,0.7893207311886995,0.6752936556141587,0.06153846153846154
9G6K_lA,9G6K_lA,65,Thesis-3T+2D,2,John-original,0,0.11191,0.11255,41.56289574851757,0.2357492764902267,0.20743034055727555,323,10.034818162803248,17.70203192223835,0.2,2.4687396383911664,27.77214058040641,0.1111111111111111,0.7706920541464023,0.6295936330425138,0.06153846153846154
9G6K_lA,9G6K_lA,65,Thesis-3T+2D,2,John-fixed,0,0.11191,0.11206,41.397866390362275,0.23596986252812047,0.2089783281733746,323,9.89912597214062,17.5604343526173,0.18461538461538463,2.2726647129064306,27.694598533097153,0.1111111111111111,0.9204402773636361,0.67040080333845,0.09230769230769231
9G6K_lA,9G6K_lA,65,Thesis-3T+2D,2,Geometry,0,0.11191,0.11423,41.93090075909724,0.24449742031472801,0.21284829721362228,323,10.427521088830993,18.014735677070302,0.15384615384615385,2.671362523235012,27.94304006726075,0.031746031746031744,0.5864059229426899,0.6652948177193854,0.06153846153846154
9G6K_lA,9G6K_lA,65,Thesis-3T+2D,2,Geometry-fixed-strength,0,0.11191,0.11304,41.897199017317554,0.25233383603575915,0.22058823529411764,323,10.3953933053552,17.98383674939198,0.06153846153846154,2.4409907193038207,27.917110013327797,0.031746031746031744,0.6429164855843965,0.7088495221976001,0.12307692307692308
9G6K_lA,9G6K_lA,65,Thesis-3T+2D,2,Geometry-global-prior,0,0.11191,0.1207,41.91450010338268,0.248483434300742,0.21671826625386997,323,10.407787284806755,18.031981668248633,0.13846153846153847,2.5983176807937807,27.96073505960076,0.031746031746031744,0.5389055216543465,0.6087873957213387,0.06153846153846154
9G6K_lA,9G6K_lA,65,Thesis-3T+2D,2,Geometry-no-Rg,0,0.11191,0.11774,41.94208781891159,0.24529606611337382,0.21362229102167182,323,10.423608302024698,18.016135744798383,0.15384615384615385,2.627678442707401,27.961804518647366,0.031746031746031744,0.5863630903723901,0.6444410498315617,0.06153846153846154
9G6K_lA,9G6K_lA,65,Thesis-3T+2D,2,Simple,0,0.11191,0.1123,41.933168984217865,0.2582482116927819,0.22755417956656346,323,10.465424677500192,18.096439456136427,0.15384615384615385,2.255522244774308,27.978702207266583,0.12698412698412698,1.0568203822817934,0.6584399946125885,0.06153846153846154
9G6K_lA,9G6K_lA,65,Thesis-3T+2D,3,Raw,0,0.21298,0.21298,10.96504238766886,0.43388983565454153,0.4280185758513932,323,3.43542634792164,4.910476532361674,0.03076923076923077,0.9772524128153361,1.0252057789896476,0.015873015873015872,0.5747980888554229,0.6293958163021782,0.5230769230769231
9G6K_lA,9G6K_lA,65,Thesis-3T+2D,3,John-original,0,0.21298,0.21892,11.229388939211645,0.4441064095532421,0.43808049535603716,323,3.439978143274041,4.920395751246251,0.03076923076923077,0.6675163484450839,1.0471959054735116,0.031746031746031744,0.6698111794010033,0.7641306289909325,0.5538461538461539
9G6K_lA,9G6K_lA,65,Thesis-3T+2D,3,John-fixed,0,0.21298,0.21208,11.083229840383636,0.4394920762369858,0.4342105263157895,323,3.4274600681406797,4.892764768682937,0.03076923076923077,0.7762471123760565,1.0534205204242646,0.015873015873015872,0.6218413954848195,0.6920622697907991,0.49230769230769234
9G6K_lA,9G6K_lA,65,Thesis-3T+2D,3,Geometry,0,0.21298,0.21403,10.982552820193568,0.45030504908615765,0.44659442724458204,323,3.3986803572385287,4.887603961945261,0.03076923076923077,0.8088740615626351,0.9791776929157869,0.015873015873015872,0.46725104768298986,0.5697112475996468,0.5230769230769231
9G6K_lA,9G6K_lA,65,Thesis-3T+2D,3,Geometry-fixed-strength,0,0.21298,0.21189,10.986497464532189,0.4500851728085891,0.44659442724458204,323,3.3926590286058453,4.8843049917812,0.03076923076923077,0.78255779114127,0.96868115912741,0.015873015873015872,0.4505902746057835,0.5644891969440752,0.49230769230769234
9G6K_lA,9G6K_lA,65,Thesis-3T+2D,3,Geometry-global-prior,0,0.21298,0.21659,10.983441397659522,0.45030504908615765,0.44659442724458204,323,3.3998148920957,4.889534017117625,0.03076923076923077,0.8135456325912946,0.97911486827606,0.015873015873015872,0.4616190754647371,0.5512349528391078,0.5230769230769231
9G6K_lA,9G6K_lA,65,Thesis-3T+2D,3,Geometry-no-Rg,0,0.21298,0.21383,10.981715901553754,0.45030504908615765,0.44659442724458204,323,3.398350461137268,4.8868632654753235,0.03076923076923077,0.809794590618108,0.9861705981928885,0.015873015873015872,0.46917229482933354,0.5702887988255865,0.5230769230769231
9G6K_lA,9G6K_lA,65,Thesis-3T+2D,3,Simple,0,0.21298,0.21502,10.985963492957767,0.44965734899841237,0.44504643962848295,323,3.4127268204828405,4.900031305332105,0.015384615384615385,0.7734366071558965,0.9782268163901833,0.015873015873015872,0.5742138619115006,0.6818555674958132,0.49230769230769234
9G6K_lA,9G6K_lA,65,Thesis-3T+2D,4,Raw,0,0.28777,0.28777,16.676408393937653,0.4760554713637293,0.47213622291021673,323,3.09853239171194,4.8983652114754825,0.0,0.9962684914163131,4.474891833456802,0.0,0.31345506265862766,0.46713549939392657,0.46153846153846156
9G6K_lA,9G6K_lA,65,Thesis-3T+2D,4,John-original,0,0.28777,0.30712,16.740907067451325,0.4888937683734064,0.4852941176470588,323,3.0687486579417205,4.869370519468317,0.0,0.6311787424263637,4.713648279962495,0.0,0.36898554077454776,0.569504691174581,0.46153846153846156
9G6K_lA,9G6K_lA,65,Thesis-3T+2D,4,John-fixed,0,0.28777,0.30154,16.694793159959907,0.48015132837248226,0.47678018575851394,323,3.072583785921823,4.871969673993417,0.0,0.7969418864179467,4.565261409660451,0.0,0.3369354435844098,0.5071028587693364,0.4307692307692308
9G6K_lA,9G6K_lA,65,Thesis-3T+2D,4,Geometry,0,0.28777,0.28773,16.678488381092862,0.4771017990305321,0.47213622291021673,323,3.0696089313953623,4.872083039065754,0.0,0.8143473647520199,4.465735253506523,0.0,0.2519297382450032,0.41518810764953207,0.46153846153846156
9G6K_lA,9G6K_lA,65,Thesis-3T+2D,4,Geometry-fixed-strength,0,0.28777,0.28753,16.678767012559156,0.48038902839242204,0.47523219814241485,323,3.067734478237521,4.871214320200842,0.0,0.7912969047460601,4.463978460713015,0.0,0.24473152922602515,0.412160655544055,0.46153846153846156
9G6K_lA,9G6K_lA,65,Thesis-3T+2D,4,Geometry-global-prior,0,0.28777,0.28748,16.677756367692023,0.47629251216355284,0.4713622291021672,323,3.066493178895546,4.867945895189654,0.0,0.8145069720056253,4.465577404007206,0.0,0.251841762631744,0.4113158535906556,0.46153846153846156
9G6K_lA,9G6K_lA,65,Thesis-3T+2D,4,Geometry-no-Rg,0,0.28777,0.28748,16.707116212277747,0.48058942251815556,0.47523219814241485,323,3.0692700461884797,4.874639109968807,0.0,0.8097069271205863,4.50833885237412,0.0,0.2522428644963254,0.4158264714289299,0.46153846153846156
9G6K_lA,9G6K_lA,65,Thesis-3T+2D,4,Simple,0,0.28777,0.28826,16.715252513996454,0.4869586942720427,0.4806501547987616,323,3.0691333653933284,4.876241260771778,0.0,0.7746729730536932,4.515313777126206,0.0,0.3273413470678275,0.4936092850707643,0.46153846153846156
9G6K_lB,9G6K_lB,45,J-controlled,0,Raw,0,0.10656,0.10656,30.347943337895682,0.41970558762225424,0.3805147058823529,136,10.495780428424533,16.678019943041694,0.08888888888888889,2.2387404308942873,10.305812433287581,0.09302325581395349,1.9220638249041015,0.6640767294470913,0.2222222222222222
9G6K_lB,9G6K_lB,45,J-controlled,0,John-original,0,0.10656,0.09111,29.99365192249948,0.4165221661054994,0.375,136,9.775057841418676,15.86181206168822,0.08888888888888889,1.939915708061541,10.229341123961348,0.046511627906976744,1.8880047380780727,0.8813300531418585,0.26666666666666666
9G6K_lB,9G6K_lB,45,J-controlled,0,John-fixed,0,0.10656,0.09637,29.910297750399717,0.4295652958152958,0.3897058823529412,136,9.599856188176638,15.652386909201809,0.1111111111111111,1.895328203302136,10.25120982414904,0.046511627906976744,1.8711778943234163,0.8539966789685979,0.2222222222222222
9G6K_lB,9G6K_lB,45,J-controlled,0,Simple,0,0.10656,0.10635,30.315230845880805,0.43017516434183095,0.3915441176470588,136,10.445412043234294,16.61840565581533,0.08888888888888889,2.123004966482537,10.269653479728202,0.06976744186046512,1.9146649834280645,0.7607693064277916,0.2222222222222222
9G6K_lB,9G6K_lB,45,J-controlled,0,Geometry,0,0.10656,0.09818,30.3153697511708,0.4199370691037358,0.3805147058823529,136,10.454735536022097,16.628814216114908,0.08888888888888889,2.1625948716659873,10.270318736525883,0.06976744186046512,1.4831537081875754,0.7602089638303108,0.2222222222222222
9G6K_lB,9G6K_lB,45,J-controlled,1,Raw,0,0.09113,0.09113,22.22788480088226,0.3964784752284751,0.375,136,7.727097724370966,10.559447738211803,0.06666666666666667,2.1822925578758814,8.399427114400702,0.11627906976744186,1.41732295018105,0.5281901874954874,0.17777777777777778
9G6K_lB,9G6K_lB,45,J-controlled,1,John-original,0,0.09113,0.1032,21.945734047243217,0.39526555234888566,0.37316176470588236,136,7.184153612637001,10.133273057781278,0.08888888888888889,1.6610828472378372,8.4974380981538,0.09302325581395349,1.3988363248440623,0.7569423441170811,0.2222222222222222
9G6K_lB,9G6K_lB,45,J-controlled,1,John-fixed,0,0.09113,0.12507,21.94210805132826,0.3918175805675806,0.3694852941176471,136,7.133027345570198,10.096240377735658,0.06666666666666667,1.614240839699564,8.529919889154822,0.09302325581395349,1.4062507710452208,0.7509236234395263,0.2222222222222222
9G6K_lB,9G6K_lB,45,J-controlled,1,Simple,0,0.09113,0.10113,22.206867890947137,0.410175164341831,0.3860294117647059,136,7.699888164273299,10.545875053013809,0.06666666666666667,2.0483072867032677,8.383231044328081,0.11627906976744186,1.4170612868635943,0.5294953170907031,0.17777777777777778
9G6K_lB,9G6K_lB,45,J-controlled,1,Geometry,0,0.09113,0.10536,22.19669733766401,0.40387465929132593,0.3805147058823529,136,7.708194254934566,10.54820180886183,0.06666666666666667,2.104272924578355,8.37195328403087,0.11627906976744186,0.9911384609621072,0.6214034066403523,0.17777777777777778
9G6K_lB,9G6K_lB,45,J-controlled,2,Raw,0,0.11051,0.11051,32.633961234859,0.4244260060926727,0.3860294117647059,136,9.637790792641027,13.816701490164776,0.044444444444444446,3.0809236956371495,27.164610519973728,0.11627906976744186,1.9663189924343814,0.5457614725776609,0.2222222222222222
9G6K_lB,9G6K_lB,45,J-controlled,2,John-original,0,0.11051,0.08322,31.913562129685356,0.4342013387846722,0.3915441176470588,136,8.817753876764339,13.104454629878674,0.044444444444444446,2.4896296745455953,27.105034919314008,0.06976744186046512,1.8496551237969199,0.6030318642417638,0.13333333333333333
9G6K_lB,9G6K_lB,45,J-controlled,2,John-fixed,0,0.11051,0.08298,31.881379039334192,0.43493386243386245,0.39338235294117646,136,8.763294529993031,13.062966843873589,0.06666666666666667,2.4605047144270724,27.12580478937872,0.06976744186046512,1.8743732797075368,0.5938428686534885,0.13333333333333333
9G6K_lB,9G6K_lB,45,J-controlled,2,Simple,0,0.11051,0.11126,32.58393882243349,0.4289101330767997,0.3897058823529412,136,9.587329779217312,13.775212721012274,0.044444444444444446,2.9638321595440122,27.131973709531287,0.09302325581395349,1.941455255596309,0.5596597274015204,0.2222222222222222
9G6K_lB,9G6K_lB,45,J-controlled,2,Geometry,0,0.11051,0.10909,32.58936329059004,0.42960457752124415,0.3897058823529412,136,9.599397007089141,13.785259014118928,0.044444444444444446,2.9984603121304043,27.125877018449756,0.11627906976744186,1.3414457101420754,0.7267894251361806,0.2222222222222222
9G6K_lB,9G6K_lB,45,J-controlled,3,Raw,0,0.10766,0.10766,25.206569483318102,0.408603896103896,0.3860294117647059,136,9.022914426920394,13.444100781400557,0.08888888888888889,2.0844089408911444,1.3426396697595457,0.20930232558139536,1.70827918583211,0.9090916929004521,0.26666666666666666
9G6K_lB,9G6K_lB,45,J-controlled,3,John-original,0,0.10766,0.10219,24.604812232107324,0.4329178691678692,0.40625,136,8.306478424357907,12.86109783852033,0.1111111111111111,1.4293032896854407,1.1881527189953935,0.13953488372093023,1.5751036871510509,0.9815924708490347,0.3111111111111111
9G6K_lB,9G6K_lB,45,J-controlled,3,John-fixed,0,0.10766,0.10238,24.58114198674394,0.43300384800384806,0.40625,136,8.279333786000265,12.83731704562082,0.08888888888888889,1.409160179267783,1.1890545489610567,0.13953488372093023,1.566377298378145,1.058101053778762,0.3111111111111111
9G6K_lB,9G6K_lB,45,J-controlled,3,Simple,0,0.10766,0.10107,25.147227093370677,0.41624037999037994,0.39338235294117646,136,8.9067882809381,13.33403050408428,0.08888888888888889,1.7524887660192432,1.2728900542841153,0.18604651162790697,1.6719957376532972,0.8971651518689945,0.26666666666666666
9G6K_lB,9G6K_lB,45,J-controlled,3,Geometry,0,0.10766,0.10025,25.161070720558257,0.40848023889690555,0.3860294117647059,136,8.936209891087747,13.363736687951485,0.08888888888888889,1.8372088250852898,1.2939127200175733,0.20930232558139536,1.2920738391989677,0.9997149459055239,0.26666666666666666
9G6K_lB,9G6K_lB,45,J-controlled,4,Raw,0,0.10033,0.10033,25.218168322048847,0.43594276094276085,0.4025735294117647,136,7.632794553827996,10.483409428897119,0.044444444444444446,1.9716277482237492,19.39831711357521,0.046511627906976744,1.4303367976702597,0.2937587020117771,0.044444444444444446
9G6K_lB,9G6K_lB,45,J-controlled,4,John-original,0,0.10033,0.09468,25.12741443317667,0.4323579044412378,0.4007352941176471,136,7.026646748761862,10.004511655719782,0.06666666666666667,1.5173060986121718,19.709444568008188,0.023255813953488372,1.355072485227481,0.5217709468844374,0.08888888888888889
9G6K_lB,9G6K_lB,45,J-controlled,4,John-fixed,0,0.10033,0.09478,25.123500881555096,0.4323579044412378,0.4007352941176471,136,7.036014650837842,10.01076194191418,0.044444444444444446,1.5287433045439907,19.698954250719467,0.023255813953488372,1.3562950532120106,0.5257648129812739,0.08888888888888889
9G6K_lB,9G6K_lB,45,J-controlled,4,Simple,0,0.10033,0.10239,25.202396808710716,0.43194123777457105,0.4007352941176471,136,7.616297022097719,10.481928052540674,0.044444444444444446,1.9024640245931508,19.386233212734155,0.046511627906976744,1.4114335157365812,0.343179141564788,0.044444444444444446
9G6K_lB,9G6K_lB,45,J-controlled,4,Geometry,0,0.10033,0.10349,25.203347769694677,0.43791345999679326,0.40441176470588236,136,7.619185565195262,10.482915479784243,0.044444444444444446,1.9218785723625176,19.370642825462227,0.046511627906976744,0.9160656079514862,0.3915665148814887,0.044444444444444446
9G6K_lB,9G6K_lB,45,Thesis-3T+2D,0,Raw,0,0.09156,0.09156,35.90169686050757,0.3892364117364117,0.35294117647058826,136,8.700278715640119,14.174743686231924,0.0,2.1487916041373127,31.986232254851885,0.046511627906976744,0.6935012843655427,0.6654058221204956,0.0
9G6K_lB,9G6K_lB,45,Thesis-3T+2D,0,John-original,0,0.09156,0.09413,35.702098404823666,0.3929050424883758,0.3547794117647059,136,8.207606831888096,13.824791438782459,0.0,1.749542526665567,31.819186114023054,0.023255813953488372,0.6480191558541016,0.6465413722883439,0.0
9G6K_lB,9G6K_lB,45,Thesis-3T+2D,0,John-fixed,0,0.09156,0.09281,35.64129700194274,0.4002398989898989,0.3602941176470588,136,8.070516527024038,13.726358969246741,0.0,1.6003478445559034,31.767571313856756,0.046511627906976744,0.6262407843287504,0.6522265790131176,0.0
9G6K_lB,9G6K_lB,45,Thesis-3T+2D,0,Geometry,0,0.09156,0.09041,35.86263699310294,0.41101350809684134,0.375,136,8.637003625394081,14.132009361165315,0.0,2.014021328981428,31.94651064177635,0.046511627906976744,0.5226665898001279,0.6447506714308393,0.0
9G6K_lB,9G6K_lB,45,Thesis-3T+2D,0,Geometry-fixed-strength,0,0.09156,0.08935,35.82058920355818,0.40701238576238574,0.3713235294117647,136,8.583535448888535,14.092351218736454,0.0,1.908049042184465,31.90788411734504,0.046511627906976744,0.49094709954236376,0.6293194071268738,0.0
9G6K_lB,9G6K_lB,45,Thesis-3T+2D,0,Geometry-global-prior,0,0.09156,0.09073,35.86195215199876,0.41101350809684134,0.375,136,8.635718250339973,14.130446397852458,0.0,2.011737840162319,31.951612467103033,0.046511627906976744,0.5085468314145305,0.6344627071344517,0.0
9G6K_lB,9G6K_lB,45,Thesis-3T+2D,0,Geometry-no-Rg,0,0.09156,0.09032,35.88655778055868,0.41101350809684134,0.375,136,8.639650972280908,14.139332677953846,0.0,2.0161213613136257,31.97240780648977,0.046511627906976744,0.5220887897333886,0.6451970318774378,0.0
9G6K_lB,9G6K_lB,45,Thesis-3T+2D,0,Simple,0,0.09156,0.08848,35.857693485504846,0.40701238576238574,0.3713235294117647,136,8.589556884228392,14.104338504814086,0.0,1.9013677398399067,31.9533301720493,0.046511627906976744,0.6680937914881107,0.6314536595200815,0.0
9G6K_lB,9G6K_lB,45,Thesis-3T+2D,1,Raw,0,0.08927,0.08927,35.609402698002356,0.3844368286034952,0.3492647058823529,136,8.693352347049595,14.192885579468964,0.0,2.114478415186192,31.554385140263292,0.046511627906976744,0.6923563762625744,0.6246523012849294,0.0
9G6K_lB,9G6K_lB,45,Thesis-3T+2D,1,John-original,0,0.08927,0.09323,35.42272968152814,0.4084936668270001,0.3694852941176471,136,8.240567584307525,13.852964639371503,0.0,1.7313584835417215,31.387141200366763,0.023255813953488372,0.6550406074173446,0.6156107401149542,0.0
9G6K_lB,9G6K_lB,45,Thesis-3T+2D,1,John-fixed,0,0.08927,0.09211,35.3645163987819,0.4109938672438673,0.3713235294117647,136,8.109151973244733,13.748035490061216,0.0,1.5890455165634407,31.324820429077022,0.023255813953488372,0.6302870608920981,0.6263050534702795,0.0
9G6K_lB,9G6K_lB,45,Thesis-3T+2D,1,Geometry,0,0.08927,0.08862,35.56914434402255,0.4077264710598044,0.375,136,8.63056284846844,14.14996581820215,0.0,1.9794832487027534,31.51326220592147,0.046511627906976744,0.5203775582090927,0.628357635979192,0.0
9G6K_lB,9G6K_lB,45,Thesis-3T+2D,1,Geometry-fixed-strength,0,0.08927,0.08776,35.528681537995006,0.4057136844636844,0.3713235294117647,136,8.576432162654628,14.109501478028,0.0,1.873137221601509,31.47227173577376,0.046511627906976744,0.4891378136929939,0.6070762470721177,0.0
9G6K_lB,9G6K_lB,45,Thesis-3T+2D,1,Geometry-global-prior,0,0.08927,0.08884,35.56893749423878,0.4077264710598044,0.375,136,8.629351406034644,14.148450913827167,0.0,1.979885296597594,31.51358132999603,0.046511627906976744,0.5071411146996908,0.6120220350818606,0.0
9G6K_lB,9G6K_lB,45,Thesis-3T+2D,1,Geometry-no-Rg,0,0.08927,0.08846,35.59396395338938,0.4077264710598044,0.375,136,8.633294521697099,14.157732949605915,0.0,1.9825700816167862,31.54103101580891,0.046511627906976744,0.518120443690654,0.6292671948938551,0.0
9G6K_lB,9G6K_lB,45,Thesis-3T+2D,1,Simple,0,0.08927,0.08721,35.56526299983737,0.4057136844636844,0.3713235294117647,136,8.586273618545386,14.124330370168092,0.0,1.8682959916156354,31.52131476227416,0.046511627906976744,0.6780360361606765,0.6037317179335492,0.0
9G6K_lB,9G6K_lB,45,Thesis-3T+2D,2,Raw,0,0.08702,0.08702,36.27899364126279,0.38219276094276095,0.3474264705882353,136,8.694877372047182,14.29819946508974,0.0,2.136201678325671,32.40025311323681,0.06976744186046512,0.7269122728977404,0.6051723309924324,0.0
9G6K_lB,9G6K_lB,45,Thesis-3T+2D,2,John-original,0,0.08702,0.09546,36.09431256417999,0.3846843434343434,0.3474264705882353,136,8.2245612152441,13.962555556978078,0.0,1.7605400703694,32.236570777661555,0.046511627906976744,0.6909764852019601,0.5968575710602694,0.0
9G6K_lB,9G6K_lB,45,Thesis-3T+2D,2,John-fixed,0,0.08702,0.10226,36.04025045867287,0.394452861952862,0.3547794117647059,136,8.089943631581075,13.865452749119314,0.0,1.5949781326571826,32.18183744440636,0.046511627906976744,0.6709712188116999,0.6130190816052051,0.0
9G6K_lB,9G6K_lB,45,Thesis-3T+2D,2,Geometry,0,0.08702,0.09098,36.23023228352338,0.3955042488375822,0.3602941176470588,136,8.637938600905164,14.253242393220862,0.0,2.019115294792503,32.346124101427876,0.046511627906976744,0.5450677431493682,0.5949149758590797,0.0
9G6K_lB,9G6K_lB,45,Thesis-3T+2D,2,Geometry-fixed-strength,0,0.08702,0.09006,36.18561435718338,0.39208714125380795,0.35661764705882354,136,8.58568978630986,14.211756597735757,0.0,1.9172912458816653,32.29905706596246,0.046511627906976744,0.5179114534555292,0.592049809210659,0.0
9G6K_lB,9G6K_lB,45,Thesis-3T+2D,2,Geometry-global-prior,0,0.08702,0.09133,36.24702341256944,0.39712461920795256,0.36213235294117646,136,8.632803654330184,14.254025744951228,0.0,2.017339593206699,32.370059392587265,0.046511627906976744,0.5298243567976135,0.5952560334351154,0.0
9G6K_lB,9G6K_lB,45,Thesis-3T+2D,2,Geometry-no-Rg,0,0.08702,0.0909,36.253016250976096,0.3955042488375822,0.3602941176470588,136,8.640753199776857,14.260903787569148,0.0,2.021483846751256,32.373797452814046,0.046511627906976744,0.5483851231463944,0.5943466075605621,0.0
9G6K_lB,9G6K_lB,45,Thesis-3T+2D,2,Simple,0,0.08702,0.08921,36.23488124315751,0.38861491903158574,0.35294117647058826,136,8.59163955184186,14.228788011045891,0.0,1.9107474818496852,32.367957146074836,0.06976744186046512,0.7175805183800862,0.5738405737608094,0.0
9G6K_lB,9G6K_lB,45,Thesis-3T+2D,3,Raw,0,0.10962,0.10962,24.5503352203703,0.4659335417668751,0.4264705882352941,136,4.471014259112477,7.906465294660721,0.0,0.8929589409166229,17.89234335299966,0.0,0.17133795431846782,0.08976836751964609,0.0
9G6K_lB,9G6K_lB,45,Thesis-3T+2D,3,John-original,0,0.10962,0.11348,24.56914879781418,0.48751443001442996,0.44485294117647056,136,4.480673782868107,7.957022350191103,0.0,0.7819800092748784,17.94005666770822,0.0,0.20515893614163083,0.1725810705934828,0.0
9G6K_lB,9G6K_lB,45,Thesis-3T+2D,3,John-fixed,0,0.10962,0.11053,24.54517323761668,0.48862554112554113,0.44669117647058826,136,4.475335854045274,7.92745360237472,0.0,0.8441102707283825,17.902315215759273,0.0,0.18006788270802768,0.11812293734883844,0.0
9G6K_lB,9G6K_lB,45,Thesis-3T+2D,3,Geometry,0,0.10962,0.10872,24.559499464829333,0.48299502966169633,0.4411764705882353,136,4.475784133080994,7.930550593423574,0.0,0.847542178000221,17.892381944956057,0.0,0.14709406178403495,0.04807459229207124,0.0
9G6K_lB,9G6K_lB,45,Thesis-3T+2D,3,Geometry-fixed-strength,0,0.10962,0.10875,24.560782896050252,0.4857728074394741,0.4430147058823529,136,4.477041552938654,7.936203360366681,0.0,0.8383164153487402,17.891488483676873,0.0,0.14364466063373382,0.04484125387281505,0.0
9G6K_lB,9G6K_lB,45,Thesis-3T+2D,3,Geometry-global-prior,0,0.10962,0.10867,24.55937185412888,0.47799502966169627,0.4375,136,4.475590103887515,7.930602394309312,0.0,0.8489126191161038,17.89149393328929,0.0,0.14428905162106093,0.03189407465981626,0.0
9G6K_lB,9G6K_lB,45,Thesis-3T+2D,3,Geometry-no-Rg,0,0.10962,0.10866,24.583926244947172,0.4857728074394741,0.4430147058823529,136,4.476066022837847,7.932102009443803,0.0,0.8430906279363873,17.925404403358385,0.0,0.1476205847393933,0.04686338749973041,0.0
9G6K_lB,9G6K_lB,45,Thesis-3T+2D,3,Simple,0,0.10962,0.1086,24.59108338889328,0.4857728074394741,0.4430147058823529,136,4.481204714274618,7.938213842492785,0.0,0.8299398025455037,17.93237961334757,0.0,0.176704853125652,0.11690750347660851,0.0
9G6K_lB,9G6K_lB,45,Thesis-3T+2D,4,Raw,0,0.12374,0.12374,23.937099952411096,0.47133477633477633,0.42830882352941174,136,4.460158933930511,7.888535339317415,0.0,0.8737402033341073,17.300535847950137,0.0,0.16216463461788796,0.09036266174270007,0.0
9G6K_lB,9G6K_lB,45,Thesis-3T+2D,4,John-original,0,0.12374,0.12975,23.981931421968362,0.4941414141414141,0.4522058823529412,136,4.474572236619606,7.941663540639725,0.0,0.749435147911382,17.40718593431764,0.0,0.19368058539806132,0.1640181218124759,0.0
9G6K_lB,9G6K_lB,45,Thesis-3T+2D,4,John-fixed,0,0.12374,0.12716,23.944304870025586,0.4795316257816257,0.43566176470588236,136,4.466174509713675,7.908964224322377,0.0,0.8240973045609046,17.335408837752674,0.0,0.17204283238286314,0.11992290227460939,0.0
9G6K_lB,9G6K_lB,45,Thesis-3T+2D,4,Geometry,0,0.12374,0.1261,23.94274835910899,0.4798532948532949,0.43566176470588236,136,4.469509833315987,7.916616238307354,0.0,0.831993873688381,17.29770826901678,0.0,0.1330091340613179,0.06614109632689644,0.0
9G6K_lB,9G6K_lB,45,Thesis-3T+2D,4,Geometry-fixed-strength,0,0.12374,0.12644,23.94349706698882,0.4798532948532949,0.43566176470588236,136,4.471024440803323,7.922135034543484,0.0,0.8244460117283396,17.29699873955216,0.0,0.12898363216033487,0.06464882550019983,0.0
9G6K_lB,9G6K_lB,45,Thesis-3T+2D,4,Geometry-global-prior,0,0.12374,0.12626,23.94276010048112,0.4798532948532949,0.43566176470588236,136,4.465870778569954,7.915038114216493,0.0,0.8342560609660701,17.298042523365858,0.0,0.13464206141881271,0.03027622834426675,0.0
9G6K_lB,9G6K_lB,45,Thesis-3T+2D,4,Geometry-no-Rg,0,0.12374,0.1261,23.967113166059132,0.4798532948532949,0.43566176470588236,136,4.469562501607861,7.917980247021465,0.0,0.8271327871165834,17.331037623015824,0.0,0.1329768779414711,0.06806333216160627,0.0
9G6K_lB,9G6K_lB,45,Thesis-3T+2D,4,Simple,0,0.12374,0.12583,23.97268918066948,0.4782329244829244,0.4338235294117647,136,4.470967666783677,7.922197743773354,0.0,0.8163770894066357,17.33673064964914,0.0,0.16512008300740003,0.11908627878583498,0.0
9G6K_lK,9G6K_lK,38,J-controlled,0,Raw,0,0.0995,0.0995,17.79563935761295,0.35436009531404267,0.32661290322580644,124,7.688846576041623,11.024280105732421,0.05263157894736842,1.2454313791662546,16.686600046422296,0.1111111111111111,2.206332262253094,0.767280661433424,0.21052631578947367
9G6K_lK,9G6K_lK,38,J-controlled,0,John-original,0,0.0995,0.13724,17.79179177400936,0.3367979608111187,0.3185483870967742,124,7.566197252593175,10.997871361466126,0.07894736842105263,0.9377880566045775,16.80849406359304,0.1111111111111111,2.0380153950479465,0.7048653677839956,0.15789473684210525
9G6K_lK,9G6K_lK,38,J-controlled,0,John-fixed,0,0.0995,0.10963,17.79445920259606,0.3431027853725222,0.3225806451612903,124,7.5215907379915325,10.99000980774729,0.05263157894736842,0.8472745816791729,16.87685655410954,0.1111111111111111,2.013886400563557,0.7607709492524005,0.15789473684210525
9G6K_lK,9G6K_lK,38,J-controlled,0,Simple,0,0.0995,0.14573,17.76844765659808,0.35468405863142705,0.32661290322580644,124,7.67744976327003,11.018050148236751,0.05263157894736842,1.1440659544320133,16.680198646920463,0.1111111111111111,2.1762593644811563,0.7516384366377976,0.21052631578947367
9G6K_lK,9G6K_lK,38,J-controlled,0,Geometry,0,0.0995,0.15047,17.768833013135357,0.35406769765322393,0.3245967741935484,124,7.668247816041875,11.017340233243337,0.05263157894736842,1.1808356861885592,16.6662767043852,0.1111111111111111,1.610383811674201,0.6959349522664748,0.21052631578947367
9G6K_lK,9G6K_lK,38,J-controlled,1,Raw,0,0.13662,0.13662,21.770882170095604,0.3628080618212197,0.3326612903225806,124,6.909966453100763,9.988667286777146,0.02631578947368421,0.865994563380969,18.349222308327942,0.1111111111111111,1.9627408704660299,0.8673930169882053,0.2631578947368421
9G6K_lK,9G6K_lK,38,J-controlled,1,John-original,0,0.13662,0.12789,21.83706670776447,0.3734739310397205,0.33064516129032256,124,6.870913617603446,10.039981465923178,0.05263157894736842,0.7062685259163036,18.438785932315344,0.08333333333333333,1.8894362058738992,0.8218380085097694,0.21052631578947367
9G6K_lK,9G6K_lK,38,J-controlled,1,John-fixed,0,0.13662,0.12657,21.853615337777423,0.36836195602642974,0.3245967741935484,124,6.8668957273181,10.054748316536722,0.02631578947368421,0.6607663576100662,18.457810195577043,0.08333333333333333,1.8772280299641946,0.8722005192389429,0.21052631578947367
9G6K_lK,9G6K_lK,38,J-controlled,1,Simple,0,0.13662,0.14031,21.761356091370235,0.3762002069567859,0.3346774193548387,124,6.882766186611367,9.981580073258462,0.02631578947368421,0.7278511636378608,18.34745842804413,0.08333333333333333,1.93984707731207,0.8301038818729654,0.21052631578947367
9G6K_lK,9G6K_lK,38,J-controlled,1,Geometry,0,0.13662,0.1449,21.752855101036953,0.3728691995139363,0.33669354838709675,124,6.870117810369137,9.981372508218843,0.02631578947368421,0.7798841539501555,18.33009746308944,0.08333333333333333,1.3364694894739109,0.7935826091441188,0.2631578947368421
9G6K_lK,9G6K_lK,38,J-controlled,2,Raw,0,0.10793,0.10793,19.14657335045434,0.36227737905369484,0.33669354838709675,124,7.356648248847588,9.985256493961371,0.05263157894736842,1.4433659305804232,1.973047932344663,0.2222222222222222,1.8011783428084018,1.0507807986462432,0.42105263157894735
9G6K_lK,9G6K_lK,38,J-controlled,2,John-original,0,0.10793,0.11236,18.893794841255332,0.35675647451963244,0.3346774193548387,124,7.094789914024406,9.755831223907828,0.05263157894736842,0.9493100896471783,1.7798786952928545,0.19444444444444445,1.53042211015704,0.9621545025948566,0.42105263157894735
9G6K_lK,9G6K_lK,38,J-controlled,2,John-fixed,0,0.10793,0.09681,18.852859632668896,0.35502321143768517,0.3346774193548387,124,7.065500873610611,9.725525642210075,0.05263157894736842,0.9160585140246634,1.7511022786450283,0.19444444444444445,1.5081113815775185,0.9638967144377486,0.42105263157894735
9G6K_lK,9G6K_lK,38,J-controlled,2,Simple,0,0.10793,0.1051,19.090858410437896,0.3604608111187058,0.3346774193548387,124,7.225877944731811,9.875162223891573,0.05263157894736842,1.039378032690654,1.9091688987456088,0.19444444444444445,1.722583922422557,1.0214689330156896,0.42105263157894735
9G6K_lK,9G6K_lK,38,J-controlled,2,Geometry,0,0.10793,0.11024,19.102847000071655,0.3610090567327409,0.3346774193548387,124,7.258558974245484,9.90714334946019,0.05263157894736842,1.1455271534306901,1.9258251458427296,0.2222222222222222,1.3182480006463158,0.9710320297912465,0.42105263157894735
9G6K_lK,9G6K_lK,38,J-controlled,3,Raw,0,0.13657,0.13657,26.7029327865779,0.3827328738512949,0.3387096774193548,124,7.900049879502147,12.486495531466167,0.05263157894736842,1.8305503993154706,0.9855955008931545,0.08333333333333333,1.0921280833998395,0.491041532012715,0.3684210526315789
9G6K_lK,9G6K_lK,38,J-controlled,3,John-original,0,0.13657,0.13556,26.445646381042543,0.3667995746943115,0.32056451612903225,124,7.382017884428857,11.818285285106667,0.05263157894736842,1.301490209796894,1.1328434228514368,0.05555555555555555,1.0594659143437728,0.700124186216246,0.42105263157894735
9G6K_lK,9G6K_lK,38,J-controlled,3,John-fixed,0,0.13657,0.13555,26.415251664676422,0.3731542397660819,0.32661290322580644,124,7.342586231436193,11.758309150298826,0.07894736842105263,1.2572353882695966,1.140735054368296,0.05555555555555555,1.0752787323796795,0.6761679361857746,0.42105263157894735
9G6K_lK,9G6K_lK,38,J-controlled,3,Simple,0,0.13657,0.13968,26.680901013681495,0.3910353535353535,0.3487903225806452,124,7.840306905445084,12.425819987505664,0.05263157894736842,1.6064484365443656,1.013434118345824,0.05555555555555555,1.0733937413234496,0.5459639600104292,0.3684210526315789
9G6K_lK,9G6K_lK,38,J-controlled,3,Geometry,0,0.13657,0.14024,26.689755722167572,0.39063045872256397,0.3467741935483871,124,7.868139904525838,12.462811462589434,0.05263157894736842,1.6854305449059108,0.9986437002894561,0.08333333333333333,0.8196886477239077,0.5606227614354401,0.3684210526315789
9G6K_lK,9G6K_lK,38,J-controlled,4,Raw,0,0.1096,0.1096,18.090964581489025,0.3600440495177337,0.3326612903225806,124,7.204256255095627,10.077832172221475,0.07894736842105263,1.1325024255090654,5.36238252172247,0.05555555555555555,1.7999720035041311,0.670443821329873,0.3684210526315789
9G6K_lK,9G6K_lK,38,J-controlled,4,John-original,0,0.1096,0.13072,18.062926202929184,0.36102424622161466,0.3387096774193548,124,6.874796434063042,9.954619608984645,0.10526315789473684,0.8474118473330798,5.244918613377781,0.05555555555555555,1.8923596474668587,0.8422827161014917,0.42105263157894735
9G6K_lK,9G6K_lK,38,J-controlled,4,John-fixed,0,0.1096,0.13145,18.06028112325003,0.3641027284119389,0.34475806451612906,124,6.841128727799057,9.94441044636798,0.13157894736842105,0.7969971596886634,5.238283241425567,0.05555555555555555,1.8716838106819178,0.8371525614155716,0.42105263157894735
9G6K_lK,9G6K_lK,38,J-controlled,4,Simple,0,0.1096,0.11117,18.07583277580762,0.36943020429862533,0.3407258064516129,124,7.164258440914224,10.059198276505136,0.07894736842105263,1.013211681051402,5.361158466670634,0.05555555555555555,1.7815498062212818,0.828812171454688,0.42105263157894735
9G6K_lK,9G6K_lK,38,J-controlled,4,Geometry,0,0.1096,0.10259,18.08013386986147,0.3692524398116503,0.3407258064516129,124,7.179427521422354,10.069152331875054,0.07894736842105263,1.0518640260342065,5.3431792103486835,0.05555555555555555,1.3569259476983555,0.5197013625314421,0.3684210526315789
9G6K_lK,9G6K_lK,38,Thesis-3T+2D,0,Raw,0,0.16384,0.16384,26.62147981723082,0.3818347953216374,0.3467741935483871,124,6.547019453307026,11.41175213244545,0.10526315789473684,1.6313983651393706,3.960351008655465,0.027777777777777776,0.9082267237122446,0.9558137344753531,0.47368421052631576
9G6K_lK,9G6K_lK,38,Thesis-3T+2D,0,John-original,0,0.16384,0.1595,26.534969448947233,0.4187053808764335,0.38306451612903225,124,6.442873065682677,11.382652666208477,0.07894736842105263,1.2863712773585216,4.097475106916082,0.0,0.7836960882440667,0.9311534243224416,0.5263157894736842
9G6K_lK,9G6K_lK,38,Thesis-3T+2D,0,John-fixed,0,0.16384,0.15864,26.516608178005388,0.4093303808764335,0.37298387096774194,124,6.466081441130975,11.390627996867144,0.07894736842105263,1.0713441780571078,4.10658607086628,0.027777777777777776,0.8667841459996245,0.942815481523749,0.5263157894736842
9G6K_lK,9G6K_lK,38,Thesis-3T+2D,0,Geometry,0,0.16384,0.16346,26.609046667716008,0.40971415280625806,0.3709677419354839,124,6.506622834676779,11.391558760127886,0.10526315789473684,1.4325217993796588,3.9703358333082743,0.0,0.7198936518017519,0.9654194051837877,0.47368421052631576
9G6K_lK,9G6K_lK,38,Thesis-3T+2D,0,Geometry-fixed-strength,0,0.16384,0.16274,26.60549509674314,0.4052942488797752,0.36693548387096775,124,6.487049635577415,11.393631691888297,0.10526315789473684,1.2093644002516382,3.97168850868278,0.0,0.8505463121946946,0.9135987233247974,0.5263157894736842
9G6K_lK,9G6K_lK,38,Thesis-3T+2D,0,Geometry-global-prior,0,0.16384,0.1631,26.6081081363816,0.40971415280625806,0.3709677419354839,124,6.506156180054164,11.389165533356902,0.10526315789473684,1.4345030832641266,3.9683208962351024,0.0,0.716600470637905,0.9614171085412094,0.47368421052631576
9G6K_lK,9G6K_lK,38,Thesis-3T+2D,0,Geometry-no-Rg,0,0.16384,0.16348,26.605945649124063,0.4121264335080125,0.37298387096774194,124,6.505288762788191,11.390212326564901,0.10526315789473684,1.43353537237237,3.9827461484006825,0.0,0.7195188014466372,0.9644110064848462,0.47368421052631576
9G6K_lK,9G6K_lK,38,Thesis-3T+2D,0,Simple,0,0.16384,0.16326,26.62200366875768,0.41771070669096977,0.38306451612903225,124,6.575326903246577,11.42938602842012,0.13157894736842105,1.0366346203460037,4.000952272891544,0.05555555555555555,1.1242509946113466,0.9777599584518697,0.5263157894736842
9G6K_lK,9G6K_lK,38,Thesis-3T+2D,1,Raw,0,0.16356,0.16356,27.23465201507404,0.36596415280625805,0.3225806451612903,124,9.90918465311054,16.053833537514887,0.0,2.663871672523901,7.450830470426457,0.05555555555555555,1.0751126513350198,1.055935799354022,0.2631578947368421
9G6K_lK,9G6K_lK,38,Thesis-3T+2D,1,John-original,0,0.16356,0.10186,27.12576930708093,0.3740340434419382,0.3286290322580645,124,9.349800210283435,15.407883303413891,0.0,1.9967158388466382,7.090652884264003,0.027777777777777776,1.006432295732843,1.0270590421576935,0.2631578947368421
9G6K_lK,9G6K_lK,38,Thesis-3T+2D,1,John-fixed,0,0.16356,0.10352,27.1150661511431,0.3823099415204678,0.3346774193548387,124,9.242902433280575,15.27464618289664,0.02631578947368421,1.899937338454012,7.020573977945265,0.027777777777777776,1.006387188541144,1.0156135701692581,0.2631578947368421
9G6K_lK,9G6K_lK,38,Thesis-3T+2D,1,Geometry,0,0.16356,0.1151,27.175254560102722,0.388818637502848,0.34274193548387094,124,9.834724445843356,15.9767535588607,0.0,2.41159867341594,7.368742831052845,0.05555555555555555,0.7188912550595313,0.9582975293550399,0.2631578947368421
9G6K_lK,9G6K_lK,38,Thesis-3T+2D,1,Geometry-fixed-strength,0,0.16356,0.11281,27.13760355656576,0.393922305764411,0.3467741935483871,124,9.78495934043171,15.923439820776926,0.0,2.2628842413220114,7.309747986001604,0.05555555555555555,0.6334486002444776,0.9562125904947097,0.2631578947368421
9G6K_lK,9G6K_lK,38,Thesis-3T+2D,1,Geometry-global-prior,0,0.16356,0.11483,27.170902172932415,0.388818637502848,0.34274193548387094,124,9.83849245591561,15.976989514484679,0.0,2.4113335463872843,7.360870817053371,0.05555555555555555,0.7108260246893487,0.9191355288560976,0.2631578947368421
9G6K_lK,9G6K_lK,38,Thesis-3T+2D,1,Geometry-no-Rg,0,0.16356,0.11525,27.189455020591005,0.3858581111870586,0.3407258064516129,124,9.838720468543988,15.984695950703502,0.0,2.4149086946593754,7.407611721992872,0.05555555555555555,0.7213905270730443,0.956857207147994,0.2631578947368421
9G6K_lK,9G6K_lK,38,Thesis-3T+2D,1,Simple,0,0.16356,0.13085,27.157547860238274,0.40451412622465255,0.3548387096774194,124,9.807924013148055,15.956662038447766,0.0,2.249346939776063,7.400749391571342,0.05555555555555555,1.0321288515550315,1.0448261904362914,0.2631578947368421
9G6K_lK,9G6K_lK,38,Thesis-3T+2D,2,Raw,0,0.10391,0.10391,19.76590316027719,0.3097848788638262,0.27419354838709675,124,7.030465455126849,10.092143096191892,0.07894736842105263,1.3531412034883856,7.180267447929314,0.027777777777777776,1.2706347697705809,0.8452699890548325,0.3157894736842105
9G6K_lK,9G6K_lK,38,Thesis-3T+2D,2,John-original,0,0.10391,0.09781,19.51798139269067,0.31261748120300753,0.28024193548387094,124,6.811725139292092,9.893044824617702,0.05263157894736842,1.0052528630221638,7.008905709698393,0.05555555555555555,1.1458908935955656,0.7797921783928715,0.2631578947368421
9G6K_lK,9G6K_lK,38,Thesis-3T+2D,2,John-fixed,0,0.10391,0.09778,19.491745735041015,0.31749686716791975,0.2842741935483871,124,6.788603142701808,9.87587791609671,0.07894736842105263,0.9376452636358537,7.005057084276416,0.05555555555555555,1.1566974752550145,0.7743202267601372,0.2631578947368421
9G6K_lK,9G6K_lK,38,Thesis-3T+2D,2,Geometry,0,0.10391,0.12258,19.747533198223326,0.31043778954963164,0.2762096774193548,124,6.983480250152904,10.074151798747469,0.07894736842105263,1.2734062058400473,7.100296236354392,0.027777777777777776,0.4786532283699999,0.7233830981984984,0.2631578947368421
9G6K_lK,9G6K_lK,38,Thesis-3T+2D,2,Geometry-fixed-strength,0,0.10391,0.12426,19.75119745753501,0.3128633610541505,0.28225806451612906,124,6.992702435376441,10.104650653430008,0.02631578947368421,1.1376204222762245,6.9949177396658015,0.027777777777777776,0.49866157863703964,0.716163676479959,0.3157894736842105
9G6K_lK,9G6K_lK,38,Thesis-3T+2D,2,Geometry-global-prior,0,0.10391,0.10146,19.745960174549545,0.3084014486975013,0.27419354838709675,124,6.996517088794031,10.068341634678921,0.07894736842105263,1.2758925533685328,7.084640999841113,0.027777777777777776,0.5155273805174593,0.7226495566569943,0.2631578947368421
9G6K_lK,9G6K_lK,38,Thesis-3T+2D,2,Geometry-no-Rg,0,0.10391,0.12255,19.76180538069655,0.3084014486975013,0.27419354838709675,124,6.993421948636808,10.082602759812145,0.07894736842105263,1.2797746563538528,7.1739331557626045,0.027777777777777776,0.4794549489489952,0.7256241775982719,0.2631578947368421
9G6K_lK,9G6K_lK,38,Thesis-3T+2D,2,Simple,0,0.10391,0.10072,19.744749591840314,0.3268120585554796,0.29435483870967744,124,7.05490634692224,10.154623256274549,0.07894736842105263,0.941688964326312,7.177969367889414,0.08333333333333333,1.4631269947853371,0.7256627765748785,0.21052631578947367
9G6K_lK,9G6K_lK,38,Thesis-3T+2D,3,Raw,0,0.11489,0.11489,19.0236978252933,0.3961879129642288,0.3588709677419355,124,5.005791716868235,9.053849422120088,0.0,0.7049726507610766,12.866383305270322,0.0,0.0969107717471483,0.048112861882579676,0.0
9G6K_lK,9G6K_lK,38,Thesis-3T+2D,3,John-original,0,0.11489,0.11347,18.971730921685353,0.3861393540669857,0.35080645161290325,124,5.034543157208543,9.094493369307134,0.0,0.641799281659516,12.885454021133583,0.0,0.09761382034296774,0.06102037341735428,0.0
9G6K_lK,9G6K_lK,38,Thesis-3T+2D,3,John-fixed,0,0.11489,0.11334,18.990200103437907,0.3950287650945546,0.35685483870967744,124,5.024104475265643,9.080852609978031,0.0,0.6637191902030052,12.875387454312047,0.0,0.09675688972166754,0.055747976146400535,0.0
9G6K_lK,9G6K_lK,38,Thesis-3T+2D,3,Geometry,0,0.11489,0.11377,19.032522803779997,0.39469981772613355,0.35685483870967744,124,5.0240540356620205,9.082129249011192,0.0,0.6733003035902727,12.863324862775741,0.0,0.08766948642405317,0.033935409505590104,0.0
9G6K_lK,9G6K_lK,38,Thesis-3T+2D,3,Geometry-fixed-strength,0,0.11489,0.11391,19.035476008344002,0.3924441786283892,0.3548387096774194,124,5.029972341198285,9.091203405841133,0.0,0.6624639350183216,12.861679452972414,0.0,0.08510944519949365,0.0328424524983767,0.0
9G6K_lK,9G6K_lK,38,Thesis-3T+2D,3,Geometry-global-prior,0,0.11489,0.11374,19.032865520607906,0.39469981772613355,0.35685483870967744,124,5.025195109517256,9.083565529893482,0.0,0.6740720793407774,12.863548610161917,0.0,0.08655173126068262,0.029928536729722545,0.0
9G6K_lK,9G6K_lK,38,Thesis-3T+2D,3,Geometry-no-Rg,0,0.11489,0.11379,19.047790678036638,0.39469981772613355,0.35685483870967744,124,5.026026699223673,9.084490830426848,0.0,0.6690168855855386,12.89089339387472,0.0,0.08777751602303302,0.03348142251057894,0.0
9G6K_lK,9G6K_lK,38,Thesis-3T+2D,3,Simple,0,0.11489,0.11394,19.05469886307523,0.3924441786283892,0.3548387096774194,124,5.027661761455817,9.089148813879376,0.0,0.6559357881892932,12.899972711319428,0.0,0.0964283211702099,0.05488353660059839,0.0
9G6K_lK,9G6K_lK,38,Thesis-3T+2D,4,Raw,0,0.09368,0.09368,20.178226224003705,0.38850464228753706,0.3528225806451613,124,5.000223494381317,9.085330315930713,0.0,0.7230985993172905,13.441327478805857,0.0,0.1068592156422253,0.07698984246495559,0.0
9G6K_lK,9G6K_lK,38,Thesis-3T+2D,4,John-original,0,0.09368,0.09125,20.116727367854967,0.3931177375256323,0.3548387096774194,124,5.042430234922424,9.131217952870978,0.0,0.6420937052183463,13.498619991336433,0.0,0.10937372788810734,0.10677722238977533,0.0
9G6K_lK,9G6K_lK,38,Thesis-3T+2D,4,John-fixed,0,0.09368,0.09259,20.145560339076045,0.3806647300068353,0.3487903225806452,124,5.02294207784539,9.111828723290508,0.0,0.6826030562022528,13.46475067529532,0.0,0.10824904299004215,0.09148390122253611,0.0
9G6K_lK,9G6K_lK,38,Thesis-3T+2D,4,Geometry,0,0.09368,0.09309,20.18699387932304,0.3857555821371611,0.35080645161290325,124,5.016350464442302,9.112180459722476,0.0,0.690196871184809,13.437272281930174,0.0,0.09399724943654625,0.05065450588530507,0.0
9G6K_lK,9G6K_lK,38,Thesis-3T+2D,4,Geometry-fixed-strength,0,0.09368,0.09288,20.18969060856823,0.3857555821371611,0.35080645161290325,124,5.021307325210818,9.119636678013492,0.0,0.6807329212031202,13.436363835339954,0.0,0.09165362601335247,0.045409504574792744,0.0
9G6K_lK,9G6K_lK,38,Thesis-3T+2D,4,Geometry-global-prior,0,0.09368,0.09293,20.18719427453114,0.3857555821371611,0.35080645161290325,124,5.016464780583381,9.112542251571826,0.0,0.6902315051234321,13.438204210252827,0.0,0.09385552916553165,0.03931055743677493,0.0
9G6K_lK,9G6K_lK,38,Thesis-3T+2D,4,Geometry-no-Rg,0,0.09368,0.09316,20.204080679285244,0.3857555821371611,0.35080645161290325,124,5.017743801082164,9.114392241706684,0.0,0.6852539419890007,13.467534849041982,0.0,0.09404018155041233,0.05023202712699146,0.0
9G6K_lK,9G6K_lK,38,Thesis-3T+2D,4,Simple,0,0.09368,0.11594,20.211008807544125,0.38346078263841427,0.3487903225806452,124,5.023505384104144,9.120642304206429,0.0,0.6741057146676925,13.475268137000718,0.0,0.10646483902865692,0.08820314207839779,0.0
8UP5_T,8UP5_T,76,J-controlled,0,Raw,0,0.81119,0.81119,1.6806167778573704,0.7986699190089918,0.8113532110091743,436,0.9034138894404141,1.1009212275106222,0.013157894736842105,0.8554938675033016,0.21802032122417359,0.02702702702702703,0.6582068439421062,0.7945491750483705,0.6842105263157895
8UP5_T,8UP5_T,76,J-controlled,0,John-original,0,0.81119,0.81115,1.679479583806545,0.7983559075819402,0.8090596330275229,436,0.9086029755115631,1.1044818345774197,0.013157894736842105,0.7566323856522423,0.20483832566160132,0.02702702702702703,0.6489590857923847,0.7894659165322662,0.6842105263157895
8UP5_T,8UP5_T,76,J-controlled,0,John-fixed,0,0.81119,0.80663,1.6840163178708314,0.7882252439712204,0.7930045871559633,436,0.9595284150514094,1.142996989481901,0.013157894736842105,0.5890156210060191,0.1830533309498712,0.02702702702702703,0.6629835672841095,0.8174126784467839,0.7105263157894737
8UP5_T,8UP5_T,76,J-controlled,0,Simple,0,0.81119,0.80911,1.6849693019442324,0.7908362297711666,0.8027522935779816,436,0.9257674339131674,1.1230981597945744,0.013157894736842105,0.6189887896949285,0.2102303692280323,0.02702702702702703,0.6352228333680983,0.8272740814367069,0.6842105263157895
8UP5_T,8UP5_T,76,J-controlled,0,Geometry,0,0.81119,0.81181,1.6788134838592768,0.8036999883218976,0.8170871559633027,436,0.901862287427222,1.100296273313466,0.013157894736842105,0.7885749932522775,0.21471853089084902,0.02702702702702703,0.6101647567086607,0.7789043242995427,0.6842105263157895
8UP5_T,8UP5_T,76,J-controlled,1,Raw,0,0.66669,0.66669,4.911069632347285,0.7250300751179447,0.742545871559633,436,2.388592285771871,3.097852023615213,0.02631578947368421,1.0120235948173448,0.15237298062252336,0.08108108108108109,0.9988755692470785,0.9029629081786833,0.6842105263157895
8UP5_T,8UP5_T,76,J-controlled,1,John-original,0,0.66669,0.66811,4.874515344219631,0.7274853033392147,0.7431192660550459,436,2.3477987431715253,3.0548768799641643,0.02631578947368421,0.8878476251320429,0.1659807669515594,0.06756756756756757,0.9647275138046156,0.8951872354126367,0.6842105263157895
8UP5_T,8UP5_T,76,J-controlled,1,John-fixed,0,0.66669,0.65973,4.862092370166272,0.7041623020453495,0.716743119266055,436,2.35042979492958,3.0434227903716176,0.039473684210526314,0.7087841448189361,0.1908028929899359,0.05405405405405406,1.0186511163545582,0.9404008268219854,0.7631578947368421
8UP5_T,8UP5_T,76,J-controlled,1,Simple,0,0.66669,0.66562,4.856847312495634,0.7235569606462403,0.739105504587156,436,2.3576763056786914,3.0570255851891357,0.013157894736842105,0.7868921247991512,0.17066261577298292,0.06756756756756757,0.9662498892808686,0.9123291643596083,0.6842105263157895
8UP5_T,8UP5_T,76,J-controlled,1,Geometry,0,0.66669,0.6674,4.898559211770966,0.7231022084640506,0.7413990825688074,436,2.374317711706371,3.083507125398563,0.02631578947368421,0.9517939888674454,0.15687978670391445,0.06756756756756757,0.9560107591629966,0.8384149777112331,0.6842105263157895
8UP5_T,8UP5_T,76,J-controlled,2,Raw,0,0.64681,0.64681,4.37600383065967,0.5713970598209486,0.5544724770642202,436,2.463665739814481,3.1182994966428987,0.013157894736842105,1.0826432125828565,0.255112402303741,0.06756756756756757,0.8557338306044281,0.78059575685287,0.6842105263157895
8UP5_T,8UP5_T,76,J-controlled,2,John-original,0,0.64681,0.64239,4.298359934559705,0.578451648861362,0.5607798165137615,436,2.410484601124404,3.0646525812853898,0.013157894736842105,0.94668839173906,0.24031394991690647,0.05405405405405406,0.8334101935584624,0.8018640659972359,0.7105263157894737
8UP5_T,8UP5_T,76,J-controlled,2,John-fixed,0,0.64681,0.62611,4.1875034271146845,0.5707755329171632,0.5533256880733946,436,2.36697126376472,3.0216512738517394,0.013157894736842105,0.7497658127477839,0.20502426524097217,0.05405405405405406,0.8046840068625797,0.8102549532882876,0.7105263157894737
8UP5_T,8UP5_T,76,J-controlled,2,Simple,0,0.64681,0.64389,4.2957397550909535,0.5787639959222726,0.5630733944954128,436,2.3969038594216063,3.046965664934964,0.013157894736842105,0.7678937458095246,0.276933054113762,0.05405405405405406,0.843358247022843,0.8276386880275952,0.7631578947368421
8UP5_T,8UP5_T,76,J-controlled,2,Geometry,0,0.64681,0.64759,4.35220537846128,0.5759796885937997,0.5584862385321101,436,2.436317666123196,3.0925691888003852,0.013157894736842105,1.0020893498976655,0.2601666147131425,0.05405405405405406,0.8009807960576771,0.763699423019425,0.7105263157894737
8UP5_T,8UP5_T,76,J-controlled,3,Raw,0,0.66635,0.66635,3.7425300375628474,0.640475562896467,0.6169724770642202,436,1.99499010690302,2.3848299041293974,0.02631578947368421,0.8315123622324375,0.4497266140804932,0.02702702702702703,0.640355715640076,0.7092180967007884,0.7368421052631579
8UP5_T,8UP5_T,76,J-controlled,3,John-original,0,0.66635,0.66534,3.6816930837860613,0.6390613191983054,0.6169724770642202,436,1.9584876147675785,2.348905488200927,0.013157894736842105,0.7580445954450744,0.43682719787276625,0.02702702702702703,0.6317715580896318,0.7161082147471315,0.7368421052631579
8UP5_T,8UP5_T,76,J-controlled,3,John-fixed,0,0.66635,0.65987,3.5923062737684526,0.6437409968936962,0.6227064220183486,436,1.9244400099693433,2.314429720394563,0.013157894736842105,0.6149228200933471,0.4057705058312919,0.013513513513513514,0.6216284016155372,0.752636743346505,0.7368421052631579
8UP5_T,8UP5_T,76,J-controlled,3,Simple,0,0.66635,0.66395,3.713226037440379,0.6395541660434414,0.6163990825688074,436,1.9729012947516058,2.3635506809782125,0.013157894736842105,0.6414617517542263,0.44713237928875316,0.02702702702702703,0.637396294390009,0.7330700761713989,0.7368421052631579
8UP5_T,8UP5_T,76,J-controlled,3,Geometry,0,0.66635,0.66625,3.7286990550868606,0.6424760500425021,0.6204128440366973,436,1.9785087368085164,2.3696483859259727,0.02631578947368421,0.7626124450787085,0.4473291660806318,0.02702702702702703,0.5916483656810508,0.6649356471488302,0.7368421052631579
8UP5_T,8UP5_T,76,J-controlled,4,Raw,0,0.60016,0.60016,3.998353977476827,0.6317508898986327,0.6020642201834863,436,2.192520392927562,2.6482076926736573,0.0,0.951628342484011,0.15151862674459338,0.06756756756756757,0.577985680250314,0.6590071362724695,0.7368421052631579
8UP5_T,8UP5_T,76,J-controlled,4,John-original,0,0.60016,0.6017,3.916753311357902,0.6291474204177245,0.5986238532110092,436,2.1265136459964427,2.5815534788627894,0.0,0.8584260399421243,0.16362735419317076,0.04054054054054054,0.5888101253744987,0.6783165790278859,0.7631578947368421
8UP5_T,8UP5_T,76,J-controlled,4,John-fixed,0,0.60016,0.59893,3.8146864199806494,0.631493170327912,0.6032110091743119,436,2.046892718705522,2.502390015006134,0.0,0.7175937718395476,0.1830883855615184,0.04054054054054054,0.6024234606161372,0.693528790596306,0.7631578947368421
8UP5_T,8UP5_T,76,J-controlled,4,Simple,0,0.60016,0.60316,3.930405197867919,0.6351161041583399,0.6055045871559633,436,2.108081212928711,2.562281977322565,0.0,0.7278714694287678,0.15542943874364212,0.04054054054054054,0.5578792449047927,0.6735974361128569,0.7368421052631579
8UP5_T,8UP5_T,76,J-controlled,4,Geometry,0,0.60016,0.60182,3.9700924224531198,0.6339590066766527,0.6049311926605505,436,2.152923558018051,2.6090056295939714,0.0,0.8691635689736631,0.1535542195396573,0.05405405405405406,0.540717380080066,0.6410480772744809,0.7368421052631579
8UP5_T,8UP5_T,76,Thesis-3T+2D,0,Raw,0,0.81116,0.81116,1.6903590677129525,0.7974712888720055,0.8107798165137615,436,0.9039127133386801,1.101406325456635,0.013157894736842105,0.8529882749913537,0.22157862756268187,0.02702702702702703,0.6582068439421062,0.8146603772601649,0.6842105263157895
8UP5_T,8UP5_T,76,Thesis-3T+2D,0,John-original,0,0.81116,0.81112,1.689242103069611,0.796643578814817,0.8084862385321101,436,0.9091082882965325,1.1049709939560255,0.013157894736842105,0.7591379804104236,0.20840023965522647,0.02702702702702703,0.6489590857923847,0.8095600055961386,0.6842105263157895
8UP5_T,8UP5_T,76,Thesis-3T+2D,0,John-fixed,0,0.81116,0.80661,1.6896240043457296,0.7865129152040972,0.7924311926605505,436,0.959821177562109,1.1432830249185413,0.013157894736842105,0.5905189730063852,0.18517820404371932,0.02702702702702703,0.6629835672841095,0.817412683390072,0.7105263157894737
8UP5_T,8UP5_T,76,Thesis-3T+2D,0,Geometry,0,0.81116,0.81205,1.6968144893210833,0.8036999883218976,0.8170871559633027,436,0.9021798729323184,1.1008660745748857,0.013157894736842105,0.7853548749716266,0.2159482767963432,0.02702702702702703,0.6041724720415471,0.7546413468249453,0.6842105263157895
8UP5_T,8UP5_T,76,Thesis-3T+2D,0,Geometry-fixed-strength,0,0.81116,0.80915,1.711224865003496,0.7877633231985887,0.7993119266055045,436,0.9237605882420838,1.1218605007765345,0.013157894736842105,0.6249060642321531,0.20404040576501714,0.02702702702702703,0.511467974705285,0.6799821164711343,0.6842105263157895
8UP5_T,8UP5_T,76,Thesis-3T+2D,0,Geometry-global-prior,0,0.81116,0.81196,1.6979202271330174,0.8035789145706869,0.8170871559633027,436,0.9020716829717452,1.1007875626468324,0.013157894736842105,0.7853363785492684,0.21577911380657255,0.02702702702702703,0.6055458117742628,0.7556077064135899,0.6842105263157895
8UP5_T,8UP5_T,76,Thesis-3T+2D,0,Geometry-no-Rg,0,0.81116,0.81195,1.6797235450653765,0.8036999883218976,0.8170871559633027,436,0.901588196397838,1.1002351751962747,0.013157894736842105,0.7850861053205465,0.22301408565116176,0.02702702702702703,0.6075945821563602,0.7753127791070751,0.6842105263157895
8UP5_T,8UP5_T,76,Thesis-3T+2D,0,Simple,0,0.81116,0.80916,1.6842672211534728,0.7908504991775592,0.8027522935779816,436,0.9253286269364857,1.1226907174822598,0.013157894736842105,0.620605591536271,0.21002239644033338,0.02702702702702703,0.635328316902876,0.8270567890362462,0.6842105263157895
8UP5_T,8UP5_T,76,Thesis-3T+2D,1,Raw,0,0.67186,0.67186,3.1711813826559885,0.718005203110196,0.7379587155963303,436,1.832900730314937,2.286190659384347,0.013157894736842105,1.1763871397456565,0.32387975575053574,0.06756756756756757,0.9732694249678557,0.9787979869801986,0.7105263157894737
8UP5_T,8UP5_T,76,Thesis-3T+2D,1,John-original,0,0.67186,0.67357,3.156548382523382,0.7185391505574455,0.7373853211009175,436,1.8027706165756818,2.256845378188213,0.013157894736842105,1.0734978113562752,0.34856516703306184,0.05405405405405406,0.9382009084809689,0.960222705041491,0.7105263157894737
8UP5_T,8UP5_T,76,Thesis-3T+2D,1,John-fixed,0,0.67186,0.67177,3.1069833291102524,0.7050992266124109,0.7178899082568807,436,1.795007438502781,2.2291891422973804,0.013157894736842105,0.8364864496914423,0.3686010510063049,0.05405405405405406,0.9237654017839358,1.062217840399862,0.7894736842105263
8UP5_T,8UP5_T,76,Thesis-3T+2D,1,Geometry,0,0.67186,0.67137,3.160265257698728,0.7191503479197243,0.739105504587156,436,1.8171188358601413,2.2718834143631437,0.013157894736842105,1.0930999108515735,0.32825783425970556,0.05405405405405406,0.682824141102912,0.950878244560029,0.7105263157894737
8UP5_T,8UP5_T,76,Thesis-3T+2D,1,Geometry-fixed-strength,0,0.67186,0.66866,3.190493332432679,0.7226808774177461,0.739105504587156,436,1.8240873206120714,2.29297109521171,0.013157894736842105,0.8639627776163942,0.32713212755242793,0.05405405405405406,0.6967572245382052,0.8972175268085814,0.7368421052631579
8UP5_T,8UP5_T,76,Thesis-3T+2D,1,Geometry-global-prior,0,0.67186,0.67166,3.160271484926181,0.7199845593703741,0.7396788990825688,436,1.8166475791279306,2.271454199894537,0.013157894736842105,1.0936815421299158,0.3273457079794504,0.05405405405405406,0.6847412194014311,0.9525764306329374,0.7105263157894737
8UP5_T,8UP5_T,76,Thesis-3T+2D,1,Geometry-no-Rg,0,0.67186,0.67147,3.160454625095727,0.7201206675544275,0.7396788990825688,436,1.8164216829574347,2.2715134886958803,0.013157894736842105,1.0933247772819932,0.3290273887028796,0.05405405405405406,0.6840525056800922,0.9519787043208344,0.7105263157894737
8UP5_T,8UP5_T,76,Thesis-3T+2D,1,Simple,0,0.67186,0.66942,3.291329921750742,0.726560734840083,0.7413990825688074,436,1.9512250852651651,2.410134619314673,0.05263157894736842,0.6769619136167848,0.3251482803243597,0.12162162162162163,0.9341576362069538,1.029952358036318,0.7105263157894737
8UP5_T,8UP5_T,76,Thesis-3T+2D,2,Raw,0,0.65025,0.65025,4.4372955659682685,0.5740122528471006,0.5567660550458715,436,2.4545242454827485,3.11882206813796,0.013157894736842105,1.020239369856434,0.3926032511270776,0.06756756756756757,0.8629813055129342,0.7807671594835112,0.6842105263157895
8UP5_T,8UP5_T,76,Thesis-3T+2D,2,John-original,0,0.65025,0.64798,4.373515270835398,0.5811329317697538,0.5636467889908257,436,2.402829651889446,3.0670990081172085,0.013157894736842105,0.9036223664908668,0.3865240429826642,0.05405405405405406,0.8427109253107291,0.8046245920808011,0.7105263157894737
8UP5_T,8UP5_T,76,Thesis-3T+2D,2,John-fixed,0,0.65025,0.63584,4.2933331359903715,0.5725037924410247,0.5556192660550459,436,2.3636227573274518,3.029304052077156,0.013157894736842105,0.7128687359633942,0.3702701788668641,0.05405405405405406,0.8089848757516384,0.8153803301754978,0.7105263157894737
8UP5_T,8UP5_T,76,Thesis-3T+2D,2,Geometry,0,0.65025,0.65155,4.405696236602192,0.5797088423078446,0.5613532110091743,436,2.414568056581789,3.080919877691865,0.013157894736842105,0.9099168048053368,0.3986233297053836,0.05405405405405406,0.7971128153704898,0.7538740560853343,0.7368421052631579
8UP5_T,8UP5_T,76,Thesis-3T+2D,2,Geometry-fixed-strength,0,0.65025,0.65163,4.35975258620892,0.586363467567346,0.569954128440367,436,2.364375357426841,3.030672339759669,0.0,0.7387940553209387,0.40618751120714336,0.05405405405405406,0.7043047320647827,0.7280121402986234,0.7105263157894737
8UP5_T,8UP5_T,76,Thesis-3T+2D,2,Geometry-global-prior,0,0.65025,0.65165,4.4055999259438625,0.5807922195470437,0.5625,436,2.414553140610125,3.080845275310716,0.013157894736842105,0.9098818127160674,0.39872914390327807,0.05405405405405406,0.798388084054811,0.7551842093507749,0.7368421052631579
8UP5_T,8UP5_T,76,Thesis-3T+2D,2,Geometry-no-Rg,0,0.65025,0.65166,4.405553125433355,0.5807703378898882,0.5619266055045872,436,2.4147410639330453,3.0807965854308623,0.013157894736842105,0.9102053422090218,0.3996088343133124,0.05405405405405406,0.7973540509267606,0.7528821609715407,0.7368421052631579
8UP5_T,8UP5_T,76,Thesis-3T+2D,2,Simple,0,0.65025,0.64738,4.370797149112958,0.5813558390106908,0.5653669724770642,436,2.390679274400477,3.04976934909799,0.013157894736842105,0.7340640876708749,0.4098183539327138,0.05405405405405406,0.8551896916887931,0.8236401042068145,0.7631578947368421
8UP5_T,8UP5_T,76,Thesis-3T+2D,3,Raw,0,0.69628,0.69628,3.6519261152632967,0.6157384471423181,0.5986238532110092,436,1.8781610250943594,2.3425401008435616,0.013157894736842105,0.8466470862407847,0.027313209955341478,0.06756756756756757,0.6814346370763182,0.6382804642771407,0.7105263157894737
8UP5_T,8UP5_T,76,Thesis-3T+2D,3,John-original,0,0.69628,0.68986,3.6004455612860413,0.6078831277352736,0.5905963302752294,436,1.8575938909068506,2.313232398278247,0.013157894736842105,0.5552062460662756,0.056624071375505736,0.06756756756756757,0.6763108043894936,0.6509085445863321,0.7368421052631579
8UP5_T,8UP5_T,76,Thesis-3T+2D,3,John-fixed,0,0.69628,0.6927,3.5941543200590327,0.6088000574299293,0.5905963302752294,436,1.8499951056866097,2.305242313454106,0.013157894736842105,0.6103847643807971,0.05913499568555736,0.06756756756756757,0.6482439064801757,0.6564445770829747,0.7368421052631579
8UP5_T,8UP5_T,76,Thesis-3T+2D,3,Geometry,0,0.69628,0.69878,3.6250413170498983,0.6169334025984806,0.5997706422018348,436,1.8372445860985134,2.2902957830863175,0.0,0.6581131963082953,0.025062179777805227,0.06756756756756757,0.5595070940867957,0.5998264960380475,0.6842105263157895
8UP5_T,8UP5_T,76,Thesis-3T+2D,3,Geometry-fixed-strength,0,0.69628,0.69853,3.620055996968299,0.6167428502846142,0.6003440366972477,436,1.8310476672181477,2.2812750428861786,0.0,0.610140161248915,0.021770090308692147,0.06756756756756757,0.5517309800663822,0.6227140257039794,0.7105263157894737
8UP5_T,8UP5_T,76,Thesis-3T+2D,3,Geometry-global-prior,0,0.69628,0.69871,3.624929496550631,0.6177675142630716,0.6003440366972477,436,1.835511229442519,2.288705826943711,0.0,0.6588407419124693,0.025528381437158743,0.06756756756756757,0.6016950047577376,0.6240577713740285,0.7105263157894737
8UP5_T,8UP5_T,76,Thesis-3T+2D,3,Geometry-no-Rg,0,0.69628,0.69879,3.6249874899083006,0.6176539149628285,0.6003440366972477,436,1.837131550067438,2.2902130719990144,0.0,0.6581284597955104,0.02520424704567148,0.06756756756756757,0.5969527917417761,0.6235035443632421,0.7105263157894737
8UP5_T,8UP5_T,76,Thesis-3T+2D,3,Simple,0,0.69628,0.69752,3.623714531600879,0.6158501740600748,0.599197247706422,436,1.838238562909249,2.2873253833870173,0.0,0.6077832472751901,0.02376916803838114,0.06756756756756757,0.6479811723597944,0.6531577910697455,0.7105263157894737
8UP5_T,8UP5_T,76,Thesis-3T+2D,4,Raw,0,0.68379,0.68379,3.502169680961513,0.6202999167838112,0.599197247706422,436,1.9471080450100753,2.4233926871373073,0.013157894736842105,0.8552213048689915,0.06978279649161578,0.05405405405405406,0.6609856617129316,0.6656186771673656,0.7368421052631579
8UP5_T,8UP5_T,76,Thesis-3T+2D,4,John-original,0,0.68379,0.66544,3.4051032483599033,0.6130974896000182,0.5951834862385321,436,1.8811443374167016,2.3535850945042607,0.013157894736842105,0.5683234219474735,0.08366656161830122,0.05405405405405406,0.6348247391667823,0.675726442568082,0.7105263157894737
8UP5_T,8UP5_T,76,Thesis-3T+2D,4,John-fixed,0,0.68379,0.67427,3.4184718928756355,0.6185877931790609,0.5986238532110092,436,1.8838858849562758,2.3579706378324525,0.013157894736842105,0.6257547109010048,0.08196704333160554,0.05405405405405406,0.653338595678352,0.6605780058098575,0.7105263157894737
8UP5_T,8UP5_T,76,Thesis-3T+2D,4,Geometry,0,0.68379,0.68811,3.4647937696027324,0.6229008592044821,0.6014908256880734,436,1.8991353697709428,2.365170778423542,0.013157894736842105,0.6756142538703669,0.0701534061961695,0.05405405405405406,0.6071029729948489,0.6474014949931493,0.7368421052631579
8UP5_T,8UP5_T,76,Thesis-3T+2D,4,Geometry-fixed-strength,0,0.68379,0.68853,3.4570431796807246,0.6231277727019435,0.6026376146788991,436,1.8895953362497844,2.3528482926212235,0.013157894736842105,0.6276968745426168,0.06775191657900592,0.05405405405405406,0.5912020297375995,0.6336030410284381,0.7105263157894737
8UP5_T,8UP5_T,76,Thesis-3T+2D,4,Geometry-global-prior,0,0.68379,0.68808,3.4666876833515436,0.6233163507435636,0.6020642201834863,436,1.8984506538139845,2.3647608014924044,0.013157894736842105,0.6766283140770794,0.0700185350873177,0.05405405405405406,0.6089042172881921,0.6473979085035276,0.7368421052631579
8UP5_T,8UP5_T,76,Thesis-3T+2D,4,Geometry-no-Rg,0,0.68379,0.68811,3.464922955170198,0.6229008592044821,0.6014908256880734,436,1.8993337452750387,2.3652850261301013,0.013157894736842105,0.6757164225028288,0.07056836267990363,0.05405405405405406,0.607830675818926,0.6468877465444398,0.7368421052631579
8UP5_T,8UP5_T,76,Thesis-3T+2D,4,Simple,0,0.68379,0.68704,3.461363990215774,0.625154220229022,0.6037844036697247,436,1.9016284450217489,2.364746581382914,0.013157894736842105,0.6243530333934483,0.07069215300031573,0.05405405405405406,0.6494516622435362,0.6683909629279778,0.7368421052631579
9D85_T,8UP5_T,76,J-controlled,0,Raw,0,0.66786,0.66786,3.0545391906712056,0.6462281679213246,0.65,405,1.7556855865272512,2.406080555454626,0.013157894736842105,0.8554938675033016,0.21802032122417359,0.02702702702702703,0.6582068439421062,0.7945491750483705,0.6842105263157895
9D85_T,8UP5_T,76,J-controlled,0,John-original,0,0.66786,0.66517,3.0624231509640425,0.6403800765337933,0.6419753086419753,405,1.762345756228895,2.4123021811657885,0.013157894736842105,0.7566323856522423,0.20483832566160132,0.02702702702702703,0.6489590857923847,0.7894659165322662,0.6842105263157895
9D85_T,8UP5_T,76,J-controlled,0,John-fixed,0,0.66786,0.65529,3.048007974852146,0.6251364608419148,0.6228395061728395,405,1.7848036000156726,2.405165287102901,0.013157894736842105,0.5890156210060191,0.1830533309498712,0.02702702702702703,0.6629835672841095,0.8174126784467839,0.7105263157894737
9D85_T,8UP5_T,76,J-controlled,0,Simple,0,0.66786,0.66503,3.043847861256587,0.636778525533088,0.6388888888888888,405,1.7573504221652327,2.4022012664552395,0.013157894736842105,0.6189887896949285,0.2102303692280323,0.02702702702702703,0.6352228333680983,0.8272740814367069,0.6842105263157895
9D85_T,8UP5_T,76,J-controlled,0,Geometry,0,0.66786,0.66781,3.051222476366473,0.6491608389374355,0.6524691358024691,405,1.754339015828037,2.403409311920153,0.013157894736842105,0.7885749932522775,0.21471853089084902,0.02702702702702703,0.6101647567086607,0.7789043242995427,0.6842105263157895
9D85_T,8UP5_T,76,J-controlled,1,Raw,0,0.57961,0.57961,3.559479680788058,0.63275306573975,0.6253086419753087,405,2.1553222813485275,2.7003002863662195,0.02631578947368421,1.0120235948173448,0.15237298062252336,0.08108108108108109,0.9988755692470785,0.9029629081786833,0.6842105263157895
9D85_T,8UP5_T,76,J-controlled,1,John-original,0,0.57961,0.57677,3.546415854779985,0.6295696165416246,0.6216049382716049,405,2.148512998247161,2.6896675178395877,0.02631578947368421,0.8878476251320429,0.1659807669515594,0.06756756756756757,0.9647275138046156,0.8951872354126367,0.6842105263157895
9D85_T,8UP5_T,76,J-controlled,1,John-fixed,0,0.57961,0.56319,3.525535938782274,0.6182328080633255,0.608641975308642,405,2.150144578746508,2.6740084899342587,0.039473684210526314,0.7087841448189361,0.1908028929899359,0.05405405405405406,1.0186511163545582,0.9404008268219854,0.7631578947368421
9D85_T,8UP5_T,76,J-controlled,1,Simple,0,0.57961,0.57417,3.519249430294595,0.6282094266320453,0.6191358024691358,405,2.134578781358036,2.6713021065034557,0.013157894736842105,0.7868921247991512,0.17066261577298292,0.06756756756756757,0.9662498892808686,0.9123291643596083,0.6842105263157895
9D85_T,8UP5_T,76,J-controlled,1,Geometry,0,0.57961,0.57938,3.5462566817082886,0.6301844996822257,0.6246913580246913,405,2.1448397602391895,2.688720913460569,0.02631578947368421,0.9517939888674454,0.15687978670391445,0.06756756756756757,0.9560107591629966,0.8384149777112331,0.6842105263157895
9D85_T,8UP5_T,76,J-controlled,2,Raw,0,0.56214,0.56214,4.878817903521144,0.516535763321864,0.4845679012345679,405,2.7600222782334387,3.8237982522216742,0.013157894736842105,1.0826432125828565,0.255112402303741,0.06756756756756757,0.8557338306044281,0.78059575685287,0.6842105263157895
9D85_T,8UP5_T,76,J-controlled,2,John-original,0,0.56214,0.55802,4.842428801528474,0.5213490069733727,0.4882716049382716,405,2.7268885470491693,3.791272901449718,0.013157894736842105,0.94668839173906,0.24031394991690647,0.05405405405405406,0.8334101935584624,0.8018640659972359,0.7105263157894737
9D85_T,8UP5_T,76,J-controlled,2,John-fixed,0,0.56214,0.54819,4.786967810407323,0.5108977422368876,0.4820987654320988,405,2.698139392544745,3.7526355867281844,0.013157894736842105,0.7497658127477839,0.20502426524097217,0.05405405405405406,0.8046840068625797,0.8102549532882876,0.7105263157894737
9D85_T,8UP5_T,76,J-controlled,2,Simple,0,0.56214,0.56121,4.8145029861323,0.5189069938855796,0.48950617283950615,405,2.7178146905102807,3.7579099947363854,0.013157894736842105,0.7678937458095246,0.276933054113762,0.05405405405405406,0.843358247022843,0.8276386880275952,0.7631578947368421
9D85_T,8UP5_T,76,J-controlled,2,Geometry,0,0.56214,0.56348,4.859568431237934,0.5170065740439833,0.48518518518518516,405,2.7427121727551707,3.8025121839626106,0.013157894736842105,1.0020893498976655,0.2601666147131425,0.05405405405405406,0.8009807960576771,0.763699423019425,0.7105263157894737
9D85_T,8UP5_T,76,J-controlled,3,Raw,0,0.57624,0.57624,4.394686848414265,0.5347055892819377,0.5061728395061729,405,2.603719752996875,3.231259052101262,0.02631578947368421,0.8315123622324375,0.4497266140804932,0.02702702702702703,0.640355715640076,0.7092180967007884,0.7368421052631579
9D85_T,8UP5_T,76,J-controlled,3,John-original,0,0.57624,0.5719,4.345967287933493,0.5336375395910922,0.5055555555555555,405,2.571225740177256,3.203502389552999,0.013157894736842105,0.7580445954450744,0.43682719787276625,0.02702702702702703,0.6317715580896318,0.7161082147471315,0.7368421052631579
9D85_T,8UP5_T,76,J-controlled,3,John-fixed,0,0.57624,0.55985,4.272391018445468,0.5378957850882908,0.5123456790123457,405,2.5279938319864885,3.1646839900144936,0.013157894736842105,0.6149228200933471,0.4057705058312919,0.013513513513513514,0.6216284016155372,0.752636743346505,0.7368421052631579
9D85_T,8UP5_T,76,J-controlled,3,Simple,0,0.57624,0.57202,4.359341948901396,0.5334708365260218,0.5037037037037037,405,2.5683758544600432,3.1976191851418148,0.013157894736842105,0.6414617517542263,0.44713237928875316,0.02702702702702703,0.637396294390009,0.7330700761713989,0.7368421052631579
9D85_T,8UP5_T,76,J-controlled,3,Geometry,0,0.57624,0.57588,4.377661931977367,0.5351974040406328,0.5061728395061729,405,2.5835983397201496,3.2124826917189986,0.02631578947368421,0.7626124450787085,0.4473291660806318,0.02702702702702703,0.5916483656810508,0.6649356471488302,0.7368421052631579
9D85_T,8UP5_T,76,J-controlled,4,Raw,0,0.4909,0.4909,4.900221734097279,0.5321213313411378,0.4962962962962963,405,2.8522934073927257,3.4409314324089024,0.0,0.951628342484011,0.15151862674459338,0.06756756756756757,0.577985680250314,0.6590071362724695,0.7368421052631579
9D85_T,8UP5_T,76,J-controlled,4,John-original,0,0.4909,0.49111,4.836756689543437,0.5312555742473515,0.49506172839506174,405,2.7907933518368186,3.389068579334254,0.0,0.8584260399421243,0.16362735419317076,0.04054054054054054,0.5888101253744987,0.6783165790278859,0.7631578947368421
9D85_T,8UP5_T,76,J-controlled,4,John-fixed,0,0.4909,0.48866,4.759362014036313,0.5271625328735264,0.49444444444444446,405,2.702146935543099,3.3116228639092804,0.0,0.7175937718395476,0.1830883855615184,0.04054054054054054,0.6024234606161372,0.693528790596306,0.7631578947368421
9D85_T,8UP5_T,76,J-controlled,4,Simple,0,0.4909,0.48984,4.83611403284111,0.5289683088249647,0.49382716049382713,405,2.758681538462154,3.3597934053328946,0.0,0.7278714694287678,0.15542943874364212,0.04054054054054054,0.5578792449047927,0.6735974361128569,0.7368421052631579
9D85_T,8UP5_T,76,J-controlled,4,Geometry,0,0.4909,0.49102,4.872326977125051,0.532073399733104,0.49691358024691357,405,2.810015831500241,3.402999566774166,0.0,0.8691635689736631,0.1535542195396573,0.05405405405405406,0.540717380080066,0.6410480772744809,0.7368421052631579
9D85_T,8UP5_T,76,Thesis-3T+2D,0,Raw,0,0.66869,0.66869,3.0609090992780885,0.6448820140751708,0.6493827160493827,405,1.7562074330669757,2.406565653400639,0.013157894736842105,0.8529882749913537,0.22157862756268187,0.02702702702702703,0.6582068439421062,0.8146603772601649,0.6842105263157895
9D85_T,8UP5_T,76,Thesis-3T+2D,0,John-original,0,0.66869,0.66446,3.06878838644505,0.6384569996107163,0.641358024691358,405,1.7628743911424014,2.4127913405443944,0.013157894736842105,0.7591379804104236,0.20840023965522647,0.02702702702702703,0.6489590857923847,0.8095600055961386,0.6842105263157895
9D85_T,8UP5_T,76,Thesis-3T+2D,0,John-fixed,0,0.66869,0.65528,3.051697871746867,0.6232133839188378,0.6222222222222222,405,1.785109874642251,2.4054513225395406,0.013157894736842105,0.5905189730063852,0.18517820404371932,0.02702702702702703,0.6629835672841095,0.817412683390072,0.7105263157894737
9D85_T,8UP5_T,76,Thesis-3T+2D,0,Geometry,0,0.66869,0.66733,3.0615620849192555,0.6497716986659422,0.6530864197530865,405,1.7546723412122127,2.403812391391659,0.013157894736842105,0.7853548749716266,0.2159482767963432,0.02702702702702703,0.6041724720415471,0.7546413468249453,0.6842105263157895
9D85_T,8UP5_T,76,Thesis-3T+2D,0,Geometry-fixed-strength,0,0.66869,0.66419,3.0631697439472005,0.6336000735373579,0.6351851851851852,405,1.7646025758228787,2.4079447683428747,0.013157894736842105,0.6249060642321531,0.20404040576501714,0.02702702702702703,0.511467974705285,0.6799821164711343,0.6842105263157895
9D85_T,8UP5_T,76,Thesis-3T+2D,0,Geometry-global-prior,0,0.66869,0.66736,3.0621621651927433,0.647770626982208,0.6512345679012346,405,1.7543903253841082,2.403648787701305,0.013157894736842105,0.7853363785492684,0.21577911380657255,0.02702702702702703,0.6055458117742628,0.7556077064135899,0.6842105263157895
9D85_T,8UP5_T,76,Thesis-3T+2D,0,Geometry-no-Rg,0,0.66869,0.66794,3.051586671145559,0.649235456062392,0.6524691358024691,405,1.7539920412866925,2.4031865235695604,0.013157894736842105,0.7850861053205465,0.22301408565116176,0.02702702702702703,0.6075945821563602,0.7753127791070751,0.6842105263157895
9D85_T,8UP5_T,76,Thesis-3T+2D,0,Simple,0,0.66869,0.66509,3.0435049619194325,0.636778525533088,0.6388888888888888,405,1.7571789553106867,2.4021219102540323,0.013157894736842105,0.620605591536271,0.21002239644033338,0.02702702702702703,0.635328316902876,0.8270567890362462,0.6842105263157895
9D85_T,8UP5_T,76,Thesis-3T+2D,1,Raw,0,0.57945,0.57945,3.559584392666798,0.627056678793363,0.6222222222222222,405,2.171617889020058,2.742971399695801,0.013157894736842105,1.1763871397456565,0.32387975575053574,0.06756756756756757,0.9732694249678557,0.9787979869801986,0.7105263157894737
9D85_T,8UP5_T,76,Thesis-3T+2D,1,John-original,0,0.57945,0.5766,3.5434401530317334,0.6238732295952376,0.6185185185185185,405,2.1581888920224146,2.7198474535954795,0.013157894736842105,1.0734978113562752,0.34856516703306184,0.05405405405405406,0.9382009084809689,0.960222705041491,0.7105263157894737
9D85_T,8UP5_T,76,Thesis-3T+2D,1,John-fixed,0,0.57945,0.56316,3.5212159215398118,0.6114067174872349,0.6049382716049383,405,2.156098859696934,2.692826162741488,0.013157894736842105,0.8364864496914423,0.3686010510063049,0.05405405405405406,0.9237654017839358,1.062217840399862,0.7894736842105263
9D85_T,8UP5_T,76,Thesis-3T+2D,1,Geometry,0,0.57945,0.57911,3.552609985402988,0.6268004906388916,0.6234567901234568,405,2.162495869232337,2.740547634804471,0.013157894736842105,1.0930999108515735,0.32825783425970556,0.05405405405405406,0.682824141102912,0.950878244560029,0.7105263157894737
9D85_T,8UP5_T,76,Thesis-3T+2D,1,Geometry-fixed-strength,0,0.57945,0.57501,3.577471547840951,0.6218729046303935,0.6172839506172839,405,2.1437441605155056,2.7731093645154354,0.013157894736842105,0.8639627776163942,0.32713212755242793,0.05405405405405406,0.6967572245382052,0.8972175268085814,0.7368421052631579
9D85_T,8UP5_T,76,Thesis-3T+2D,1,Geometry-global-prior,0,0.57945,0.57931,3.5524957133528496,0.6273710739017826,0.6240740740740741,405,2.1620003938650356,2.7404146984289044,0.013157894736842105,1.0936815421299158,0.3273457079794504,0.05405405405405406,0.6847412194014311,0.9525764306329374,0.7105263157894737
9D85_T,8UP5_T,76,Thesis-3T+2D,1,Geometry-no-Rg,0,0.57945,0.57926,3.5532763796967624,0.6286822627129713,0.6246913580246913,405,2.1629482166566536,2.741312673522741,0.013157894736842105,1.0933247772819932,0.3290273887028796,0.05405405405405406,0.6840525056800922,0.9519787043208344,0.7105263157894737
9D85_T,8UP5_T,76,Thesis-3T+2D,1,Simple,0,0.57945,0.57518,3.5428623200369787,0.6218468308944497,0.6160493827160494,405,2.207802939470107,2.7592233797935983,0.05263157894736842,0.6769619136167848,0.3251482803243597,0.12162162162162163,0.9341576362069538,1.029952358036318,0.7105263157894737
9D85_T,8UP5_T,76,Thesis-3T+2D,2,Raw,0,0.56539,0.56539,4.918516655492767,0.5182237975098982,0.4858024691358025,405,2.7539251404525715,3.82480405232202,0.013157894736842105,1.020239369856434,0.3926032511270776,0.06756756756756757,0.8629813055129342,0.7807671594835112,0.6842105263157895
9D85_T,8UP5_T,76,Thesis-3T+2D,2,John-original,0,0.56539,0.56341,4.893588027333746,0.5202077299497427,0.4876543209876543,405,2.722463420560096,3.7941511967142074,0.013157894736842105,0.9036223664908668,0.3865240429826642,0.05405405405405406,0.8427109253107291,0.8046245920808011,0.7105263157894737
9D85_T,8UP5_T,76,Thesis-3T+2D,2,John-fixed,0,0.56539,0.55242,4.863514608631588,0.5104061749806144,0.4820987654320988,405,2.6981634036027127,3.7605916082352544,0.013157894736842105,0.7128687359633942,0.3702701788668641,0.05405405405405406,0.8089848757516384,0.8153803301754978,0.7105263157894737
9D85_T,8UP5_T,76,Thesis-3T+2D,2,Geometry,0,0.56539,0.56758,4.89349304516979,0.522415772688476,0.4901234567901235,405,2.729331465028725,3.79315021771317,0.013157894736842105,0.9099168048053368,0.3986233297053836,0.05405405405405406,0.7971128153704898,0.7538740560853343,0.7368421052631579
9D85_T,8UP5_T,76,Thesis-3T+2D,2,Geometry-fixed-strength,0,0.56539,0.56834,4.859714376170486,0.5248077258009877,0.49444444444444446,405,2.700993751250364,3.7510245241683897,0.0,0.7387940553209387,0.40618751120714336,0.05405405405405406,0.7043047320647827,0.7280121402986234,0.7105263157894737
9D85_T,8UP5_T,76,Thesis-3T+2D,2,Geometry-global-prior,0,0.56539,0.56762,4.893594604008936,0.5226315024715136,0.49074074074074076,405,2.7299506310703903,3.793549161819363,0.013157894736842105,0.9098818127160674,0.39872914390327807,0.05405405405405406,0.798388084054811,0.7551842093507749,0.7368421052631579
9D85_T,8UP5_T,76,Thesis-3T+2D,2,Geometry-no-Rg,0,0.56539,0.56769,4.893225399872032,0.5234841487568521,0.49074074074074076,405,2.729612960752033,3.7932779765088274,0.013157894736842105,0.9102053422090218,0.3996088343133124,0.05405405405405406,0.7973540509267606,0.7528821609715407,0.7368421052631579
9D85_T,8UP5_T,76,Thesis-3T+2D,2,Simple,0,0.56539,0.56489,4.866919814591513,0.5197937460223316,0.4901234567901235,405,2.7146259258245364,3.7611276920601293,0.013157894736842105,0.7340640876708749,0.4098183539327138,0.05405405405405406,0.8551896916887931,0.8236401042068145,0.7631578947368421
9D85_T,8UP5_T,76,Thesis-3T+2D,3,Raw,0,0.58083,0.58083,4.392635377453774,0.515832533125451,0.49753086419753084,405,2.570343411214921,3.2390492091100604,0.013157894736842105,0.8466470862407847,0.027313209955341478,0.06756756756756757,0.6814346370763182,0.6382804642771407,0.7105263157894737
9D85_T,8UP5_T,76,Thesis-3T+2D,3,John-original,0,0.58083,0.56754,4.348880102433113,0.5068939892660926,0.48641975308641977,405,2.5236916653170276,3.178642888882133,0.013157894736842105,0.5552062460662756,0.056624071375505736,0.06756756756756757,0.6763108043894936,0.6509085445863321,0.7368421052631579
9D85_T,8UP5_T,76,Thesis-3T+2D,3,John-fixed,0,0.58083,0.572,4.350532904569959,0.5088358662597352,0.4876543209876543,405,2.5260847212906823,3.1868872566845137,0.013157894736842105,0.6103847643807971,0.05913499568555736,0.06756756756756757,0.6482439064801757,0.6564445770829747,0.7368421052631579
9D85_T,8UP5_T,76,Thesis-3T+2D,3,Geometry,0,0.58083,0.58262,4.360281816022479,0.5217688553924731,0.5030864197530864,405,2.5224650476278674,3.1918111393630513,0.0,0.6581131963082953,0.025062179777805227,0.06756756756756757,0.5595070940867957,0.5998264960380475,0.6842105263157895
9D85_T,8UP5_T,76,Thesis-3T+2D,3,Geometry-fixed-strength,0,0.58083,0.58117,4.35279498464822,0.5183788658298246,0.49876543209876545,405,2.5116540205890647,3.181453621978686,0.0,0.610140161248915,0.021770090308692147,0.06756756756756757,0.5517309800663822,0.6227140257039794,0.7105263157894737
9D85_T,8UP5_T,76,Thesis-3T+2D,3,Geometry-global-prior,0,0.58083,0.5828,4.361523374567537,0.5219703654836889,0.5018518518518519,405,2.522417469259452,3.1931659811915387,0.0,0.6588407419124693,0.025528381437158743,0.06756756756756757,0.6016950047577376,0.6240577713740285,0.7105263157894737
9D85_T,8UP5_T,76,Thesis-3T+2D,3,Geometry-no-Rg,0,0.58083,0.58264,4.360219803838374,0.5226052412288589,0.5037037037037037,405,2.522400655037167,3.1917531343408343,0.0,0.6581284597955104,0.02520424704567148,0.06756756756756757,0.5969527917417761,0.6235035443632421,0.7105263157894737
9D85_T,8UP5_T,76,Thesis-3T+2D,3,Simple,0,0.58083,0.58227,4.358009180526666,0.5171918446904922,0.49876543209876545,405,2.52018802528219,3.189701934633288,0.0,0.6077832472751901,0.02376916803838114,0.06756756756756757,0.6479811723597944,0.6531577910697455,0.7105263157894737
9D85_T,8UP5_T,76,Thesis-3T+2D,4,Raw,0,0.58253,0.58253,4.351208252607253,0.5155765876109617,0.49382716049382713,405,2.6413720176091084,3.289646772321331,0.013157894736842105,0.8552213048689915,0.06978279649161578,0.05405405405405406,0.6609856617129316,0.6656186771673656,0.7368421052631579
9D85_T,8UP5_T,76,Thesis-3T+2D,4,John-original,0,0.58253,0.56223,4.275249846644195,0.5079443748913705,0.48641975308641977,405,2.558824389906607,3.204196461114099,0.013157894736842105,0.5683234219474735,0.08366656161830122,0.05405405405405406,0.6348247391667823,0.675726442568082,0.7105263157894737
9D85_T,8UP5_T,76,Thesis-3T+2D,4,John-fixed,0,0.58253,0.57098,4.286314732268259,0.5099420498574346,0.48641975308641977,405,2.561317325287915,3.207590203842065,0.013157894736842105,0.6257547109010048,0.08196704333160554,0.05405405405405406,0.653338595678352,0.6605780058098575,0.7105263157894737
9D85_T,8UP5_T,76,Thesis-3T+2D,4,Geometry,0,0.58253,0.58576,4.315189111611431,0.5176299348932001,0.49382716049382713,405,2.588553627761696,3.2383393532013915,0.013157894736842105,0.6756142538703669,0.0701534061961695,0.05405405405405406,0.6071029729948489,0.6474014949931493,0.7368421052631579
9D85_T,8UP5_T,76,Thesis-3T+2D,4,Geometry-fixed-strength,0,0.58253,0.5861,4.306562006670449,0.5169342329352024,0.49320987654320986,405,2.5751477322973204,3.22469897769194,0.013157894736842105,0.6276968745426168,0.06775191657900592,0.05405405405405406,0.5912020297375995,0.6336030410284381,0.7105263157894737
9D85_T,8UP5_T,76,Thesis-3T+2D,4,Geometry-global-prior,0,0.58253,0.58612,4.317249756455765,0.5176299348932001,0.49382716049382713,405,2.588994345965644,3.2387711089426854,0.013157894736842105,0.6766283140770794,0.0700185350873177,0.05405405405405406,0.6089042172881921,0.6473979085035276,0.7368421052631579
9D85_T,8UP5_T,76,Thesis-3T+2D,4,Geometry-no-Rg,0,0.58253,0.58575,4.315259107661215,0.5176299348932001,0.49382716049382713,405,2.588710851577015,3.2383866332881523,0.013157894736842105,0.6757164225028288,0.07056836267990363,0.05405405405405406,0.607830675818926,0.6468877465444398,0.7368421052631579
9D85_T,8UP5_T,76,Thesis-3T+2D,4,Simple,0,0.58253,0.5848,4.312503466563816,0.5185291070228412,0.49444444444444446,405,2.5890028514803496,3.2390433536629173,0.013157894736842105,0.6243530333934483,0.07069215300031573,0.05405405405405406,0.6494516622435362,0.6683909629279778,0.7368421052631579
8Y03_G,8Y03_G,40,J-controlled,0,Raw,0,0.51367,0.51367,31.366933392228106,0.6429771443833944,0.6916666666666667,210,4.924244607588827,10.253145160612242,0.05,2.9500189270027968,23.76865605381366,0.07894736842105263,2.013625445151263,0.5905073748284452,0.35
8Y03_G,8Y03_G,40,J-controlled,0,John-original,0,0.51367,0.50817,31.024043820844085,0.6428041403041403,0.6916666666666667,210,4.833334890486769,10.154798506167717,0.025,2.5235016733644495,23.7137673744999,0.07894736842105263,2.0020953111228663,0.6417409972562117,0.4
8Y03_G,8Y03_G,40,J-controlled,0,John-fixed,0,0.51367,0.4682,30.867757201182034,0.6177177336552336,0.6654761904761904,210,4.7268161581311485,10.041567952530313,0.025,1.8868927548069279,23.899549609116217,0.05263157894736842,1.9485734057230235,0.5835388763695577,0.35
8Y03_G,8Y03_G,40,J-controlled,0,Simple,0,0.51367,0.50441,31.317782008573655,0.6486223672161172,0.6952380952380952,210,4.978004869185927,10.286332087483375,0.05,2.870087217174573,23.7350789491008,0.07894736842105263,2.0104857790618085,0.5453858694561424,0.35
8Y03_G,8Y03_G,40,J-controlled,0,Geometry,0,0.51367,0.51293,31.350016525245962,0.6413672958985458,0.6904761904761905,210,4.948926647574147,10.266254879011017,0.05,2.925105275676678,23.75481839015092,0.07894736842105263,1.7281038160586442,0.7060800237682229,0.35
8Y03_G,8Y03_G,40,J-controlled,1,Raw,0,0.48182,0.48182,22.468750167048864,0.6904773438367189,0.7071428571428572,210,7.431442280392757,10.619963775075961,0.075,2.4354632386244766,14.430997852280786,0.07894736842105263,1.8926358054783132,0.7175885209457546,0.55
8Y03_G,8Y03_G,40,J-controlled,1,John-original,0,0.48182,0.47609,22.302152301035278,0.6876841474497726,0.7071428571428572,210,7.128911672902273,10.445985603505694,0.075,2.1861232022634303,14.444134001668989,0.10526315789473684,1.8546413510232655,0.7846533870547495,0.5
8Y03_G,8Y03_G,40,J-controlled,1,John-fixed,0,0.48182,0.45133,22.27995622110699,0.630127363955489,0.6535714285714286,210,6.703650160640803,10.282267902452134,0.1,1.9148387219960166,14.666808249065515,0.05263157894736842,1.8387628532647995,0.8208582707556648,0.45
8Y03_G,8Y03_G,40,J-controlled,1,Simple,0,0.48182,0.47332,22.421116015943248,0.6974206175768676,0.7130952380952381,210,7.3979955914152455,10.591938465725992,0.05,2.330207492980229,14.397339946455237,0.07894736842105263,1.8020221368686753,0.6155008813779804,0.45
8Y03_G,8Y03_G,40,J-controlled,1,Geometry,0,0.48182,0.48419,22.452050986494765,0.6926822049478301,0.7095238095238096,210,7.418891705318297,10.609633792429635,0.05,2.4088021831604984,14.417058471294784,0.07894736842105263,1.63327548614558,0.8964558916580775,0.55
8Y03_G,8Y03_G,40,J-controlled,2,Raw,0,0.50607,0.50607,16.443702975288925,0.7154146721334221,0.7428571428571429,210,2.802731609423581,5.605450651176865,0.0,0.7773420935951831,4.968912411410173,0.05263157894736842,0.6577192869183208,0.5510210073933033,0.4
8Y03_G,8Y03_G,40,J-controlled,2,John-original,0,0.50607,0.50057,16.44294257815259,0.7130234175546676,0.7404761904761905,210,2.8175148122720834,5.613173956492047,0.0,0.7257918685362671,4.979894022848125,0.02631578947368421,0.6517196102434907,0.5400009339495756,0.4
8Y03_G,8Y03_G,40,J-controlled,2,John-fixed,0,0.50607,0.47047,16.428510502678492,0.6902256337412588,0.7119047619047619,210,2.888382195059768,5.658239603991701,0.0,0.6564398512265862,5.002095973402245,0.02631578947368421,0.655390446153324,0.5772657104556346,0.4
8Y03_G,8Y03_G,40,J-controlled,2,Simple,0,0.50607,0.48834,16.473284354715958,0.7036339181651682,0.7321428571428571,210,2.8582583430363453,5.658271709967919,0.0,0.6395931358952871,4.987452397553323,0.02631578947368421,0.6549203927013668,0.5529710830650888,0.4
8Y03_G,8Y03_G,40,J-controlled,2,Geometry,0,0.50607,0.49914,16.44680717343651,0.7134755695693196,0.7404761904761905,210,2.825246185907414,5.62409203282163,0.0,0.7194775884503253,4.96376077725132,0.05263157894736842,0.5967419013932839,0.5182072978512888,0.4
8Y03_G,8Y03_G,40,J-controlled,3,Raw,0,0.40413,0.40413,23.08061820177134,0.5569181166056166,0.6047619047619047,210,4.48782820155728,8.02304346521154,0.05,2.4819778146356457,13.367651130027724,0.05263157894736842,1.6724035240033817,0.5992170733774461,0.35
8Y03_G,8Y03_G,40,J-controlled,3,John-original,0,0.40413,0.40512,22.738494023941847,0.5624491654179155,0.6095238095238096,210,4.364120592678302,7.917429718789442,0.05,2.1333943231699153,13.346531660431339,0.02631578947368421,1.6018765887517934,0.5627007445599024,0.3
8Y03_G,8Y03_G,40,J-controlled,3,John-fixed,0,0.40413,0.38656,22.460258005009774,0.5636140335359086,0.6083333333333333,210,4.187606342350889,7.781963573686876,0.05,1.6033563615805075,13.490700158026474,0.02631578947368421,1.5984810178741515,0.674949595422071,0.35
8Y03_G,8Y03_G,40,J-controlled,3,Simple,0,0.40413,0.40724,23.01692522057229,0.5730779116716616,0.6190476190476191,210,4.423024258159362,7.963263296839785,0.05,2.304123648018909,13.325389641675478,0.02631578947368421,1.6252826694220273,0.5567027370098677,0.3
8Y03_G,8Y03_G,40,J-controlled,3,Geometry,0,0.40413,0.40715,23.042437461900473,0.5681407481407481,0.6166666666666667,210,4.451561293011815,7.9892161398647765,0.05,2.403020529323163,13.340160483195223,0.05263157894736842,1.3229273982985226,0.7339774509209931,0.35
8Y03_G,8Y03_G,40,J-controlled,4,Raw,0,0.35152,0.35152,15.247079237702883,0.5404103188478188,0.5619047619047619,210,4.947924052129614,6.891354634812289,0.05,1.4347378182310746,2.603266197780009,0.10526315789473684,1.3764422769481264,0.8168275340991195,0.3
8Y03_G,8Y03_G,40,J-controlled,4,John-original,0,0.35152,0.35169,15.259318801217447,0.5453541597291597,0.5666666666666667,210,4.792689734131403,6.802455471527102,0.05,1.2354311415604098,2.5951246631317915,0.05263157894736842,1.321034203950491,0.8264297285327071,0.3
8Y03_G,8Y03_G,40,J-controlled,4,John-fixed,0,0.35152,0.36777,15.287736764424025,0.5667047188922189,0.5821428571428572,210,4.698119984820593,6.7672123052137705,0.1,0.883656874365898,2.6449966547041015,0.07894736842105263,1.3650046712497872,0.901474189537334,0.4
8Y03_G,8Y03_G,40,J-controlled,4,Simple,0,0.35152,0.3598,15.214723152981552,0.5727799197330447,0.5916666666666667,210,4.890208239886707,6.841963008211115,0.05,1.1804320599296152,2.5873107081689604,0.07894736842105263,1.3218505550735604,0.8003325302409466,0.25
8Y03_G,8Y03_G,40,J-controlled,4,Geometry,0,0.35152,0.35699,15.232213966523798,0.5626792218198469,0.5833333333333334,210,4.913796739936708,6.862183922903213,0.075,1.2887385057785106,2.588539916518382,0.07894736842105263,1.1921020340611126,0.7995303677320752,0.3
8Y03_G,8Y03_G,40,Thesis-3T+2D,0,Raw,0,0.50607,0.50607,16.097322697752222,0.682763156981907,0.7166666666666667,210,3.007988635066872,5.823827441102865,0.0,0.9352915092918348,5.16513877017519,0.05263157894736842,0.7977657168605706,0.5669766351399057,0.4
8Y03_G,8Y03_G,40,Thesis-3T+2D,0,John-original,0,0.50607,0.4967,16.087920195769634,0.6693206966644467,0.7047619047619048,210,3.0138108868107643,5.817768226343845,0.0,0.8236045235147185,5.136422279373221,0.02631578947368421,0.7791885773402467,0.5482145477435469,0.4
8Y03_G,8Y03_G,40,Thesis-3T+2D,0,John-fixed,0,0.50607,0.47047,16.073593586513574,0.6394193566849816,0.675,210,3.0602886391986788,5.838590402330614,0.0,0.7449546417407106,5.114666401881063,0.02631578947368421,0.7579106349531444,0.5858990063607193,0.4
8Y03_G,8Y03_G,40,Thesis-3T+2D,0,Geometry,0,0.50607,0.49771,16.100804923046,0.6794626727439228,0.7130952380952381,210,3.028870019125437,5.84444490047744,0.0,0.846396448716418,5.156124459047334,0.05263157894736842,0.6361229386820088,0.5219787733370052,0.4
8Y03_G,8Y03_G,40,Thesis-3T+2D,0,Geometry-fixed-strength,0,0.50607,0.48476,16.095147032315555,0.6680183618464868,0.7011904761904761,210,3.0603049002394704,5.874900730244973,0.0,0.7631517999762669,5.133360565196181,0.02631578947368421,0.5645101403455751,0.5158854631707509,0.4
8Y03_G,8Y03_G,40,Thesis-3T+2D,0,Geometry-global-prior,0,0.50607,0.49774,16.100181613236177,0.6794626727439228,0.7130952380952381,210,3.028406530091591,5.844321102419398,0.0,0.847602674712226,5.154836263677051,0.05263157894736842,0.6343969592607914,0.5181483807829625,0.4
8Y03_G,8Y03_G,40,Thesis-3T+2D,0,Geometry-no-Rg,0,0.50607,0.49783,16.116931353198023,0.6794626727439228,0.7130952380952381,210,3.029447234601562,5.846083855911387,0.0,0.8467618169495418,5.1838518251956,0.05263157894736842,0.6306556608657372,0.5243763046190345,0.4
8Y03_G,8Y03_G,40,Thesis-3T+2D,0,Simple,0,0.50607,0.48917,16.111108658985312,0.6711339181651682,0.705952380952381,210,3.048882349187641,5.87084199400939,0.0,0.7622614638029789,5.171103498150643,0.02631578947368421,0.7848497146494618,0.5507138555811154,0.4
8Y03_G,8Y03_G,40,Thesis-3T+2D,1,Raw,0,0.50259,0.50259,16.398686217244105,0.6820286484348985,0.7166666666666667,210,3.007053513811792,5.823544926545534,0.0,0.9192614532996902,5.478879345064961,0.05263157894736842,0.7893313648053267,0.6051659112700986,0.4
8Y03_G,8Y03_G,40,Thesis-3T+2D,1,John-original,0,0.50259,0.498,16.382359741144683,0.6705598568098569,0.7083333333333334,210,2.9987250900652604,5.806417304872142,0.0,0.8128924154904303,5.44323537703681,0.02631578947368421,0.7784514310352055,0.58107362109421,0.4
8Y03_G,8Y03_G,40,Thesis-3T+2D,1,John-fixed,0,0.50259,0.47344,16.365968133133432,0.6441329417110667,0.680952380952381,210,3.04570761808111,5.826621732028177,0.0,0.7420355821459689,5.420631443751482,0.02631578947368421,0.7653776983571464,0.5569573793417772,0.4
8Y03_G,8Y03_G,40,Thesis-3T+2D,1,Geometry,0,0.50259,0.49543,16.398994891201003,0.6733910187035187,0.7083333333333334,210,3.0246750893187144,5.840487194820158,0.0,0.8345448440225559,5.4677973533203,0.05263157894736842,0.639538468211191,0.5316461610953689,0.4
8Y03_G,8Y03_G,40,Thesis-3T+2D,1,Geometry-fixed-strength,0,0.50259,0.48257,16.392118298756586,0.6586792547730048,0.6928571428571428,210,3.0546049002858258,5.8690690349057935,0.0,0.7561639123957504,5.444753099747388,0.02631578947368421,0.5600149428333662,0.5183656421348252,0.4
8Y03_G,8Y03_G,40,Thesis-3T+2D,1,Geometry-global-prior,0,0.50259,0.49541,16.399304428994633,0.6745318917193917,0.7095238095238096,210,3.024488205806736,5.840032006144895,0.0,0.835253553123273,5.467611210966343,0.05263157894736842,0.6343520434206065,0.5269725963645758,0.4
8Y03_G,8Y03_G,40,Thesis-3T+2D,1,Geometry-no-Rg,0,0.50259,0.49531,16.41712941989109,0.6718037171162171,0.7071428571428572,210,3.026211645148474,5.843425725108024,0.0,0.8350321110047298,5.49762069030891,0.05263157894736842,0.6307902754758933,0.5348976415816389,0.4
8Y03_G,8Y03_G,40,Thesis-3T+2D,1,Simple,0,0.50259,0.4872,16.40925767079396,0.6645044538794539,0.7,210,3.0425844935715682,5.866653805258418,0.0,0.7560047679612554,5.4827780040836736,0.02631578947368421,0.7849605836392745,0.5775234383321425,0.4
8Y03_G,8Y03_G,40,Thesis-3T+2D,2,Raw,0,0.50229,0.50229,16.380733338859944,0.6772896721334222,0.7142857142857143,210,3.0148949944672907,5.828405020208052,0.0,0.9027852234748099,5.498005382336821,0.05263157894736842,0.7789238129784334,0.6063062863116083,0.4
8Y03_G,8Y03_G,40,Thesis-3T+2D,2,John-original,0,0.50229,0.49461,16.369238939697322,0.6682066371128871,0.705952380952381,210,3.0117394875673162,5.816267299009208,0.0,0.8130808030320568,5.468096099697473,0.02631578947368421,0.7658576540880775,0.5596378670257175,0.4
8Y03_G,8Y03_G,40,Thesis-3T+2D,2,John-fixed,0,0.50229,0.46991,16.354771572879184,0.635498139013764,0.6738095238095239,210,3.058155696316558,5.835731604158505,0.0,0.7535701949641216,5.43941437718064,0.02631578947368421,0.7460826933823673,0.5573850376861792,0.4
8Y03_G,8Y03_G,40,Thesis-3T+2D,2,Geometry,0,0.50229,0.49389,16.374672026205303,0.6680667249417249,0.7047619047619048,210,3.0346258682551626,5.847502709111293,0.0,0.8193646914605456,5.482938724707626,0.05263157894736842,0.643439470036532,0.5259306848975261,0.4
8Y03_G,8Y03_G,40,Thesis-3T+2D,2,Geometry-fixed-strength,0,0.50229,0.48014,16.361894896328995,0.6618245469807971,0.6952380952380952,210,3.0653647853678425,5.877545136575578,0.0,0.7446035160801094,5.453902614596231,0.02631578947368421,0.5645789869619823,0.5124902252947181,0.4
8Y03_G,8Y03_G,40,Thesis-3T+2D,2,Geometry-global-prior,0,0.50229,0.49389,16.3731897294364,0.6666056859806859,0.7035714285714286,210,3.0349687556487535,5.847784955493807,0.0,0.8200188860992582,5.482535070727881,0.05263157894736842,0.6389112317459801,0.5223760040414525,0.4
8Y03_G,8Y03_G,40,Thesis-3T+2D,2,Geometry-no-Rg,0,0.50229,0.49361,16.389774830760647,0.6666056859806859,0.7035714285714286,210,3.037176348341956,5.850955189872498,0.0,0.8181429277986257,5.507578704228045,0.05263157894736842,0.6410990044886289,0.5209239891036225,0.4
8Y03_G,8Y03_G,40,Thesis-3T+2D,2,Simple,0,0.50229,0.4848,16.392084916962215,0.6598305947524697,0.6964285714285714,210,3.0536859128668308,5.874671162655222,0.0,0.7427184722206236,5.501381216636574,0.02631578947368421,0.7716576186198646,0.5722960034672109,0.4
8Y03_G,8Y03_G,40,Thesis-3T+2D,3,Raw,0,0.29453,0.29453,17.04382928581627,0.5732882568820068,0.5785714285714286,210,3.5696965416546393,6.281010334328542,0.0,0.8953487494425381,5.697724758373315,0.02631578947368421,0.4428976138925445,0.5740095279620686,0.35
8Y03_G,8Y03_G,40,Thesis-3T+2D,3,John-original,0,0.29453,0.28082,17.05611724779215,0.5674576985514486,0.5726190476190476,210,3.64817794492227,6.3729141832122735,0.0,0.6195468723790948,5.886253833740824,0.02631578947368421,0.4549494710089292,0.6398606519023473,0.45
8Y03_G,8Y03_G,40,Thesis-3T+2D,3,John-fixed,0,0.29453,0.28694,17.047515198837303,0.5730581224331225,0.5785714285714286,210,3.614915145309169,6.337006427848588,0.0,0.7059783008727916,5.816919874387615,0.02631578947368421,0.4537643542103645,0.6300288805820314,0.45
8Y03_G,8Y03_G,40,Thesis-3T+2D,3,Geometry,0,0.29453,0.28517,17.044192334587084,0.5683822774447774,0.5773809523809523,210,3.5830778440600453,6.307090466911996,0.0,0.7265007877533378,5.687975272669824,0.02631578947368421,0.37386930196600726,0.5294915016317931,0.35
8Y03_G,8Y03_G,40,Thesis-3T+2D,3,Geometry-fixed-strength,0,0.29453,0.28237,17.045276903061197,0.5648478951603951,0.5738095238095238,210,3.593009021352522,6.318850158832977,0.0,0.689706132138648,5.685262576474596,0.02631578947368421,0.35873966926009593,0.5205532598439373,0.35
8Y03_G,8Y03_G,40,Thesis-3T+2D,3,Geometry-global-prior,0,0.29453,0.28503,17.044021232454398,0.5692797133422134,0.5785714285714286,210,3.582003373351355,6.3057887726245605,0.0,0.7266235800939244,5.688772563947484,0.02631578947368421,0.37528139128751176,0.5241182995440677,0.35
8Y03_G,8Y03_G,40,Thesis-3T+2D,3,Geometry-no-Rg,0,0.29453,0.2857,17.061427469211484,0.5682948648573649,0.5773809523809523,210,3.584340835055218,6.31031298137692,0.0,0.7218661577149401,5.717894853338457,0.02631578947368421,0.374006670143141,0.5285079206928717,0.35
8Y03_G,8Y03_G,40,Thesis-3T+2D,3,Simple,0,0.29453,0.28554,17.073349085465647,0.5687022872960372,0.5773809523809523,210,3.588658542098262,6.319546811190758,0.0,0.6802846049667443,5.7276913476102855,0.02631578947368421,0.4597651814567272,0.588953842979462,0.35
8Y03_G,8Y03_G,40,Thesis-3T+2D,4,Raw,0,0.3006,0.3006,16.512616848556217,0.5781686455905206,0.580952380952381,210,3.356882513397361,5.8809170585835675,0.025,0.8404660031492173,4.952226708411594,0.05263157894736842,0.44504881125836004,0.534464063613624,0.4
8Y03_G,8Y03_G,40,Thesis-3T+2D,4,John-original,0,0.3006,0.28667,16.49400518669351,0.5753235566516816,0.5797619047619048,210,3.3964789066516663,5.919597854050555,0.025,0.5887522317798686,5.094229611704673,0.05263157894736842,0.46235219739600414,0.5841257661436036,0.4
8Y03_G,8Y03_G,40,Thesis-3T+2D,4,John-fixed,0,0.3006,0.29258,16.492999384612823,0.5794986784049284,0.5833333333333334,210,3.3750437129787882,5.899693823232459,0.025,0.655187426315074,5.037764613137714,0.05263157894736842,0.4601078919426877,0.5692207789304616,0.4
8Y03_G,8Y03_G,40,Thesis-3T+2D,4,Geometry,0,0.3006,0.29742,16.513529475584424,0.5721906305500055,0.5773809523809523,210,3.353555463515442,5.881037750537171,0.025,0.6717180108275662,4.940536505704692,0.05263157894736842,0.31505615344786647,0.47881856292902314,0.4
8Y03_G,8Y03_G,40,Thesis-3T+2D,4,Geometry-fixed-strength,0,0.3006,0.2967,16.515120392001553,0.5741938356782107,0.5797619047619048,210,3.356889262463167,5.88479805079155,0.025,0.6396984463067709,4.937517916123117,0.02631578947368421,0.29380366202269914,0.47598954534779353,0.4
8Y03_G,8Y03_G,40,Thesis-3T+2D,4,Geometry-global-prior,0,0.3006,0.29789,16.51344186864161,0.5752408442252193,0.5797619047619048,210,3.354899809104535,5.883358685152798,0.025,0.6725926779981543,4.940515265074211,0.02631578947368421,0.31482299922916557,0.48157257819479077,0.4
8Y03_G,8Y03_G,40,Thesis-3T+2D,4,Geometry-no-Rg,0,0.3006,0.29785,16.528895827654146,0.5741938356782107,0.5797619047619048,210,3.3548057838017176,5.8854772424268145,0.025,0.6687366640422686,4.96882213444708,0.05263157894736842,0.31561490504420914,0.48024527632109437,0.4
8Y03_G,8Y03_G,40,Thesis-3T+2D,4,Simple,0,0.3006,0.29474,16.53831964274162,0.5717165386696637,0.5773809523809523,210,3.366791674206538,5.894705669020912,0.025,0.639880729058902,4.975357692387814,0.05263157894736842,0.39918946000221567,0.5523191349361348,0.4
8Y08_B,8Y03_G,40,J-controlled,0,Raw,0,0.51205,0.51205,20.636901720108437,0.7803244712803536,0.8524844720496895,161,3.2542351868281,7.09502508324923,0.05,2.9500189270027968,23.76865605381366,0.07894736842105263,2.013625445151263,0.5905073748284452,0.35
8Y08_B,8Y03_G,40,J-controlled,0,John-original,0,0.51205,0.49623,20.651617016590972,0.768647926536582,0.8400621118012422,161,3.27532808396151,7.110372896746156,0.025,2.5235016733644495,23.7137673744999,0.07894736842105263,2.0020953111228663,0.6417409972562117,0.4
8Y08_B,8Y03_G,40,J-controlled,0,John-fixed,0,0.51205,0.44326,20.66999300628277,0.744119597722539,0.8105590062111802,161,3.34744399752163,7.155504554621554,0.025,1.8868927548069279,23.899549609116217,0.05263157894736842,1.9485734057230235,0.5835388763695577,0.35
8Y08_B,8Y03_G,40,J-controlled,0,Simple,0,0.51205,0.49885,20.638156058737405,0.7654776852465928,0.8354037267080745,161,3.283392753866656,7.110581595474591,0.05,2.870087217174573,23.7350789491008,0.07894736842105263,2.0104857790618085,0.5453858694561424,0.35
8Y08_B,8Y03_G,40,J-controlled,0,Geometry,0,0.51205,0.50792,20.633543484568772,0.7792637136439657,0.8509316770186336,161,3.2604912737339813,7.10040141221665,0.05,2.925105275676678,23.75481839015092,0.07894736842105263,1.7281038160586442,0.7060800237682229,0.35
8Y08_B,8Y03_G,40,J-controlled,1,Raw,0,0.59745,0.59745,21.340025858029584,0.7781934673636354,0.8478260869565217,161,3.297900499627545,7.217479997014792,0.075,2.4354632386244766,14.430997852280786,0.07894736842105263,1.8926358054783132,0.7175885209457546,0.55
8Y08_B,8Y03_G,40,J-controlled,1,John-original,0,0.59745,0.56196,21.350815832736984,0.7799878366264922,0.8478260869565217,161,3.308746565957255,7.226690252007914,0.075,2.1861232022634303,14.444134001668989,0.10526315789473684,1.8546413510232655,0.7846533870547495,0.5
8Y08_B,8Y03_G,40,J-controlled,1,John-fixed,0,0.59745,0.50177,21.371686502470027,0.7469835731495396,0.8090062111801242,161,3.354828038596708,7.260084172685956,0.1,1.9148387219960166,14.666808249065515,0.05263157894736842,1.8387628532647995,0.8208582707556648,0.45
8Y08_B,8Y03_G,40,J-controlled,1,Simple,0,0.59745,0.58109,21.308397238692738,0.7775054462344377,0.8416149068322981,161,3.2940434042151034,7.210977235188316,0.05,2.330207492980229,14.397339946455237,0.07894736842105263,1.8020221368686753,0.6155008813779804,0.45
8Y08_B,8Y03_G,40,J-controlled,1,Geometry,0,0.59745,0.59815,21.32732562216078,0.7817672943303196,0.8509316770186336,161,3.2963562049528967,7.214080519901165,0.05,2.4088021831604984,14.417058471294784,0.07894736842105263,1.63327548614558,0.8964558916580775,0.55
8Y08_B,8Y03_G,40,J-controlled,2,Raw,0,0.84563,0.84563,0.4800832320880166,0.986776206986291,0.984472049689441,161,0.300815985812507,0.3500801456279779,0.0,0.7773420935951831,4.968912411410173,0.05263157894736842,0.6577192869183208,0.5510210073933033,0.4
8Y08_B,8Y03_G,40,J-controlled,2,John-original,0,0.84563,0.83777,0.49614092166886264,0.9796357225874033,0.9767080745341615,161,0.32764734755482805,0.3737874863852356,0.0,0.7257918685362671,4.979894022848125,0.02631578947368421,0.6517196102434907,0.5400009339495756,0.4
8Y08_B,8Y03_G,40,J-controlled,2,John-fixed,0,0.84563,0.7745,0.622093733971482,0.9366839719570811,0.9316770186335404,161,0.4315552612076031,0.49240852704750776,0.0,0.6564398512265862,5.002095973402245,0.02631578947368421,0.655390446153324,0.5772657104556346,0.4
8Y08_B,8Y03_G,40,J-controlled,2,Simple,0,0.84563,0.82826,0.507583077069878,0.9605865842840633,0.9596273291925466,161,0.34667715015664813,0.388708395517044,0.0,0.6395931358952871,4.987452397553323,0.02631578947368421,0.6549203927013668,0.5529710830650888,0.4
8Y08_B,8Y03_G,40,J-controlled,2,Geometry,0,0.84563,0.84384,0.48269942371314,0.9799245805548326,0.9767080745341615,161,0.31175905933116504,0.3597587602704868,0.0,0.7194775884503253,4.96376077725132,0.05263157894736842,0.5967419013932839,0.5182072978512888,0.4
8Y08_B,8Y03_G,40,J-controlled,3,Raw,0,0.43833,0.43833,9.497551961710922,0.7342283999847026,0.7872670807453416,161,2.785449013691296,4.718487635667325,0.05,2.4819778146356457,13.367651130027724,0.05263157894736842,1.6724035240033817,0.5992170733774461,0.35
8Y08_B,8Y03_G,40,J-controlled,3,John-original,0,0.43833,0.43319,9.481522170426624,0.738758968622414,0.7919254658385093,161,2.7651762038454795,4.699654576709994,0.05,2.1333943231699153,13.346531660431339,0.02631578947368421,1.6018765887517934,0.5627007445599024,0.3
8Y08_B,8Y03_G,40,J-controlled,3,John-fixed,0,0.43833,0.39507,9.446475181959126,0.7301147498626489,0.781055900621118,161,2.747757979745997,4.683955311488853,0.05,1.6033563615805075,13.490700158026474,0.02631578947368421,1.5984810178741515,0.674949595422071,0.35
8Y08_B,8Y03_G,40,J-controlled,3,Simple,0,0.43833,0.43307,9.483677417823102,0.7409343142851547,0.7950310559006211,161,2.7406326127528775,4.6680158560988065,0.05,2.304123648018909,13.325389641675478,0.02631578947368421,1.6252826694220273,0.5567027370098677,0.3
8Y08_B,8Y03_G,40,J-controlled,3,Geometry,0,0.43833,0.43588,9.486443664775956,0.7396124009044178,0.7934782608695652,161,2.7655623826318836,4.696521569369131,0.05,2.403020529323163,13.340160483195223,0.05263157894736842,1.3229273982985226,0.7339774509209931,0.35
8Y08_B,8Y03_G,40,J-controlled,4,Raw,0,0.38854,0.38854,6.592088335366732,0.6649409658968483,0.7096273291925466,161,3.4028342293819485,3.771910952855929,0.05,1.4347378182310746,2.603266197780009,0.10526315789473684,1.3764422769481264,0.8168275340991195,0.3
8Y08_B,8Y03_G,40,J-controlled,4,John-original,0,0.38854,0.38418,6.259301644787744,0.6937966468638739,0.7298136645962733,161,3.155423037846011,3.5706522818071846,0.05,1.2354311415604098,2.5951246631317915,0.05263157894736842,1.321034203950491,0.8264297285327071,0.3
8Y08_B,8Y03_G,40,J-controlled,4,John-fixed,0,0.38854,0.37584,6.009971165597861,0.6990215993157168,0.7422360248447205,161,2.946473992987258,3.42315194197378,0.1,0.883656874365898,2.6449966547041015,0.07894736842105263,1.3650046712497872,0.901474189537334,0.4
8Y08_B,8Y03_G,40,J-controlled,4,Simple,0,0.38854,0.39019,6.527550615237365,0.701882298373895,0.7375776397515528,161,3.337054409903179,3.7183018918812585,0.05,1.1804320599296152,2.5873107081689604,0.07894736842105263,1.3218505550735604,0.8003325302409466,0.25
8Y08_B,8Y03_G,40,J-controlled,4,Geometry,0,0.38854,0.38836,6.5398337335497825,0.693806128512011,0.7313664596273292,161,3.354506389505702,3.730287893600851,0.075,1.2887385057785106,2.588539916518382,0.07894736842105263,1.1921020340611126,0.7995303677320752,0.3
8Y08_B,8Y03_G,40,Thesis-3T+2D,0,Raw,0,0.84563,0.84563,0.4800832320880166,0.986776206986291,0.984472049689441,161,0.300815985812507,0.3500801456279779,0.0,0.9352915092918348,5.16513877017519,0.05263157894736842,0.7977657168605706,0.5669766351399057,0.4
8Y08_B,8Y03_G,40,Thesis-3T+2D,0,John-original,0,0.84563,0.82885,0.5128489216972532,0.9681962493622157,0.9658385093167702,161,0.34567396258306204,0.3920212846278449,0.0,0.8236045235147185,5.136422279373221,0.02631578947368421,0.7791885773402467,0.5482145477435469,0.4
8Y08_B,8Y03_G,40,Thesis-3T+2D,0,John-fixed,0,0.84563,0.7745,0.622093733971482,0.9366839719570811,0.9316770186335404,161,0.4315552612076031,0.49240852704750776,0.0,0.7449546417407106,5.114666401881063,0.02631578947368421,0.7579106349531444,0.5858990063607193,0.4
8Y08_B,8Y03_G,40,Thesis-3T+2D,0,Geometry,0,0.84563,0.84023,0.48915551653264805,0.9776851206683139,0.9736024844720497,161,0.3109691308397738,0.36311452455535453,0.0,0.846396448716418,5.156124459047334,0.05263157894736842,0.6361229386820088,0.5219787733370052,0.4
8Y08_B,8Y03_G,40,Thesis-3T+2D,0,Geometry-fixed-strength,0,0.84563,0.8245,0.5204915396146299,0.9643990486637547,0.9642857142857143,161,0.34449228085313127,0.3990665900981577,0.0,0.7631517999762669,5.133360565196181,0.02631578947368421,0.5645101403455751,0.5158854631707509,0.4
8Y08_B,8Y03_G,40,Thesis-3T+2D,0,Geometry-global-prior,0,0.84563,0.84023,0.48886720298448266,0.9776851206683139,0.9736024844720497,161,0.3109708362694129,0.3628919402861147,0.0,0.847602674712226,5.154836263677051,0.05263157894736842,0.6343969592607914,0.5181483807829625,0.4
8Y08_B,8Y03_G,40,Thesis-3T+2D,0,Geometry-no-Rg,0,0.84563,0.83942,0.4914812115115535,0.9776851206683139,0.9736024844720497,161,0.3104556678272262,0.36290608210677866,0.0,0.8467618169495418,5.1838518251956,0.05263157894736842,0.6306556608657372,0.5243763046190345,0.4
8Y08_B,8Y03_G,40,Thesis-3T+2D,0,Simple,0,0.84563,0.8231,0.5228600432892101,0.9635009318412678,0.9627329192546584,161,0.3393304425432179,0.38987385404868974,0.0,0.7622614638029789,5.171103498150643,0.02631578947368421,0.7848497146494618,0.5507138555811154,0.4
8Y08_B,8Y03_G,40,Thesis-3T+2D,1,Raw,0,0.86188,0.86188,0.4415290786533429,0.9826193251193251,0.984472049689441,161,0.2779476827975032,0.32373086141422636,0.0,0.9192614532996902,5.478879345064961,0.05263157894736842,0.7893313648053267,0.6051659112700986,0.4
8Y08_B,8Y03_G,40,Thesis-3T+2D,1,John-original,0,0.86188,0.83921,0.4834129710423475,0.9725405360279309,0.9720496894409938,161,0.31723975405826665,0.3671429395281678,0.0,0.8128924154904303,5.44323537703681,0.02631578947368421,0.7784514310352055,0.58107362109421,0.4
8Y08_B,8Y03_G,40,Thesis-3T+2D,1,John-fixed,0,0.86188,0.76891,0.6201171577366947,0.9289092070394592,0.9254658385093167,161,0.41214007340539305,0.4810365578508392,0.0,0.7420355821459689,5.420631443751482,0.02631578947368421,0.7653776983571464,0.5569573793417772,0.4
8Y08_B,8Y03_G,40,Thesis-3T+2D,1,Geometry,0,0.86188,0.8605,0.4441598283165797,0.9787787889048393,0.9782608695652174,161,0.2873971273884979,0.3329813248130567,0.0,0.8345448440225559,5.4677973533203,0.05263157894736842,0.639538468211191,0.5316461610953689,0.4
8Y08_B,8Y03_G,40,Thesis-3T+2D,1,Geometry-fixed-strength,0,0.86188,0.84625,0.4718413752582103,0.9630593577757444,0.9596273291925466,161,0.32685107015418763,0.3703507864643449,0.0,0.7561639123957504,5.444753099747388,0.02631578947368421,0.5600149428333662,0.5183656421348252,0.4
8Y08_B,8Y03_G,40,Thesis-3T+2D,1,Geometry-global-prior,0,0.86188,0.86093,0.4439193796159727,0.9787787889048393,0.9782608695652174,161,0.2874723395910385,0.3327107134739377,0.0,0.835253553123273,5.467611210966343,0.05263157894736842,0.6343520434206065,0.5269725963645758,0.4
8Y08_B,8Y03_G,40,Thesis-3T+2D,1,Geometry-no-Rg,0,0.86188,0.85852,0.4485058871116158,0.9787787889048393,0.9782608695652174,161,0.2877812752443768,0.3341332659931145,0.0,0.8350321110047298,5.49762069030891,0.05263157894736842,0.6307902754758933,0.5348976415816389,0.4
8Y08_B,8Y03_G,40,Thesis-3T+2D,1,Simple,0,0.86188,0.84225,0.4750910342355196,0.9657703244467951,0.9627329192546584,161,0.31766182841137625,0.3611797826673202,0.0,0.7560047679612554,5.4827780040836736,0.02631578947368421,0.7849605836392745,0.5775234383321425,0.4
8Y08_B,8Y03_G,40,Thesis-3T+2D,2,Raw,0,0.86131,0.86131,0.44142095637492584,0.9920921935207648,0.9906832298136646,161,0.27432995810798133,0.3199292585378974,0.0,0.9027852234748099,5.498005382336821,0.05263157894736842,0.7789238129784334,0.6063062863116083,0.4
8Y08_B,8Y03_G,40,Thesis-3T+2D,2,John-original,0,0.86131,0.83487,0.48937713960807033,0.9708985995330532,0.9704968944099379,161,0.3180480515956713,0.3665800849170955,0.0,0.8130808030320568,5.468096099697473,0.02631578947368421,0.7658576540880775,0.5596378670257175,0.4
8Y08_B,8Y03_G,40,Thesis-3T+2D,2,John-fixed,0,0.86131,0.76955,0.6208320719509464,0.9331916507861885,0.9285714285714286,161,0.41374191418010875,0.4795666700014886,0.0,0.7535701949641216,5.43941437718064,0.02631578947368421,0.7460826933823673,0.5573850376861792,0.4
8Y08_B,8Y03_G,40,Thesis-3T+2D,2,Geometry,0,0.86131,0.85637,0.4494259861627629,0.9787620129636937,0.9782608695652174,161,0.2906481621957328,0.33503557613035706,0.0,0.8193646914605456,5.482938724707626,0.05263157894736842,0.643439470036532,0.5259306848975261,0.4
8Y08_B,8Y03_G,40,Thesis-3T+2D,2,Geometry-fixed-strength,0,0.86131,0.83935,0.4795942930240289,0.9659215935791565,0.9642857142857143,161,0.332149494559541,0.3750405269366367,0.0,0.7446035160801094,5.453902614596231,0.02631578947368421,0.5645789869619823,0.5124902252947181,0.4
8Y08_B,8Y03_G,40,Thesis-3T+2D,2,Geometry-global-prior,0,0.86131,0.85672,0.4493106059748624,0.9777756184058705,0.9767080745341615,161,0.29139919503586814,0.3351115525116887,0.0,0.8200188860992582,5.482535070727881,0.05263157894736842,0.6389112317459801,0.5223760040414525,0.4
8Y08_B,8Y03_G,40,Thesis-3T+2D,2,Geometry-no-Rg,0,0.86131,0.85495,0.45333255749463264,0.976805999789193,0.9751552795031055,161,0.29047481468802194,0.3356867588932933,0.0,0.8181429277986257,5.507578704228045,0.05263157894736842,0.6410990044886289,0.5209239891036225,0.4
8Y08_B,8Y03_G,40,Thesis-3T+2D,2,Simple,0,0.86131,0.83825,0.48136037909271157,0.9598247539108883,0.9565217391304348,161,0.31926269603121926,0.3624007957894198,0.0,0.7427184722206236,5.501381216636574,0.02631578947368421,0.7716576186198646,0.5722960034672109,0.4
8Y08_B,8Y03_G,40,Thesis-3T+2D,3,Raw,0,0.34027,0.34027,3.0803015911530296,0.795180081356552,0.7562111801242236,161,1.5257012108630983,2.327740679619455,0.0,0.8953487494425381,5.697724758373315,0.02631578947368421,0.4428976138925445,0.5740095279620686,0.35
8Y08_B,8Y03_G,40,Thesis-3T+2D,3,John-original,0,0.34027,0.31862,3.223160979828076,0.7686634490626086,0.7375776397515528,161,1.6101335679285977,2.403917140135086,0.0,0.6195468723790948,5.886253833740824,0.02631578947368421,0.4549494710089292,0.6398606519023473,0.45
8Y08_B,8Y03_G,40,Thesis-3T+2D,3,John-fixed,0,0.34027,0.33909,3.1658974668167605,0.7793462723084571,0.7422360248447205,161,1.5711282269377074,2.367113979655671,0.0,0.7059783008727916,5.816919874387615,0.02631578947368421,0.4537643542103645,0.6300288805820314,0.45
8Y08_B,8Y03_G,40,Thesis-3T+2D,3,Geometry,0,0.34027,0.33848,3.093067004065011,0.7997416635651929,0.7593167701863354,161,1.528617108634113,2.347511223927803,0.0,0.7265007877533378,5.687975272669824,0.02631578947368421,0.37386930196600726,0.5294915016317931,0.35
8Y08_B,8Y03_G,40,Thesis-3T+2D,3,Geometry-fixed-strength,0,0.34027,0.33573,3.1023888420746815,0.8009457699163582,0.7608695652173914,161,1.5360532570501024,2.357837047978174,0.0,0.689706132138648,5.685262576474596,0.02631578947368421,0.35873966926009593,0.5205532598439373,0.35
8Y08_B,8Y03_G,40,Thesis-3T+2D,3,Geometry-global-prior,0,0.34027,0.33876,3.09108141895013,0.7996417634652928,0.7593167701863354,161,1.5268872126626567,2.3452067659423053,0.0,0.7266235800939244,5.688772563947484,0.02631578947368421,0.37528139128751176,0.5241182995440677,0.35
8Y08_B,8Y03_G,40,Thesis-3T+2D,3,Geometry-no-Rg,0,0.34027,0.33835,3.097000847996475,0.801792945616475,0.7624223602484472,161,1.5285515526602849,2.3457511733363945,0.0,0.7218661577149401,5.717894853338457,0.02631578947368421,0.374006670143141,0.5285079206928717,0.35
8Y08_B,8Y03_G,40,Thesis-3T+2D,3,Simple,0,0.34027,0.33631,3.104298880934154,0.8015293133570444,0.7624223602484472,161,1.5331810240557988,2.3528049580007417,0.0,0.6802846049667443,5.7276913476102855,0.02631578947368421,0.4597651814567272,0.588953842979462,0.35
8Y08_B,8Y03_G,40,Thesis-3T+2D,4,Raw,0,0.309,0.309,3.9387942954020683,0.8039922822275763,0.7593167701863354,161,1.5954025751232168,2.7017149553624193,0.025,0.8404660031492173,4.952226708411594,0.05263157894736842,0.44504881125836004,0.534464063613624,0.4
8Y08_B,8Y03_G,40,Thesis-3T+2D,4,John-original,0,0.309,0.26251,4.187123265973348,0.7824941818219129,0.7375776397515528,161,1.6517740686780784,2.804954115915472,0.025,0.5887522317798686,5.094229611704673,0.05263157894736842,0.46235219739600414,0.5841257661436036,0.4
8Y08_B,8Y03_G,40,Thesis-3T+2D,4,John-fixed,0,0.309,0.24697,4.088496017919257,0.7923435341502568,0.7468944099378882,161,1.6227746821340308,2.7603103608455246,0.025,0.655187426315074,5.037764613137714,0.05263157894736842,0.4601078919426877,0.5692207789304616,0.4
8Y08_B,8Y03_G,40,Thesis-3T+2D,4,Geometry,0,0.309,0.30611,3.9342974270334667,0.8073365628302602,0.7639751552795031,161,1.5807327543550067,2.6952895054461217,0.025,0.6717180108275662,4.940536505704692,0.05263157894736842,0.31505615344786647,0.47881856292902314,0.4
8Y08_B,8Y03_G,40,Thesis-3T+2D,4,Geometry-fixed-strength,0,0.309,0.30413,3.9350284571047753,0.8136753291060014,0.7701863354037267,161,1.5798661362914985,2.6966178692038665,0.025,0.6396984463067709,4.937517916123117,0.02631578947368421,0.29380366202269914,0.47598954534779353,0.4
8Y08_B,8Y03_G,40,Thesis-3T+2D,4,Geometry-global-prior,0,0.309,0.30638,3.9350409167264626,0.8113383943320918,0.7670807453416149,161,1.5826524415245338,2.697710296384254,0.025,0.6725926779981543,4.940515265074211,0.02631578947368421,0.31482299922916557,0.48157257819479077,0.4
8Y08_B,8Y03_G,40,Thesis-3T+2D,4,Geometry-no-Rg,0,0.309,0.30576,3.936786766068596,0.8073365628302602,0.7639751552795031,161,1.580956568460926,2.6949353521929855,0.025,0.6687366640422686,4.96882213444708,0.05263157894736842,0.31561490504420914,0.48024527632109437,0.4
8Y08_B,8Y03_G,40,Thesis-3T+2D,4,Simple,0,0.309,0.30346,3.9417485692430048,0.8061248578685553,0.7639751552795031,161,1.5929783024367326,2.703280460460154,0.025,0.639880729058902,4.975357692387814,0.05263157894736842,0.39918946000221567,0.5523191349361348,0.4
8Y0B_B,8Y0B_B,58,J-controlled,0,Raw,0,0.66855,0.66855,27.162015134737327,0.6635081213951912,0.6536259541984732,262,3.8089089809471153,6.016064507239307,0.05172413793103448,2.1067847761312275,17.67600562300023,0.07142857142857142,1.4242023913326867,0.5169859195815648,0.3448275862068966
8Y0B_B,8Y0B_B,58,J-controlled,0,John-original,0,0.66855,0.66853,27.164707089733078,0.6622895679360717,0.6526717557251909,262,3.7274880655586897,5.949886366678664,0.05172413793103448,1.8187550072893826,17.66737602852494,0.07142857142857142,1.4044119605139413,0.5365001228184745,0.3103448275862069
8Y0B_B,8Y0B_B,58,J-controlled,0,John-fixed,0,0.66855,0.64779,27.37579596838212,0.647314379417598,0.6364503816793893,262,3.6612171994966936,5.9068793758405915,0.08620689655172414,1.4083737747123264,17.7909140329867,0.05357142857142857,1.4487925994743267,0.5038070706882708,0.3793103448275862
8Y0B_B,8Y0B_B,58,J-controlled,0,Simple,0,0.66855,0.66955,27.127968747569053,0.6577809168264218,0.648854961832061,262,3.801013841090095,6.004127471230138,0.05172413793103448,1.9625123031457452,17.658394049831514,0.07142857142857142,1.4097352106062344,0.5107569354471381,0.3448275862068966
8Y0B_B,8Y0B_B,58,J-controlled,0,Geometry,0,0.66855,0.67134,27.14907911499849,0.6652328464481627,0.6555343511450382,262,3.794604075003335,6.003456526854433,0.05172413793103448,2.0701115762634377,17.665700205897735,0.07142857142857142,1.2271782566667127,0.5735800105766965,0.3448275862068966
8Y0B_B,8Y0B_B,58,J-controlled,1,Raw,0,0.5786,0.5786,17.306831352443613,0.5619620075016856,0.5973282442748091,262,5.615407631452359,8.561211238649433,0.10344827586206896,1.7956750998878857,6.706374423203226,0.10714285714285714,1.5415985207557357,0.563192529880453,0.3448275862068966
8Y0B_B,8Y0B_B,58,J-controlled,1,John-original,0,0.5786,0.55723,17.24784485102495,0.5517885593565394,0.5916030534351145,262,5.376507549325311,8.392096864433375,0.08620689655172414,1.5414390825857134,6.8046119428911105,0.08928571428571429,1.5047760035152227,0.6522845705258237,0.3448275862068966
8Y0B_B,8Y0B_B,58,J-controlled,1,John-fixed,0,0.5786,0.53054,17.28179931466036,0.5461117460354419,0.5811068702290076,262,5.222616765208935,8.326381599849974,0.1206896551724138,1.3427606488503163,6.998600063054653,0.07142857142857142,1.5514257594325407,0.7836257576701118,0.3793103448275862
8Y0B_B,8Y0B_B,58,J-controlled,1,Simple,0,0.5786,0.57351,17.271591101297165,0.5580819168499523,0.5935114503816794,262,5.559632603882594,8.505825816293287,0.08620689655172414,1.7050964853388102,6.691162925486978,0.10714285714285714,1.5735696721709864,0.5809334674941669,0.3793103448275862
8Y0B_B,8Y0B_B,58,J-controlled,1,Geometry,0,0.5786,0.57692,17.288892774568286,0.5601186071913042,0.5954198473282443,262,5.584866758979618,8.535035219909046,0.10344827586206896,1.7537118026404117,6.687050451969821,0.10714285714285714,1.2695479473793474,0.652255265772067,0.3793103448275862
8Y0B_B,8Y0B_B,58,J-controlled,2,Raw,0,0.29555,0.29555,41.73167418491999,0.47543626523926197,0.5057251908396947,262,13.306221750416398,17.937165993971238,0.05172413793103448,3.6707696099208094,37.913314669669425,0.07142857142857142,2.0921095208304656,0.6767414262642119,0.3793103448275862
8Y0B_B,8Y0B_B,58,J-controlled,2,John-original,0,0.29555,0.29344,41.02041536367316,0.4756066537975528,0.5038167938931297,262,12.136508131823643,16.835204473572084,0.05172413793103448,2.4418672912578647,37.73603211487416,0.05357142857142857,1.9254901164686926,0.765221737889515,0.3448275862068966
8Y0B_B,8Y0B_B,58,J-controlled,2,John-fixed,0,0.29555,0.28868,40.87829265783737,0.4699145302225213,0.4952290076335878,262,11.560722548762733,16.270305325553576,0.05172413793103448,2.260470534383356,37.83326729867406,0.05357142857142857,1.973138732819575,0.8289460408347168,0.3793103448275862
8Y0B_B,8Y0B_B,58,J-controlled,2,Simple,0,0.29555,0.2957,41.67680283165091,0.4798210060071881,0.5076335877862596,262,13.259836572293516,17.89621380956983,0.05172413793103448,3.505014069264422,37.88092755784858,0.05357142857142857,2.155247391136552,0.7372332678046232,0.3793103448275862
8Y0B_B,8Y0B_B,58,J-controlled,2,Geometry,0,0.29555,0.29519,41.69651806361197,0.47658297892759605,0.5057251908396947,262,13.281954573575387,17.914524846977553,0.05172413793103448,3.5788287239044996,37.88228384803368,0.07142857142857142,1.6030741064468441,0.8601778152069163,0.3793103448275862
8Y0B_B,8Y0B_B,58,J-controlled,3,Raw,0,0.13922,0.13922,45.96846050944394,0.2830553117803395,0.25286259541984735,262,8.798224598304623,15.970171634262227,0.0,1.9875577603066257,41.8964095962105,0.125,1.121315205503357,0.7614398139120556,0.13793103448275862
8Y0B_B,8Y0B_B,58,J-controlled,3,John-original,0,0.13922,0.13708,45.895934528650486,0.2980339390231177,0.2643129770992366,262,8.681087022613218,15.862940852922295,0.0,1.705339931872994,41.64134761507632,0.05357142857142857,1.111287837244005,0.7339433959634405,0.13793103448275862
8Y0B_B,8Y0B_B,58,J-controlled,3,John-fixed,0,0.13922,0.14451,45.83698295554146,0.302222779532713,0.2681297709923664,262,8.621843101669196,15.801823008204577,0.0,1.6367334436474332,41.54465023190127,0.05357142857142857,1.1183175158230583,0.73029052582221,0.13793103448275862
8Y0B_B,8Y0B_B,58,J-controlled,3,Simple,0,0.13922,0.14174,45.95368318883651,0.2893877241269028,0.258587786259542,262,8.742938011983643,15.935122394463967,0.0,1.6734949288069805,41.87716008812755,0.08928571428571429,1.0874365204082432,0.7744725004033813,0.13793103448275862
8Y0B_B,8Y0B_B,58,J-controlled,3,Geometry,0,0.13922,0.14183,45.94502333547594,0.28848346591132384,0.258587786259542,262,8.754127890439742,15.941526036893064,0.0,1.7815618340023591,41.86835830536153,0.10714285714285714,0.8069846470891103,0.7310444774649474,0.13793103448275862
8Y0B_B,8Y0B_B,58,J-controlled,4,Raw,0,0.40497,0.40497,53.09447160563233,0.5884818058375217,0.6145038167938931,262,5.420196853282508,10.605566564537874,0.034482758620689655,0.5481429209266643,48.75928779918805,0.05357142857142857,2.05167510542087,0.88669207072776,0.3103448275862069
8Y0B_B,8Y0B_B,58,J-controlled,4,John-original,0,0.40497,0.39089,53.080197645409704,0.5655795385401379,0.5896946564885496,262,5.402029840762602,10.569555626307567,0.034482758620689655,0.452208148398526,48.74211946520766,0.03571428571428571,2.0289696075348487,0.8595340508873988,0.3103448275862069
8Y0B_B,8Y0B_B,58,J-controlled,4,John-fixed,0,0.40497,0.38609,53.07798757496446,0.5555953495881354,0.5782442748091603,262,5.409727173476313,10.574651834264138,0.034482758620689655,0.43507688756768165,48.73997829376355,0.03571428571428571,2.0212161207690267,0.8567066800746858,0.3103448275862069
8Y0B_B,8Y0B_B,58,J-controlled,4,Simple,0,0.40497,0.40204,53.09626863744876,0.576578422964383,0.601145038167939,262,5.391728398511366,10.556446602003023,0.017241379310344827,0.4514778641611504,48.76011528551455,0.05357142857142857,2.044112089102904,0.8248720667087479,0.3103448275862069
8Y0B_B,8Y0B_B,58,J-controlled,4,Geometry,0,0.40497,0.4044,53.078516420313484,0.5803779253487911,0.6049618320610687,262,5.388174004650966,10.567471399750511,0.017241379310344827,0.4789312015552726,48.74130028945569,0.05357142857142857,1.3495354826760813,0.7583174432484062,0.27586206896551724
8Y0B_B,8Y0B_B,58,Thesis-3T+2D,0,Raw,0,0.66809,0.66809,30.27811826922036,0.6665788190413607,0.6555343511450382,262,3.5424620662489,5.915768153037927,0.0,0.6064195275617628,19.689352535257406,0.05357142857142857,1.3461213736743538,0.6702974684519023,0.3103448275862069
8Y0B_B,8Y0B_B,58,Thesis-3T+2D,0,John-original,0,0.66809,0.66456,30.252935613809434,0.6614046739116106,0.6507633587786259,262,3.5372506812942426,5.910663975143481,0.0,0.5237752041891642,19.661673733277937,0.05357142857142857,1.3509723305956705,0.6674170271059002,0.3448275862068966
8Y0B_B,8Y0B_B,58,Thesis-3T+2D,0,John-fixed,0,0.66809,0.64779,30.230713651311145,0.6479551170866376,0.6364503816793893,262,3.568749910046529,5.934829529384303,0.0,0.48260128143065123,19.64174765985799,0.03571428571428571,1.3354248855219135,0.6775279413910638,0.3448275862068966
8Y0B_B,8Y0B_B,58,Thesis-3T+2D,0,Geometry,0,0.66809,0.67068,30.2112747185901,0.6676521514618075,0.6564885496183206,262,3.5109108701942757,5.88753046858389,0.0,0.5729793350109271,19.616110092383032,0.05357142857142857,0.690058359382393,0.591803183000701,0.3103448275862069
8Y0B_B,8Y0B_B,58,Thesis-3T+2D,0,Geometry-fixed-strength,0,0.66809,0.67099,30.12299242895241,0.6664975277835987,0.6555343511450382,262,3.49882495365156,5.865550229555336,0.0,0.5288450078154133,19.525841816339202,0.05357142857142857,0.5673490651589774,0.5776915409120362,0.3448275862068966
8Y0B_B,8Y0B_B,58,Thesis-3T+2D,0,Geometry-global-prior,0,0.66809,0.67213,30.202593516817814,0.6676521514618075,0.6564885496183206,262,3.508652951669806,5.893280253476294,0.0,0.5709389731729132,19.616877223748723,0.05357142857142857,0.720934905173629,0.5281222492560691,0.3103448275862069
8Y0B_B,8Y0B_B,58,Thesis-3T+2D,0,Geometry-no-Rg,0,0.66809,0.67276,30.274716774538643,0.6676521514618075,0.6564885496183206,262,3.5144287720700236,5.896384688281583,0.0,0.5759605670479777,19.685667740093848,0.05357142857142857,0.6659887757941529,0.5588538016898483,0.3103448275862069
8Y0B_B,8Y0B_B,58,Thesis-3T+2D,0,Simple,0,0.66809,0.66981,30.280165340512866,0.6634742015291406,0.6526717557251909,262,3.536929879456991,5.909282389749823,0.0,0.502725700343134,19.692827538449386,0.05357142857142857,1.3306527844056981,0.64625927008741,0.3103448275862069
8Y0B_B,8Y0B_B,58,Thesis-3T+2D,1,Raw,0,0.70397,0.70397,32.314672605887395,0.702617617614843,0.6965648854961832,262,3.229513407748862,5.7799939606979525,0.017241379310344827,0.5959118771901845,21.855093346407344,0.05357142857142857,1.3364197954495936,0.6684741901346246,0.3103448275862069
8Y0B_B,8Y0B_B,58,Thesis-3T+2D,1,John-original,0,0.70397,0.70232,32.2861821362264,0.6874310661283468,0.6822519083969466,262,3.246526263399234,5.7935474680996935,0.017241379310344827,0.5282113201574774,21.830031940050745,0.03571428571428571,1.2592083168841612,0.6612677711618481,0.27586206896551724
8Y0B_B,8Y0B_B,58,Thesis-3T+2D,1,John-fixed,0,0.70397,0.6907,32.254480991853086,0.6635510038118251,0.6583969465648855,262,3.2791614933608644,5.827311614535344,0.017241379310344827,0.49568060604157654,21.808877719766187,0.03571428571428571,1.2533787604022062,0.6514700920348956,0.27586206896551724
8Y0B_B,8Y0B_B,58,Thesis-3T+2D,1,Geometry,0,0.70397,0.7037,32.250101034315534,0.6953475769513506,0.6889312977099237,262,3.2114461553715286,5.779647831145446,0.017241379310344827,0.578016364609306,21.787714565191855,0.05357142857142857,0.6158616691305345,0.6097947071788294,0.27586206896551724
8Y0B_B,8Y0B_B,58,Thesis-3T+2D,1,Geometry-fixed-strength,0,0.70397,0.70016,32.16435552195713,0.6872980446301757,0.6803435114503816,262,3.2132042353065264,5.784420731697196,0.017241379310344827,0.546481112276802,21.695741785949267,0.03571428571428571,0.5100048251214401,0.5818896959608877,0.3103448275862069
8Y0B_B,8Y0B_B,58,Thesis-3T+2D,1,Geometry-global-prior,0,0.70397,0.70386,32.248529286774264,0.6953475769513506,0.6889312977099237,262,3.208167578098392,5.778579235256857,0.017241379310344827,0.5812609575757309,21.78583672235746,0.05357142857142857,0.6011969155211675,0.5995329735149524,0.27586206896551724
8Y0B_B,8Y0B_B,58,Thesis-3T+2D,1,Geometry-no-Rg,0,0.70397,0.70369,32.31851456810526,0.6953475769513506,0.6889312977099237,262,3.219038934146709,5.793137455623358,0.017241379310344827,0.5810325469754778,21.8546805810316,0.05357142857142857,0.6172100393227191,0.607772509437051,0.27586206896551724
8Y0B_B,8Y0B_B,58,Thesis-3T+2D,1,Simple,0,0.70397,0.70265,32.31575652289816,0.6948465580541052,0.6889312977099237,262,3.2494646099369544,5.802229120687007,0.017241379310344827,0.5128688561942064,21.856710348643738,0.03571428571428571,1.301288658620813,0.6565869618804674,0.3103448275862069
8Y0B_B,8Y0B_B,58,Thesis-3T+2D,2,Raw,0,0.63062,0.63062,31.44256992362339,0.6575320705315156,0.6431297709923665,262,3.5733180449527087,6.117435271653102,0.0,0.5900549489601565,20.863639372047892,0.05357142857142857,1.2887447397139162,0.6651058372342598,0.27586206896551724
8Y0B_B,8Y0B_B,58,Thesis-3T+2D,2,John-original,0,0.63062,0.6263,31.408188008451646,0.6507916365297054,0.6374045801526718,262,3.546556126809835,6.083104755366606,0.0,0.5156827848480543,20.832185496414887,0.017857142857142856,1.301171381088859,0.6761318886382215,0.3103448275862069
8Y0B_B,8Y0B_B,58,Thesis-3T+2D,2,John-fixed,0,0.63062,0.6152,31.38153343857158,0.6386267096450227,0.625,262,3.5533150268117737,6.08041136669405,0.0,0.4771389077434917,20.81722597907219,0.017857142857142856,1.2921500470915517,0.683547822449542,0.3103448275862069
8Y0B_B,8Y0B_B,58,Thesis-3T+2D,2,Geometry,0,0.63062,0.63103,31.367475024769043,0.6577076333458132,0.6431297709923665,262,3.5321018546229634,6.088085169866949,0.0,0.5746608640320097,20.800520022027676,0.05357142857142857,0.4943800959013906,0.6524942404896508,0.27586206896551724
8Y0B_B,8Y0B_B,58,Thesis-3T+2D,2,Geometry-fixed-strength,0,0.63062,0.62988,31.285953079396936,0.6520865118048803,0.6364503816793893,262,3.5183078775776635,6.067958262427686,0.0,0.5451931504348452,20.730885441731616,0.05357142857142857,0.37699573004035924,0.6401062178361997,0.27586206896551724
8Y0B_B,8Y0B_B,58,Thesis-3T+2D,2,Geometry-global-prior,0,0.63062,0.63117,31.36283021014811,0.6570562407132884,0.642175572519084,262,3.531406203047532,6.086795638964315,0.0,0.5778794790977102,20.79587278850706,0.05357142857142857,0.4522741168675998,0.6389650257750045,0.27586206896551724
8Y0B_B,8Y0B_B,58,Thesis-3T+2D,2,Geometry-no-Rg,0,0.63062,0.6306,31.431992383773082,0.6560735363107728,0.6412213740458015,262,3.5390784442671195,6.100069000528169,0.0,0.5783769484145653,20.863522572416542,0.05357142857142857,0.4927506457959233,0.6538680686268353,0.27586206896551724
8Y0B_B,8Y0B_B,58,Thesis-3T+2D,2,Simple,0,0.63062,0.62851,31.441899324694777,0.6541846495162255,0.6393129770992366,262,3.5537971775474477,6.094818466819402,0.0,0.5044529200723846,20.866578293433896,0.05357142857142857,1.3076342841339594,0.6371411636979663,0.3103448275862069
8Y0B_B,8Y0B_B,58,Thesis-3T+2D,3,Raw,0,0.27069,0.27069,21.61032694455446,0.5139184568360483,0.4818702290076336,262,3.3068229309749,5.0663449302050685,0.0,0.8905183549845891,16.5832945184424,0.0,0.2221571801099302,0.38562043444500665,0.1724137931034483
8Y0B_B,8Y0B_B,58,Thesis-3T+2D,3,John-original,0,0.27069,0.2418,21.702803338008312,0.4862692801094577,0.4599236641221374,262,3.4306944272717756,5.211706470312074,0.0,0.6422684879760092,16.750125486527843,0.0,0.2530524573770323,0.4153531247198254,0.20689655172413793
8Y0B_B,8Y0B_B,58,Thesis-3T+2D,3,John-fixed,0,0.27069,0.2584,21.640707850256835,0.5076538226233009,0.47900763358778625,262,3.354601090994086,5.114122851725394,0.0,0.7605738753055639,16.645027630180124,0.0,0.2316428226766186,0.3928516944811563,0.20689655172413793
8Y0B_B,8Y0B_B,58,Thesis-3T+2D,3,Geometry,0,0.27069,0.26661,21.59894853002705,0.5157117107519439,0.4847328244274809,262,3.320800587342944,5.086144578726824,0.0,0.7686179633986447,16.585584397132557,0.0,0.19363458206560732,0.31933505124084854,0.1724137931034483
8Y0B_B,8Y0B_B,58,Thesis-3T+2D,3,Geometry-fixed-strength,0,0.27069,0.26712,21.597641064346824,0.5133869129082781,0.48282442748091603,262,3.3263221626821218,5.091905580430246,0.0,0.751069609423795,16.585194938203912,0.0,0.19305685550116433,0.3173000979025888,0.1724137931034483
8Y0B_B,8Y0B_B,58,Thesis-3T+2D,3,Geometry-global-prior,0,0.27069,0.26677,21.598756755080107,0.5109011387243907,0.48091603053435117,262,3.3158989312481775,5.082978531317771,0.0,0.7747364439374433,16.58660674349661,0.0,0.18868833905890048,0.31326358887721373,0.1724137931034483
8Y0B_B,8Y0B_B,58,Thesis-3T+2D,3,Geometry-no-Rg,0,0.27069,0.26738,21.626166569809303,0.5122020521715306,0.4818702290076336,262,3.3232016193856095,5.090348167997232,0.0,0.7644671952945773,16.62128599978086,0.0,0.19272845889607013,0.3204681990344187,0.1724137931034483
8Y0B_B,8Y0B_B,58,Thesis-3T+2D,3,Simple,0,0.27069,0.26742,21.63127751187666,0.5116148595823957,0.48091603053435117,262,3.342608062431867,5.104839687314325,0.0,0.7339357901485812,16.625661719715538,0.0,0.21944030670873563,0.38262369208703095,0.1724137931034483
8Y0B_B,8Y0B_B,58,Thesis-3T+2D,4,Raw,0,0.28826,0.28826,22.76110435262432,0.4903973546800961,0.4599236641221374,262,3.357871780438291,5.23995389258598,0.0,0.843241659006738,16.633314797794142,0.017857142857142856,0.31211078830532174,0.38575961836905615,0.1724137931034483
8Y0B_B,8Y0B_B,58,Thesis-3T+2D,4,John-original,0,0.28826,0.26445,22.838829899236302,0.48097977525003055,0.4580152671755725,262,3.4261362277138607,5.350289330182463,0.017241379310344827,0.578847196053506,16.81625929003583,0.03571428571428571,0.37682735252319866,0.47958304719981265,0.20689655172413793
8Y0B_B,8Y0B_B,58,Thesis-3T+2D,4,John-fixed,0,0.28826,0.27985,22.7653083709882,0.487828164097587,0.4618320610687023,262,3.3806241142496054,5.270272155778193,0.0,0.7166115360495935,16.678956701082036,0.017857142857142856,0.2973820744957954,0.384817797114116,0.1724137931034483
8Y0B_B,8Y0B_B,58,Thesis-3T+2D,4,Geometry,0,0.28826,0.28747,22.752218999944937,0.49525548520415336,0.4666030534351145,262,3.357830953708729,5.240571574067301,0.0,0.732274781651065,16.622644584049034,0.017857142857142856,0.26548505508290166,0.36583525355913804,0.1724137931034483
8Y0B_B,8Y0B_B,58,Thesis-3T+2D,4,Geometry-fixed-strength,0,0.28826,0.2874,22.75138439398125,0.49448974151388136,0.46564885496183206,262,3.358974828157602,5.2412423622640905,0.0,0.7204011185322742,16.621098708703812,0.017857142857142856,0.26064878396020597,0.36483229459509775,0.1724137931034483
8Y0B_B,8Y0B_B,58,Thesis-3T+2D,4,Geometry-global-prior,0,0.28826,0.28758,22.75171357641877,0.49651521865728304,0.4675572519083969,262,3.351982503920277,5.235814751455314,0.0,0.7338876453098779,16.62362269185683,0.017857142857142856,0.26208662447506414,0.3576366278444681,0.1724137931034483
8Y0B_B,8Y0B_B,58,Thesis-3T+2D,4,Geometry-no-Rg,0,0.28826,0.28734,22.784882862659533,0.4971778421972651,0.4685114503816794,262,3.3606857275658935,5.245492036564162,0.0,0.7284060128696732,16.66134381861545,0.017857142857142856,0.26494583791027215,0.36812164733093405,0.1724137931034483
8Y0B_B,8Y0B_B,58,Thesis-3T+2D,4,Simple,0,0.28826,0.28763,22.789051258705182,0.4933293845752225,0.46469465648854963,262,3.3763959065469673,5.259447475281255,0.0,0.7122275347268705,16.66555026559297,0.017857142857142856,0.31227793504747964,0.42962859014688887,0.1724137931034483
8RR3_T,8RR3_T,81,J-controlled,0,Raw,0,0.4092,0.4092,19.169657067544325,0.5061651624148041,0.49940047961630696,417,4.894193427304739,7.189027868279127,0.04938271604938271,1.3428421231501368,2.1858927701171815,0.10126582278481013,1.2305899645739908,0.7828234244287314,0.691358024691358
8RR3_T,8RR3_T,81,J-controlled,0,John-original,0,0.4092,0.40482,19.07590016109555,0.5246512332855642,0.5143884892086331,417,4.659499760468874,7.000310809849373,0.04938271604938271,1.0276775081691245,2.369650149994026,0.06329113924050633,1.1356704582866615,0.8738019201277526,0.7407407407407407
8RR3_T,8RR3_T,81,J-controlled,0,John-fixed,0,0.4092,0.40287,19.06007270073373,0.5304374156036094,0.5185851318944844,417,4.6151467623447,6.9662507964408364,0.06172839506172839,0.9561879493122701,2.4121292435624717,0.05063291139240506,1.1499876078371738,0.8994506089613153,0.7407407407407407
8RR3_T,8RR3_T,81,J-controlled,0,Simple,0,0.4092,0.4072,19.14984836291663,0.5202701251717277,0.5107913669064749,417,4.822607554536443,7.11867096476593,0.06172839506172839,1.1195104359675123,2.203436599657234,0.08860759493670886,1.1629598706767843,0.7950703709714994,0.7160493827160493
8RR3_T,8RR3_T,81,J-controlled,0,Geometry,0,0.4092,0.41012,19.156840513415386,0.520521405501984,0.511990407673861,417,4.8419665179434865,7.141074113797159,0.06172839506172839,1.2085897901134546,2.1881210524123738,0.0759493670886076,1.0879869298166895,0.7522861442684231,0.7160493827160493
8RR3_T,8RR3_T,81,J-controlled,1,Raw,0,0.34872,0.34872,18.48171695304171,0.5390529997083146,0.5407673860911271,417,4.381320651414529,6.251544235379312,0.012345679012345678,1.3370966132767177,1.9266477365980208,0.10126582278481013,0.9926434743740565,0.6813771823831971,0.6172839506172839
8RR3_T,8RR3_T,81,J-controlled,1,John-original,0,0.34872,0.35748,18.349922597971663,0.5532102871721322,0.5581534772182254,417,4.254653982862236,6.174740518209846,0.012345679012345678,1.0106400720535043,1.9629416105533153,0.10126582278481013,1.05594219457424,0.7597374787834901,0.6666666666666666
8RR3_T,8RR3_T,81,J-controlled,1,John-fixed,0,0.34872,0.35637,18.34410949684382,0.5500929617046605,0.5533573141486811,417,4.2385276563728125,6.167465410924603,0.012345679012345678,0.9679932089139118,1.9737590644789904,0.10126582278481013,1.0943750826090333,0.7999935613725971,0.691358024691358
8RR3_T,8RR3_T,81,J-controlled,1,Simple,0,0.34872,0.36032,18.459332412665333,0.5453271329941151,0.5479616306954437,417,4.342644818753198,6.225027554098678,0.012345679012345678,1.1214079426635617,1.9195050955959125,0.10126582278481013,1.0071179161140709,0.7314061951129809,0.6419753086419753
8RR3_T,8RR3_T,81,J-controlled,1,Geometry,0,0.34872,0.35906,18.47012235127224,0.5479251790802214,0.5497601918465228,417,4.350568120787373,6.2302166430277515,0.012345679012345678,1.2030627796695026,1.9148560017785101,0.10126582278481013,0.8071087157189035,0.6198091782336775,0.6172839506172839
8RR3_T,8RR3_T,81,J-controlled,2,Raw,0,0.41962,0.41962,16.21707937195288,0.4675593264340971,0.4844124700239808,417,5.430802057954601,8.26026872695444,0.07407407407407407,1.5335069322872268,0.3129312603421255,0.12658227848101267,1.3616034796112808,0.8767106440651122,0.5679012345679012
8RR3_T,8RR3_T,81,J-controlled,2,John-original,0,0.41962,0.4176,15.922777729648551,0.4742286989140848,0.4892086330935252,417,5.074185919722263,7.9159451643478995,0.06172839506172839,1.0601782988392792,0.19013982699917875,0.10126582278481013,1.292238036750697,0.9656249073175152,0.5925925925925926
8RR3_T,8RR3_T,81,J-controlled,2,John-fixed,0,0.41962,0.41561,15.884456135548419,0.4760438174979941,0.4910071942446043,417,5.026370632528069,7.866044642306721,0.08641975308641975,0.9844369562459505,0.17413151186003617,0.10126582278481013,1.2698742515674644,0.9589042550781435,0.5925925925925926
8RR3_T,8RR3_T,81,J-controlled,2,Simple,0,0.41962,0.42175,16.16502580714823,0.48364690018815115,0.5,417,5.33324270354069,8.1754087210152,0.08641975308641975,1.2682725884171822,0.2772105788550121,0.12658227848101267,1.3506182236768463,0.905999957912311,0.5679012345679012
8RR3_T,8RR3_T,81,J-controlled,2,Geometry,0,0.41962,0.42304,16.18064626659979,0.47777146574159535,0.49280575539568344,417,5.363385586193061,8.201804422483612,0.07407407407407407,1.3513033552654083,0.2911799492525198,0.12658227848101267,1.1579596542952664,0.7980914235620035,0.5679012345679012
8RR3_T,8RR3_T,81,J-controlled,3,Raw,0,0.43396,0.43396,22.202482005151072,0.5043130709600295,0.5083932853717026,417,5.836880580130788,8.434135127837926,0.04938271604938271,1.7331376341004614,2.953699488500977,0.0759493670886076,1.244469707938058,0.773442114102117,0.5185185185185185
8RR3_T,8RR3_T,81,J-controlled,3,John-original,0,0.43396,0.42609,22.241002209751848,0.4851819400319428,0.48980815347721823,417,5.384903922216542,8.085921555293439,0.04938271604938271,1.2339970353188334,2.8757750251915617,0.05063291139240506,1.2183503017721908,0.8409846821235494,0.5679012345679012
8RR3_T,8RR3_T,81,J-controlled,3,John-fixed,0,0.43396,0.42608,22.253676422302203,0.4861975739179471,0.4910071942446043,417,5.367502942500425,8.071193911509253,0.04938271604938271,1.2113004555650895,2.877333728661579,0.05063291139240506,1.2012422064686146,0.8431246279320421,0.5679012345679012
8RR3_T,8RR3_T,81,J-controlled,3,Simple,0,0.43396,0.43444,22.16542975882334,0.500835337088347,0.5059952038369304,417,5.730183332961364,8.331936279675086,0.037037037037037035,1.470318192481572,2.912469697574803,0.0759493670886076,1.2586209681981677,0.8083024336746697,0.5679012345679012
8RR3_T,8RR3_T,81,J-controlled,3,Geometry,0,0.43396,0.43436,22.184076571899098,0.5010610374996627,0.5059952038369304,417,5.7596916837061425,8.358712079150077,0.037037037037037035,1.5577105710035142,2.9167984824136397,0.0759493670886076,0.9886063151825635,0.809893482111393,0.5432098765432098
8RR3_T,8RR3_T,81,J-controlled,4,Raw,0,0.36488,0.36488,25.66174497551462,0.30357464022109704,0.26798561151079137,417,6.1689204472960855,11.261877823378637,0.037037037037037035,0.9903653900983077,0.2100995331121247,0.0759493670886076,1.121463823274075,0.6676286046024081,0.5679012345679012
8RR3_T,8RR3_T,81,J-controlled,4,John-original,0,0.36488,0.35963,25.534649065101338,0.3104978213645511,0.2733812949640288,417,6.108239457277329,11.184939835691782,0.04938271604938271,0.7135633888490327,0.16246741485708327,0.06329113924050633,1.0264056086929014,0.6718399343460774,0.5432098765432098
8RR3_T,8RR3_T,81,J-controlled,4,John-fixed,0,0.36488,0.3595,25.532846727379916,0.31061221314560955,0.2733812949640288,417,6.107586193785321,11.183913445033017,0.04938271604938271,0.7097546518499078,0.1617247255683587,0.06329113924050633,1.0262048435506324,0.6720771735941307,0.5432098765432098
8RR3_T,8RR3_T,81,J-controlled,4,Simple,0,0.36488,0.36583,25.65023516720236,0.3126395352387211,0.2751798561151079,417,6.1215934409762625,11.224728947489568,0.037037037037037035,0.7911807992576722,0.19891936057000237,0.0759493670886076,1.1025237961573955,0.7143650502646395,0.5679012345679012
8RR3_T,8RR3_T,81,J-controlled,4,Geometry,0,0.36488,0.36676,25.654864084881208,0.3132030406633376,0.2751798561151079,417,6.146758577294344,11.242507919156147,0.037037037037037035,0.8621698460269116,0.2027334055946639,0.0759493670886076,0.7941010252362545,0.6178901091415119,0.5185185185185185
8RR3_T,8RR3_T,81,Thesis-3T+2D,0,Raw,0,0.40886,0.40886,18.960735053373355,0.4814585074034249,0.4646282973621103,417,4.457055827988562,6.146516672025997,0.2716049382716049,1.5200422775677893,2.2217768004636334,0.06329113924050633,1.1196175800479429,0.8484910614579124,0.6419753086419753
8RR3_T,8RR3_T,81,Thesis-3T+2D,0,John-original,0,0.40886,0.40493,18.873659331972185,0.5047900324373779,0.48501199040767384,417,4.349485263436157,6.046795118873637,0.20987654320987653,1.06847706569125,2.332413618843063,0.16455696202531644,1.13765839275575,0.8627424536532448,0.691358024691358
8RR3_T,8RR3_T,81,Thesis-3T+2D,0,John-fixed,0,0.40886,0.40646,18.863162208726294,0.5128193771991788,0.49280575539568344,417,4.334789690432984,6.031883741319609,0.20987654320987653,0.9787466880731527,2.348536230186209,0.16455696202531644,1.2262533368450792,0.8707875164143539,0.7160493827160493
8RR3_T,8RR3_T,81,Thesis-3T+2D,0,Geometry,0,0.40886,0.40876,18.91581760729542,0.509493094515956,0.49460431654676257,417,4.438026421846893,6.126411528512932,0.14814814814814814,1.1300253645889682,2.1830123422732193,0.05063291139240506,1.0065276826536862,0.7579397934990704,0.691358024691358
8RR3_T,8RR3_T,81,Thesis-3T+2D,0,Geometry-fixed-strength,0,0.40886,0.40665,18.922421000539202,0.5145794725602088,0.49640287769784175,417,4.444257811638292,6.155522574071717,0.08641975308641975,0.9108141161678827,2.113545608639683,0.05063291139240506,0.9440997991374334,0.7230734985794115,0.6666666666666666
8RR3_T,8RR3_T,81,Thesis-3T+2D,0,Geometry-global-prior,0,0.40886,0.41082,18.9144977136648,0.5011434456448647,0.4832134292565947,417,4.427173066450681,6.120554608588001,0.1728395061728395,1.1719508648522499,2.1789438447417204,0.05063291139240506,0.9681620777029847,0.7696939335502692,0.691358024691358
8RR3_T,8RR3_T,81,Thesis-3T+2D,0,Geometry-no-Rg,0,0.40886,0.4106,18.9159270570592,0.5083811920151646,0.4934052757793765,417,4.437613668285906,6.125273724116668,0.14814814814814814,1.1365388021094518,2.1941433480650403,0.05063291139240506,1.0071818983810086,0.7584110620391845,0.691358024691358
8RR3_T,8RR3_T,81,Thesis-3T+2D,0,Simple,0,0.40886,0.41054,19.026822493458976,0.5140727642712792,0.49760191846522783,417,4.460364251212851,6.171074061553682,0.24691358024691357,0.7716346286447702,2.2095058838504755,0.1518987341772152,1.4189114495936814,0.8421451371910502,0.6666666666666666
8RR3_T,8RR3_T,81,Thesis-3T+2D,1,Raw,0,0.38359,0.38359,18.93196348664774,0.4809731302313861,0.46223021582733814,417,4.492985281220878,6.151815163772161,0.3333333333333333,1.5810350931569768,2.06224697616247,0.06329113924050633,1.0295075729480636,0.764558884869983,0.6172839506172839
8RR3_T,8RR3_T,81,Thesis-3T+2D,1,John-original,0,0.38359,0.37593,18.85252858195878,0.4969390210869112,0.47781774580335734,417,4.370337348141665,6.026349597351069,0.2222222222222222,1.184081814911973,2.124854121452202,0.1518987341772152,1.6565107273841317,0.798086370856484,0.6666666666666666
8RR3_T,8RR3_T,81,Thesis-3T+2D,1,John-fixed,0,0.38359,0.37411,18.85268753495218,0.5005076399454912,0.48201438848920863,417,4.370168187072638,6.024919443004325,0.2345679012345679,0.9719364879646598,2.1656413089298425,0.16455696202531644,1.319885149190294,0.8361916333273822,0.7160493827160493
8RR3_T,8RR3_T,81,Thesis-3T+2D,1,Geometry,0,0.38359,0.38532,18.90312933575681,0.4934189109749539,0.4754196642685851,417,4.398115933330366,6.070557277735207,0.18518518518518517,1.2431630781845482,2.0579885939402907,0.06329113924050633,0.8527507910290744,0.7443328111871053,0.6666666666666666
8RR3_T,8RR3_T,81,Thesis-3T+2D,1,Geometry-fixed-strength,0,0.38359,0.38375,18.89692380799082,0.5019696073015647,0.4844124700239808,417,4.399161027717488,6.082353877999722,0.1728395061728395,1.0993677960545587,2.0453696515393496,0.06329113924050633,0.8298950267118064,0.7885453835618734,0.691358024691358
8RR3_T,8RR3_T,81,Thesis-3T+2D,1,Geometry-global-prior,0,0.38359,0.3843,18.904619461585398,0.4942166873087926,0.47601918465227816,417,4.401729998280855,6.076890249119448,0.16049382716049382,1.2431768318268566,2.054248308009914,0.06329113924050633,0.8340962000163251,0.759319265395431,0.6419753086419753
8RR3_T,8RR3_T,81,Thesis-3T+2D,1,Geometry-no-Rg,0,0.38359,0.38534,18.905266353913824,0.4917533012074923,0.47422062350119903,417,4.40286787080835,6.072290872692134,0.19753086419753085,1.2502527136210768,2.0669607178632496,0.06329113924050633,0.8517288953284551,0.743491629325061,0.6666666666666666
8RR3_T,8RR3_T,81,Thesis-3T+2D,1,Simple,0,0.38359,0.3835,18.968412294192248,0.5068181049999362,0.4910071942446043,417,4.555504543194201,6.228944269590057,0.18518518518518517,0.8083706922035828,1.9857340199047577,0.1518987341772152,1.3297374386783571,0.8908346906574989,0.7407407407407407
8RR3_T,8RR3_T,81,Thesis-3T+2D,2,Raw,0,0.39545,0.39545,18.284715951545543,0.465896271436777,0.4550359712230216,417,4.370970955053019,6.102822688849944,0.2839506172839506,1.5098810788601087,1.8252210720259328,0.0379746835443038,1.1106331230347226,0.8144648896879146,0.6419753086419753
8RR3_T,8RR3_T,81,Thesis-3T+2D,2,John-original,0,0.39545,0.39525,18.232766927402057,0.4789063848661372,0.46822541966426856,417,4.238529515487282,5.961864317919274,0.2222222222222222,1.030208919907504,1.909614388944707,0.1518987341772152,1.2219004579981865,0.8751789627258029,0.691358024691358
8RR3_T,8RR3_T,81,Thesis-3T+2D,2,John-fixed,0,0.39545,0.39496,18.23333662488166,0.47885969391709843,0.4670263788968825,417,4.22837662509499,5.948035019310629,0.2222222222222222,0.9400550383347579,1.9123962831269914,0.1518987341772152,1.290650307124985,0.8860028505193983,0.691358024691358
8RR3_T,8RR3_T,81,Thesis-3T+2D,2,Geometry,0,0.39545,0.39524,18.276626759987703,0.471211746428178,0.4580335731414868,417,4.344011963702035,6.083620843406799,0.2345679012345679,1.2691064813427868,1.7974103910326136,0.0379746835443038,0.7808560453931476,0.810551521703445,0.691358024691358
8RR3_T,8RR3_T,81,Thesis-3T+2D,2,Geometry-fixed-strength,0,0.39545,0.39623,18.287294533149062,0.4796022334510609,0.46822541966426856,417,4.339356246517129,6.082085286814736,0.16049382716049382,1.0847878022290949,1.804514138853758,0.0379746835443038,0.7515781332531959,0.7727279491429493,0.7160493827160493
8RR3_T,8RR3_T,81,Thesis-3T+2D,2,Geometry-global-prior,0,0.39545,0.39576,18.28166987946767,0.47184056404042635,0.4592326139088729,417,4.344002142338435,6.063970190485776,0.24691358024691357,1.2771323303656537,1.8039886503682148,0.0379746835443038,0.7075920630821461,0.7537267377898045,0.6666666666666666
8RR3_T,8RR3_T,81,Thesis-3T+2D,2,Geometry-no-Rg,0,0.39545,0.39527,18.282541899731772,0.471211746428178,0.4580335731414868,417,4.345512971856719,6.085341966582124,0.20987654320987653,1.2635204510085944,1.808967950003396,0.0379746835443038,0.7888251644704007,0.8150890052738303,0.691358024691358
8RR3_T,8RR3_T,81,Thesis-3T+2D,2,Simple,0,0.39545,0.3964,18.37769749947552,0.48926700798224987,0.48081534772182255,417,4.400844065536099,6.16985056329048,0.19753086419753085,0.7673221786140001,1.775046572235592,0.13924050632911392,1.4886704445797547,0.9152183856603399,0.7160493827160493
8RR3_T,8RR3_T,81,Thesis-3T+2D,3,Raw,0,0.22409,0.22409,25.12410613068059,0.3007780906176303,0.26798561151079137,417,5.2912069212952835,9.972013722776694,0.0,0.959173475887475,4.015867340552624,0.012658227848101266,0.48631691301974855,0.7316816531372509,0.7160493827160493
8RR3_T,8RR3_T,81,Thesis-3T+2D,3,John-original,0,0.22409,0.22632,24.78954162052742,0.3148165368216108,0.28117505995203834,417,5.378149327393742,10.023704971262195,0.0,0.6261801708913961,3.977747715373596,0.02531645569620253,0.6108834848626234,0.8522896935630323,0.7407407407407407
8RR3_T,8RR3_T,81,Thesis-3T+2D,3,John-fixed,0,0.22409,0.29288,24.95418971970592,0.3068859987526138,0.27278177458033576,417,5.326841082853446,9.992441719675321,0.0,0.7903325696673544,3.984516619358672,0.02531645569620253,0.5426515080885639,0.7663650227047567,0.7407407407407407
8RR3_T,8RR3_T,81,Thesis-3T+2D,3,Geometry,0,0.22409,0.31014,25.13486557642706,0.3133845226548902,0.27697841726618705,417,5.301075081757792,9.987207705236694,0.0,0.8094278915767564,4.0214131721342135,0.012658227848101266,0.40976342429419516,0.5426802968673159,0.691358024691358
8RR3_T,8RR3_T,81,Thesis-3T+2D,3,Geometry-fixed-strength,0,0.22409,0.29418,25.136825006086436,0.31723838484208566,0.27997601918465226,417,5.3038637650648175,9.99038680925934,0.0,0.7899585141124078,4.02165405317108,0.012658227848101266,0.4049395636694287,0.5256726351356523,0.691358024691358
8RR3_T,8RR3_T,81,Thesis-3T+2D,3,Geometry-global-prior,0,0.22409,0.31009,25.134841087366045,0.31246450947997506,0.27577937649880097,417,5.300993287801955,9.986717562972599,0.0,0.8114291103204877,4.021110451047203,0.012658227848101266,0.4010605514058056,0.5413356372212215,0.691358024691358
8RR3_T,8RR3_T,81,Thesis-3T+2D,3,Geometry-no-Rg,0,0.22409,0.2248,25.14339716936979,0.3131393802801181,0.27697841726618705,417,5.301586624796234,9.989676559324337,0.0,0.8062997196426129,4.05134715731829,0.012658227848101266,0.40859327596109335,0.5415644931762621,0.691358024691358
8RR3_T,8RR3_T,81,Thesis-3T+2D,3,Simple,0,0.22409,0.29473,25.147898997271973,0.3168875225699271,0.28117505995203834,417,5.321735733040935,10.002832959816523,0.0,0.7490747227026582,4.055819132843588,0.02531645569620253,0.533139145611361,0.7822392574508041,0.691358024691358
8RR3_T,8RR3_T,81,Thesis-3T+2D,4,Raw,0,0.27719,0.27719,26.116200649376943,0.30011989786205756,0.26258992805755393,417,5.292243588501614,9.943257889742101,0.0,0.9453877538503168,8.615055626249038,0.012658227848101266,0.47273142791827943,0.6216750634431326,0.7407407407407407
8RR3_T,8RR3_T,81,Thesis-3T+2D,4,John-original,0,0.27719,0.27538,25.84922456091507,0.33336438525959505,0.2949640287769784,417,5.40682411127481,10.056578464269645,0.024691358024691357,0.6308267588581444,8.709052264485173,0.012658227848101266,0.6154948621243949,0.7554399603731116,0.6666666666666666
8RR3_T,8RR3_T,81,Thesis-3T+2D,4,John-fixed,0,0.27719,0.23907,25.980510415917387,0.32148763177243284,0.2841726618705036,417,5.332512780355551,9.98091220960221,0.012345679012345678,0.8025443847353799,8.632152265942587,0.012658227848101266,0.5453082729576502,0.6575648032970731,0.7407407407407407
8RR3_T,8RR3_T,81,Thesis-3T+2D,4,Geometry,0,0.27719,0.27788,26.13553009873476,0.3171296012569949,0.27997601918465226,417,5.3097413341423385,9.975000422047694,0.012345679012345678,0.8110446010716057,8.621069024634131,0.012658227848101266,0.38438659967507505,0.567057758827199,0.7407407407407407
8RR3_T,8RR3_T,81,Thesis-3T+2D,4,Geometry-fixed-strength,0,0.27719,0.27821,26.13650675729582,0.3206080586706375,0.2829736211031175,417,5.31207701913806,9.97864676833527,0.012345679012345678,0.7979668809988215,8.62129128386539,0.012658227848101266,0.37906963811801303,0.5597234584067267,0.7407407407407407
8RR3_T,8RR3_T,81,Thesis-3T+2D,4,Geometry-global-prior,0,0.27719,0.2792,26.13499308795247,0.3195754664343416,0.28117505995203834,417,5.30981778812168,9.975396732864528,0.012345679012345678,0.8132506655188582,8.621073419072907,0.012658227848101266,0.3848049483259362,0.5690618602957687,0.7407407407407407
8RR3_T,8RR3_T,81,Thesis-3T+2D,4,Geometry-no-Rg,0,0.27719,0.2779,26.150302045815934,0.3187156780745532,0.28117505995203834,417,5.310012492944703,9.978138181056906,0.012345679012345678,0.8067829118061702,8.654892520928584,0.012658227848101266,0.38390438348956685,0.5661037143823434,0.7407407407407407
8RR3_T,8RR3_T,81,Thesis-3T+2D,4,Simple,0,0.27719,0.25001,26.15387134936404,0.3248994976842987,0.2871702637889688,417,5.32553664598624,9.987816288240337,0.012345679012345678,0.7650057102106727,8.658086466756515,0.012658227848101266,0.5045592023657024,0.6632738642473307,0.7160493827160493
