target_id,cluster_id,seq_len,bank,setting,candidate_tm_same_reference,c1_rmsd,c1_lddt,sw_rmsd_9,sw_rmsd_15,bb_dev,clash_per_res,sharp_kinks,rg_err,angle_nll,torsion_nll,pair_like_fraction
8BU8_A,8BU8_A,354,J-controlled,Geometry,0.169982,60.82202618891232,0.29951184898748456,7.39401427633553,12.393654413909728,1.6798635260549268,0.04971751412429378,0.09204545454545454,14.064936525736915,1.0463667101091958,0.8424602099168913,0.49943502824858754
8BU8_A,8BU8_A,354,J-controlled,John_fixed,0.162414,60.80668288279728,0.29771264125077684,6.968209335565113,11.942875880666525,1.3823306744607018,0.06271186440677967,0.07443181818181818,14.21842479831665,1.309993140688155,0.8933834432385407,0.5107344632768361
8BU8_A,8BU8_A,354,J-controlled,John_original,0.160904,60.809533035375786,0.2977975273314256,6.952561401388803,11.92643816228232,1.3699709856548141,0.06271186440677966,0.07443181818181818,14.232690843826209,1.3055860516095321,0.8906303884543293,0.5073446327683616
8BU8_A,8BU8_A,354,J-controlled,Raw,0.153006,60.83146156800815,0.29206515157786345,7.455626678558815,12.438209264663,1.850141490834471,0.0480225988700565,0.09659090909090909,14.07570943129715,1.3878499671863744,0.8225189684095217,0.5005649717514125
8BU8_A,8BU8_A,354,J-controlled,Simple,0.165872,60.81628226590342,0.3011712937878192,7.375636780563392,12.376425118520102,1.6114371858239291,0.05141242937853108,0.08977272727272727,14.058709004952187,1.3555118033370948,0.8328892766662432,0.4926553672316384
8BU8_A,8BU8_A,354,Thesis-3T+2D,Geometry,0.19278800000000001,48.95773742380054,0.4542786074565736,4.4033536813616685,7.79452467375498,1.0826052124036463,0.02711864406779661,0.044886363636363634,6.323075267710335,0.5533787917692954,0.6692246427699502,0.6497175141242938
8BU8_A,8BU8_A,354,Thesis-3T+2D,John_fixed,0.197736,48.92509386474913,0.4540508124565328,4.2906874385369544,7.687274526516736,0.9347752191881658,0.03446327683615819,0.055113636363636365,6.333049885984488,0.7494777287675041,0.7458976652281205,0.6677966101694915
8BU8_A,8BU8_A,354,Thesis-3T+2D,John_original,0.19506600000000002,48.94268310906868,0.4325249140768208,4.327296266315999,7.728360625252634,0.8797234974981538,0.03785310734463277,0.05738636363636364,6.32165542627547,0.784982974655948,0.7901901220107367,0.6508474576271187
8BU8_A,8BU8_A,354,Thesis-3T+2D,Raw,0.194518,48.94826448498328,0.44515279721847517,4.450771138384043,7.818652960944808,1.2599898338600029,0.030508474576271188,0.05,6.32673022657018,0.7102094981778666,0.7372485793198373,0.6508474576271187
8BU8_A,8BU8_A,354,Thesis-3T+2D,Simple,0.20453799999999997,48.947801554226444,0.45979429194471566,4.427991494073086,7.81137316571175,0.9275865507211668,0.03163841807909605,0.0625,6.3241830457180175,0.7424226894232742,0.7610074647799826,0.6497175141242938
8CBM_T,8CBM_T,69,J-controlled,Geometry,0.20790800000000004,29.941173443472053,0.3007068226386408,7.1490383366028825,11.471943232244355,1.8850522560648106,0.04057971014492754,0.08059701492537312,12.38715873395437,0.9411460971619843,0.7029396783063206,0.4405797101449275
8CBM_T,8CBM_T,69,J-controlled,John_fixed,0.20315599999999998,29.60132034039866,0.2939141771528135,6.703395554192909,11.070563312415661,1.4955115567455484,0.05507246376811594,0.07462686567164178,12.31916433545808,1.1627287291663309,0.7402630552381206,0.4579710144927536
8CBM_T,8CBM_T,69,J-controlled,John_original,0.213218,29.626173903950793,0.2942613804545623,6.754268225882623,11.111389156735108,1.5508551026693032,0.0463768115942029,0.07462686567164178,12.315365518939275,1.1555435684108784,0.7317457602267702,0.44637681159420295
8CBM_T,8CBM_T,69,J-controlled,Raw,0.207878,29.957421002864443,0.29827478918388006,7.194842430181646,11.504490617865063,2.0283814963028854,0.04057971014492754,0.08358208955223881,12.401113427385257,1.2248579046097352,0.654752096876396,0.44637681159420295
8CBM_T,8CBM_T,69,J-controlled,Simple,0.20919400000000002,29.93142997454669,0.3043897222306313,7.1273973154029,11.453126528947486,1.8086144418743473,0.04057971014492754,0.08358208955223881,12.376833869681455,1.2350470176836748,0.6586634611399476,0.4521739130434782
8CBM_T,8CBM_T,69,Thesis-3T+2D,Geometry,0.31051,17.036784717365556,0.4365819796785706,5.606143205336628,8.155846249075967,1.2339050934284448,0.03188405797101449,0.035820895522388055,0.9867478439691453,0.51002023663642,0.7128173318883928,0.6028985507246377
8CBM_T,8CBM_T,69,Thesis-3T+2D,John_fixed,0.30636,16.904030541489483,0.4235020251213433,5.439922058981268,8.027709360899621,1.0515131048214905,0.028985507246376812,0.04776119402985075,0.8548161964218529,0.7938949214081792,0.7680324393979291,0.6434782608695653
8CBM_T,8CBM_T,69,Thesis-3T+2D,John_original,0.298718,16.91008360574401,0.42574034971762237,5.467201528887524,8.041803805070618,1.1307716213450494,0.017391304347826087,0.029850746268656712,0.9199663205831164,0.6253389443140173,0.742104032648977,0.6434782608695653
8CBM_T,8CBM_T,69,Thesis-3T+2D,Raw,0.31020400000000004,17.044663209296385,0.4296249688863325,5.642517489467223,8.181767549201988,1.3895694379366397,0.03188405797101449,0.035820895522388055,0.9975873061519451,0.6385599898173994,0.7331946575610715,0.6202898550724638
8CBM_T,8CBM_T,69,Thesis-3T+2D,Simple,0.309216,17.039434670010543,0.4403614588273679,5.62493014698437,8.170763091777255,1.053503423255102,0.028985507246376812,0.05671641791044776,0.9806324734589318,0.7004988639492653,0.7563177484861611,0.6144927536231883
8K85_A,8K85_A,56,J-controlled,Geometry,0.208474,42.42162192444249,0.5630214874411303,10.43475745717457,16.134111818043785,2.364906642685437,0.04642857142857142,0.09259259259259259,16.88110996317051,1.1334583114313461,0.6997867813907759,0.40714285714285714
8K85_A,8K85_A,56,J-controlled,John_fixed,0.203512,41.912402850801335,0.5404203460230246,9.626282194197355,15.204467472420324,1.9171401115532052,0.04642857142857142,0.06666666666666667,16.67826246407683,1.6560325381436087,0.7016047769785272,0.41428571428571426
8K85_A,8K85_A,56,J-controlled,John_original,0.202522,41.98369536758601,0.5500519743153671,9.739938096907656,15.351748426854916,2.0225956283254924,0.06428571428571428,0.07777777777777777,16.682336917218947,1.6763254397278022,0.6817269185688623,0.42857142857142855
8K85_A,8K85_A,56,J-controlled,Raw,0.205816,42.432151158413184,0.561564162523984,10.454457520016769,16.15025732745047,2.4349775692105586,0.04642857142857143,0.09259259259259259,16.890353191491858,1.690381637623259,0.5708026782042659,0.42857142857142855
8K85_A,8K85_A,56,J-controlled,Simple,0.205322,42.414430786586635,0.5620478207308565,10.430702037220895,16.122447621452512,2.313608882315234,0.04642857142857143,0.09259259259259259,16.87496654224059,1.6846810422389296,0.5903355540378986,0.42857142857142855
8K85_A,8K85_A,56,Thesis-3T+2D,Geometry,0.27241,40.663377699983045,0.7055933030263388,2.859464652124452,5.045928235850473,1.0260054803812586,0.02142857142857143,0.09259259259259259,1.687020092684812,0.678028385569206,0.691381688184285,0.7142857142857143
8K85_A,8K85_A,56,Thesis-3T+2D,John_fixed,0.268994,40.58185812881633,0.6814785016570731,2.9231707702062177,5.095938138630434,0.8598850475819322,0.014285714285714285,0.1037037037037037,1.7249065588315304,0.8122876215484436,0.7904198599530305,0.7285714285714285
8K85_A,8K85_A,56,Thesis-3T+2D,John_original,0.274258,40.58013718799107,0.7072271280306994,2.8918831703302903,5.083566851333119,0.9522834323618726,0.02142857142857143,0.1,1.697628521970681,0.7932523778129685,0.8355884403880017,0.7285714285714285
8K85_A,8K85_A,56,Thesis-3T+2D,Raw,0.271864,40.65336376645746,0.6951249345892203,2.8717256319981126,5.048072672796601,1.1896455488156872,0.02142857142857143,0.09259259259259259,1.7092641392773644,0.833214264378903,0.7856453784256947,0.7214285714285714
8K85_A,8K85_A,56,Thesis-3T+2D,Simple,0.270302,40.670778083780604,0.70640483276644,2.928100404303791,5.0976653274039645,0.7955890162852429,0.02857142857142857,0.11851851851851851,1.6955530147507687,0.8294717034191779,0.7796543381851431,0.6928571428571428
8KIE_a,8KIE_a,358,J-controlled,Geometry,0.186638,62.93651762378852,0.20784988551560651,8.604877903732305,13.194477971981573,1.6466802871564503,0.04692737430167598,0.08707865168539326,24.433987790749892,0.9650309783073059,0.8174466428825999,0.5184357541899441
8KIE_a,8KIE_a,358,J-controlled,John_fixed,0.186496,63.02640501245887,0.2055173238525505,8.207997549555383,12.811276622294798,1.3451171936223196,0.06256983240223464,0.06741573033707865,24.4643043160906,1.1773409338768057,0.8497846979809902,0.511731843575419
8KIE_a,8KIE_a,358,J-controlled,John_original,0.183834,63.02935121411284,0.20561924212346402,8.203860495679356,12.807593288286048,1.3415654295693709,0.06256983240223464,0.06741573033707865,24.464260865785445,1.172796095287793,0.8477624114059289,0.511731843575419
8KIE_a,8KIE_a,358,J-controlled,Raw,0.19529000000000002,62.94542593130219,0.20593046825863953,8.650950573300907,13.229170440217478,1.8166529710208195,0.043575418994413403,0.0898876404494382,24.43124209776339,1.252553755713662,0.8006089826409977,0.5184357541899441
8KIE_a,8KIE_a,358,J-controlled,Simple,0.18802599999999997,62.93104695740364,0.2077070045315923,8.588050398954152,13.17733239045271,1.576131751200715,0.04860335195530726,0.0853932584269663,24.435517588814314,1.233168284393811,0.8135995719633529,0.5150837988826816
8KIE_a,8KIE_a,358,Thesis-3T+2D,Geometry,0.21270000000000003,43.72030797599065,0.24984381883375467,6.339665513548155,9.80397077337793,1.2280717715055567,0.0782122905027933,0.033707865168539325,5.280379528944289,0.6517524681464111,0.737125482073964,0.6
8KIE_a,8KIE_a,358,Thesis-3T+2D,John_fixed,0.213224,43.63908401591054,0.24593846342495834,6.261228554864314,9.73212630041564,1.0470348695676852,0.08435754189944134,0.06348314606741573,5.2790095441027,0.9170145527791291,0.8461200130618487,0.6033519553072626
8KIE_a,8KIE_a,358,Thesis-3T+2D,John_original,0.212738,43.653600087291544,0.24280178659029866,6.317007608453904,9.784725474429019,0.9344831694061655,0.08715083798882681,0.07247191011235955,5.298148825924964,1.0091625992070707,0.9068575858367328,0.6100558659217877
8KIE_a,8KIE_a,358,Thesis-3T+2D,Raw,0.21288,43.705123500937916,0.242371289134917,6.380471747787131,9.824688475388001,1.4616675468130953,0.08491620111731843,0.03707865168539326,5.279883338213154,0.8022256057091273,0.8093214486762517,0.6055865921787709
8KIE_a,8KIE_a,358,Thesis-3T+2D,Simple,0.20874399999999999,43.712734709351494,0.254277725558666,6.364712150643878,9.827023786534491,1.0056538961802786,0.06312849162011173,0.06741573033707865,5.278017584133623,0.9108865220403999,0.8551455952341553,0.5988826815642458
8ONY_5,8ONY_5,156,J-controlled,Geometry,0.145994,51.50794134815074,0.2631047423503216,10.34616591462406,16.428499818361104,1.6988717532691602,0.04358974358974359,0.07012987012987013,22.701416458993297,0.8991723678436265,0.7072171697146865,0.37948717948717947
8ONY_5,8ONY_5,156,J-controlled,John_fixed,0.14144600000000002,51.317764523802545,0.25956596842909063,9.92615655544763,15.95068304580264,1.4402434877182926,0.04487179487179487,0.06233766233766234,22.66467586586202,1.2028632395258207,0.7381213620228804,0.39743589743589747
8ONY_5,8ONY_5,156,J-controlled,John_original,0.14035,51.319607654291566,0.25980023072764646,9.942309915773295,15.971228462762046,1.4468194356967368,0.04358974358974359,0.06233766233766234,22.660516276709053,1.2013389378948365,0.7301469304206002,0.39743589743589747
8ONY_5,8ONY_5,156,J-controlled,Raw,0.142946,51.51699580465491,0.25502946321251274,10.384005321776103,16.45327662919277,1.852763184475717,0.03974358974358975,0.07402597402597402,22.709822082209193,1.2341687384018152,0.6840879786204394,0.38974358974358975
8ONY_5,8ONY_5,156,J-controlled,Simple,0.15266,51.50195332785802,0.2657366147814394,10.338806680081213,16.419579981437586,1.6318062783530867,0.044871794871794865,0.07142857142857142,22.696074876760076,1.225392581101549,0.7059808042136794,0.3769230769230769
8ONY_5,8ONY_5,156,Thesis-3T+2D,Geometry,0.147632,41.84190576100461,0.32871873231010074,7.2867972652963315,10.986464363417388,1.181037451028262,0.09871794871794871,0.045454545454545456,2.4547585283081417,0.6002906300922348,0.6705540577736174,0.558974358974359
8ONY_5,8ONY_5,156,Thesis-3T+2D,John_fixed,0.145086,41.78480825029146,0.32908958097991203,7.24402724500146,10.936877407119463,0.9765564463094856,0.1346153846153846,0.10389610389610389,2.52532980061524,0.9189822463304453,0.7639512024480598,0.5769230769230769
8ONY_5,8ONY_5,156,Thesis-3T+2D,John_original,0.14149,41.8111981690053,0.3274384877345032,7.263548824889483,10.960732858588923,0.959065070981816,0.13974358974358975,0.10649350649350649,2.5359448313182424,0.9290727651415619,0.7952860260056348,0.582051282051282
8ONY_5,8ONY_5,156,Thesis-3T+2D,Raw,0.14335599999999998,41.826455177300396,0.31663599852149205,7.3144675486230755,10.98651119887371,1.4670454633929804,0.16282051282051282,0.049350649350649346,2.4765777887776657,0.8151222093487822,0.7377911035700895,0.5692307692307692
8ONY_5,8ONY_5,156,Thesis-3T+2D,Simple,0.143088,41.840567197593735,0.34142197019273407,7.31429829591872,11.00193822481322,0.916639683236092,0.09743589743589744,0.09480519480519481,2.450529633331923,1.0181999205678567,0.794211958550527,0.5743589743589743
8ONZ_1,8ONZ_1,270,J-controlled,Geometry,0.271092,49.40861659574976,0.3418975158589451,7.172482446448932,11.707552353969202,1.7193312816642934,0.03481481481481481,0.09776119402985076,24.16390809457078,0.9247123864469939,0.7940424279649216,0.5037037037037038
8ONZ_1,8ONZ_1,270,J-controlled,John_fixed,0.274796,49.359534706027084,0.3259330959781596,6.899239784380309,11.447889452261363,1.360244770544154,0.05407407407407407,0.07686567164179105,24.149565025906725,1.114822509274753,0.8441600042339923,0.5066666666666666
8ONZ_1,8ONZ_1,270,J-controlled,John_original,0.27476,49.35351174815238,0.32900643737322444,6.8971903822586516,11.442813546849411,1.3789185882011534,0.05333333333333333,0.07686567164179105,24.149437630243558,1.1136109629857116,0.8440809854280656,0.5051851851851852
8ONZ_1,8ONZ_1,270,J-controlled,Raw,0.27105,49.41774448515739,0.3355807738657971,7.224551702850002,11.74552502603049,1.8816289361226204,0.035555555555555556,0.1007462686567164,24.171901203192668,1.1700783863197302,0.7788566753080993,0.49333333333333335
8ONZ_1,8ONZ_1,270,J-controlled,Simple,0.26711999999999997,49.402566981441815,0.3414535741622085,7.156446656630412,11.691399684920228,1.6425495392866114,0.035555555555555556,0.09776119402985076,24.15864196539991,1.1573785237477048,0.7936340361160011,0.5007407407407407
8ONZ_1,8ONZ_1,270,Thesis-3T+2D,Geometry,0.32969,38.74494354311446,0.4392862149245663,5.139821577331416,8.124032989888777,1.3077262731341137,0.07629629629629629,0.06044776119402985,4.755750763013881,0.6489133156043433,0.6917577227639307,0.6459259259259259
8ONZ_1,8ONZ_1,270,Thesis-3T+2D,John_fixed,0.32574200000000003,38.64384301294179,0.4289491777118841,5.043475009166223,8.021212136967064,1.1181701686136845,0.09851851851851852,0.08432835820895522,4.754627120138023,0.915773006341851,0.7999318836840748,0.6370370370370371
8ONZ_1,8ONZ_1,270,Thesis-3T+2D,John_original,0.3258,38.677800786226165,0.4193996172306716,5.073802997173156,8.052359592239972,1.055044887146408,0.1,0.0880597014925373,4.773458807349739,0.9363610104968807,0.857559009310695,0.6311111111111111
8ONZ_1,8ONZ_1,270,Thesis-3T+2D,Raw,0.331756,38.7303231184061,0.42746592771820674,5.175365072714584,8.140621446955064,1.558311394251684,0.12962962962962962,0.06865671641791045,4.750566644857819,0.8457324289934954,0.7706110886638978,0.64
8ONZ_1,8ONZ_1,270,Thesis-3T+2D,Simple,0.339546,38.73240241893187,0.4454578101008485,5.172976517443241,8.146741246743694,1.063218075157416,0.08518518518518518,0.11417910447761193,4.750560740527801,0.9747840813369759,0.8065739641646656,0.6370370370370371
8OPT_D,8OPT_D,54,J-controlled,Geometry,0.206112,18.573557437336177,0.37136142920865145,6.016100579940421,8.945004218360793,1.5870654464097886,0.04814814814814815,0.09615384615384616,5.746490816546277,1.1428242223048695,0.8308120652477985,0.5037037037037037
8OPT_D,8OPT_D,54,J-controlled,John_fixed,0.203554,18.028352329861647,0.377697916795139,5.7563399877116055,8.728134775686105,1.152379609647679,0.05555555555555556,0.08461538461538462,5.716954221759798,1.351785359370926,0.8419522839196063,0.4814814814814815
8OPT_D,8OPT_D,54,J-controlled,John_original,0.20748799999999998,18.172274544064148,0.37497726810226806,5.778023456007583,8.75065046331987,1.2625301577523635,0.059259259259259255,0.08461538461538462,5.740154500617493,1.356237703376714,0.8312366377803155,0.4666666666666667
8OPT_D,8OPT_D,54,J-controlled,Raw,0.206976,18.596802512774694,0.36598691945914175,6.05768560197882,8.979340887070922,1.7206153155576254,0.05185185185185185,0.1,5.758732445424881,1.507819547438491,0.7748325982589439,0.4962962962962963
8OPT_D,8OPT_D,54,J-controlled,Simple,0.207864,18.54579683166802,0.37541579562412897,5.995354550552583,8.922926568368286,1.4886470488487373,0.04814814814814815,0.09615384615384616,5.734911187489007,1.4774209140183432,0.8163778330390796,0.4962962962962963
8OPT_D,8OPT_D,54,Thesis-3T+2D,Geometry,0.240296,18.554315573327408,0.429387762443318,4.962083375886268,8.222490284374619,1.0402353324985858,0.037037037037037035,0.03076923076923077,2.728331925558435,0.5209336742301955,0.6951299405470471,0.6074074074074074
8OPT_D,8OPT_D,54,Thesis-3T+2D,John_fixed,0.243248,18.5331628602788,0.4265361002166557,4.885915280864413,8.157457343180791,0.8652733690750216,0.04814814814814815,0.05384615384615384,2.758812949197201,0.65748637894583,0.7725596645507169,0.6370370370370371
8OPT_D,8OPT_D,54,Thesis-3T+2D,John_original,0.24318,18.54841951644007,0.42625205041871705,4.915595766433809,8.19250728137761,0.9197665828556248,0.04814814814814815,0.05384615384615384,2.750823950951502,0.6704201837113994,0.7962935877131545,0.6222222222222222
8OPT_D,8OPT_D,54,Thesis-3T+2D,Raw,0.229856,18.54312260219365,0.42200038644483095,4.985816950281466,8.217583664895365,1.1894267474759128,0.05555555555555556,0.03461538461538462,2.7611884597027894,0.6970252387610429,0.7629674809751816,0.6222222222222222
8OPT_D,8OPT_D,54,Thesis-3T+2D,Simple,0.23689200000000002,18.56431435279339,0.433687683201572,4.980773241087071,8.23164490847222,0.8403048787254725,0.05185185185185185,0.05769230769230769,2.739580760775868,0.7466264259351231,0.7591765777858926,0.6074074074074074
8P7X_7,8P7X_7,75,J-controlled,Geometry,0.7482179999999999,3.588163059185059,0.7338265493937322,1.7000108380994612,2.251597453694881,0.7746885556798084,0.016,0.057534246575342465,0.5027902651354459,0.7254069333806796,0.7424568064683887,0.7306666666666667
8P7X_7,8P7X_7,75,J-controlled,John_fixed,0.734364,3.5300988563260645,0.7228490916261814,1.6930368148009147,2.225510959252787,0.6366625551754929,0.010666666666666668,0.049315068493150684,0.44721992162612734,0.777987660895384,0.8282383384956699,0.7253333333333333
8P7X_7,8P7X_7,75,J-controlled,John_original,0.745254,3.5727652537694397,0.7299858498370109,1.7032554061266674,2.2510033304718906,0.7714232889070901,0.013333333333333336,0.057534246575342465,0.4854126174540376,0.7718878837538925,0.8090389923319616,0.7093333333333334
8P7X_7,8P7X_7,75,J-controlled,Raw,0.746924,3.6150322277031806,0.7263608425343719,1.7352142595349498,2.28743683293987,0.8770308618200368,0.018666666666666668,0.06027397260273972,0.5059647274466968,0.7862624817242717,0.7978250363336142,0.7253333333333334
8P7X_7,8P7X_7,75,J-controlled,Simple,0.7458039999999999,3.5677339479433763,0.7319772808861817,1.692381976989686,2.234737706507478,0.6476768557598902,0.008,0.0547945205479452,0.5001481747994163,0.7827666689388393,0.8256952776048478,0.7253333333333334
8P7X_7,8P7X_7,75,Thesis-3T+2D,Geometry,0.77281,2.4029418096376474,0.8229312407206371,1.2657250288154207,1.6375790179054142,0.7340751786851031,0.021333333333333336,0.03013698630136986,0.44429416623953627,0.5814383769492739,0.671126508190204,0.8
8P7X_7,8P7X_7,75,Thesis-3T+2D,John_fixed,0.7547699999999999,2.335600376465761,0.806930975316966,1.2509593588118073,1.576097622751044,0.6436766473855153,0.018666666666666668,0.021917808219178082,0.4159480660208281,0.5901809280725432,0.7321238343991203,0.7413333333333333
8P7X_7,8P7X_7,75,Thesis-3T+2D,John_original,0.76115,2.399811779684531,0.8068050639218596,1.2883696667181255,1.6382632460375983,0.6999254624838325,0.018666666666666668,0.03013698630136986,0.43156474035943404,0.6005797094740272,0.7314260307719964,0.7573333333333334
8P7X_7,8P7X_7,75,Thesis-3T+2D,Raw,0.7710060000000001,2.431819399273241,0.8144426960065505,1.3018459465785992,1.676535874224181,0.8567109770005976,0.021333333333333336,0.03287671232876712,0.44570951618805166,0.6293044226904951,0.7043152780994056,0.7626666666666667
8P7X_7,8P7X_7,75,Thesis-3T+2D,Simple,0.770824,2.3859802465241944,0.8185075356331548,1.2616631010188781,1.6244747898029637,0.6428204738581871,0.016,0.03013698630136986,0.4421570328605654,0.6216142401772722,0.729514814366679,0.784
8P8B_5,8P8B_5,30,J-controlled,Geometry,0.136826,30.53626239563232,0.31422082547082547,6.630103092468737,12.891856571009475,0.9680011964005493,0.026666666666666665,0.05714285714285714,14.610676393360212,1.1225684049485218,0.6168470924587014,0.13333333333333333
8P8B_5,8P8B_5,30,J-controlled,John_fixed,0.128338,30.522186687408116,0.31511304898804904,6.54988633222582,12.84991960321974,0.741468325846594,0.026666666666666665,0.04285714285714286,14.684549494054227,1.5974201445903151,0.7197446486959194,0.10666666666666666
8P8B_5,8P8B_5,30,J-controlled,John_original,0.126088,30.520564806648423,0.3142285122285122,6.572492751994487,12.854804715857668,0.8483599379520352,0.026666666666666665,0.04285714285714286,14.65447244095284,1.6075818326516846,0.6864205048333526,0.10666666666666666
8P8B_5,8P8B_5,30,J-controlled,Raw,0.12356,30.53554515475131,0.3162152893402893,6.64410250894136,12.888673068215391,1.0647159590457338,0.026666666666666665,0.06428571428571428,14.614932755974305,1.675123892117086,0.6894725937676257,0.13333333333333333
8P8B_5,8P8B_5,30,J-controlled,Simple,0.12836,30.53280244222129,0.318548877048877,6.634188282972817,12.894096414259531,0.8960687841436192,0.026666666666666665,0.05714285714285714,14.607647208949402,1.657953552977796,0.6959314814867944,0.13333333333333333
8P8B_5,8P8B_5,30,Thesis-3T+2D,Geometry,0.17718799999999998,24.251604642753726,0.32418182280682284,5.1575478968852,9.138436666278722,2.1094790136890884,0.0,0.03571428571428571,10.404381258325522,0.35743118325273654,0.3632885250763418,0.06666666666666667
8P8B_5,8P8B_5,30,Thesis-3T+2D,John_fixed,0.177658,23.030242667211365,0.3244247835497835,4.941825644399364,8.941506237552511,1.468911912159219,0.0,0.02857142857142857,9.523317026709396,0.511035393052645,0.4253522958449169,0.09333333333333334
8P8B_5,8P8B_5,30,Thesis-3T+2D,John_original,0.178596,23.318141976495387,0.3264305740555741,4.996289489847385,8.998745369543249,1.6429224777791436,0.0,0.03571428571428571,9.708751748709693,0.5123895495939277,0.42807499644062713,0.09333333333333334
8P8B_5,8P8B_5,30,Thesis-3T+2D,Raw,0.167048,24.263876497545827,0.3190991138491139,5.176620546607335,9.14833193087764,2.233875612213623,0.0,0.03571428571428571,10.414555741360804,0.5179103732900953,0.4232632461415696,0.06666666666666667
8P8B_5,8P8B_5,30,Thesis-3T+2D,Simple,0.173614,24.235558162520583,0.3267227448477449,5.1367629767000125,9.12621043941191,2.0214031553359524,0.0,0.03571428571428571,10.395020962237197,0.5114133682450935,0.41112341567993055,0.06666666666666667
8PM0_V,8PM0_V,31,J-controlled,Geometry,0.291136,21.160029891980432,0.5594815131105454,6.121654769584052,10.527375897419123,1.426916873600851,0.04516129032258064,0.06896551724137931,11.752886757589842,1.2565569341369716,0.7519434827929056,0.3870967741935484
8PM0_V,8PM0_V,31,J-controlled,John_fixed,0.241966,21.073381675127564,0.5243820919224145,5.928486255343088,10.309499956905091,1.1564458237559851,0.04516129032258064,0.06206896551724138,11.78211957957422,1.5467473773429279,0.7410665713371503,0.36129032258064514
8PM0_V,8PM0_V,31,J-controlled,John_original,0.28217,21.11033831774642,0.553855338210177,6.0416580760888765,10.442197629563367,1.3156193448012052,0.03870967741935484,0.06206896551724138,11.745173373179545,1.566879781728719,0.7359382360547835,0.3870967741935484
8PM0_V,8PM0_V,31,J-controlled,Raw,0.291918,21.167923726949002,0.5583396800332283,6.132118132548152,10.537490239615781,1.4869620704361595,0.04516129032258064,0.06896551724137931,11.758632827764698,1.5978474134112353,0.7073364010441365,0.3870967741935484
8PM0_V,8PM0_V,31,J-controlled,Simple,0.29686599999999996,21.141545985345974,0.5534432995320092,6.112374365922159,10.510133270243657,1.3323092808900698,0.04516129032258064,0.06896551724137931,11.73772255078862,1.5739149161109665,0.722243613743437,0.3870967741935484
8PM0_V,8PM0_V,31,Thesis-3T+2D,Geometry,0.192404,14.496008065148981,0.5121733776975712,5.546153177404187,9.033530640576625,1.0065573242929227,0.0,0.020689655172413793,2.4613909716435667,0.4434026548171229,0.4334349813004418,0.6451612903225806
8PM0_V,8PM0_V,31,Thesis-3T+2D,John_fixed,0.17503799999999997,14.442441548108656,0.48855952291436167,5.410451196548044,8.895523433377727,0.9083128884171743,0.0,0.020689655172413793,2.366410886994468,0.5542284138150521,0.520791267722632,0.632258064516129
8PM0_V,8PM0_V,31,Thesis-3T+2D,John_original,0.187886,14.491509763387787,0.49807020040891015,5.510760597731597,9.014785868040754,0.9835087192241925,0.0,0.020689655172413793,2.4392401464249844,0.5582865128311608,0.526152045417927,0.6580645161290322
8PM0_V,8PM0_V,31,Thesis-3T+2D,Raw,0.19684600000000002,14.477743521695732,0.5065675095513804,5.556977276827083,9.032204633191714,1.0782100603591667,0.0,0.020689655172413793,2.4909848654721904,0.5151415368612833,0.4927992930243928,0.6580645161290322
8PM0_V,8PM0_V,31,Thesis-3T+2D,Simple,0.202164,14.501876428091055,0.5095808582098904,5.531839857110618,9.030311746642303,0.914905359816402,0.0,0.013793103448275862,2.4333437168180394,0.5301083598986659,0.5205207692246845,0.6451612903225806
8Q6N_A,8Q6N_A,46,J-controlled,Geometry,0.294526,21.955686190928496,0.5124175256323177,7.444606432392822,11.285326666775088,2.2842631464050163,0.07391304347826086,0.09545454545454546,6.530161317547524,1.315865785713572,0.7493144078480831,0.43478260869565216
8Q6N_A,8Q6N_A,46,J-controlled,John_fixed,0.275478,21.838578355887698,0.4754082775290242,6.699109577162188,10.623671180969477,1.7438167671388787,0.09565217391304348,0.05454545454545454,6.624664909459364,1.6759378459632823,0.7635615682085966,0.4521739130434782
8Q6N_A,8Q6N_A,46,J-controlled,John_original,0.278574,21.85326020366394,0.49523230858356093,6.915167598307657,10.801265802660833,1.8886852684886999,0.1,0.06363636363636363,6.551798497175767,1.7021690919263257,0.6977642819301327,0.41739130434782606
8Q6N_A,8Q6N_A,46,J-controlled,Raw,0.29227600000000004,21.972723991518972,0.5087918477893667,7.47829497624555,11.313271740547542,2.3598661882290104,0.06956521739130435,0.09545454545454546,6.540856731228919,1.8405092267909595,0.5917936614811842,0.4521739130434783
8Q6N_A,8Q6N_A,46,J-controlled,Simple,0.291452,21.933064496523553,0.5134011265462115,7.419827367276139,11.25785133478714,2.232373471078807,0.07391304347826086,0.09545454545454546,6.514321268801851,1.8191473471311563,0.6178825625969067,0.4434782608695652
8Q6N_A,8Q6N_A,46,Thesis-3T+2D,Geometry,0.494406,3.2690562380806574,0.8349535868982938,1.4456008861304113,2.042412358789363,0.7168332362479177,0.0,0.00909090909090909,0.6253613872634709,0.42418059662014446,0.5270564897037765,0.7304347826086957
8Q6N_A,8Q6N_A,46,Thesis-3T+2D,John_fixed,0.46342800000000006,3.3826822148835674,0.8009478052141097,1.510862626559551,2.1228240507260514,0.6585966474375973,0.0,0.004545454545454545,0.6179804721907309,0.4946982626496119,0.5692393049529056,0.7130434782608696
8Q6N_A,8Q6N_A,46,Thesis-3T+2D,John_original,0.47580799999999995,3.37270311469232,0.8129507483825773,1.4910054964231727,2.105127431884402,0.6874281235949511,0.0,0.00909090909090909,0.6220857634176703,0.519168134505098,0.6016756423456904,0.7391304347826086
8Q6N_A,8Q6N_A,46,Thesis-3T+2D,Raw,0.49564,3.2607391905632084,0.8326750813642354,1.4406460414578675,2.036406996873579,0.7673792339972725,0.0,0.013636363636363636,0.6171660882199191,0.4660995102045435,0.5635261263347158,0.7130434782608696
8Q6N_A,8Q6N_A,46,Thesis-3T+2D,Simple,0.4906499999999999,3.284994773185886,0.8276877579860804,1.4646819479901219,2.0552781902733335,0.636703393130384,0.0,0.004545454545454545,0.6207837854034345,0.4899117657336346,0.6062744742125101,0.7130434782608696
8QBK_Q,8QBK_Q,85,J-controlled,Geometry,0.203034,35.829484950258845,0.3313110696493049,6.9717899926865154,11.590191326085316,1.5919579024829187,0.05647058823529412,0.07951807228915662,10.064011723641585,0.9918795131595666,0.7515864315885379,0.43764705882352944
8QBK_Q,8QBK_Q,85,J-controlled,John_fixed,0.201142,35.55693912546538,0.3266776948541654,6.526244061247576,11.138525963031157,1.247827568170586,0.08705882352941177,0.07228915662650602,10.165984399473455,1.2189829410729933,0.7981500993894521,0.4329411764705883
8QBK_Q,8QBK_Q,85,J-controlled,John_original,0.20150600000000002,35.56554494544813,0.32670660711837185,6.54257540143554,11.153874162162374,1.2664427404978655,0.08470588235294117,0.07228915662650602,10.159053458848952,1.2156505526884906,0.7928420620320832,0.42823529411764705
8QBK_Q,8QBK_Q,85,J-controlled,Raw,0.202414,35.84298264762886,0.32931343656343653,7.0297682861115165,11.632723094305943,1.7571336213212345,0.05411764705882353,0.08433734939759037,10.073234067185542,1.2931167002775692,0.7372092535995532,0.4423529411764706
8QBK_Q,8QBK_Q,85,J-controlled,Simple,0.205926,35.8218781075775,0.33445320365908604,6.9489815896998595,11.56753481463274,1.5158112461159903,0.05411764705882353,0.07951807228915662,10.058809945621231,1.270683007385113,0.7451779655951594,0.43764705882352944
8QBK_Q,8QBK_Q,85,Thesis-3T+2D,Geometry,0.236186,28.989127956251828,0.47469894974306737,4.06844058741765,7.4324155552165525,0.9508586160236538,0.002352941176470588,0.024096385542168676,6.519188627647867,0.4563805878447981,0.5103339729466468,0.5505882352941176
8QBK_Q,8QBK_Q,85,Thesis-3T+2D,John_fixed,0.248678,28.956261235306933,0.4715398392457216,4.004900089938316,7.3916289474972405,0.8204497978508994,0.01411764705882353,0.024096385542168676,6.60501029590458,0.5376386281740562,0.6293605538970235,0.5694117647058824
8QBK_Q,8QBK_Q,85,Thesis-3T+2D,John_original,0.247714,28.99114171454359,0.4713873348873349,4.0280748200466086,7.4216400614050455,0.8198851951321722,0.01411764705882353,0.024096385542168676,6.615261350100821,0.5409185893163145,0.6545581747059528,0.5694117647058824
8QBK_Q,8QBK_Q,85,Thesis-3T+2D,Raw,0.24009,28.97738540087239,0.47192846206081496,4.101623548240902,7.444479408667834,1.1134701287149598,0.004705882352941176,0.024096385542168676,6.494116179562232,0.5397071018637106,0.5938583073287728,0.56
8QBK_Q,8QBK_Q,85,Thesis-3T+2D,Simple,0.241234,28.989396217687954,0.4748166702578468,4.070831967975809,7.43972057723725,0.8409087230839679,0.007058823529411765,0.024096385542168676,6.5194030257609,0.5321536835235966,0.6281367510601655,0.5458823529411765
8QBL_L,8QBL_L,37,J-controlled,Geometry,0.109348,28.308427170805498,0.4167635555135555,7.640596592955818,13.175243075907442,2.2268995368761697,0.05405405405405406,0.07428571428571429,17.253982618030868,1.1418196706303898,0.6700607595156419,0.20540540540540544
8QBL_L,8QBL_L,37,J-controlled,John_fixed,0.108894,27.76753175626278,0.3908171895671896,7.121805530603462,12.594483504347568,1.662615115898096,0.05405405405405406,0.06857142857142857,17.26742603081839,1.5625576953606266,0.6497213987451512,0.17297297297297298
8QBL_L,8QBL_L,37,J-controlled,John_original,0.10873200000000001,27.809276876109607,0.39801846426846427,7.177316809987097,12.65160410326287,1.7222323223058418,0.043243243243243246,0.07428571428571429,17.243251229627923,1.5569368003407398,0.6532394509784571,0.1837837837837838
8QBL_L,8QBL_L,37,J-controlled,Raw,0.102522,28.33039816463731,0.41821883071883076,7.682828954072275,13.205990719398205,2.372137296724274,0.043243243243243246,0.08571428571428572,17.27393352673166,1.6517859322996546,0.564407823344369,0.20540540540540544
8QBL_L,8QBL_L,37,J-controlled,Simple,0.10185599999999999,28.290614487805804,0.41512248262248264,7.621858335700648,13.155657748655164,2.174083534878604,0.05405405405405406,0.07999999999999999,17.239616763275098,1.6336404685766612,0.5860372960202085,0.20540540540540544
8QBL_L,8QBL_L,37,Thesis-3T+2D,Geometry,0.126582,20.723326386946418,0.487753969003969,6.199607326149037,10.36006270419949,1.350830133031721,0.016216216216216217,0.07428571428571429,6.275682838414003,0.4998820699012887,0.5868203762166491,0.1837837837837838
8QBL_L,8QBL_L,37,Thesis-3T+2D,John_fixed,0.12422599999999999,20.577015668370574,0.48505255255255253,6.05216092508555,10.218342518607901,1.1517982730433007,0.02702702702702703,0.07428571428571429,6.24946367349865,0.6559166325466451,0.6592436235476196,0.20540540540540544
8QBL_L,8QBL_L,37,Thesis-3T+2D,John_original,0.105342,20.59988654994961,0.47804516054516055,6.111126841913033,10.255439178362414,1.154725717343522,0.02702702702702703,0.07428571428571429,6.279436943221754,0.6596547580157424,0.729308082881088,0.1945945945945946
8QBL_L,8QBL_L,37,Thesis-3T+2D,Raw,0.115184,20.720677390995583,0.4784607247107247,6.234539344654317,10.364619001108611,1.528812279786005,0.02702702702702703,0.07428571428571429,6.250716769894383,0.6267082072918837,0.6429410839260682,0.1945945945945946
8QBL_L,8QBL_L,37,Thesis-3T+2D,Simple,0.12421199999999999,20.72256219932214,0.49617812742812745,6.2393768993033385,10.36202305500706,1.1590989532093896,0.016216216216216217,0.08571428571428572,6.278919052057824,0.692375240662812,0.645506966682639,0.1837837837837838
8QO2_A,8QO2_A,222,J-controlled,Geometry,0.175232,66.23985707532506,0.3031588414154204,6.743127888510474,10.896205176860844,1.430266343876021,0.06756756756756757,0.09909090909090909,28.896107991584007,1.063452787109295,0.7607872000130627,0.4036036036036036
8QO2_A,8QO2_A,222,J-controlled,John_fixed,0.165678,66.28976119866282,0.3013218033835294,6.416021444011507,10.560275830486088,1.1534827215897274,0.07477477477477476,0.08363636363636365,28.93014386316297,1.348857537591133,0.8390543477350934,0.4252252252252252
8QO2_A,8QO2_A,222,J-controlled,John_original,0.163786,66.29081175493275,0.3014268281760542,6.414964858066779,10.560492454062125,1.14990747932178,0.07387387387387387,0.08272727272727273,28.927980449199374,1.3485825290324094,0.8380504003588086,0.418018018018018
8QO2_A,8QO2_A,222,J-controlled,Raw,0.17308400000000002,66.24583859932882,0.2948669067448092,6.799515422463232,10.936858993401241,1.574499739079016,0.06846846846846846,0.10272727272727274,28.90031696926375,1.4210317676131003,0.7560467541203924,0.4036036036036036
8QO2_A,8QO2_A,222,J-controlled,Simple,0.166658,66.23711044010896,0.306083421669722,6.730202090772771,10.881853535315779,1.3713237344560567,0.07207207207207207,0.09909090909090909,28.89353567549265,1.4061699253641873,0.7719264048144034,0.40540540540540543
8QO2_A,8QO2_A,222,Thesis-3T+2D,Geometry,0.1989,56.05643582903474,0.3851496384371772,5.05402707468649,7.956216402903645,1.3627420388826212,0.06666666666666667,0.05181818181818182,33.88311481110475,0.5491884862974613,0.6524952041089666,0.5117117117117117
8QO2_A,8QO2_A,222,Thesis-3T+2D,John_fixed,0.195834,55.99270411782343,0.3794805327999987,4.8638666418380705,7.736055849359936,1.14779261110397,0.06036036036036037,0.08181818181818182,33.7569860768176,0.8622023379212346,0.7785609417075632,0.5135135135135135
8QO2_A,8QO2_A,222,Thesis-3T+2D,John_original,0.19716799999999998,56.03009516026647,0.3744702769586671,4.90485185174563,7.778857131674795,1.075783481933802,0.06036036036036037,0.08636363636363635,33.7849660655784,0.9217247135102102,0.8566292862112685,0.5045045045045045
8QO2_A,8QO2_A,222,Thesis-3T+2D,Raw,0.193268,56.04544818798301,0.3730927195652428,5.111296321210075,7.987949562855425,1.5576556002210178,0.09099099099099099,0.05545454545454546,33.87278094013075,0.7777625517472861,0.7637641531950183,0.5117117117117117
8QO2_A,8QO2_A,222,Thesis-3T+2D,Simple,0.19281600000000002,56.05131555024026,0.3917603887921225,5.0716564098897035,7.97120849397726,1.159345546913667,0.04954954954954955,0.07999999999999999,33.879721356996704,0.8660517625669408,0.7718301274305464,0.5081081081081081
8QO3_A,8QO3_A,118,J-controlled,Geometry,0.21505200000000002,40.85845727100987,0.36196495809220136,7.033547977449416,12.01537880091794,1.478347582833015,0.03728813559322034,0.06551724137931034,18.371826666853234,1.0158393373204917,0.7956048664434675,0.4576271186440678
8QO3_A,8QO3_A,118,J-controlled,John_fixed,0.23742999999999997,40.786512641926365,0.35825106394242734,6.634010150075332,11.589799216196424,1.217713142473929,0.04915254237288136,0.05172413793103449,18.414399297531254,1.4385496983382011,0.88426082902307,0.4610169491525424
8QO3_A,8QO3_A,118,J-controlled,John_original,0.234382,40.786533410053146,0.3589886655592663,6.630628612856057,11.586166532786274,1.216071051593558,0.04576271186440678,0.05172413793103449,18.415673279967628,1.428560015260803,0.8807928810983068,0.4576271186440678
8QO3_A,8QO3_A,118,J-controlled,Raw,0.21644000000000002,40.86789138432128,0.3524938566404793,7.085919871527693,12.051104710911511,1.6190879102797517,0.03898305084745762,0.0706896551724138,18.380836522359008,1.4785120083286687,0.8297349011592733,0.4610169491525424
8QO3_A,8QO3_A,118,J-controlled,Simple,0.21033200000000002,40.85286157138938,0.3645217701526899,7.025162719063999,12.004397627033715,1.421978035752922,0.03898305084745762,0.06724137931034482,18.366965079977383,1.467654415769593,0.813589096529243,0.4576271186440678
8QO3_A,8QO3_A,118,Thesis-3T+2D,Geometry,0.31075200000000003,32.830899075960616,0.47095101765964176,4.0670157844567925,6.9467342435336175,1.1238278161708175,0.05254237288135592,0.03275862068965517,12.795641169327856,0.552821039974853,0.6628579637885081,0.583050847457627
8QO3_A,8QO3_A,118,Thesis-3T+2D,John_fixed,0.30619,32.79173121175158,0.4671496717044449,3.978207932929871,6.858771238973735,0.9207622591715108,0.06271186440677966,0.06206896551724138,12.693215679826997,0.7903469720462892,0.754750989122745,0.5898305084745763
8QO3_A,8QO3_A,118,Thesis-3T+2D,John_original,0.304612,32.833487932203944,0.46004809801918467,3.992852800954523,6.871784673248404,0.8855003727000268,0.061016949152542375,0.06379310344827586,12.703251152475039,0.813231444886471,0.7944411221337913,0.5898305084745763
8QO3_A,8QO3_A,118,Thesis-3T+2D,Raw,0.29708,32.83609025989918,0.45225108989409835,4.131393793784716,6.99934502084305,1.3249648899263697,0.07288135593220338,0.041379310344827586,12.785274546569308,0.729621313463438,0.7363078328449886,0.5694915254237288
8QO3_A,8QO3_A,118,Thesis-3T+2D,Simple,0.30709,32.838645715147045,0.4833953411576791,4.110544449342583,6.99969545829035,0.9009520571861807,0.03898305084745763,0.06379310344827586,12.793861397481237,0.8211027602844629,0.7743209374618999,0.5932203389830508
8R7N_A,8R7N_A,135,J-controlled,Geometry,0.31795,30.300809919644383,0.4005115338164873,5.507968460442428,8.626417302357385,1.4820669142201932,0.034074074074074076,0.07368421052631578,12.027926352796232,0.8953114297215773,0.7710374395126636,0.47407407407407404
8R7N_A,8R7N_A,135,J-controlled,John_fixed,0.302496,30.380410518845213,0.3947187460587228,5.266047614756438,8.376865596533648,1.1660022025751167,0.044444444444444446,0.05413533834586466,12.08189580305079,1.0322114864173237,0.833202889005235,0.4651851851851852
8R7N_A,8R7N_A,135,J-controlled,John_original,0.308006,30.35988599869662,0.399260659289684,5.249875278719022,8.36326960071026,1.204239284256359,0.03851851851851852,0.0556390977443609,12.072157769894824,1.0355710600317867,0.8285289654817319,0.4681481481481481
8R7N_A,8R7N_A,135,J-controlled,Raw,0.31552199999999997,30.310951112415314,0.3925738046568155,5.557353708296247,8.663204889263076,1.6238127796973694,0.0325925925925926,0.07518796992481203,12.037003231368635,1.0976262262848153,0.7893275436047485,0.47111111111111115
8R7N_A,8R7N_A,135,J-controlled,Simple,0.32206799999999997,30.290924560445696,0.4019007551186344,5.492107310887929,8.609588660916094,1.383431097241462,0.034074074074074076,0.07368421052631578,12.021233165486766,1.0851513847369532,0.8040142888680405,0.47407407407407404
8R7N_A,8R7N_A,135,Thesis-3T+2D,Geometry,0.315162,23.75789737922097,0.45275555584766114,4.320882143811084,7.028031594553164,1.2010321931220458,0.054814814814814816,0.04060150375939849,13.039511249829037,0.5278568894247626,0.5897000667071516,0.5362962962962963
8R7N_A,8R7N_A,135,Thesis-3T+2D,John_fixed,0.316408,23.75445345266068,0.4494329294000347,4.260200901755051,6.979578987828558,1.0203182329571265,0.06074074074074074,0.07067669172932331,13.010843037118203,0.8636055849501487,0.7359171702667404,0.557037037037037
8R7N_A,8R7N_A,135,Thesis-3T+2D,John_original,0.315104,23.78362669451097,0.4456689216499588,4.283855603726835,6.998110037723673,1.0048730011520632,0.057777777777777775,0.06766917293233082,13.033475727380644,0.8879555018990057,0.8119412381807329,0.5481481481481482
8R7N_A,8R7N_A,135,Thesis-3T+2D,Raw,0.318918,23.735201646109623,0.4439691490426784,4.358273688563957,7.034234605019327,1.3844640608477476,0.06074074074074074,0.04360902255639097,13.030839502280255,0.6758798193216803,0.684972513663951,0.5392592592592592
8R7N_A,8R7N_A,135,Thesis-3T+2D,Simple,0.319438,23.806080200901192,0.45939864862949226,4.344024025372155,7.042347020231395,0.9436340406770253,0.04148148148148149,0.07969924812030074,13.0514028020872,0.7858400783505621,0.733132554351173,0.5511111111111111
8RDV_V,8RDV_V,76,J-controlled,Geometry,0.17078200000000002,59.7231020136624,0.26968833290960925,6.739150674913605,12.916198404600513,0.7544348712987047,0.007894736842105263,0.03783783783783784,43.189510382031294,0.8117821095481059,0.6016667064859993,0.010526315789473684
8RDV_V,8RDV_V,76,J-controlled,John_fixed,0.16024,59.72720887014816,0.2763999142792381,6.699515862381792,12.8804433708877,0.5776443837906633,0.013157894736842105,0.024324324324324326,43.1850542760928,1.0927733370673682,0.6162693735795792,0.010526315789473684
8RDV_V,8RDV_V,76,J-controlled,John_original,0.170698,59.72362939643659,0.27110505264249524,6.729288224305572,12.904185507539177,0.7257367568416141,0.013157894736842105,0.032432432432432434,43.193593049878075,1.0972987403366141,0.6185946436359185,0.010526315789473684
8RDV_V,8RDV_V,76,J-controlled,Raw,0.166968,59.72483790448407,0.2675892358230284,6.758458930853206,12.92748000318501,0.8393174002769863,0.007894736842105263,0.03783783783783784,43.19145394092029,1.1118756688529252,0.6232827087900906,0.010526315789473684
8RDV_V,8RDV_V,76,J-controlled,Simple,0.171022,59.719925887660864,0.2729214223804835,6.720843263285514,12.901040786736502,0.6203409218997357,0.007894736842105263,0.032432432432432434,43.18690067612837,1.0958655589745017,0.6090023672204324,0.010526315789473684
8RDV_V,8RDV_V,76,Thesis-3T+2D,Geometry,0.11241799999999999,50.952132693460385,0.274849331205851,5.605376152892102,11.531565568323803,0.8944225177393499,0.0,0.0,35.04820321013237,0.29216291160369645,0.44927321925153374,0.0
8RDV_V,8RDV_V,76,Thesis-3T+2D,John_fixed,0.112928,50.93216672728652,0.272372692760686,5.5903817993048,11.516652577461784,0.7055905323405269,0.0,0.0,35.035969519487324,0.36345102617403907,0.5072850927179234,0.0
8RDV_V,8RDV_V,76,Thesis-3T+2D,John_original,0.108636,50.93572374592943,0.2768627773738059,5.622505994258272,11.548639841206272,0.8123750072041258,0.0,0.002702702702702703,35.03304038460792,0.37912506573609883,0.5594549177613394,0.0
8RDV_V,8RDV_V,76,Thesis-3T+2D,Raw,0.11497600000000001,50.942924413749964,0.26793733212325316,5.613608438929018,11.528376144250903,1.0072853385544822,0.0,0.0,35.038179667039444,0.3915333763660537,0.49977497741517746,0.0
8RDV_V,8RDV_V,76,Thesis-3T+2D,Simple,0.11485400000000001,50.949071068067994,0.2742808967235889,5.592949797621979,11.520117273584713,0.7087498091763168,0.0,0.0,35.04600958211797,0.3602924202675267,0.49714920122018674,0.0
8RG0_A,8RG0_A,121,J-controlled,Geometry,0.172932,37.000251841531224,0.2681817839554082,8.709513022612686,13.55431940253115,1.8295432654316155,0.03801652892561984,0.0722689075630252,12.742732821656242,0.8809664529143915,0.7190439755984223,0.4297520661157025
8RG0_A,8RG0_A,121,J-controlled,John_fixed,0.170838,36.917586448971065,0.2654676672763979,8.310388950963755,13.13512161470598,1.4207551035424544,0.05289256198347107,0.060504201680672276,12.785306686096959,1.0972353880222467,0.7856084995830452,0.43636363636363634
8RG0_A,8RG0_A,121,J-controlled,John_original,0.171944,36.91370608803603,0.2651874233367625,8.307559632287305,13.132016717665582,1.4217132671754835,0.05123966942148761,0.060504201680672276,12.777803287329311,1.0968427932016565,0.7834043498387347,0.4330578512396694
8RG0_A,8RG0_A,121,J-controlled,Raw,0.175566,37.01433280328636,0.26215983272211074,8.754268370622734,13.584221910763038,1.9848023897336868,0.03801652892561984,0.08067226890756303,12.755224598631548,1.1636472852373216,0.7263210050774649,0.4330578512396694
8RG0_A,8RG0_A,121,J-controlled,Simple,0.178152,36.99264745753271,0.26801679216556973,8.697297679939565,13.538942066811945,1.7574919759751277,0.03801652892561984,0.0722689075630252,12.734994659697634,1.13790737708723,0.7375643148205407,0.4198347107438017
8RG0_A,8RG0_A,121,Thesis-3T+2D,Geometry,0.189148,34.331947019802094,0.29274539424058343,6.5135659916860975,10.53935360616763,1.0733192354136283,0.019834710743801654,0.023529411764705882,6.821195943997983,0.49624815151156554,0.5945053448754465,0.5586776859504132
8RG0_A,8RG0_A,121,Thesis-3T+2D,John_fixed,0.191984,34.277233108282424,0.2889069668494163,6.453131755675505,10.457430108602235,0.9537501478617848,0.026446280991735537,0.023529411764705882,6.792313482199475,0.7130607790425456,0.7124997325369311,0.5619834710743802
8RG0_A,8RG0_A,121,Thesis-3T+2D,John_original,0.190322,34.2891032996117,0.2908342007600462,6.484928482656964,10.493408730793183,0.8745248800214755,0.026446280991735537,0.033613445378151266,6.795586900445289,0.7770088930416312,0.7980741774151546,0.568595041322314
8RG0_A,8RG0_A,121,Thesis-3T+2D,Raw,0.19075999999999999,34.31819997403106,0.27950745573962954,6.544977749551316,10.552086522005572,1.2473516244129361,0.019834710743801654,0.023529411764705882,6.850888704699162,0.6948621028797859,0.6992022741650543,0.5586776859504132
8RG0_A,8RG0_A,121,Thesis-3T+2D,Simple,0.19679600000000003,34.33438800690957,0.29418584613747945,6.535699048087759,10.549770774388989,0.9486189440908616,0.023140495867768597,0.03529411764705882,6.826768188659054,0.694018968852615,0.726538640644071,0.5487603305785124
8RO0_5,8RO1_5,121,J-controlled,Geometry,0.594646,22.47846555218221,0.6401255238755239,3.392030609879973,5.537039710574405,1.1438957838429518,0.023140495867768597,0.06050420168067226,29.00159730463332,0.9876778352702804,0.7219979345934867,0.48925619834710743
8RO0_5,8RO1_5,121,J-controlled,John_fixed,0.589598,22.44306143251547,0.6305540755540756,3.3370342665955968,5.47319109270182,0.93389522177205,0.03636363636363636,0.05378151260504201,28.999649116805557,1.2276179056894034,0.809321271137647,0.515702479338843
8RO0_5,8RO1_5,121,J-controlled,John_original,0.593842,22.461718782722848,0.6396420933920933,3.378988252630639,5.52079138377434,1.0816993094650684,0.024793388429752067,0.060504201680672276,28.99294165466502,1.2256980141702774,0.7853128440129454,0.4958677685950413
8RO0_5,8RO1_5,121,J-controlled,Raw,0.593832,22.488529870642978,0.638505426005426,3.421104402748238,5.565679340765108,1.2240211105420298,0.023140495867768597,0.06554621848739496,29.00400545793799,1.2373083145392436,0.7686648350923724,0.49256198347107444
8RO0_5,8RO1_5,121,J-controlled,Simple,0.593242,22.465737685220567,0.6396534671534673,3.381278919045486,5.517541613225986,1.0407918719848877,0.026446280991735537,0.058823529411764705,28.99825702792714,1.241632403477909,0.7895166879861956,0.509090909090909
8RO0_5,8RO1_5,121,Thesis-3T+2D,Geometry,0.535944,12.244415738469039,0.6094991944991945,3.0080268020083185,4.340835491012373,0.9051450268917304,0.009917355371900827,0.025210084033613446,16.103345251540485,0.5238086523448785,0.6485932558007315,0.6016528925619834
8RO0_5,8RO1_5,121,Thesis-3T+2D,John_fixed,0.531664,12.11095422824209,0.6058454595954597,2.961009218575768,4.261679466758894,0.806325105966401,0.008264462809917356,0.02857142857142857,16.091816413022485,0.7243410023002121,0.7743348189385075,0.6247933884297521
8RO0_5,8RO1_5,121,Thesis-3T+2D,John_original,0.521714,12.178286008091325,0.593553536053536,3.002142260624347,4.324788018263929,0.8319312341069669,0.0049586776859504135,0.033613445378151266,16.136258914639136,0.7414664104378806,0.8221636987137424,0.6115702479338843
8RO0_5,8RO1_5,121,Thesis-3T+2D,Raw,0.535046,12.243448949135523,0.6033612671112671,3.0303769930013256,4.355330896708976,1.0557467150236906,0.0049586776859504135,0.03697478991596639,16.09793682303404,0.7246429734835954,0.7536090691643759,0.5983471074380166
8RO0_5,8RO1_5,121,Thesis-3T+2D,Simple,0.535302,12.228501792066528,0.6127170302170303,3.034451692853385,4.351326114230053,0.7204170392129157,0.011570247933884299,0.058823529411764705,16.093581691736652,0.7284022933224523,0.779246448258218,0.6082644628099174
8RO1_5,8RO1_5,112,J-controlled,Geometry,0.513644,21.088478943175332,0.6124114849114849,4.03143182716145,5.968036231895445,1.2456888632129073,0.03214285714285714,0.07636363636363637,27.68278041964229,0.9955026897636976,0.711980565687319,0.5535714285714286
8RO1_5,8RO1_5,112,J-controlled,John_fixed,0.514384,20.740604517481657,0.6067839892839892,3.8477445731597895,5.764847585379038,0.9171667306402733,0.04107142857142857,0.0709090909090909,27.625864779556906,1.2020488702648937,0.791527140863105,0.5714285714285714
8RO1_5,8RO1_5,112,J-controlled,John_original,0.5126440000000001,20.91953422088406,0.613550746050746,3.9621258141558733,5.889228298662723,1.148524626513037,0.03214285714285714,0.07454545454545454,27.640318624239136,1.1979431780478098,0.7614477109307445,0.5571428571428572
8RO1_5,8RO1_5,112,J-controlled,Raw,0.51207,21.101366081965388,0.6129666279666279,4.058699940066811,5.993026371800442,1.3187021697769492,0.03214285714285714,0.07636363636363637,27.68434256631586,1.211046480360957,0.7365027753235396,0.5535714285714286
8RO1_5,8RO1_5,112,J-controlled,Simple,0.512972,21.06946844669596,0.6167020892020891,4.011428712164265,5.939488599790629,1.1380144003921773,0.030357142857142853,0.07454545454545454,27.67975715765985,1.2177989408359626,0.7788531681909723,0.5607142857142857
8RO1_5,8RO1_5,112,Thesis-3T+2D,Geometry,0.502034,11.157815207290025,0.5750663688163689,3.4401935552962266,4.828749678739689,0.9686021393535931,0.0035714285714285713,0.021818181818181816,17.710948433870428,0.47818061724330596,0.6529466996984068,0.6035714285714285
8RO1_5,8RO1_5,112,Thesis-3T+2D,John_fixed,0.498958,10.922991626569805,0.5766470041470042,3.305244653401207,4.6480777655762076,0.8445257893647782,0.0017857142857142857,0.025454545454545452,17.665901959617308,0.5959212969506856,0.7556145981645539,0.6178571428571429
8RO1_5,8RO1_5,112,Thesis-3T+2D,John_original,0.49955,11.047670624387141,0.561786118036118,3.3918011437121662,4.7559045826798165,0.8793565778877991,0.0017857142857142857,0.02727272727272727,17.7409585936714,0.6569841321844418,0.7843087699221278,0.6
8RO1_5,8RO1_5,112,Thesis-3T+2D,Raw,0.500152,11.161771204636514,0.5686406498906499,3.4711560376323236,4.851767967037787,1.1216051905689102,0.0,0.030909090909090907,17.70724009024864,0.635464116432652,0.7504467542891111,0.5892857142857143
8RO1_5,8RO1_5,112,Thesis-3T+2D,Simple,0.501928,11.142184543995352,0.5793163355663355,3.460264441892428,4.833873728759583,0.7995857027069427,0.010714285714285714,0.05272727272727272,17.70503783567121,0.6379225718458913,0.7749682410315623,0.6
8SD0_B,8SD0_B,32,J-controlled,Geometry,0.245542,13.586686856540874,0.541089349718382,6.8329772891687925,10.8270096083596,1.5299231533280164,0.025,0.08666666666666667,5.232966927689711,1.1846690831676374,0.6661787548760538,0.6
8SD0_B,8SD0_B,32,J-controlled,John_fixed,0.222824,12.97919615869911,0.5411674347158218,6.268488331313916,9.951516222379547,1.2032415957700886,0.04375,0.05333333333333333,5.215942621180244,1.4602345614908818,0.768273158738871,0.575
8SD0_B,8SD0_B,32,J-controlled,John_original,0.24184999999999998,13.251757396145674,0.542704813108039,6.5455624436674515,10.364312483814613,1.3461031280016913,0.0375,0.07333333333333333,5.180775160172737,1.495621615348059,0.7042690215155758,0.575
8SD0_B,8SD0_B,32,J-controlled,Raw,0.247182,13.605185711043466,0.5352208141321044,6.857557401522921,10.858205197305839,1.5980348830939173,0.025,0.08666666666666667,5.245210408039951,1.5176082641026927,0.6618972008430577,0.6125
8SD0_B,8SD0_B,32,J-controlled,Simple,0.248432,13.55884922268179,0.5510439068100359,6.807241514396774,10.786092552504906,1.4721226283555566,0.025,0.08,5.220416615933626,1.507975222006515,0.6985653585451936,0.6
8SD0_B,8SD0_B,32,Thesis-3T+2D,Geometry,0.422826,4.9101640677407445,0.7061386328725039,2.4613409490387355,4.291839201984442,0.887921788234711,0.08125,0.03333333333333333,1.3844203275570586,0.34961203987406847,0.2913795640397107,0.8
8SD0_B,8SD0_B,32,Thesis-3T+2D,John_fixed,0.365188,4.930753199826281,0.6990181771633385,2.406823512049919,4.231678735228005,0.7442745760919248,0.075,0.06666666666666667,1.3605208640481947,0.5019027650149366,0.3843064546788219,0.825
8SD0_B,8SD0_B,32,Thesis-3T+2D,John_original,0.40726399999999996,4.890917845405015,0.7021607782898105,2.4331995912080098,4.229088259643262,0.881310470231522,0.0875,0.06,1.3921667903392674,0.3796579756760591,0.3477501749751933,0.825
8SD0_B,8SD0_B,32,Thesis-3T+2D,Raw,0.411304,4.916708947016265,0.7005254736303124,2.498397137147316,4.315093883759681,0.98117695386491,0.1125,0.03333333333333333,1.4267012462965543,0.43684991268154977,0.34868798367815534,0.8125
8SD0_B,8SD0_B,32,Thesis-3T+2D,Simple,0.4169919999999999,4.932823671396722,0.7171915002560164,2.4723920126420813,4.303848040531688,0.6768795555558087,0.06875,0.07333333333333333,1.387857135926374,0.593619702221928,0.37750801025410724,0.8125
8SFP_B,8SFP_B,48,J-controlled,Geometry,0.385652,18.5122379640001,0.656534484034484,5.431718669837688,8.147743816595975,1.7104485985201976,0.04583333333333333,0.08695652173913043,17.424272419287984,1.2813260328853318,0.7994083439632684,0.375
8SFP_B,8SFP_B,48,J-controlled,John_fixed,0.36126,17.924406221217446,0.6440734496984497,4.865075996199851,7.694403117446873,1.2657646284286044,0.04583333333333333,0.06956521739130435,17.58174422748521,1.6253558514529594,0.8652766733377952,0.36666666666666664
8SFP_B,8SFP_B,48,J-controlled,John_original,0.373818,18.1849686642663,0.6507010119510119,5.119917157595291,7.901459643818795,1.4572812880688468,0.041666666666666664,0.07391304347826086,17.46105732320154,1.6565296168390073,0.8369910801572278,0.3833333333333333
8SFP_B,8SFP_B,48,J-controlled,Raw,0.38525200000000004,18.527088779143032,0.6531893569393569,5.461638515471644,8.173187495752291,1.8050682282363255,0.04583333333333333,0.08695652173913043,17.43470113899273,1.6840860822728174,0.7508179470014721,0.36666666666666664
8SFP_B,8SFP_B,48,J-controlled,Simple,0.3827,18.495018171718762,0.6567711223961223,5.4085128250707015,8.123499025225296,1.634493400216551,0.04583333333333333,0.07391304347826086,17.412626242223048,1.6540736079761689,0.7846329203445436,0.35
8SFP_B,8SFP_B,48,Thesis-3T+2D,Geometry,0.503434,6.699070356655466,0.7718131174381174,1.9090077369381206,3.034114836656266,0.8112431974148698,0.0,0.05217391304347826,8.53527672703047,0.4580662739881933,0.5636797800169159,0.31666666666666665
8SFP_B,8SFP_B,48,Thesis-3T+2D,John_fixed,0.483122,6.651258918722914,0.7420479289229289,1.8842373486252284,2.9988696127602408,0.6846306567515196,0.0,0.02608695652173913,8.501868055946213,0.8072884766843702,0.630964610214094,0.3083333333333333
8SFP_B,8SFP_B,48,Thesis-3T+2D,John_original,0.493074,6.645437272243366,0.748877257002257,1.888967615345485,3.0106266708714466,0.6905192044364499,0.0,0.030434782608695653,8.527778468744934,0.8160631040727679,0.6446326789625743,0.3083333333333333
8SFP_B,8SFP_B,48,Thesis-3T+2D,Raw,0.505344,6.72503531173291,0.7664329651829652,1.9363749834872113,3.0639952630356424,0.9078624027631431,0.0,0.05217391304347826,8.529278287134506,0.8485010026296094,0.622047838793295,0.325
8SFP_B,8SFP_B,48,Thesis-3T+2D,Simple,0.49866,6.69793222552982,0.7675267556517558,1.8940776202097402,3.017893011709011,0.73298597536891,0.0,0.04782608695652174,8.538740614571385,0.8289872528541451,0.5883519755500313,0.3083333333333333
8SYK_B,8SYK_B,107,J-controlled,Geometry,0.224138,52.11760609401529,0.3205724991083,7.282904977646686,11.405761004104024,2.0770006086007795,0.03364485981308411,0.060952380952380945,27.531439878732748,0.8822538514317522,0.6722827141213988,0.3177570093457944
8SYK_B,8SYK_B,107,J-controlled,John_fixed,0.21578,51.936842810047644,0.31451707207756774,6.72924232347729,10.87677205165294,1.745777121091497,0.03177570093457944,0.05333333333333333,27.344600861085677,1.2073012000555692,0.6446267277401894,0.3177570093457944
8SYK_B,8SYK_B,107,J-controlled,John_original,0.219096,51.934532828755906,0.31802948587230667,6.907003402722681,11.025761830913373,1.7750246211399383,0.029906542056074764,0.05333333333333333,27.443013612542565,1.2035106408024303,0.64936305702341,0.3214953271028037
8SYK_B,8SYK_B,107,J-controlled,Raw,0.225636,52.1275409397122,0.3139634930955065,7.33017756248437,11.437923202327951,2.2232539240312414,0.03364485981308411,0.06857142857142857,27.54183117096745,1.2334889672021845,0.6124852307561104,0.3252336448598131
8SYK_B,8SYK_B,107,J-controlled,Simple,0.227304,52.11024248341054,0.3193940496751336,7.268626083794404,11.391651673859764,2.0064401413935467,0.03364485981308411,0.05904761904761905,27.524176130572556,1.2144311839366138,0.62128246555202,0.31401869158878504
8SYK_B,8SYK_B,107,Thesis-3T+2D,Geometry,0.23723200000000003,29.561277734053988,0.39309767239262605,4.721488864150986,7.234351304397514,0.9799352006413928,0.014953271028037382,0.05904761904761905,1.1814703741412003,0.5760981650161128,0.7030486799397163,0.4934579439252336
8SYK_B,8SYK_B,107,Thesis-3T+2D,John_fixed,0.23619000000000004,29.538765297616898,0.39006238057591813,4.646009108755108,7.150679282581325,0.833186682780919,0.020560747663551402,0.06666666666666668,1.117252226442885,0.6897969410184696,0.7697382894342434,0.5121495327102804
8SYK_B,8SYK_B,107,Thesis-3T+2D,John_original,0.22760799999999998,29.55090116930637,0.38472641450834544,4.6723431320916,7.178259590142964,0.8270394526960952,0.024299065420560748,0.06285714285714286,1.1332861326654367,0.7067974708997979,0.7917766386784206,0.5196261682242991
8SYK_B,8SYK_B,107,Thesis-3T+2D,Raw,0.238556,29.560014183131635,0.38497083372229407,4.768102508043194,7.2674187088915145,1.1808189720726858,0.02803738317757009,0.06285714285714286,1.1860859176081946,0.6998549554307145,0.7614203182456925,0.5121495327102804
8SYK_B,8SYK_B,107,Thesis-3T+2D,Simple,0.236806,29.561560139384035,0.3953917441157313,4.721128708178812,7.2314188384394615,0.8417041464584678,0.02616822429906542,0.07238095238095238,1.1787650890070076,0.7076186901147945,0.7866392731970375,0.5046728971962617
8T2P_A,8T2P_A,135,J-controlled,Geometry,0.196678,46.923760166413395,0.3185601099457308,7.922895479414583,12.56220034652127,1.8255560700581366,0.05777777777777778,0.07218045112781954,22.909237049438424,1.0680242340206125,0.7959254098373699,0.4503703703703704
8T2P_A,8T2P_A,135,J-controlled,John_fixed,0.19858199999999998,46.64924349139908,0.31716403855130204,7.385027571752981,12.042275559380744,1.4891319469693607,0.07703703703703704,0.05413533834586466,22.90113843730679,1.3782094783230294,0.8360295153267556,0.4414814814814815
8T2P_A,8T2P_A,135,J-controlled,John_original,0.186724,46.657373616605504,0.31671055406263526,7.424465015892251,12.083383015170583,1.517828685795102,0.07407407407407408,0.05263157894736842,22.89272840714532,1.390632316293454,0.8365920475994912,0.4503703703703704
8T2P_A,8T2P_A,135,J-controlled,Raw,0.19262,46.93456329787847,0.3133147004389436,7.975143112851066,12.598683489965497,1.958684996008324,0.057777777777777775,0.07669172932330827,22.91943246634065,1.4585823961475934,0.7734205604213369,0.4562962962962963
8T2P_A,8T2P_A,135,J-controlled,Simple,0.196126,46.91539847042985,0.32130310791655825,7.904137139312775,12.54369292820038,1.7620612236379238,0.05185185185185185,0.06917293233082707,22.901983818339506,1.4368931208546267,0.787922197618246,0.44740740740740736
8T2P_A,8T2P_A,135,Thesis-3T+2D,Geometry,0.23347600000000002,35.6187486387047,0.37600158197750216,4.292066137838962,7.04301369310825,1.3171802394283014,0.04148148148148148,0.03458646616541353,17.0234356322406,0.5942642680197718,0.7047010947916555,0.5096296296296297
8T2P_A,8T2P_A,135,Thesis-3T+2D,John_fixed,0.23614799999999997,35.43953778533038,0.3770531924225681,4.159180632275694,6.91637362304395,1.0916384525966525,0.04,0.0556390977443609,16.907338570822507,0.8337458402846138,0.8277811155202037,0.5155555555555555
8T2P_A,8T2P_A,135,Thesis-3T+2D,John_original,0.226492,35.44229701170042,0.36727410655061155,4.22410142221147,6.976108246090054,1.0771000900953795,0.034074074074074076,0.05413533834586466,16.928989795825494,0.8294733380747639,0.8958522757584213,0.5096296296296297
8T2P_A,8T2P_A,135,Thesis-3T+2D,Raw,0.23603800000000003,35.60527664998814,0.36853672504793933,4.336516105546875,7.069581393010951,1.4980729987244337,0.05185185185185185,0.03759398496240601,17.01037577561525,0.7634831121686666,0.788018359717726,0.5066666666666666
8T2P_A,8T2P_A,135,Thesis-3T+2D,Simple,0.237388,35.6179046388711,0.3850028306702026,4.312428042044381,7.057439539690707,1.1051271509071872,0.03259259259259259,0.05714285714285714,17.02005118871189,0.872296070929171,0.8451089013504876,0.5214814814814815
8T2P_B,8T2P_B,152,J-controlled,Geometry,0.22142,45.545610346793396,0.3529795127925322,7.7480833202622055,12.634697891962219,1.8022390143330682,0.04473684210526315,0.07733333333333334,20.145205022808526,1.0652141163961828,0.8405641307572967,0.4631578947368421
8T2P_B,8T2P_B,152,J-controlled,John_fixed,0.216724,45.552295322442106,0.3472797028768875,7.231603981734638,12.05849103638586,1.47285678910068,0.05789473684210526,0.06266666666666668,20.25178875891753,1.3299273506172546,0.8633838970698322,0.4473684210526316
8T2P_B,8T2P_B,152,J-controlled,John_original,0.21863000000000002,45.55623415391927,0.34895154689267244,7.267957971060322,12.104112897628179,1.4978337384884126,0.055263157894736833,0.06266666666666668,20.22516964537727,1.3383971584007974,0.8670568111079489,0.4473684210526316
8T2P_B,8T2P_B,152,J-controlled,Raw,0.213306,45.555244496155105,0.3448214964896441,7.799348197956799,12.673651901672816,1.9486369711823692,0.047368421052631574,0.08,20.154613251167962,1.4401102995585433,0.8198289509624775,0.4631578947368421
8T2P_B,8T2P_B,152,J-controlled,Simple,0.21344,45.53770963301813,0.3536229876238991,7.727501376315797,12.613461721403846,1.731634253908909,0.046052631578947366,0.076,20.13847480121792,1.4196118972296126,0.8319587762532169,0.4605263157894736
8T2P_B,8T2P_B,152,Thesis-3T+2D,Geometry,0.379004,44.97487128265753,0.5805478067477645,3.955604530060536,6.977310508810308,0.9616447837411979,0.022368421052631576,0.028000000000000004,25.816684733391035,0.4941017702870085,0.6961797268222083,0.5052631578947369
8T2P_B,8T2P_B,152,Thesis-3T+2D,John_fixed,0.377946,44.95671826815803,0.5687266789337095,3.8789421393285473,6.880896531513703,0.8206594407101984,0.027631578947368417,0.037333333333333336,25.85234329490918,1.029628497566152,0.7702891539701124,0.5263157894736843
8T2P_B,8T2P_B,152,Thesis-3T+2D,John_original,0.37991600000000003,44.964997902334616,0.5654438012407857,3.9155640073931224,6.912514483262929,0.7700065373780831,0.02894736842105263,0.04266666666666667,25.861493786300866,1.0421840176901385,0.7682621367922744,0.5052631578947369
8T2P_B,8T2P_B,152,Thesis-3T+2D,Raw,0.377096,44.96194500185053,0.5695465735038842,3.987750647367135,6.989031632567941,1.1111904920633515,0.03421052631578947,0.03333333333333334,25.839322549756965,0.9745102837154238,0.7592482142358771,0.5157894736842106
8T2P_B,8T2P_B,152,Thesis-3T+2D,Simple,0.379488,44.9799125540025,0.58538643598138,3.996248578357451,6.989968063863115,0.8021975919254893,0.022368421052631576,0.048,25.82695438488767,1.0187086917037755,0.7843874918562391,0.4947368421052632
8T5O_A,8SYK_B,124,J-controlled,Geometry,0.198686,37.26367700878012,0.28426605375599184,5.231884982017684,9.063356225637751,1.451333623537856,0.03870967741935484,0.06885245901639345,8.185500135138232,0.7655356596166509,0.6148464872957914,0.4129032258064516
8T5O_A,8SYK_B,124,J-controlled,John_fixed,0.204414,37.21425777653828,0.28679231176986597,5.044599246801913,8.89862436460409,1.16853507767765,0.04677419354838709,0.05901639344262295,8.2003433725836,0.9399515004750407,0.6980295336494966,0.4225806451612903
8T5O_A,8SYK_B,124,J-controlled,John_original,0.20554999999999998,37.21581769001836,0.28658079160981637,5.047057731648686,8.902021289373057,1.1759875505801118,0.04516129032258064,0.06229508196721312,8.186297512753846,0.9402787607123922,0.6924601101726207,0.4225806451612903
8T5O_A,8SYK_B,124,J-controlled,Raw,0.20275400000000002,37.26821054487531,0.28113171628845,5.274152398230052,9.088747703582142,1.5822516941058689,0.035483870967741936,0.07213114754098361,8.192829116489715,0.9965327565876784,0.6287952980538745,0.4032258064516129
8T5O_A,8SYK_B,124,J-controlled,Simple,0.194126,37.261592230959636,0.28600930734715563,5.219370632850195,9.049738467478353,1.3879860000162112,0.04032258064516129,0.07049180327868852,8.180705402300925,0.9882911061144635,0.6517126792198845,0.4096774193548387
8T5O_A,8SYK_B,124,Thesis-3T+2D,Geometry,0.273992,30.965128224789186,0.36799557515230885,4.665640987512344,8.196886976201275,1.1272965686510994,0.01129032258064516,0.05737704918032786,4.548397446116888,0.5305075390915555,0.5804190028044452,0.5451612903225806
8T5O_A,8SYK_B,124,Thesis-3T+2D,John_fixed,0.26867399999999997,30.936574906134393,0.3648880530273719,4.490360279391389,8.053420216295908,0.9251658141843269,0.014516129032258063,0.05573770491803278,4.535966498951794,0.6414818670691071,0.6825734972246856,0.5645161290322581
8T5O_A,8SYK_B,124,Thesis-3T+2D,John_original,0.264032,30.960001830838035,0.3543477376565612,4.5510322266443275,8.112561372332816,0.9211297736951962,0.016129032258064516,0.05737704918032786,4.541792550798144,0.6652522872722842,0.7141050931857073,0.5741935483870968
8T5O_A,8SYK_B,124,Thesis-3T+2D,Raw,0.277656,30.965472287409703,0.3623060727735651,4.710878582186163,8.21971000309583,1.3049809208684944,0.016129032258064516,0.06229508196721312,4.54062295267264,0.6476644624724652,0.6498310916170331,0.5354838709677419
8T5O_A,8SYK_B,124,Thesis-3T+2D,Simple,0.279354,30.968917363915995,0.37004730805659597,4.662085417731108,8.191863252478122,1.0057209518914887,0.00967741935483871,0.060655737704918035,4.542871362319086,0.651993225943367,0.6707963799259135,0.5419354838709677
8TUX_R,8TUX_R,95,J-controlled,Geometry,0.195364,34.91656361882208,0.2916974959165361,8.3322690785309,13.898969090045208,1.7059594464258852,0.031578947368421054,0.0924731182795699,12.678684093164057,0.9671767023293206,0.776093519071414,0.49684210526315786
8TUX_R,8TUX_R,95,J-controlled,John_fixed,0.186362,34.65355426437152,0.29348539944747376,7.83291920140538,13.344587636060364,1.412659755963707,0.03368421052631579,0.07311827956989247,12.689753206076006,1.2221145779772618,0.8353437241921433,0.5136842105263157
8TUX_R,8TUX_R,95,J-controlled,John_original,0.192754,34.66362370070806,0.2928927659887412,7.8669935782029885,13.380595884230308,1.4372500315025543,0.03789473684210526,0.07311827956989247,12.682290232283801,1.2439315028642333,0.8381539825241647,0.5094736842105263
8TUX_R,8TUX_R,95,J-controlled,Raw,0.190564,34.93061215911861,0.28469442356748853,8.382068982399034,13.92789351491795,1.8567329113144002,0.035789473684210524,0.0946236559139785,12.681506595189969,1.3053597570098436,0.7684920832949483,0.5010526315789473
8TUX_R,8TUX_R,95,J-controlled,Simple,0.189814,34.91007807332745,0.2947158770022547,8.316679101916618,13.883448069233989,1.6307644813612907,0.031578947368421054,0.09032258064516129,12.67707533962051,1.2878958239061107,0.7851370013035951,0.5052631578947369
8TUX_R,8TUX_R,95,Thesis-3T+2D,Geometry,0.199706,24.41699422403597,0.4021733345773594,5.243840103592113,8.999767794497926,1.1869111993997832,0.05052631578947368,0.040860215053763436,3.866849112435289,0.6284874773973257,0.6740057752471399,0.6147368421052632
8TUX_R,8TUX_R,95,Thesis-3T+2D,John_fixed,0.197542,24.28238705630463,0.4008191571929962,5.100343786575295,8.828075749423096,1.0041858311519642,0.031578947368421054,0.06881720430107527,3.871628800767507,0.7463723363374605,0.7528514057976621,0.6189473684210526
8TUX_R,8TUX_R,95,Thesis-3T+2D,John_original,0.187724,24.345059652776374,0.3909618639874058,5.14686487767282,8.8909167843694,0.9740518743720996,0.035789473684210524,0.07741935483870968,3.8687294807782515,0.7847411089025134,0.7989833562292408,0.6063157894736843
8TUX_R,8TUX_R,95,Thesis-3T+2D,Raw,0.19640200000000002,24.405875292931032,0.38730867644567335,5.29297934335348,9.020969657904727,1.3974316815301768,0.05894736842105262,0.040860215053763436,3.861547086010566,0.7735879961199086,0.7568353856057909,0.6105263157894737
8TUX_R,8TUX_R,95,Thesis-3T+2D,Simple,0.191906,24.42511628977,0.40982612760476533,5.273168414881114,9.007489775946341,0.9800087181128273,0.035789473684210524,0.06451612903225806,3.8588726068465418,0.858491636678858,0.7791315746139,0.6189473684210526
8TVZ_C,8TVZ_C,363,J-controlled,Geometry,0.173184,59.84101629378972,0.27180085100785767,7.9459656445957645,13.200648557857983,1.850045026115757,0.06005509641873279,0.08365650969529086,19.49959162269943,1.0299277164303167,0.7698313871252701,0.5487603305785124
8TVZ_C,8TVZ_C,363,J-controlled,John_fixed,0.1743,59.75943964134841,0.2651152049231072,7.412941672146109,12.649262987091564,1.5310859703332604,0.0721763085399449,0.06814404432132963,19.621425323783118,1.3448568161075438,0.8245871760126116,0.5498622589531681
8TVZ_C,8TVZ_C,363,J-controlled,John_original,0.168452,59.76144749773325,0.26484567224472666,7.392285163750243,12.629838129421874,1.5157292014106676,0.07382920110192838,0.06759002770083103,19.633731282767815,1.33894536162869,0.8291703500789309,0.5465564738292011
8TVZ_C,8TVZ_C,363,J-controlled,Raw,0.16622399999999998,59.84779174785933,0.26808900771214184,7.991692235711312,13.232041379826612,1.9747519491900405,0.05950413223140496,0.08698060941828255,19.50456580650542,1.4139790360385647,0.7231730124347799,0.5509641873278237
8TVZ_C,8TVZ_C,363,J-controlled,Simple,0.178704,59.83645597650725,0.2719148863453576,7.932811470585092,13.186229207498775,1.801090813810348,0.05895316804407713,0.08531855955678672,19.49658952550798,1.3946670156903118,0.7384878854074876,0.5443526170798898
8TVZ_C,8TVZ_C,363,Thesis-3T+2D,Geometry,0.262552,40.97330500622145,0.410226131755108,3.9599424290202068,6.9767483712089176,1.1601517562523505,0.06336088154269973,0.03656509695290859,9.15909376462991,0.5253265997941969,0.6245454171389311,0.6280991735537189
8TVZ_C,8TVZ_C,363,Thesis-3T+2D,John_fixed,0.25949,40.94461578263066,0.40806446520049866,3.842763669007433,6.858759760040594,0.9778040516188874,0.057851239669421496,0.06094182825484764,9.115463050081335,0.7245117785443796,0.7196551874332646,0.6457300275482093
8TVZ_C,8TVZ_C,363,Thesis-3T+2D,John_original,0.260236,40.945696373915055,0.3864918972749461,3.900266853944855,6.918466882717811,0.9362062135194208,0.05619834710743802,0.06149584487534626,9.129182911891188,0.7501637814025466,0.7573661176241009,0.6314049586776859
8TVZ_C,8TVZ_C,363,Thesis-3T+2D,Raw,0.259954,40.96857635401619,0.40445527165513323,4.008309554474747,7.001023255560279,1.35832916505549,0.0743801652892562,0.04265927977839335,9.151048894492195,0.6614926155304552,0.6805918359566699,0.6269972451790633
8TVZ_C,8TVZ_C,363,Thesis-3T+2D,Simple,0.260502,40.976228239007135,0.41688074550263077,3.9866590106836357,6.994405042332289,0.9509411179625327,0.05344352617079891,0.06204986149584487,9.159847364002319,0.7591759591455194,0.7260722365877701,0.6402203856749311
8UB9_I,8UB9_I,140,J-controlled,Geometry,0.180454,37.99261098503969,0.3372007179911592,6.71655501012209,10.347233987879347,1.664188749091171,0.055714285714285716,0.07536231884057971,11.21442069511605,0.9496915386034448,0.7238234528478157,0.49142857142857144
8UB9_I,8UB9_I,140,J-controlled,John_fixed,0.178422,37.84620031440554,0.33165499181922764,6.376295247620785,9.981637493266193,1.3775106619264648,0.058571428571428566,0.06086956521739131,11.350054237027681,1.2232861220262448,0.7757854935594313,0.48571428571428565
8UB9_I,8UB9_I,140,J-controlled,John_original,0.17671399999999998,37.84659016741888,0.3318036904566557,6.38064171881244,9.98643617325428,1.3799962029224466,0.058571428571428566,0.06086956521739131,11.343280527627943,1.2230629316972434,0.7736888984221201,0.48571428571428565
8UB9_I,8UB9_I,140,J-controlled,Raw,0.17797000000000002,37.999224025599666,0.33275808144630464,6.757043685435778,10.378411320240916,1.793042982022372,0.05285714285714286,0.0782608695652174,11.223509291982882,1.3013792689734693,0.6850312932243767,0.4885714285714286
8UB9_I,8UB9_I,140,J-controlled,Simple,0.178226,37.987386435245426,0.33766725800718084,6.705991865529002,10.336449801110831,1.6047396806150833,0.054285714285714284,0.07391304347826086,11.20884441933831,1.2930983355476044,0.7108798436366183,0.49428571428571433
8UB9_I,8UB9_I,140,Thesis-3T+2D,Geometry,0.20623399999999997,38.287519696774815,0.3586366977004031,4.781107700753305,7.737274910695893,1.1451776859768752,0.018571428571428572,0.04927536231884058,5.008832508750586,0.6356446292537071,0.7421561193972745,0.5542857142857143
8UB9_I,8UB9_I,140,Thesis-3T+2D,John_fixed,0.205858,38.23004145362546,0.3597981157383279,4.703520295900006,7.656813383818839,0.9902441539606052,0.024285714285714285,0.057971014492753624,4.949350111845151,0.8394612945620696,0.85961622959508,0.5742857142857143
8UB9_I,8UB9_I,140,Thesis-3T+2D,John_original,0.20718,38.22531206741845,0.35775907785159233,4.760414954351213,7.724253540368201,0.9009427933373617,0.027142857142857142,0.06666666666666668,4.957409277424302,0.9000008855602892,0.9132036389939124,0.5657142857142856
8UB9_I,8UB9_I,140,Thesis-3T+2D,Raw,0.203836,38.27967506385805,0.3483363258272853,4.8140318342759345,7.7544408508675975,1.3647886224451584,0.012857142857142859,0.053623188405797106,5.015524994498785,0.8053205690307921,0.8157088681001987,0.5657142857142856
8UB9_I,8UB9_I,140,Thesis-3T+2D,Simple,0.204478,38.28729912654579,0.3659215181783287,4.77668022969368,7.72861523345519,0.9915624846910465,0.02,0.06811594202898551,5.010757373979514,0.8319331963297447,0.8468704704145024,0.5542857142857143
8UIW_N,8UIW_N,128,J-controlled,Geometry,0.18813,36.218120576022045,0.2950254117226566,6.646182551167132,11.087360415729865,1.6599367525624733,0.040625,0.09047619047619046,9.68833381552885,0.9741200741788674,0.7754199059100576,0.45
8UIW_N,8UIW_N,128,J-controlled,John_fixed,0.17960199999999998,36.07737894933338,0.2922609361151159,6.212065920952628,10.62408107415357,1.3205482961550985,0.0515625,0.073015873015873,9.69469820256045,1.236494326132599,0.8334332017813451,0.45
8UIW_N,8UIW_N,128,J-controlled,John_original,0.182572,36.07533865921731,0.29216724750130035,6.200582204010173,10.612932307867188,1.3048019600348713,0.053125,0.07142857142857142,9.69503249106642,1.2331988994188174,0.836523245601064,0.45625
8UIW_N,8UIW_N,128,J-controlled,Raw,0.177168,36.230801822206594,0.2893127431832386,6.702939867122562,11.126040249801656,1.8175713085595824,0.0390625,0.09047619047619046,9.700200055667485,1.287341891522648,0.7510998863509002,0.446875
8UIW_N,8UIW_N,128,J-controlled,Simple,0.177616,36.21007282898981,0.2982036055566086,6.629638613563998,11.068615181581777,1.5971516821335296,0.0390625,0.08888888888888888,9.681890783596579,1.2686019987888628,0.7659321653127507,0.45625
8UIW_N,8UIW_N,128,Thesis-3T+2D,Geometry,0.250706,35.83689746886808,0.3877933858488154,5.113979525121525,8.326225437133896,1.2298040614222503,0.0515625,0.04603174603174603,9.104801367493721,0.6120388326832005,0.6682426354646391,0.49375
8UIW_N,8UIW_N,128,Thesis-3T+2D,John_fixed,0.24630000000000002,35.736387800014754,0.3855329608434052,4.891363479243845,8.10973822551079,1.0267507332456662,0.065625,0.06984126984126984,9.042485087485124,0.9121420111872552,0.7573227674968445,0.51875
8UIW_N,8UIW_N,128,Thesis-3T+2D,John_original,0.245614,35.738361520903624,0.37521097509926055,4.9142457040073335,8.135035874341357,0.9729505840554908,0.0640625,0.06825396825396826,9.039290677341864,0.9214388755541677,0.7770314669655773,0.515625
8UIW_N,8UIW_N,128,Thesis-3T+2D,Raw,0.24926399999999999,35.82260529284663,0.38028429562191945,5.1615924948873575,8.342840184505583,1.4742863581246162,0.09375,0.047619047619047616,9.103455242242244,0.8271309625957807,0.7162239503760144,0.496875
8UIW_N,8UIW_N,128,Thesis-3T+2D,Simple,0.25213,35.82146518099611,0.39123108272806617,5.1383529493151485,8.334188713017058,1.0696421834731822,0.053125,0.07142857142857142,9.117723203880024,0.8945749858842811,0.7617911316877006,0.50625
8UMF_B,8UMF_B,131,J-controlled,Geometry,0.307398,40.03931027795245,0.3937883382062277,7.163768495058848,11.616107813585838,1.9427881455211975,0.027480916030534354,0.07751937984496124,18.20311189962809,0.8476101154431047,0.6893732319357982,0.3297709923664122
8UMF_B,8UMF_B,131,J-controlled,John_fixed,0.311078,39.94029916322441,0.3809382707221761,6.739018975009661,11.179373185759024,1.5839368645797518,0.0366412213740458,0.06356589147286822,18.240679268023438,1.0921401211344999,0.7267068763218094,0.33587786259541985
8UMF_B,8UMF_B,131,J-controlled,John_original,0.311186,39.9372873501636,0.38147687382816786,6.746071863649067,11.186508562395705,1.5907415016362303,0.03969465648854962,0.06356589147286822,18.23556981717772,1.0944625093357456,0.7212784924721365,0.33282442748091606
8UMF_B,8UMF_B,131,J-controlled,Raw,0.305568,40.05032415320686,0.38870567483693713,7.208102783691473,11.651393930542024,2.0900168113571214,0.027480916030534354,0.07906976744186046,18.213526744098118,1.1626580376897375,0.6724667885690858,0.3419847328244275
8UMF_B,8UMF_B,131,J-controlled,Simple,0.306898,40.032620661482255,0.39413697899889144,7.151200692248201,11.601086048555391,1.8737743714084214,0.027480916030534354,0.07751937984496124,18.19674866690226,1.135846011262645,0.6764557931034114,0.32671755725190843
8UMF_B,8UMF_B,131,Thesis-3T+2D,Geometry,0.27903599999999995,28.90610453224566,0.469764500567791,4.043486884075307,6.522195419830797,1.2094855297534406,0.0366412213740458,0.05116279069767442,7.693218578616838,0.5319734509445347,0.6023941411419702,0.4519083969465649
8UMF_B,8UMF_B,131,Thesis-3T+2D,John_fixed,0.270254,28.8089270866676,0.4702332332444369,3.913124685018494,6.398644423651698,1.0036037330262058,0.05038167938931297,0.07131782945736434,7.547444391804241,0.7061808404186499,0.6823771489067385,0.4519083969465648
8UMF_B,8UMF_B,131,Thesis-3T+2D,John_original,0.258236,28.840356684611542,0.4601981444498012,3.950987953322477,6.450301997018538,1.0087388920209743,0.05038167938931297,0.06821705426356589,7.558361700449936,0.7095086117998068,0.7344657507589082,0.4488549618320611
8UMF_B,8UMF_B,131,Thesis-3T+2D,Raw,0.277364,28.87295600344148,0.4618357938891643,4.087659963791624,6.545597872101139,1.4152992259544133,0.06259541984732825,0.05271317829457365,7.673850699282428,0.6670805456328605,0.6653935681161836,0.4458015267175572
8UMF_B,8UMF_B,131,Thesis-3T+2D,Simple,0.278696,28.876734431687424,0.4787798081613167,4.07788643961659,6.54472134779365,1.0079497031110227,0.04122137404580152,0.08217054263565891,7.683754129988581,0.7450534428532265,0.6821937652877019,0.4519083969465648
8UO6_B,8UO6_B,134,J-controlled,Geometry,0.46454199999999995,48.29040660596625,0.4948038140666302,8.840730827089624,15.3355331032338,2.1883332898711734,0.02835820895522388,0.0590909090909091,30.23308328972765,1.0767938251875937,0.7687685797206143,0.5104477611940299
8UO6_B,8UO6_B,134,J-controlled,John_fixed,0.45811599999999997,48.126012715086105,0.4707335069218737,8.229070031191295,14.605807097851983,1.8762900957220292,0.04477611940298507,0.048484848484848485,30.31818601186138,1.4630807385661193,0.7384616342418628,0.5044776119402985
8UO6_B,8UO6_B,134,J-controlled,John_original,0.460762,48.12246376674757,0.4799570714414463,8.387597935119175,14.800073867330406,1.9995132182061823,0.0373134328358209,0.051515151515151514,30.247731747189498,1.4794892681477423,0.7291378744529029,0.5014925373134329
8UO6_B,8UO6_B,134,J-controlled,Raw,0.464642,48.3027446943384,0.4933273006021537,8.868160778695453,15.358572600170977,2.2953537096817045,0.03134328358208955,0.06212121212121212,30.24267380183837,1.509858124357502,0.6863614799544143,0.5044776119402985
8UO6_B,8UO6_B,134,J-controlled,Simple,0.466238,48.27943113651714,0.49424193167173797,8.831432091393612,15.31967651027872,2.1129129972911262,0.025373134328358204,0.0590909090909091,30.22389308539142,1.4922604061207623,0.6911297193930952,0.5104477611940299
8UO6_B,8UO6_B,134,Thesis-3T+2D,Geometry,0.557172,17.29599701313067,0.6646525004518639,2.8172217111613365,4.859053587676316,1.0598059580581245,0.08059701492537313,0.04393939393939394,9.939441740732443,0.5882009990899383,0.6893440203794258,0.6597014925373135
8UO6_B,8UO6_B,134,Thesis-3T+2D,John_fixed,0.550948,17.247826517521226,0.6449110399172172,2.775132254187567,4.805872885567879,0.8720242453612919,0.0791044776119403,0.07575757575757576,9.907190086380357,0.853816608805718,0.797966384617637,0.7074626865671642
8UO6_B,8UO6_B,134,Thesis-3T+2D,John_original,0.5509299999999999,17.295642873957924,0.6431635013665555,2.8250741305262297,4.867963556390334,0.9733040920129454,0.091044776119403,0.07121212121212121,9.926411261883377,0.8031320381269749,0.7915025176211856,0.6835820895522388
8UO6_B,8UO6_B,134,Thesis-3T+2D,Raw,0.556152,17.298911342485987,0.6612026921750194,2.842583376142566,4.877825989066206,1.2227909299565005,0.11940298507462685,0.046969696969696974,9.934304445690248,0.7254279235702898,0.7568105753362145,0.6746268656716418
8UO6_B,8UO6_B,134,Thesis-3T+2D,Simple,0.557232,17.310954295316474,0.6661943294046615,2.858578023933163,4.8965267107760635,0.8279345348414427,0.06119402985074627,0.07727272727272727,9.933456430156928,0.8142904575881232,0.7794848049099509,0.6626865671641792
8URQ_D,8URQ_D,31,J-controlled,Geometry,0.135596,24.64436994062216,0.2330286335528271,6.540284966788303,11.523642662063214,1.313243124676143,0.01935483870967742,0.06206896551724138,9.270425571481402,0.8523989207867885,0.6021257368662936,0.12903225806451613
8URQ_D,8URQ_D,31,J-controlled,John_fixed,0.123014,24.26924075361089,0.23144880656977432,6.064117983818529,10.92690814309874,1.0333558982448918,0.025806451612903226,0.04827586206896552,9.138796896038896,1.1976010133669939,0.7016294776631944,0.15483870967741936
8URQ_D,8URQ_D,31,J-controlled,John_original,0.12657400000000002,24.30481245507021,0.2312532494387333,6.1246955164656205,10.994573740265459,1.0772755942144288,0.03225806451612903,0.05517241379310345,9.143271951220063,1.202264407789239,0.6814815321518879,0.15483870967741936
8URQ_D,8URQ_D,31,J-controlled,Raw,0.137322,24.651517983865723,0.23235526122622896,6.565912661293223,11.54313301082766,1.4195190088625946,0.01935483870967742,0.06206896551724138,9.277201023097158,1.2574902427084618,0.5940982437223477,0.14193548387096774
8URQ_D,8URQ_D,31,J-controlled,Simple,0.128496,24.631419001302532,0.23021658001496714,6.529422500817239,11.508590072515341,1.2509773616887567,0.01935483870967742,0.06896551724137931,9.265830777485597,1.2370214860500095,0.6313920902850229,0.12903225806451613
8URQ_D,8URQ_D,31,Thesis-3T+2D,Geometry,0.168458,7.955372702860721,0.43806827133440035,3.735360291989231,6.187201022253854,1.2349107111212057,0.0903225806451613,0.027586206896551724,1.4675890642024711,0.3994592434583648,0.5213217969692492,0.6064516129032258
8URQ_D,8URQ_D,31,Thesis-3T+2D,John_fixed,0.17446,7.994111510807139,0.4412000096677516,3.627476980316751,6.196000889721307,0.9900838113517562,0.08387096774193549,0.06896551724137931,1.4369311812578711,0.6531307387631902,0.5925215801546291,0.6580645161290323
8URQ_D,8URQ_D,31,Thesis-3T+2D,John_original,0.175128,8.014850023643598,0.4378383847335461,3.6635094892228066,6.213499989567733,1.0796133261656484,0.07741935483870968,0.06206896551724138,1.4664731697971138,0.5973389410991155,0.6024715411568675,0.6451612903225807
8URQ_D,8URQ_D,31,Thesis-3T+2D,Raw,0.169122,7.967738749359876,0.44037530569788635,3.7712060143587345,6.224672660447132,1.3413423185650752,0.0967741935483871,0.04137931034482759,1.492422028516626,0.624840436780544,0.562302783023728,0.6064516129032258
8URQ_D,8URQ_D,31,Thesis-3T+2D,Simple,0.165052,8.007308565191847,0.4411252546736417,3.838965792983781,6.285239364840663,0.9100170233452939,0.07741935483870968,0.07586206896551724,1.4629504835975162,0.8921616421899383,0.6338028225233877,0.6193548387096774
8UZB_B,8UZB_B,107,J-controlled,Geometry,0.43957199999999996,26.939067684556925,0.47984886315047115,5.590163291152292,8.621356203837593,1.375584266133772,0.03177570093457944,0.07238095238095238,10.736159893152967,0.8580301827078125,0.7000931800865513,0.497196261682243
8UZB_B,8UZB_B,107,J-controlled,John_fixed,0.437542,26.783845930594804,0.4757228481005281,5.268857254599299,8.31276200242426,1.1418952544599172,0.041121495327102804,0.05904761904761905,10.73970664843864,1.061153571173662,0.7680192686299907,0.4785046728971962
8UZB_B,8UZB_B,107,J-controlled,John_original,0.437692,26.790892515042486,0.4764076684036139,5.294432371429125,8.336546771229134,1.1596311811876916,0.037383177570093455,0.06285714285714286,10.734565213982851,1.0601633191661997,0.7645450115848862,0.47476635514018695
8UZB_B,8UZB_B,107,J-controlled,Raw,0.439706,26.94712466725486,0.47249620977184204,5.6299248423307615,8.651047969678396,1.513311826631412,0.03177570093457944,0.07428571428571429,10.740849038146644,1.1057827449174995,0.7010493688892011,0.4934579439252336
8UZB_B,8UZB_B,107,J-controlled,Simple,0.438774,26.93267575363682,0.47811742156505765,5.584702093756002,8.612001713410267,1.3097507053296584,0.03364485981308411,0.07619047619047618,10.73292685073668,1.0978697254070127,0.7181450038450563,0.4934579439252336
8UZB_B,8UZB_B,107,Thesis-3T+2D,Geometry,0.293288,28.144762902366484,0.505885118371031,4.722644301020354,7.629227338960793,1.3554383296208192,0.011214953271028037,0.03809523809523809,11.405780031619328,0.4438206892396998,0.5800198128563769,0.38878504672897196
8UZB_B,8UZB_B,107,Thesis-3T+2D,John_fixed,0.29284,28.060630158948367,0.49760585537179824,4.505794065090479,7.405670218972782,1.1533688732388396,0.005607476635514018,0.04380952380952381,11.280426492801016,0.5442962471289292,0.6462714990610429,0.39626168224299063
8UZB_B,8UZB_B,107,Thesis-3T+2D,John_original,0.298692,28.116723211832152,0.4865047849575749,4.578083154540416,7.474944101755947,1.174978492668746,0.007476635514018691,0.03809523809523809,11.31276567148969,0.5472903937519337,0.6721267351275358,0.4037383177570093
8UZB_B,8UZB_B,107,Thesis-3T+2D,Raw,0.29206000000000004,28.134857651157596,0.4937557485196985,4.762846987691942,7.654257658663065,1.5299171151766136,0.011214953271028037,0.04,11.399462682675367,0.5422569906903283,0.6252220720143586,0.4037383177570093
8UZB_B,8UZB_B,107,Thesis-3T+2D,Simple,0.294278,28.140468149912103,0.5189357398679141,4.736565408841374,7.632846263395244,1.2044066642226903,0.01308411214953271,0.049523809523809526,11.40249696117533,0.5857567506948884,0.6479742907802921,0.3887850467289719
8VCI_A,8VCI_A,118,J-controlled,Geometry,0.200624,38.55046454772916,0.2973343411321461,6.704844021161468,11.122685788329274,1.5123931854781296,0.0423728813559322,0.06724137931034482,11.739766668777671,1.0049820156706075,0.812578629046887,0.5288135593220339
8VCI_A,8VCI_A,118,J-controlled,John_fixed,0.20655199999999999,38.56724999325599,0.2973290046814582,6.37050004143197,10.798613176538232,1.2107625085975093,0.05084745762711864,0.05517241379310345,11.762558375655702,1.2703717554966505,0.8519815042532182,0.5322033898305085
8VCI_A,8VCI_A,118,J-controlled,John_original,0.207254,38.56803197225166,0.29780043304285797,6.377620739628345,10.805772061890233,1.2360340834878731,0.04745762711864407,0.05517241379310345,11.766657998540003,1.270962058161468,0.8418507845239969,0.5254237288135594
8VCI_A,8VCI_A,118,J-controlled,Raw,0.20013,38.56212476484086,0.2933756455998425,6.750222087975539,11.155325834763493,1.6498525466399596,0.04067796610169492,0.06724137931034482,11.751976877096652,1.3213025109309828,0.7963244195307402,0.5220338983050847
8VCI_A,8VCI_A,118,J-controlled,Simple,0.2097,38.54398314493232,0.30041991786708727,6.684810527500135,11.105086430040362,1.4315203329705906,0.0423728813559322,0.06724137931034482,11.732797402038173,1.295510927334674,0.8037007411325755,0.5254237288135594
8VCI_A,8VCI_A,118,Thesis-3T+2D,Geometry,0.23750400000000002,36.77561027333736,0.4678740878584284,4.3789194815600245,7.80632052900029,0.8431481422692235,0.01694915254237288,0.01896551724137931,14.722876160131468,0.48310577278280303,0.602386187500151,0.6033898305084746
8VCI_A,8VCI_A,118,Thesis-3T+2D,John_fixed,0.23947000000000002,36.7433203092947,0.4626858221518127,4.355532229437992,7.774423209476505,0.7461750478634486,0.02033898305084746,0.029310344827586203,14.745525918252469,0.826826630450954,0.7518382518667773,0.6271186440677966
8VCI_A,8VCI_A,118,Thesis-3T+2D,John_original,0.242854,36.76640737431408,0.45561143089923595,4.382575466875542,7.809070522037109,0.74093239230901,0.01864406779661017,0.025862068965517244,14.74735278084987,0.8332651135414434,0.7735709192198638,0.6033898305084746
8VCI_A,8VCI_A,118,Thesis-3T+2D,Raw,0.238976,36.75981705144845,0.4607825485857287,4.40251101047995,7.810828070458717,0.9508417816352779,0.023728813559322035,0.020689655172413796,14.722572446807721,0.8188641851559844,0.7147710392165038,0.6101694915254237
8VCI_A,8VCI_A,118,Thesis-3T+2D,Simple,0.244178,36.78432540925478,0.4757674231350215,4.424215085487465,7.82797183949552,0.6845202907473192,0.0288135593220339,0.03793103448275863,14.732183993960025,0.8746906903163554,0.7472815523562951,0.6135593220338983
8W2Z_B,8W2Z_B,158,J-controlled,Geometry,0.256752,47.03714649743716,0.32691493006256406,7.03106729734549,11.192500728643662,2.1813859706236287,0.04556962025316456,0.07692307692307691,28.149066488449563,0.9878868245824364,0.7430569698277381,0.3670886075949367
8W2Z_B,8W2Z_B,158,J-controlled,John_fixed,0.265036,46.93555785959128,0.31833175516466206,6.602500419664166,10.739552466439838,1.694388940951748,0.049367088607594936,0.0641025641025641,28.18864182629203,1.3282719590369587,0.7474901653524884,0.359493670886076
8W2Z_B,8W2Z_B,158,J-controlled,John_original,0.265282,46.93593564680658,0.31927642179518334,6.635328791114977,10.77325415504961,1.738280650035445,0.05569620253164557,0.0641025641025641,28.16708391462696,1.330272375024666,0.7438145622042439,0.36455696202531646
8W2Z_B,8W2Z_B,158,J-controlled,Raw,0.264056,47.04485213808291,0.3221853024524709,7.078806207048776,11.22949044763892,2.316843493552159,0.043037974683544304,0.0794871794871795,28.160067256740565,1.3830992456208584,0.6898949325988878,0.3670886075949367
8W2Z_B,8W2Z_B,158,J-controlled,Simple,0.263604,47.02989403502645,0.32907396371225606,7.015092360125801,11.175544326384333,2.122865058299409,0.043037974683544304,0.07948717948717948,28.141306621217286,1.3657999521538804,0.6997024385483035,0.36202531645569624
8W2Z_B,8W2Z_B,158,Thesis-3T+2D,Geometry,0.23416199999999998,38.61421344461067,0.41449315709218026,4.327386525205741,7.199300244738987,1.2798836548648873,0.17468354430379746,0.041025641025641026,14.218152451426084,0.6060322269359156,0.660725722402461,0.5037974683544304
8W2Z_B,8W2Z_B,158,Thesis-3T+2D,John_fixed,0.22063000000000002,38.521704939737745,0.4112135539262868,4.208922801873284,7.099946732773793,1.0071473933059956,0.1189873417721519,0.08205128205128207,14.123147496275095,0.9965294270834508,0.7379232539113005,0.5037974683544304
8W2Z_B,8W2Z_B,158,Thesis-3T+2D,John_original,0.21642999999999998,38.51725395921373,0.39389714607695614,4.245783724106649,7.147467782955461,0.9759164454374275,0.1189873417721519,0.08076923076923077,14.147531249728086,0.97597729997942,0.7706265548271142,0.49113924050632907
8W2Z_B,8W2Z_B,158,Thesis-3T+2D,Raw,0.228184,38.60150700128277,0.4072512470136087,4.389040210027695,7.240815776270901,1.503069785889627,0.3139240506329114,0.04230769230769231,14.203475019500326,0.8206593875851427,0.7283175547281134,0.49113924050632907
8W2Z_B,8W2Z_B,158,Thesis-3T+2D,Simple,0.22170800000000002,38.618261968049566,0.423835954631517,4.383230432737118,7.236874172793984,0.9969627139706928,0.17468354430379746,0.08974358974358974,14.21398832796163,0.9303651105611148,0.7568633883109978,0.5012658227848101
8WCE_G,8WCE_G,66,J-controlled,Geometry,0.198366,31.764685650113325,0.4961764550685005,6.3197567127875205,10.883590003358517,1.4635729035132479,0.045454545454545456,0.071875,9.605446622998363,1.0127988682112203,0.746620942201203,0.44848484848484843
8WCE_G,8WCE_G,66,J-controlled,John_fixed,0.203826,31.5825083841112,0.4807035672660673,5.984334577804508,10.578896275181984,1.1867304405088588,0.06060606060606061,0.065625,9.664625818860854,1.2782825990250497,0.7700947073181321,0.4303030303030303
8WCE_G,8WCE_G,66,J-controlled,John_original,0.203504,31.58914045268786,0.4813315377804014,5.999666145679785,10.59168192641834,1.1962835630712738,0.06666666666666668,0.065625,9.65791315461736,1.2883497990545743,0.7771220675645415,0.4424242424242424
8WCE_G,8WCE_G,66,J-controlled,Raw,0.190936,31.784401587303215,0.472857690499736,6.379652373936426,10.925902227542505,1.636743193317534,0.051515151515151514,0.075,9.622461919388595,1.376037769370248,0.7393007180038507,0.43636363636363634
8WCE_G,8WCE_G,66,J-controlled,Simple,0.20206200000000002,31.75322425721012,0.4950020728429819,6.296422719401555,10.85798448684639,1.394724361931522,0.03939393939393939,0.071875,9.595236169472921,1.3479615826700386,0.7277321459775307,0.44848484848484843
8WCE_G,8WCE_G,66,Thesis-3T+2D,Geometry,0.228838,26.05901534046285,0.5564385835124471,4.400891569155312,7.960718218195789,1.003603053749064,0.03333333333333334,0.01875,4.503766371581247,0.5113553340074197,0.6074741338583485,0.43636363636363634
8WCE_G,8WCE_G,66,Thesis-3T+2D,John_fixed,0.22579599999999997,25.997251822906765,0.5514397366101911,4.342062882451698,7.91103828604908,0.917861807270462,0.05454545454545454,0.05625,4.530889633132933,0.6638114773113687,0.7544473513897936,0.4727272727272728
8WCE_G,8WCE_G,66,Thesis-3T+2D,John_original,0.22282599999999997,26.034053900247642,0.5489364560103197,4.341205468551939,7.90450665540976,0.9209500849051473,0.05757575757575758,0.05625,4.537761370544429,0.6644464795942586,0.78161806779774,0.4545454545454545
8WCE_G,8WCE_G,66,Thesis-3T+2D,Raw,0.22795,26.046177007541512,0.5315114294375658,4.4235271020907785,7.96606731800158,1.240106770696142,0.07878787878787878,0.01875,4.500354303507645,0.6256744266858986,0.7005062693835182,0.4545454545454545
8WCE_G,8WCE_G,66,Thesis-3T+2D,Simple,0.229934,26.025115343977507,0.5761607479221117,4.45232646335138,8.022122104472924,0.8195207044971184,0.03636363636363636,0.05625,4.513644446389277,0.7792272518080416,0.7533965227601049,0.44848484848484843
8WMM_O,8WR4_N,127,J-controlled,Geometry,0.389262,34.22846253286173,0.4503084491960639,6.151481368749588,9.742379954498237,1.3913652015746778,0.053543307086614166,0.08159999999999999,18.033496611290275,1.050986143739317,0.8017065192057246,0.38425196850393706
8WMM_O,8WR4_N,127,J-controlled,John_fixed,0.38509200000000005,34.24203061143835,0.44525439010530754,5.832053818114909,9.392389513429046,1.0896515376479659,0.06771653543307087,0.072,18.137893150609436,1.3188761511172362,0.868997494431399,0.4
8WMM_O,8WR4_N,127,J-controlled,John_original,0.38609,34.23182879804732,0.44584768060685487,5.878227724331909,9.438646716746456,1.1394889410042033,0.05826771653543307,0.072,18.111570704420274,1.3007825064519358,0.8549145523245917,0.38110236220472443
8WMM_O,8WR4_N,127,J-controlled,Raw,0.38772,34.234830182514884,0.44477320971587025,6.195080701688053,9.77725937328485,1.5065056070711458,0.053543307086614166,0.0864,18.038321499687868,1.413249577374482,0.7974561240921456,0.3905511811023622
8WMM_O,8WR4_N,127,J-controlled,Simple,0.389006,34.22162754264973,0.4531018102692415,6.144069376298849,9.731488285249256,1.3278828537774339,0.05511811023622047,0.088,18.029888994454417,1.3997528148401075,0.807362301148617,0.38425196850393706
8WMM_O,8WR4_N,127,Thesis-3T+2D,Geometry,0.38504,22.187840796152294,0.5541996128234661,3.3737631130704124,5.474852116249906,1.1289283272012605,0.1433070866141732,0.016,14.834935619141728,0.5472482800100487,0.656676233051088,0.5700787401574804
8WMM_O,8WR4_N,127,Thesis-3T+2D,John_fixed,0.401536,22.176669348253483,0.5542889577293246,3.3565845784453736,5.467489986158921,0.958384112316344,0.1826771653543307,0.10880000000000001,14.785409065121996,1.0916635372939798,0.7690463566878709,0.5700787401574804
8WMM_O,8WR4_N,127,Thesis-3T+2D,John_original,0.404636,22.20642511368737,0.5468256565045555,3.378202909030931,5.492600237906329,0.9612485586979596,0.1795275590551181,0.10880000000000001,14.792901319865473,1.0915890426923804,0.8056822298799856,0.5826771653543308
8WMM_O,8WR4_N,127,Thesis-3T+2D,Raw,0.400532,22.1813264278578,0.5428574623643431,3.423981890360364,5.513713314042324,1.3855221810799823,0.2440944881889764,0.024,14.806689317892003,0.7585736931638152,0.7453426620660578,0.5763779527559055
8WMM_O,8WR4_N,127,Thesis-3T+2D,Simple,0.40552400000000005,22.206434805393577,0.5705675147991661,3.433298680119647,5.5347848247431255,0.7630674743671608,0.12913385826771653,0.1024,14.832622895710482,0.973768575840611,0.7920176553406987,0.5889763779527559
8WR4_N,8WR4_N,127,J-controlled,Geometry,0.30239000000000005,31.247175219881747,0.4162086012692809,6.109975071586142,9.89257513107825,1.5306044976574698,0.05669291338582677,0.0736,15.034460432451743,1.0074595827724324,0.750782539409616,0.3905511811023622
8WR4_N,8WR4_N,127,J-controlled,John_fixed,0.288416,31.204183961447757,0.4075368118936081,5.823276120224554,9.57879154751581,1.2299353289011115,0.07559055118110236,0.0624,15.097364127481853,1.264849861473349,0.8163382395548311,0.38425196850393706
8WR4_N,8WR4_N,127,J-controlled,John_original,0.296378,31.205148585451884,0.40651455744902343,5.862993332157183,9.618826639620526,1.2771664659816575,0.06771653543307087,0.064,15.079276189252493,1.260699504938177,0.8080736733488283,0.38425196850393706
8WR4_N,8WR4_N,127,J-controlled,Raw,0.25869,31.25484567385858,0.410126241072843,6.153651958028308,9.926448553212012,1.646773727423131,0.05669291338582677,0.08159999999999999,15.04115493636624,1.355497111650966,0.7304010694268489,0.3968503937007874
8WR4_N,8WR4_N,127,J-controlled,Simple,0.31844,31.24055129330681,0.4137689077373543,6.106818177473327,9.885868342863777,1.4634148052145788,0.05826771653543307,0.0832,15.029366447228341,1.3460532695277585,0.7579416556069877,0.3905511811023622
8WR4_N,8WR4_N,127,Thesis-3T+2D,Geometry,0.391744,22.739723932460024,0.5513054852375241,3.2905228419000125,5.321223129197913,0.9541309668201201,0.09133858267716535,0.016,13.372976703133451,0.5115170039757126,0.6554683304721651,0.5763779527559055
8WR4_N,8WR4_N,127,Thesis-3T+2D,John_fixed,0.388172,22.792202166968856,0.5485571171008065,3.350842870639042,5.3965838672549085,0.8787405400496023,0.11338582677165354,0.0752,13.341645268885916,1.0660150650524192,0.7820896153260147,0.5700787401574804
8WR4_N,8WR4_N,127,Thesis-3T+2D,John_original,0.375992,22.802463637078084,0.539220637776463,3.3522516224993963,5.398967587238858,0.8484600091111851,0.11181102362204724,0.0736,13.34064290087621,1.0586226408923383,0.7906698678487674,0.5606299212598426
8WR4_N,8WR4_N,127,Thesis-3T+2D,Raw,0.373902,22.73408275234356,0.5459759347987504,3.3461383495028243,5.357867748438737,1.2010047317793124,0.1889763779527559,0.019200000000000002,13.352990070131677,0.6992765034164649,0.7564047343991633,0.5669291338582677
8WR4_N,8WR4_N,127,Thesis-3T+2D,Simple,0.398346,22.775233164958852,0.5667173603095933,3.3822676206515645,5.4057960012956885,0.6427248430309008,0.09606299212598426,0.08,13.367610704273096,0.9265068413136511,0.790397111360908,0.573228346456693
8WUS_B,8WUS_B,115,J-controlled,Geometry,0.669292,29.495960479407064,0.8293476258041474,3.041226485156423,4.709313067778602,1.4813075922519037,0.03304347826086956,0.04601769911504425,23.59831727021234,1.0858095534507861,0.8330274285644366,0.4765217391304348
8WUS_B,8WUS_B,115,J-controlled,John_fixed,0.6634559999999999,29.273074730587325,0.79644087916914,2.8998856783641576,4.603408211356998,1.086926093270709,0.034782608695652174,0.035398230088495575,23.738538506537857,1.2302372395489842,0.8687524915953082,0.49043478260869566
8WUS_B,8WUS_B,115,J-controlled,John_original,0.669022,29.376014461926708,0.8224152948500775,2.960414548364014,4.640083767720322,1.3343698237952828,0.03304347826086956,0.035398230088495575,23.622212127199454,1.2488024399848165,0.8141150036357899,0.48
8WUS_B,8WUS_B,115,J-controlled,Raw,0.669366,29.49830723223743,0.8307531466118423,3.0411915005774754,4.70933207033916,1.5271214019902088,0.03304347826086956,0.047787610619469026,23.60032891945969,1.2788623872657328,0.7832688582906979,0.48
8WUS_B,8WUS_B,115,J-controlled,Simple,0.6673479999999999,29.4820999756407,0.8153039158908724,3.071017534126218,4.7340560130884555,1.361287532965062,0.03130434782608695,0.04601769911504425,23.592162062823906,1.2682874907086066,0.797530009115283,0.4765217391304348
8WUS_B,8WUS_B,115,Thesis-3T+2D,Geometry,0.675192,20.158247921433443,0.8406027547331896,1.723042958846272,2.6502040617088976,0.7443926065993377,0.01217391304347826,0.026548672566371678,15.392458371354985,0.5067948848583409,0.7071610792935742,0.42782608695652175
8WUS_B,8WUS_B,115,Thesis-3T+2D,John_fixed,0.668904,20.146962949245925,0.8160377858856119,1.7687466021302032,2.705265380976708,0.635429486165194,0.010434782608695653,0.023008849557522124,15.371571694322242,0.7897455237789449,0.8065258165553981,0.4521739130434782
8WUS_B,8WUS_B,115,Thesis-3T+2D,John_original,0.6672100000000001,20.153848670980672,0.8222029685290554,1.7789149861361377,2.716331365329167,0.6557790609124086,0.010434782608695653,0.023008849557522124,15.380877535664629,0.7868422114764848,0.7952259207107193,0.44521739130434784
8WUS_B,8WUS_B,115,Thesis-3T+2D,Raw,0.6751699999999999,20.164005577824355,0.8368652724087507,1.7357559535508535,2.6555549867167585,0.8542450512803571,0.010434782608695653,0.033628318584070796,15.391200416538448,0.8034107975320703,0.7863243242093212,0.44173913043478263
8WUS_B,8WUS_B,115,Thesis-3T+2D,Simple,0.6742440000000001,20.1630073506172,0.83759937164285,1.7452765668873347,2.666453127656742,0.6539776424978663,0.010434782608695653,0.030088495575221242,15.397058475232637,0.7937742372137291,0.7940365719710119,0.43826086956521737
8WUT_B,8WUS_B,115,J-controlled,Geometry,0.667214,32.74135018976495,0.8051490733968413,3.2794443163688642,5.138430326258912,1.957274047219625,0.03304347826086956,0.047787610619469026,28.18893012817111,1.153653907073231,0.8169963814567451,0.4521739130434783
8WUT_B,8WUS_B,115,J-controlled,John_fixed,0.660116,32.471536034767226,0.7688367621961373,3.0450057126138015,4.959133690429698,1.4346785661144976,0.036521739130434785,0.035398230088495575,28.341551970541595,1.3096593916257897,0.8143427376467732,0.4626086956521739
8WUT_B,8WUS_B,115,J-controlled,John_original,0.666948,32.573761135603135,0.7974609145814504,3.1648723932138507,5.042227629311205,1.7593219412193069,0.034782608695652174,0.035398230088495575,28.19391567709946,1.3276471443678086,0.7680721292355315,0.4626086956521739
8WUT_B,8WUS_B,115,J-controlled,Raw,0.667176,32.746026829828104,0.8040447536094858,3.2831316314199697,5.1415884673599965,2.00311056803372,0.03304347826086956,0.05132743362831858,28.192090637883194,1.3559646175694389,0.7185479831436412,0.45913043478260873
8WUT_B,8WUS_B,115,J-controlled,Simple,0.6651480000000001,32.719838518798625,0.7906773905657835,3.309954209292234,5.163051659003577,1.8367507692932048,0.03130434782608695,0.047787610619469026,28.17776707479586,1.3479100834120858,0.7385275299581578,0.4556521739130435
8WUT_B,8WUS_B,115,Thesis-3T+2D,Geometry,0.696814,19.66598208490958,0.8410495518866055,1.5938943046063492,2.675290636217233,0.7580970843324686,0.01217391304347826,0.026548672566371678,15.482277472682181,0.5103435902346865,0.7110803349605902,0.43478260869565216
8WUT_B,8WUS_B,115,Thesis-3T+2D,John_fixed,0.6901360000000001,19.656830110595813,0.8167553961415569,1.6457976115664206,2.7419650081639295,0.6534621379376209,0.010434782608695653,0.021238938053097345,15.468618039391709,0.802761711427897,0.8156344956844853,0.4556521739130435
8WUT_B,8WUS_B,115,Thesis-3T+2D,John_original,0.688146,19.67474411979514,0.823249185090703,1.6564968190856804,2.7587666895387235,0.6679386175701358,0.010434782608695653,0.023008849557522124,15.486646323393106,0.8067385170553812,0.8108474655062367,0.44869565217391305
8WUT_B,8WUS_B,115,Thesis-3T+2D,Raw,0.696588,19.655477985422515,0.8366220448698127,1.6157246027690764,2.6870109225550434,0.8741296078630416,0.010434782608695653,0.030088495575221242,15.479552027827381,0.8085861231470417,0.7898274314223183,0.44173913043478263
8WUT_B,8WUS_B,115,Thesis-3T+2D,Simple,0.6957660000000001,19.67458135540468,0.8360200749151641,1.620744825985841,2.6938318963319974,0.6659308017138741,0.010434782608695653,0.026548672566371678,15.486823481933115,0.8029417811293147,0.8086081381126077,0.43478260869565216
8WUU_B,8WUS_B,111,J-controlled,Geometry,0.674826,27.740312716896703,0.8161810524310524,3.1053403491124367,4.536228535440552,1.8072625278205023,0.03423423423423423,0.04954128440366973,23.933879402790787,1.1108847162026996,0.8173175292786267,0.46486486486486484
8WUU_B,8WUS_B,111,J-controlled,John_fixed,0.668406,27.573591474513556,0.7801363801363801,2.904016839991456,4.390607251736878,1.3164907402738397,0.03783783783783783,0.03669724770642202,24.078181239868687,1.2587538441141723,0.8298561280999506,0.48288288288288295
8WUU_B,8WUS_B,111,J-controlled,John_original,0.6744920000000001,27.620640983442815,0.8077860227860227,3.0032077995812085,4.452779208648089,1.620365189294621,0.03423423423423423,0.03669724770642202,23.946522640723376,1.270275159094076,0.7802474707084555,0.46846846846846846
8WUU_B,8WUS_B,111,J-controlled,Raw,0.67466,27.744964333274204,0.8148224373224373,3.1096676984593423,4.540421985433554,1.8544519819807608,0.032432432432432434,0.05321100917431193,23.937019857538665,1.306732620426965,0.7402866413305147,0.472072072072072
8WUU_B,8WUS_B,111,J-controlled,Simple,0.672876,27.71800302068462,0.804138127888128,3.1327990140873494,4.558987154124656,1.6820060513176613,0.03063063063063063,0.04954128440366973,23.923355981351754,1.294186161789049,0.7591955161612326,0.472072072072072
8WUU_B,8WUS_B,111,Thesis-3T+2D,Geometry,0.707656,16.013790130151488,0.8454999942499942,1.597471613265616,2.337010160941322,0.7721925725306149,0.010810810810810811,0.027522935779816515,13.977545136407063,0.5168282961109727,0.7179444958050887,0.4576576576576577
8WUU_B,8WUS_B,111,Thesis-3T+2D,John_fixed,0.703268,16.00080944692503,0.8180948905948906,1.6383704784395405,2.3882973977839557,0.6650125428421138,0.010810810810810811,0.025688073394495414,13.957952654236163,0.7497230594235774,0.81220379854148,0.46846846846846846
8WUU_B,8WUS_B,111,Thesis-3T+2D,John_original,0.7039759999999999,16.010507735259843,0.8303386815886815,1.6459885749229948,2.39768752646283,0.6900233611931886,0.010810810810810811,0.025688073394495414,13.973422358554359,0.7560123357448456,0.7933198016461348,0.46126126126126127
8WUU_B,8WUS_B,111,Thesis-3T+2D,Raw,0.707814,16.009732256236816,0.8377606502606503,1.6150223506626777,2.345433861682508,0.8923141380772893,0.009009009009009009,0.029357798165137616,13.973667796935,0.761538598320367,0.7832170918395928,0.46126126126126127
8WUU_B,8WUS_B,111,Thesis-3T+2D,Simple,0.70668,16.019090333077955,0.8409991747491746,1.617595708890864,2.3519488495534895,0.6775868260727832,0.010810810810810811,0.031192660550458717,13.98209568302805,0.750610276018149,0.797151519163398,0.4576576576576577
8WUV_B,8WUS_B,137,J-controlled,Geometry,0.63046,51.62946085994471,0.8378949126270555,3.848914554356225,5.357171634915074,2.312484318054139,0.02773722627737226,0.04,44.71500659928067,1.2011042738702742,0.7859970374539481,0.39124087591240875
8WUV_B,8WUS_B,137,J-controlled,John_fixed,0.628118,50.92698794106335,0.8067466748419129,3.4491919275379828,5.060092074228396,1.7734028357117229,0.029197080291970802,0.03111111111111111,44.762480532864366,1.3956106460909221,0.7338233351632351,0.402919708029197
8WUV_B,8WUS_B,137,J-controlled,John_original,0.631086,51.26783504753612,0.8297709719733529,3.684327925196443,5.230732175975575,2.102230019283902,0.02627737226277372,0.03111111111111111,44.645925486880785,1.4053989646381757,0.6802154789313662,0.3883211678832117
8WUV_B,8WUS_B,137,J-controlled,Raw,0.630402,51.633457745671045,0.836361766540338,3.8536928600101,5.361482598477927,2.3547525815916446,0.024817518248175182,0.04148148148148149,44.71789432366825,1.4405351847837513,0.6647271854501893,0.4
8WUV_B,8WUS_B,137,J-controlled,Simple,0.629432,51.61280947867799,0.8247813385908624,3.8755707167796487,5.378168429696276,2.2055603842106835,0.024817518248175182,0.04,44.70417843363638,1.4262259567409192,0.6810215949250583,0.39416058394160586
8WUV_B,8WUS_B,137,Thesis-3T+2D,Geometry,0.5075540000000001,44.89022342014944,0.8037577226565322,2.2317627584975632,3.777968779057285,0.6912249831530298,0.01167883211678832,0.022222222222222223,30.193782446286,0.48270149611495705,0.6521491626632575,0.45255474452554745
8WUV_B,8WUS_B,137,Thesis-3T+2D,John_fixed,0.5040319999999999,44.872848387988306,0.7892443524288761,2.2628687909971474,3.8075345521708712,0.6003830702451329,0.010218978102189781,0.020740740740740744,30.192990769643302,0.9650330881935598,0.7781844541160826,0.45839416058394156
8WUV_B,8WUS_B,137,Thesis-3T+2D,John_original,0.5035559999999999,44.89771609029748,0.7951734696079934,2.269604251046718,3.8111746714094634,0.5580270084047012,0.010218978102189781,0.02518518518518519,30.235619430518067,0.9786840786959606,0.8023376340285049,0.4554744525547445
8WUV_B,8WUS_B,137,Thesis-3T+2D,Raw,0.50765,44.88248765762786,0.7934841327103233,2.2652566755471093,3.7995422499085962,0.7983705014635254,0.008759124087591242,0.026666666666666665,30.186092904885662,0.9683029803752735,0.7495557999766083,0.44963503649635034
8WUV_B,8WUS_B,137,Thesis-3T+2D,Simple,0.506918,44.893452175748095,0.8027908169872455,2.252024403292976,3.7911404121040975,0.6190628550854796,0.013138686131386862,0.023703703703703706,30.195612607818937,0.9643147613502283,0.7589587634132673,0.44963503649635034
8X5V_B,8X5V_B,110,J-controlled,Geometry,0.40450400000000003,32.260793518350965,0.4655605237267973,6.790159350564892,11.201854892795616,1.5772459901670604,0.039999999999999994,0.05740740740740741,11.024801414265772,0.9175303913253101,0.6729729859062388,0.4254545454545454
8X5V_B,8X5V_B,110,J-controlled,John_fixed,0.394836,32.0251974531369,0.4585610629658909,6.322157112921081,10.674568592733497,1.2922291323467339,0.06,0.04259259259259259,11.040341732406072,1.2128932172884173,0.6883650798293284,0.4254545454545454
8X5V_B,8X5V_B,110,J-controlled,John_original,0.38823799999999997,32.02426295523139,0.46205150438259485,6.411225845237334,10.77892726519764,1.3429664750020245,0.05454545454545454,0.04259259259259259,11.01618158295828,1.2203846898394448,0.6791301680022631,0.4254545454545454
8X5V_B,8X5V_B,110,J-controlled,Raw,0.39796200000000004,32.272991150689265,0.46310560246881005,6.83153914580531,11.235679490817024,1.68045947393172,0.03636363636363636,0.06296296296296296,11.032710864626731,1.2901509631127135,0.6385649210792544,0.4290909090909091
8X5V_B,8X5V_B,110,J-controlled,Simple,0.40388599999999997,32.25217549847021,0.4658434408805524,6.775872299687572,11.183502767523803,1.5188575001344777,0.039999999999999994,0.0611111111111111,11.01927238605518,1.2574171281844382,0.6440181750633842,0.41818181818181815
8X5V_B,8X5V_B,110,Thesis-3T+2D,Geometry,0.564022,23.64750726273762,0.6147255213879105,3.1843103618150255,5.122160393431221,1.070067049453696,0.050909090909090904,0.018518518518518517,11.601039274137985,0.4389822751425344,0.564746670945651,0.49090909090909085
8X5V_B,8X5V_B,110,Thesis-3T+2D,John_fixed,0.554748,23.611916612854106,0.6072328138549697,3.1276680795384495,5.082319614231439,0.8858815452960795,0.06,0.05185185185185185,11.57611298799002,0.8158901945642423,0.6468178982912487,0.49090909090909085
8X5V_B,8X5V_B,110,Thesis-3T+2D,John_original,0.552678,23.60014627042214,0.5922777822205542,3.188369514922782,5.155555298015575,0.869549959549842,0.061818181818181814,0.0537037037037037,11.587222444201696,0.8396864776001085,0.6816626144201005,0.4872727272727273
8X5V_B,8X5V_B,110,Thesis-3T+2D,Raw,0.5643900000000001,23.64555108235995,0.6106229262552099,3.2171776737798625,5.146173836233286,1.2190887884631123,0.06727272727272728,0.02037037037037037,11.583379150597274,0.7518580465611278,0.6250355494224047,0.49818181818181817
8X5V_B,8X5V_B,110,Thesis-3T+2D,Simple,0.562836,23.660358929169245,0.6238632815960091,3.2463833959445303,5.176107217748308,0.8415966069110183,0.045454545454545456,0.0537037037037037,11.612745035785489,0.8325585812119597,0.6672457496765325,0.4836363636363636
8XAK_B,8XAK_B,34,J-controlled,Geometry,0.091996,32.58000045454138,0.23986694677871148,11.671802239575193,19.46538701548203,2.5326495745267574,0.047058823529411764,0.05625,21.109981430473926,0.9964686204057447,0.5814171816795893,0.1411764705882353
8XAK_B,8XAK_B,34,J-controlled,John_fixed,0.09057,32.130198814107885,0.2353869390893612,10.866896132095853,18.44722168228361,2.0038971426500645,0.07058823529411765,0.03125,20.801920822426972,1.3637593361238105,0.5548099589075477,0.12941176470588237
8XAK_B,8XAK_B,34,J-controlled,John_original,0.09343399999999999,32.24101828329648,0.2335155949634756,11.085669443821661,18.717271025720642,2.142427600213246,0.058823529411764705,0.0375,20.872107707130148,1.3831499008339407,0.5691873232061964,0.1411764705882353
8XAK_B,8XAK_B,34,J-controlled,Raw,0.089708,32.60553568717169,0.2329756240731587,11.711433783132994,19.50620829018717,2.630070323275885,0.047058823529411764,0.05625,21.128199253280506,1.4655644386918998,0.45119204883374114,0.1411764705882353
8XAK_B,8XAK_B,34,J-controlled,Simple,0.08888199999999999,32.56061521597567,0.23883375899379358,11.642835847779066,19.435234160248946,2.4806658386937843,0.047058823529411764,0.05625,21.092862426595154,1.4506859518489326,0.476312456531702,0.1411764705882353
8XAK_B,8XAK_B,34,Thesis-3T+2D,Geometry,0.088326,33.0898208411366,0.20303253899599055,6.969828749374477,14.141130112943443,1.2646352967936063,0.0,0.025,24.128297116151426,0.45840820557508505,0.521581191111997,0.011764705882352941
8XAK_B,8XAK_B,34,Thesis-3T+2D,John_fixed,0.08612600000000001,33.119137873522035,0.21147781416488165,6.865343744725361,14.10408207375643,1.0955798006587218,0.0,0.01875,24.133939958115324,0.6470834285247984,0.5537484559896197,0.011764705882352941
8XAK_B,8XAK_B,34,Thesis-3T+2D,John_original,0.089518,33.0825112269498,0.21704600222441917,6.888860879092429,14.096283424574045,1.1195156885768445,0.0,0.01875,24.1369608388149,0.4946206837221111,0.6071499167270241,0.011764705882352941
8XAK_B,8XAK_B,34,Thesis-3T+2D,Raw,0.075782,33.08215544265374,0.19553547399351898,7.0001504548407025,14.161104923027759,1.4519329069084062,0.0,0.025,24.115814080474046,0.7233984042768555,0.5620041362716918,0.011764705882352941
8XAK_B,8XAK_B,34,Thesis-3T+2D,Simple,0.079088,33.07470651424147,0.20834272189267863,6.93260593022941,14.118397115123614,1.1758901681146363,0.0,0.025,24.11115324261825,0.6585145409031339,0.5657488684297853,0.011764705882352941
8XCA_B,8XCA_B,60,J-controlled,Geometry,0.231134,28.217203194414168,0.4012478354978355,6.875611394840132,11.072312086581146,1.507530552241969,0.07333333333333333,0.10344827586206898,9.516411955934526,1.1921260975791363,0.7911608616485842,0.42666666666666664
8XCA_B,8XCA_B,60,J-controlled,John_fixed,0.21161400000000002,28.12945034111836,0.3915569624819625,6.493180630738324,10.698530774153514,1.161693356855538,0.07999999999999999,0.08275862068965517,9.67643352343827,1.5126269820206535,0.8091839683885717,0.38666666666666666
8XCA_B,8XCA_B,60,J-controlled,John_original,0.22044199999999997,28.133150584669202,0.389481746031746,6.529858941905678,10.736099434601678,1.2034700758911772,0.06666666666666667,0.07931034482758621,9.648423193330137,1.5017366487847004,0.8029131973832445,0.39333333333333337
8XCA_B,8XCA_B,60,J-controlled,Raw,0.194828,28.24214344087347,0.39345054112554106,6.933563878813634,11.121104917178915,1.6337742012403917,0.06666666666666667,0.10689655172413795,9.529664757482275,1.630472043721363,0.7381305926919411,0.42000000000000004
8XCA_B,8XCA_B,60,J-controlled,Simple,0.22041400000000003,28.21172159626729,0.40601764069264074,6.849857587659706,11.044554186817338,1.450293376806513,0.06333333333333332,0.1,9.506917609889047,1.6263357088768262,0.7696231614232467,0.4333333333333334
8XCA_B,8XCA_B,60,Thesis-3T+2D,Geometry,0.31991200000000003,21.572066104112675,0.5480919913419913,3.3975950346897035,6.075664299896955,0.9599339604857011,0.04,0.034482758620689655,5.845605450730415,0.3795581833076225,0.5563017940945146,0.48
8XCA_B,8XCA_B,60,Thesis-3T+2D,John_fixed,0.32545199999999996,21.589566848566957,0.538152417027417,3.3952221407136634,6.070100999753672,0.8033503631450871,0.043333333333333335,0.06206896551724138,5.874517630578985,0.6684243899768391,0.6790286335621181,0.4866666666666667
8XCA_B,8XCA_B,60,Thesis-3T+2D,John_original,0.31090799999999996,21.63922151454013,0.5268827922077922,3.4071372979922065,6.088121517038723,0.7988990221959644,0.04,0.05862068965517242,5.925115773833754,0.6678066335470844,0.6921587358280704,0.4866666666666667
8XCA_B,8XCA_B,60,Thesis-3T+2D,Raw,0.321742,21.5653474720636,0.5380312049062048,3.4365027387242804,6.094578195898729,1.086318674292271,0.05333333333333333,0.041379310344827586,5.837480348780722,0.6422474447343617,0.6470445390631809,0.48
8XCA_B,8XCA_B,60,Thesis-3T+2D,Simple,0.321316,21.581571025417983,0.5651608225108224,3.4240113833336125,6.0965634844028305,0.7092227105204303,0.043333333333333335,0.06896551724137931,5.851123123590105,0.7638171739987605,0.6916653472532404,0.47333333333333333
8XTP_A,8XTP_A,133,J-controlled,Geometry,0.20920199999999997,38.10660654213293,0.3384565136016374,6.600661931031725,10.92166180345019,1.527964015455102,0.045112781954887216,0.07633587786259542,12.709244541856219,0.8587773463340641,0.7657788304002537,0.48120300751879697
8XTP_A,8XTP_A,133,J-controlled,John_fixed,0.20476999999999998,37.98001599046846,0.33767129606719387,6.227756389554986,10.525700121387882,1.2258077560238723,0.051127819548872175,0.06717557251908397,12.783671331745252,1.0756579955800547,0.8341922890795985,0.49624060150375937
8XTP_A,8XTP_A,133,J-controlled,John_original,0.20431400000000002,37.98849557788922,0.337614252332021,6.2490403023412195,10.547970940826456,1.2470597435650395,0.05413533834586466,0.06717557251908397,12.77561790676695,1.077838899238553,0.8281922011625733,0.49924812030075183
8XTP_A,8XTP_A,133,J-controlled,Raw,0.205242,38.11641248165195,0.3299093588484345,6.647944447170825,10.957509417153453,1.6769190567866032,0.04360902255639097,0.07786259541984733,12.717115431668786,1.1237646507645311,0.7641317177652097,0.47819548872180445
8XTP_A,8XTP_A,133,J-controlled,Simple,0.20612,38.101377220587196,0.34082302532103503,6.583944053367391,10.905226518500745,1.4573579378674135,0.042105263157894736,0.07633587786259542,12.704545075703845,1.1126898051700216,0.7848295066207092,0.47518796992481194
8XTP_A,8XTP_A,133,Thesis-3T+2D,Geometry,0.20502000000000004,33.55520954842509,0.4285892533924378,4.620380860273496,7.939016412823852,1.2146267708455518,0.09022556390977443,0.0366412213740458,12.689214595113317,0.5315393519941168,0.660906942436932,0.5834586466165413
8XTP_A,8XTP_A,133,Thesis-3T+2D,John_fixed,0.20465400000000003,33.529296651297685,0.42436246710682807,4.528551662560732,7.844812760227844,0.981287141032324,0.12030075187969924,0.08244274809160304,12.641531778796908,0.861244340239019,0.7668449169199706,0.5744360902255639
8XTP_A,8XTP_A,133,Thesis-3T+2D,John_original,0.200542,33.54885733093559,0.41272317171255696,4.567435510588206,7.894212615900862,0.958555712966495,0.12481203007518796,0.08244274809160304,12.647909383722771,0.8935536461950135,0.78876255914793,0.5804511278195489
8XTP_A,8XTP_A,133,Thesis-3T+2D,Raw,0.20217799999999997,33.557291488587275,0.4168624844429246,4.6672063480987855,7.965995089493447,1.4310960744442465,0.17293233082706766,0.04122137404580153,12.674981269875728,0.7370548003982283,0.7360615611296616,0.5774436090225563
8XTP_A,8XTP_A,133,Thesis-3T+2D,Simple,0.207314,33.564572140509426,0.4387603493120963,4.6574730778626705,7.962444950765662,0.9539546939574202,0.09172932330827067,0.08549618320610687,12.68961235399647,0.8504614528565705,0.7569689970090205,0.5744360902255639
8XTR_A,8XTP_A,145,J-controlled,Geometry,0.202964,39.620649745651086,0.27726878978760583,7.086126825192956,11.182002678715188,1.9149058479522647,0.1406896551724138,0.10209790209790211,13.263879706708707,0.9821945972249464,0.806926133474958,0.5241379310344827
8XTR_A,8XTP_A,145,J-controlled,John_fixed,0.19052,39.53281691633807,0.2798002228057342,6.694776436977298,10.775417716155442,1.5189406164559787,0.1296551724137931,0.08111888111888113,13.156733230292,1.25419504679856,0.878237569945503,0.5158620689655173
8XTR_A,8XTP_A,145,J-controlled,John_original,0.185362,39.499082334071105,0.28007481616784224,6.612198356314421,10.690831848986118,1.3661977826622094,0.11724137931034484,0.07972027972027973,13.040626438760247,1.2535146915802744,0.8739653939191268,0.5186206896551724
8XTR_A,8XTP_A,145,J-controlled,Raw,0.197656,39.62848859823804,0.2696988288495842,7.143275996876348,11.221367126492996,2.0869153553098925,0.14344827586206896,0.10769230769230768,13.271019494971119,1.4202448378017418,0.8333929681353472,0.5131034482758621
8XTR_A,8XTP_A,145,J-controlled,Simple,0.20125,39.61507321079186,0.2795290218571152,7.07492428720761,11.167991603203628,1.8630433029911189,0.14068965517241377,0.10209790209790211,13.262030272526204,1.3353365644174178,0.8509982407939489,0.5048275862068966
8XTR_A,8XTP_A,145,Thesis-3T+2D,Geometry,0.18257600000000002,37.53373443380279,0.38008294550099553,5.288199260158308,8.466386502778736,1.1980438856452045,0.13379310344827586,0.04195804195804196,13.99759588990375,0.6288451084846378,0.6709335672647263,0.5517241379310345
8XTR_A,8XTP_A,145,Thesis-3T+2D,John_fixed,0.180762,37.50543551356247,0.3775677737562012,5.187375934368772,8.356444901333948,0.9777996720757536,0.16827586206896553,0.0965034965034965,13.980122259789402,1.1520982166790779,0.7844901348232646,0.5572413793103449
8XTR_A,8XTP_A,145,Thesis-3T+2D,John_original,0.184368,37.55508222889317,0.37252276545827046,5.207751898705362,8.385533269025604,0.9149248766215043,0.16827586206896553,0.0979020979020979,14.017433578676844,1.1727245710425318,0.8079087530150024,0.5627586206896552
8XTR_A,8XTP_A,145,Thesis-3T+2D,Raw,0.18508200000000002,37.517065335674225,0.3700921033626942,5.329845001022127,8.482889333471991,1.4505397227892105,0.25793103448275867,0.04755244755244755,13.973475158211974,0.9384113788175847,0.7597557726405861,0.5599999999999999
8XTR_A,8XTP_A,145,Thesis-3T+2D,Simple,0.181554,37.54852556290386,0.39133491713646773,5.334486058789013,8.49694102539223,0.9288250645796234,0.15448275862068966,0.10209790209790211,13.99400927556193,1.0986595809868396,0.7825406025246295,0.5406896551724139
8YDC_A,8YDC_A,58,J-controlled,Geometry,0.20768599999999998,28.30188575293632,0.36801666656929816,7.852227737712203,12.969138022045403,1.8052561461602832,0.04827586206896552,0.09285714285714286,12.048088501455556,0.9827491251185965,0.6447792956524413,0.30344827586206896
8YDC_A,8YDC_A,58,J-controlled,John_fixed,0.208832,27.86792737999504,0.35031191575309223,7.3708616309727,12.509384990414432,1.4509716234459795,0.06206896551724138,0.06785714285714287,12.070868533855833,1.3066202777027354,0.702847585582871,0.2896551724137931
8YDC_A,8YDC_A,58,J-controlled,John_original,0.20905200000000002,27.86203118898111,0.3502175436076365,7.368487874132694,12.509758238283094,1.4565945732226058,0.05862068965517242,0.06785714285714287,12.073349510869361,1.3163339547150348,0.6954512276639806,0.29655172413793107
8YDC_A,8YDC_A,58,J-controlled,Raw,0.213386,28.31851642161691,0.36500872085430913,7.891652001303177,13.002975722480826,1.9430614308663798,0.05862068965517242,0.09642857142857143,12.060562794090757,1.3788921706305977,0.6128159501578916,0.2896551724137931
8YDC_A,8YDC_A,58,J-controlled,Simple,0.20681,28.290834116277182,0.36862717999521405,7.8368602406513705,12.95273906900733,1.7474693395936343,0.04827586206896552,0.08928571428571427,12.040847648545348,1.3843371655066903,0.6417707961799433,0.30344827586206896
8YDC_A,8YDC_A,58,Thesis-3T+2D,Geometry,0.177676,26.55876293845729,0.4105083860211569,5.524359675962221,10.092203835916157,1.2383590961036555,0.013793103448275862,0.04285714285714286,12.396749297608304,0.3830364706017317,0.5625311977481927,0.2206896551724138
8YDC_A,8YDC_A,58,Thesis-3T+2D,John_fixed,0.17582199999999998,26.43689537687631,0.4079081735544584,5.319033401563376,9.838599966006555,1.0659503527669252,0.013793103448275862,0.04285714285714286,12.276236545034655,0.5832205269356866,0.6027089019078076,0.23448275862068968
8YDC_A,8YDC_A,58,Thesis-3T+2D,John_original,0.175614,26.46447566226778,0.40689737736177367,5.36430820891087,9.88287787231588,1.0606454442103235,0.006896551724137931,0.04285714285714286,12.308380016756711,0.613178766003677,0.6260209551250956,0.23448275862068968
8YDC_A,8YDC_A,58,Thesis-3T+2D,Raw,0.169528,26.56588286343675,0.39904027295087663,5.569908704062663,10.12215176151751,1.4338805503981678,0.02413793103448276,0.04642857142857143,12.39696513721761,0.4820899249297499,0.5883583826484642,0.20689655172413796
8YDC_A,8YDC_A,58,Thesis-3T+2D,Simple,0.174174,26.55178008293665,0.4151397523185449,5.526351012166707,10.088026762513655,1.0814168935893078,0.020689655172413793,0.05357142857142857,12.393978130486383,0.5210722189106923,0.6143142132941124,0.22758620689655173
8YGJ_B,8WUS_B,137,J-controlled,Geometry,0.607348,47.6096498024999,0.8087053316373168,4.227969438844584,6.424011776502534,1.6707853929116159,0.02773722627737226,0.04148148148148148,45.33743902622844,1.2098678700352696,0.8040136422478801,0.4233576642335766
8YGJ_B,8WUS_B,137,J-controlled,John_fixed,0.603476,46.934322418570424,0.7787921800421801,3.907707255325498,6.185865602289494,1.3928939929005146,0.029197080291970802,0.0325925925925926,45.397993801707585,1.4148353783067822,0.8133457904189347,0.4350364963503649
8YGJ_B,8WUS_B,137,J-controlled,John_original,0.607128,47.31344579191053,0.8006885128760128,4.094408293991079,6.317543161461184,1.5684431377604056,0.02773722627737226,0.034074074074074076,45.31127373699556,1.4193593877467063,0.749466923000977,0.42043795620437957
8YGJ_B,8WUS_B,137,J-controlled,Raw,0.60736,47.61213117145722,0.8087445499761676,4.230583053064022,6.425300517821275,1.7110105058691718,0.026277372262773723,0.04444444444444444,45.33910425648111,1.4474606203852178,0.7419479923015582,0.42627737226277373
8YGJ_B,8WUS_B,137,J-controlled,Simple,0.6060719999999999,47.60049838513463,0.796495086816778,4.25333360062511,6.444754329900124,1.566219485306401,0.026277372262773723,0.04296296296296297,45.33158165456058,1.4386828149870787,0.758644879443169,0.42919708029197084
8YGJ_B,8WUS_B,137,Thesis-3T+2D,Geometry,0.5219820000000001,40.66482129166668,0.7744344513737896,2.7165375955477336,4.755923779983806,0.7253576108679034,0.01167883211678832,0.022222222222222223,29.235602496379464,0.47639205031101656,0.6533369936060123,0.4233576642335766
8YGJ_B,8WUS_B,137,Thesis-3T+2D,John_fixed,0.520656,40.61184154636618,0.7518548291985792,2.756839520696501,4.7918570237033125,0.6445393040654246,0.010218978102189781,0.020740740740740744,29.219943707925687,0.9689331746798917,0.7917941247894582,0.4291970802919708
8YGJ_B,8WUS_B,137,Thesis-3T+2D,John_original,0.5217120000000001,40.59170276597806,0.7560756482080011,2.788880508887261,4.820084906767375,0.5773641339116106,0.01167883211678832,0.02222222222222222,29.244680822521094,1.0032922658128438,0.8241162528193631,0.4291970802919708
8YGJ_B,8WUS_B,137,Thesis-3T+2D,Raw,0.521776,40.64787179863235,0.7569927611195993,2.745196142921649,4.761997254313615,0.8370045530371468,0.010218978102189781,0.023703703703703706,29.22097146801684,0.9572021781964561,0.76154572329362,0.4116788321167883
8YGJ_B,8WUS_B,137,Thesis-3T+2D,Simple,0.521452,40.66262883560917,0.7769845901647372,2.7448133158612897,4.7697292744296895,0.6353623977977816,0.01167883211678832,0.023703703703703706,29.236085376390765,0.9792871849022425,0.8010506803762348,0.42043795620437957
8YHA_C,8YHA_C,61,J-controlled,Geometry,0.299092,28.636349473854562,0.5248497267759562,7.387934192135357,11.885592228630069,1.9329203682385334,0.04590163934426229,0.09152542372881356,27.800404270863503,0.9028423023537867,0.7456713860206141,0.2688524590163935
8YHA_C,8YHA_C,61,J-controlled,John_fixed,0.29217,28.16558640893708,0.5110532136351809,6.875696516894932,11.306636598187136,1.559385163900296,0.04918032786885246,0.0711864406779661,27.58314856129949,1.2147768907494105,0.7077042283647432,0.26229508196721313
8YHA_C,8YHA_C,61,J-controlled,John_original,0.29558,28.203596537459056,0.514756049960968,6.925928684266772,11.355940266526108,1.6376684761334452,0.05573770491803278,0.07796610169491526,27.586302452599494,1.2350448773281086,0.7071155688271107,0.2688524590163935
8YHA_C,8YHA_C,61,J-controlled,Raw,0.298866,28.66865952842528,0.523425383814728,7.453587353249697,11.936938141567841,2.0937478930478246,0.04590163934426229,0.10169491525423728,27.816569516968418,1.2989720702980956,0.6657237116323103,0.2688524590163935
8YHA_C,8YHA_C,61,J-controlled,Simple,0.295192,28.618221968608612,0.5204238225344783,7.359757349377503,11.855508751644138,1.8432036780215495,0.04262295081967213,0.08813559322033898,27.788200209740545,1.2740695012442445,0.6737688964776446,0.2688524590163935
8YHA_C,8YHA_C,61,Thesis-3T+2D,Geometry,0.207806,26.518036689450163,0.5278662503252667,4.603444859034277,7.991487591862631,1.2644785581857174,0.26557377049180325,0.06779661016949154,18.55844294181167,0.5360102392367943,0.5869407994145374,0.2819672131147541
8YHA_C,8YHA_C,61,Thesis-3T+2D,John_fixed,0.2156,26.39438217239256,0.5158769190736404,4.624031607360314,7.953647511112161,1.0129666136577373,0.32131147540983607,0.15932203389830507,18.56449270136556,1.1068147308105794,0.6969621981415277,0.2688524590163935
8YHA_C,8YHA_C,61,Thesis-3T+2D,John_original,0.21431,26.443015050593875,0.5229013791308873,4.620325898079885,7.958920697187123,1.1562534634772275,0.3475409836065574,0.16610169491525423,18.555064977254823,0.9040035890029803,0.7207676049687071,0.2819672131147541
8YHA_C,8YHA_C,61,Thesis-3T+2D,Raw,0.21227800000000002,26.533487530007683,0.5248763986468905,4.642742580966444,7.9879025723679415,1.676623315959958,0.4918032786885246,0.06779661016949154,18.54373967494891,0.7479800727116078,0.6815900199135272,0.26885245901639343
8YHA_C,8YHA_C,61,Thesis-3T+2D,Simple,0.211432,26.555616995612034,0.5418800416341399,4.671715867779644,8.044258403933608,0.8181086447777487,0.25245901639344265,0.19322033898305085,18.56621052222146,1.2454889457517053,0.6872886884871791,0.2754098360655738
8YII_C,8YII_C,104,J-controlled,Geometry,0.24222000000000002,41.05353018227912,0.3319428488178488,6.143147572314577,10.165518092133025,1.5486960332318216,0.03653846153846154,0.06470588235294118,9.05528032053245,0.9235504534666674,0.6694667557563736,0.5
8YII_C,8YII_C,104,J-controlled,John_fixed,0.24438,41.00153626353099,0.3283545594362902,5.781331244931538,9.813637080109025,1.2460773148370554,0.051923076923076926,0.052941176470588235,9.1219556899896,1.1903417352587717,0.7168344369256385,0.5038461538461538
8YII_C,8YII_C,104,J-controlled,John_original,0.251718,40.999205455891435,0.32790329195377277,5.793223983221636,9.826090754996052,1.255383508308102,0.051923076923076926,0.05490196078431372,9.111003042188438,1.194441777206615,0.7179393585154211,0.5
8YII_C,8YII_C,104,J-controlled,Raw,0.24392199999999997,41.06010131847718,0.3247996674799559,6.190590388021155,10.199361095014064,1.671012389134584,0.038461538461538464,0.06862745098039216,9.063452529516102,1.2159994733613586,0.6330668532311318,0.48461538461538467
8YII_C,8YII_C,104,J-controlled,Simple,0.24439799999999998,41.04824724588101,0.33306536545719234,6.128580955335797,10.15270452575157,1.4926781114263552,0.038461538461538464,0.06862745098039216,9.050324816301835,1.2230218320000805,0.6649874543029669,0.5
8YII_C,8YII_C,104,Thesis-3T+2D,Geometry,0.36666999999999994,27.244375659613162,0.5200482930531007,3.776327489193205,6.289937966561281,0.92734082538288,0.028846153846153848,0.03529411764705882,6.969751743053419,0.4636054380072938,0.5154326703584061,0.573076923076923
8YII_C,8YII_C,104,Thesis-3T+2D,John_fixed,0.36055000000000004,27.222499890619975,0.5113171937570976,3.686323205381914,6.204737496665569,0.742745178761022,0.023076923076923078,0.047058823529411764,6.9048869729438,0.7217449415305366,0.6432245817322947,0.5884615384615385
8YII_C,8YII_C,104,Thesis-3T+2D,John_original,0.342258,27.237402012574286,0.5003583662598086,3.7010889883355196,6.218518134079401,0.7634451888949322,0.025,0.047058823529411764,6.910072869953348,0.7343323514565565,0.6621569227417262,0.5961538461538461
8YII_C,8YII_C,104,Thesis-3T+2D,Raw,0.3528,27.248101625287074,0.5113687847942655,3.827879661114538,6.327858423716308,1.0596757105919279,0.04230769230769231,0.03725490196078431,6.968885711320996,0.7202306395371758,0.5898453679254588,0.573076923076923
8YII_C,8YII_C,104,Thesis-3T+2D,Simple,0.358058,27.25071882864118,0.5260665336266298,3.7970680239455357,6.306164224778965,0.7650723896519752,0.03076923076923077,0.050980392156862744,6.971612743449304,0.7805944165529451,0.646045005866925,0.5923076923076923
8ZAU_A,8ZAU_A,69,J-controlled,Geometry,0.34573200000000004,29.855984125504,0.4539767473808479,5.770874274511838,9.9088874295153,1.3270106437078972,0.028985507246376812,0.07761194029850746,16.454975559551173,0.9095319047132048,0.7464910507119458,0.463768115942029
8ZAU_A,8ZAU_A,69,J-controlled,John_fixed,0.32266,29.76231877945628,0.4450853574758836,5.484301735643515,9.674083456849326,1.077757344361597,0.04057971014492754,0.05671641791044776,16.378403448699466,1.1738913236366542,0.7732684939448469,0.4579710144927536
8ZAU_A,8ZAU_A,69,J-controlled,John_original,0.32881400000000005,29.756158646340623,0.45331773593558067,5.466891785786491,9.654229629679262,1.1145793839679201,0.03768115942028986,0.05671641791044776,16.373699335654976,1.172580573947774,0.7761405461336877,0.4579710144927536
8ZAU_A,8ZAU_A,69,J-controlled,Raw,0.339264,29.86173828339205,0.44704997459176604,5.807803922611412,9.933805763460178,1.4408460730445687,0.028985507246376812,0.08059701492537312,16.461544629913647,1.2343411443200059,0.7446140409022234,0.463768115942029
8ZAU_A,8ZAU_A,69,J-controlled,Simple,0.336412,29.857926670634896,0.45135570981838563,5.773976689779765,9.910516007772065,1.247854811094171,0.028985507246376812,0.06865671641791045,16.450434027321585,1.2157947124785318,0.7700720119681117,0.463768115942029
8ZAU_A,8ZAU_A,69,Thesis-3T+2D,Geometry,0.397992,12.39239372106159,0.6165900587467041,3.426521404586919,5.722638778957316,0.893888154035286,0.011594202898550725,0.05373134328358209,1.4596676093585188,0.5026758882860769,0.6495391360805464,0.6318840579710144
8ZAU_A,8ZAU_A,69,Thesis-3T+2D,John_fixed,0.392374,12.42075756456536,0.6095498927802653,3.4225042501162464,5.74835481931656,0.7722007924311807,0.014492753623188406,0.05373134328358209,1.5240569677225948,0.6126887168399922,0.755562391092574,0.6434782608695653
8ZAU_A,8ZAU_A,69,Thesis-3T+2D,John_original,0.397914,12.42391281515294,0.6087867706637898,3.4200542024824876,5.750895510410784,0.8000380866993264,0.014492753623188406,0.05373134328358209,1.493736549375123,0.6186936209870001,0.7609923210154419,0.6376811594202898
8ZAU_A,8ZAU_A,69,Thesis-3T+2D,Raw,0.386498,12.388109799480912,0.6135825798457462,3.450726033016391,5.733670768840444,1.019077141129948,0.020289855072463767,0.059701492537313425,1.467623055602362,0.6069309476579645,0.7216242519612939,0.6376811594202898
8ZAU_A,8ZAU_A,69,Thesis-3T+2D,Simple,0.394802,12.373748494036382,0.6148350373611596,3.44701984994573,5.7312098345951465,0.7577387947520566,0.008695652173913044,0.05671641791044776,1.4703555651440134,0.6514797794686837,0.7615089099005056,0.6318840579710144
8ZDR_A,8W2Z_B,159,J-controlled,Geometry,0.5114639999999999,33.457393474827256,0.5155483589192685,5.7643280901655025,8.88948727693735,1.554689593766745,0.04905660377358491,0.06751592356687898,15.37808457035123,1.0279040183833632,0.7616157216496593,0.5157232704402516
8ZDR_A,8W2Z_B,159,J-controlled,John_fixed,0.49658199999999997,33.496757208681366,0.5003530151554942,5.36716613893413,8.489331205045152,1.280393116076133,0.0490566037735849,0.05477707006369427,15.454914859832323,1.2610541094143246,0.7673332988727312,0.5207547169811321
8ZDR_A,8W2Z_B,159,J-controlled,John_original,0.49952199999999997,33.46095149237799,0.5107703808850498,5.411335137377515,8.534775286185567,1.3553872438055163,0.04905660377358491,0.05605095541401274,15.42403609693049,1.2670689558102484,0.7709449994487139,0.5308176100628931
8ZDR_A,8W2Z_B,159,J-controlled,Raw,0.510938,33.46680113380812,0.5126473812344394,5.801553665407942,8.919799542819062,1.652462061589988,0.04654088050314466,0.06878980891719745,15.383955024714421,1.306923713699605,0.7192908476989741,0.5056603773584906
8ZDR_A,8W2Z_B,159,J-controlled,Simple,0.51008,33.448689852372176,0.5127856275075786,5.756166438803515,8.878494313287291,1.4772719657649773,0.04528301886792453,0.06751592356687898,15.374904716315214,1.3009726644132569,0.7404852089639447,0.5157232704402516
8ZDR_A,8W2Z_B,159,Thesis-3T+2D,Geometry,0.675048,16.046446305056367,0.7598171228947403,1.6900539443984677,2.51736400845546,0.7186661468427503,0.008805031446540882,0.01656050955414013,8.968913645732645,0.37626299815213005,0.5190797883083141,0.6415094339622641
8ZDR_A,8W2Z_B,159,Thesis-3T+2D,John_fixed,0.67256,16.068003575029813,0.7440994099624305,1.7109551308633162,2.5402850782679938,0.6524999204996537,0.008805031446540882,0.020382165605095544,8.933746251068985,0.6352942028768502,0.5964613561967738,0.6591194968553459
8ZDR_A,8W2Z_B,159,Thesis-3T+2D,John_original,0.671786,16.065150089694317,0.7406159219806453,1.7174310033461466,2.5598123974996994,0.6446685727090593,0.010062893081761008,0.020382165605095544,8.95885756528789,0.6580567199482522,0.6468044015580612,0.6490566037735849
8ZDR_A,8W2Z_B,159,Thesis-3T+2D,Raw,0.6754140000000001,16.039600768673296,0.7575324755162918,1.6950287959001777,2.5131857928806847,0.7977270598235039,0.008805031446540882,0.0178343949044586,8.955504596480253,0.6009596762927149,0.5725570472845815,0.6515723270440251
8ZDR_A,8W2Z_B,159,Thesis-3T+2D,Simple,0.6737580000000001,16.065401599887984,0.7604308766381281,1.7332017730792877,2.5562623937925553,0.6141569127087927,0.008805031446540882,0.025477707006369428,8.976614227965017,0.6626990403579865,0.5972802871002292,0.6515723270440251
9AR4_B,9AR4_B,149,J-controlled,Geometry,0.362772,30.423756331195612,0.4613371009994226,5.9077080564231,9.316914845633956,1.8455496421464932,0.06040268456375839,0.08299319727891157,13.096719193319476,1.0585330579025505,0.7054649281567894,0.45637583892617445
9AR4_B,9AR4_B,149,J-controlled,John_fixed,0.359694,30.391608578111608,0.44601349351717473,5.5962416455698945,8.96351073116523,1.4627342536412429,0.06174496644295302,0.06666666666666667,13.203259246903837,1.320205166485205,0.7593415680413856,0.46174496644295304
9AR4_B,9AR4_B,149,J-controlled,John_original,0.362788,30.3510457463993,0.45481797121021617,5.667213737223688,9.062687979533955,1.5375368335131856,0.06442953020134229,0.06802721088435373,13.134756447397516,1.3286794916117541,0.7286730450773818,0.45369127516778524
9AR4_B,9AR4_B,149,J-controlled,Raw,0.356258,30.431141911022518,0.458066407903822,5.944642547191306,9.346354929691547,1.9589572153827362,0.053691275167785234,0.08435374149659865,13.105975256651124,1.4058818709773322,0.6438884853531192,0.46442953020134226
9AR4_B,9AR4_B,149,J-controlled,Simple,0.36715,30.41205946673988,0.45717453888379095,5.897555549640923,9.303484512683335,1.7808202195573521,0.052348993288590606,0.08299319727891157,13.088995419869509,1.3964637193866072,0.6609156201717902,0.4590604026845638
9AR4_B,9AR4_B,149,Thesis-3T+2D,Geometry,0.593784,38.40024098864559,0.6491697652032358,2.9061667866206675,4.2713651094720255,0.8444776680804317,0.04563758389261745,0.014965986394557823,29.54182372000357,0.4019931474965774,0.5419159584688382,0.4885906040268456
9AR4_B,9AR4_B,149,Thesis-3T+2D,John_fixed,0.588946,38.4196020586241,0.64049537920583,2.8360251091771245,4.201602494163736,0.7108525445347806,0.042953020134228186,0.03673469387755102,29.5550019724908,1.022117965690786,0.6269629227599125,0.4966442953020135
9AR4_B,9AR4_B,149,Thesis-3T+2D,John_original,0.588176,38.47461229053923,0.6349119412303263,2.8510625252912716,4.222329817092212,0.6955439238007759,0.042953020134228186,0.03401360544217687,29.583719785133905,1.0217148339248736,0.6662652669790573,0.49395973154362416
9AR4_B,9AR4_B,149,Thesis-3T+2D,Raw,0.5940380000000001,38.39567535698556,0.6458807419619264,2.937932004852653,4.301621219176175,0.9405777679662425,0.059060402684563765,0.017687074829931974,29.529684215116752,0.9259354412786219,0.6098202384946088,0.49127516778523483
9AR4_B,9AR4_B,149,Thesis-3T+2D,Simple,0.5935,38.41069905007071,0.6503043101489923,2.9455833159159384,4.320332039270582,0.6723509090020936,0.042953020134228186,0.044897959183673466,29.548316664824824,1.0057604549613584,0.6433987596834944,0.49127516778523483
9AR6_B,9AR7_B,147,J-controlled,Geometry,0.43870000000000003,37.102552321338074,0.4926419176887927,5.371263003824372,8.650512879114384,1.5122817939058608,0.04217687074829932,0.06206896551724138,16.070030980390516,0.985419141560501,0.7098754100413955,0.46530612244897956
9AR6_B,9AR7_B,147,J-controlled,John_fixed,0.43517599999999995,37.15636261813678,0.47716005501851094,5.060392151473911,8.275291165190206,1.1834879356505295,0.04625850340136055,0.05103448275862069,16.252784477632908,1.2211129591395422,0.7641184054948195,0.4816326530612245
9AR6_B,9AR7_B,147,J-controlled,John_original,0.450258,37.10350111435953,0.4848394445967975,5.155483399442585,8.403280731328056,1.2936444310161528,0.050340136054421766,0.053793103448275856,16.168965927317934,1.2308977875910467,0.7333414542701882,0.47619047619047616
9AR6_B,9AR7_B,147,J-controlled,Raw,0.43783399999999995,37.1099966234389,0.48898687372676336,5.402812989521418,8.674425157868132,1.5977792864527043,0.0380952380952381,0.06344827586206896,16.07299747577694,1.2862638330470584,0.6795253346464658,0.4707482993197279
9AR6_B,9AR7_B,147,J-controlled,Simple,0.45516199999999996,37.09647556697464,0.4925131950701804,5.357754749023411,8.633126414361675,1.4369630568515954,0.03809523809523809,0.06482758620689655,16.066132991092807,1.2775448984672682,0.7047510709137371,0.46802721088435373
9AR6_B,9AR7_B,147,Thesis-3T+2D,Geometry,0.6264179999999999,36.77915664240399,0.6673091189175748,2.6852305497244533,4.04403075531757,0.8418334668490266,0.031292517006802724,0.01793103448275862,28.32283335480249,0.4170556003499577,0.5745477014517301,0.5006802721088436
9AR6_B,9AR7_B,147,Thesis-3T+2D,John_fixed,0.62123,36.77726582429324,0.6585293956452045,2.604391063146283,3.9533324518849,0.7075193768670638,0.027210884353741492,0.03172413793103448,28.31946512353838,1.0069963290031871,0.664514229205845,0.5061224489795919
9AR6_B,9AR7_B,147,Thesis-3T+2D,John_original,0.6227820000000001,36.795495306897564,0.6534023935283126,2.633246848038089,3.9953252641004653,0.672635930810506,0.0326530612244898,0.030344827586206897,28.329328793913362,0.9926397838557712,0.6963092326308511,0.49523809523809526
9AR6_B,9AR7_B,147,Thesis-3T+2D,Raw,0.626408,36.77234565087768,0.665466796547679,2.7207184070732566,4.075123988300453,0.9279656482814659,0.03537414965986395,0.020689655172413793,28.31017903781116,0.9416311300621066,0.656856129337155,0.5061224489795919
9AR6_B,9AR7_B,147,Thesis-3T+2D,Simple,0.625046,36.78523104881019,0.6705325935298362,2.717124801245501,4.077688302014241,0.67141917862574,0.03401360544217687,0.04275862068965517,28.3280753383004,0.997366993844771,0.6853633133270308,0.5115646258503401
9AR7_B,9AR7_B,120,J-controlled,Geometry,0.45286400000000004,36.2871139598765,0.5094116851285969,5.605185050329853,8.4746305821897,1.5277027755389496,0.03333333333333333,0.05084745762711864,19.616614993189945,0.8449084121763304,0.6659456006750762,0.4533333333333333
9AR7_B,9AR7_B,120,J-controlled,John_fixed,0.448552,36.030702155919755,0.5027299602630485,5.303506359140295,8.23392111162029,1.2804765531896432,0.034999999999999996,0.04745762711864407,19.546827638331756,1.1039109886098624,0.702140376629907,0.4533333333333333
9AR7_B,9AR7_B,120,J-controlled,John_original,0.451588,36.02623376653632,0.5051371173420806,5.320490206454933,8.25570120722065,1.3455906023001916,0.034999999999999996,0.04915254237288136,19.542554568359794,1.1070722805910225,0.7019883474542599,0.4533333333333333
9AR7_B,9AR7_B,120,J-controlled,Raw,0.45173399999999997,36.294318875575854,0.5053809265013309,5.630974447470285,8.493476169162749,1.6237517188580626,0.034999999999999996,0.05254237288135592,19.620469977142513,1.1131700932717667,0.6568926043229466,0.45
9AR7_B,9AR7_B,120,J-controlled,Simple,0.45168400000000003,36.279476652265906,0.5076863198076433,5.600918543904263,8.464709477436033,1.4424649020720326,0.03666666666666667,0.0576271186440678,19.614032433876567,1.1046091466517025,0.6823484086008383,0.4533333333333333
9AR7_B,9AR7_B,120,Thesis-3T+2D,Geometry,0.6286820000000001,15.685987246266999,0.6850661411369132,2.7171702947514467,3.784280186417701,0.8242634898812471,0.03833333333333333,0.01694915254237288,8.004801716045067,0.4388128990951531,0.5600064280579168,0.5733333333333334
9AR7_B,9AR7_B,120,Thesis-3T+2D,John_fixed,0.6222019999999999,15.704497197279101,0.6805478288391893,2.6759072365974985,3.754478456386182,0.7292213590722295,0.03666666666666667,0.03389830508474576,7.995213513572016,0.8178872769252601,0.6271203242427639,0.58
9AR7_B,9AR7_B,120,Thesis-3T+2D,John_original,0.6202059999999999,15.728101199102372,0.6738726777035601,2.7006782799298676,3.7797171821745907,0.7526721621291905,0.03833333333333333,0.02711864406779661,7.991869796852972,0.7958727878519019,0.6419918435591792,0.5766666666666667
9AR7_B,9AR7_B,120,Thesis-3T+2D,Raw,0.627224,15.677049378809338,0.6826764528363793,2.736886932448201,3.802075753910877,0.9251775549327108,0.043333333333333335,0.02033898305084746,7.986885475287042,0.7347873260659288,0.6237390230772274,0.5733333333333334
9AR7_B,9AR7_B,120,Thesis-3T+2D,Simple,0.627818,15.707430589231858,0.6907004083198937,2.754095679234864,3.825786528484823,0.6481834205152662,0.03333333333333333,0.03898305084745763,8.010183368655937,0.7860340744987527,0.643671816978107,0.5800000000000001
9ASP_E,9ASP_E,119,J-controlled,Geometry,0.226064,38.85475633441809,0.3235792824074074,6.305262018936363,10.437660540169286,1.5641400803110848,0.058823529411764705,0.08547008547008547,10.210859597409598,0.9428005714204876,0.7605995867718202,0.49075630252100844
9ASP_E,9ASP_E,119,J-controlled,John_fixed,0.22483400000000003,38.6709355512828,0.32394097222222223,6.019062788801525,10.176477685049324,1.284727488975535,0.07058823529411765,0.06495726495726496,10.129262054291054,1.1243254243712317,0.8363600772717266,0.5042016806722689
9ASP_E,9ASP_E,119,J-controlled,John_original,0.223198,38.66379088682232,0.32457087617243874,6.029451561041464,10.1847543787968,1.2916784373845855,0.06890756302521009,0.06666666666666668,10.123838419824102,1.1265703760997954,0.8417061018140544,0.5109243697478991
9ASP_E,9ASP_E,119,J-controlled,Raw,0.224288,38.868131964567596,0.3183204252344877,6.359262271882986,10.474289694495104,1.7195840409952203,0.06218487394957983,0.09401709401709402,10.21636664289409,1.232440454414244,0.765250768188745,0.49075630252100844
9ASP_E,9ASP_E,119,J-controlled,Simple,0.22076400000000002,38.845950499767255,0.3288518743987494,6.291495887779751,10.421506347583696,1.4962974350992795,0.055462184873949584,0.08205128205128205,10.207046324925873,1.2046832625301043,0.767403636694312,0.4840336134453781
9ASP_E,9ASP_E,119,Thesis-3T+2D,Geometry,0.353958,28.819309552573078,0.4790412683381433,4.312669919220693,7.431244344573203,1.2816488297215824,0.0453781512605042,0.03418803418803419,16.56954986272558,0.46145397512263536,0.5360439895520674,0.615126050420168
9ASP_E,9ASP_E,119,Thesis-3T+2D,John_fixed,0.357756,28.692582149710983,0.4803693557599808,4.085939793130737,7.178155631661542,1.0743464364824324,0.038655462184873944,0.037606837606837605,16.478178209902445,0.5360950585155353,0.647186976705471,0.6151260504201681
9ASP_E,9ASP_E,119,Thesis-3T+2D,John_original,0.34847799999999995,28.72577911240493,0.47202330221861477,4.117137921794907,7.213105427214643,1.0709682234682958,0.038655462184873944,0.035897435897435895,16.507709959523204,0.5459546595766178,0.6635257123174714,0.6084033613445378
9ASP_E,9ASP_E,119,Thesis-3T+2D,Raw,0.351606,28.821618372676035,0.4715146066317941,4.356767809862907,7.4624882044709295,1.4414561270218058,0.06722689075630253,0.0358974358974359,16.56644478865976,0.5776482739840827,0.6378443386227319,0.6117647058823529
9ASP_E,9ASP_E,119,Thesis-3T+2D,Simple,0.35263999999999995,28.822910487302664,0.48157640392015394,4.299200500888657,7.416279649139197,1.1184041879580882,0.047058823529411764,0.059829059829059825,16.573162639896605,0.6280065540906257,0.6556106969990338,0.6218487394957983
9B1Y_4,9B1Y_4,81,J-controlled,Geometry,0.3779,14.186973074877278,0.418877069913634,4.940223029732851,7.111727501947795,1.2928631262034294,0.03950617283950617,0.0759493670886076,3.484522911745304,0.9380040252312378,0.853287008178568,0.6469135802469135
9B1Y_4,9B1Y_4,81,J-controlled,John_fixed,0.37839199999999995,13.928111230355114,0.4181268746123495,4.72091000642546,6.894780873126342,1.020437152676275,0.03950617283950617,0.05822784810126582,3.6902289264941017,1.0533216977908615,0.8940139550589665,0.6271604938271604
9B1Y_4,9B1Y_4,81,J-controlled,John_original,0.378674,14.06679322725958,0.41991494034517807,4.789060592802011,6.95480254086316,1.1410855342087083,0.04444444444444444,0.06075949367088608,3.5592958627560924,1.0553318313325442,0.8725844050323432,0.6320987654320988
9B1Y_4,9B1Y_4,81,J-controlled,Raw,0.37714600000000004,14.204695722264367,0.4199405722029648,4.96550294724671,7.136725838038762,1.427211172283839,0.04197530864197531,0.08101265822784812,3.483681844584466,1.0969178842866392,0.8522822542061812,0.6419753086419753
9B1Y_4,9B1Y_4,81,J-controlled,Simple,0.37702399999999997,14.17279073630645,0.4166392379874929,4.925913570557787,7.095226740815977,1.1797844250518883,0.03209876543209876,0.0759493670886076,3.4852929282543053,1.1056936635731884,0.8786637879050518,0.6419753086419753
9B1Y_4,9B1Y_4,81,Thesis-3T+2D,Geometry,0.419544,7.6536771222014295,0.4997400888443755,3.2285034871540943,4.196340130049701,0.7508409722359707,0.01728395061728395,0.043037974683544304,5.306564761790623,0.7810700862002433,0.8259108066735188,0.7555555555555555
9B1Y_4,9B1Y_4,81,Thesis-3T+2D,John_fixed,0.42098399999999997,7.605441519394331,0.4971979170568682,3.2126672231426583,4.165889256091467,0.6567381714305225,0.014814814814814814,0.0379746835443038,5.370627822073878,0.8709906107169564,0.906326050776582,0.7555555555555555
9B1Y_4,9B1Y_4,81,Thesis-3T+2D,John_original,0.42038000000000003,7.610471227997351,0.49590206107658547,3.2170552604763842,4.175755127873013,0.6835019586382718,0.019753086419753086,0.0379746835443038,5.351334378148249,0.8810068533869458,0.9108702533013885,0.7506172839506172
9B1Y_4,9B1Y_4,81,Thesis-3T+2D,Raw,0.42228000000000004,7.654393771142642,0.4979783341405744,3.2467209090916014,4.213060928176445,0.9165853428718957,0.02222222222222222,0.04810126582278481,5.316855926950554,0.8631257358209771,0.8960232874626589,0.7506172839506172
9B1Y_4,9B1Y_4,81,Thesis-3T+2D,Simple,0.41910400000000003,7.648890582029059,0.4978777341830735,3.223476584625827,4.186800227010553,0.654941284749075,0.01728395061728395,0.045569620253164564,5.303515084758592,0.8696365834348739,0.9085357166346629,0.7456790123456789
9B89_C,9B89_C,35,J-controlled,Geometry,0.223956,19.470381508539788,0.3808106060606061,5.7974829875337885,10.859661616725877,1.0428771307662765,0.02857142857142857,0.03636363636363636,7.023397605868766,0.7306311449119212,0.4844545395272979,0.3314285714285714
9B89_C,9B89_C,35,J-controlled,John_fixed,0.226526,19.459544622958767,0.37836719233147803,5.649762902241286,10.711762741601056,0.8745806773073385,0.045714285714285714,0.03636363636363636,7.118289843780441,1.031482021008355,0.5660335920714911,0.31999999999999995
9B89_C,9B89_C,35,J-controlled,John_original,0.22618200000000002,19.45715704677422,0.3788508039579468,5.656881609771446,10.719933147637038,0.8827885395118118,0.03428571428571429,0.03636363636363636,7.106012640000927,1.019966850823784,0.5681799858063111,0.30857142857142855
9B89_C,9B89_C,35,J-controlled,Raw,0.224276,19.478326329391564,0.378871830550402,5.8261164275815815,10.8765157224674,1.1018468937204753,0.03428571428571429,0.03636363636363636,7.021937611956536,1.0648623862197166,0.4712497287588285,0.30857142857142855
9B89_C,9B89_C,35,J-controlled,Simple,0.221864,19.460101181116237,0.383671201814059,5.7901284654649015,10.848325439747523,1.0106502739351988,0.03428571428571429,0.03636363636363636,7.024061401253746,1.0804492087012114,0.5393127168418367,0.3314285714285714
9B89_C,9B89_C,35,Thesis-3T+2D,Geometry,0.23456000000000002,11.08902104939287,0.53646361574933,3.727105732402773,6.161114200862189,1.2629033808393049,0.02857142857142857,0.030303030303030304,1.7542622938523098,0.45841612497467576,0.5882813708387628,0.64
9B89_C,9B89_C,35,Thesis-3T+2D,John_fixed,0.260328,10.91729735251528,0.5495826118326118,3.521680279050423,5.834422554645267,1.0976503710713177,0.039999999999999994,0.048484848484848485,1.6791959245847259,0.7716991099186331,0.7366039442018282,0.7085714285714285
9B89_C,9B89_C,35,Thesis-3T+2D,John_original,0.258278,10.944141271011079,0.5480144815501958,3.5742488419399705,5.909480149114037,1.148746769168038,0.02857142857142857,0.048484848484848485,1.6971826053504526,0.7588647377817933,0.7392354349772949,0.6857142857142857
9B89_C,9B89_C,35,Thesis-3T+2D,Raw,0.23284000000000002,11.122197701333441,0.5275198928056071,3.7841219259333756,6.217841327333061,1.3535884280036172,0.02857142857142857,0.030303030303030304,1.787237819508008,0.6591152528779317,0.6926820532429511,0.64
9B89_C,9B89_C,35,Thesis-3T+2D,Simple,0.233512,11.121378624777464,0.5533265306122449,3.7854133929358023,6.214453968706407,1.0483717017856655,0.02857142857142857,0.06666666666666668,1.7484037565614805,0.7602816864552713,0.7072845529731173,0.6285714285714286
9BCI_A,9BCI_A,50,J-controlled,Geometry,0.23666800000000002,23.347605229026176,0.42890070530376656,7.407274748519848,12.575621835342904,1.8642259218993544,0.06799999999999999,0.0875,6.94358248795663,1.1369351639470904,0.7156883231033617,0.42400000000000004
9BCI_A,9BCI_A,50,J-controlled,John_fixed,0.230214,22.894644196789915,0.42327539240804546,6.847455630621755,11.985698656048793,1.4682975186347953,0.088,0.075,6.853573307296759,1.4661403269696378,0.7715931698458688,0.41600000000000004
9BCI_A,9BCI_A,50,J-controlled,John_original,0.246934,22.942155325684826,0.4238310215861237,6.924474266476293,12.063807046416537,1.5137378742404426,0.064,0.075,6.839489779562562,1.4698486051515045,0.7533714267316153,0.40800000000000003
9BCI_A,9BCI_A,50,J-controlled,Raw,0.23487,23.364004611023223,0.4248284227110758,7.4481732126010085,12.6071364957145,1.957722093270584,0.05600000000000001,0.09166666666666667,6.952132181811299,1.573112707466775,0.6610557152265314,0.42400000000000004
9BCI_A,9BCI_A,50,J-controlled,Simple,0.259636,23.329591830046223,0.4349759622463704,7.382726952040734,12.548482874131215,1.8173748043223295,0.05600000000000001,0.09166666666666667,6.9379594422221444,1.5510891817867942,0.681230233516617,0.41600000000000004
9BCI_A,9BCI_A,50,Thesis-3T+2D,Geometry,0.398308,13.201813657016354,0.6299883308301676,4.513341037584338,7.911945038870212,1.3953920386494432,0.0,0.05416666666666666,1.869378637112868,0.44397818092330255,0.5341234337390047,0.576
9BCI_A,9BCI_A,50,Thesis-3T+2D,John_fixed,0.38446600000000003,12.805032571330125,0.622102732868039,4.190333137006831,7.410064791353053,1.1299414729238442,0.012,0.04166666666666667,1.3718286671654234,0.5151196650147682,0.6301858815110378,0.6
9BCI_A,9BCI_A,50,Thesis-3T+2D,John_original,0.38613400000000003,12.978579026271152,0.6134703080366346,4.3225108952299935,7.61460069660977,1.2158414726032865,0.008,0.05,1.5948404395565703,0.5291041731063022,0.6396888165221194,0.608
9BCI_A,9BCI_A,50,Thesis-3T+2D,Raw,0.39739199999999997,13.214126399334068,0.62307237830197,4.557980756940212,7.936133306331246,1.502951255706752,0.0,0.05416666666666666,1.8660901883889403,0.5163295049563903,0.5955228482809914,0.584
9BCI_A,9BCI_A,50,Thesis-3T+2D,Simple,0.40037399999999995,13.19384761095301,0.6299549062049061,4.494006648812061,7.891080642899968,1.3074846073756863,0.0,0.05416666666666666,1.862692491594229,0.5125156021585586,0.6220844467207978,0.5599999999999999
9C0J_R,9C0J_R,155,J-controlled,Geometry,0.17759799999999998,42.85771983284793,0.33106530658357036,6.957831241872739,11.237777089844613,1.39671566152658,0.050322580645161284,0.07712418300653594,13.15991632037534,0.9765730092231824,0.808020731396358,0.5135483870967742
9C0J_R,9C0J_R,155,J-controlled,John_fixed,0.17297,42.83243098841195,0.3255762472558013,6.608206628313522,10.906166338434819,1.1378913693437416,0.05290322580645161,0.06797385620915034,13.186288791044959,1.1927317653314504,0.8909408906471918,0.5470967741935484
9C0J_R,9C0J_R,155,J-controlled,John_original,0.165984,42.82906244548177,0.3255712619659489,6.623231034010971,10.92010832546186,1.1490856555880906,0.050322580645161284,0.06797385620915034,13.17731955258262,1.1851868421546563,0.8863263246083548,0.5393548387096774
9C0J_R,9C0J_R,155,J-controlled,Raw,0.171416,42.865691803597436,0.3224052877862176,7.008316701575291,11.272556091684537,1.5545512242032704,0.04129032258064516,0.08104575163398693,13.167910611230042,1.2307773007359657,0.826411050436325,0.5109677419354839
9C0J_R,9C0J_R,155,J-controlled,Simple,0.176106,42.852221489946096,0.33200277265955636,6.939984251316434,11.221697354579803,1.325180560993703,0.04516129032258064,0.07581699346405228,13.154771614865382,1.2183484620852014,0.840567288709447,0.5135483870967742
9C0J_R,9C0J_R,155,Thesis-3T+2D,Geometry,0.19633,35.582194959766106,0.4429564451993294,5.0794322117054005,8.704439842951789,1.0538906377207802,0.050322580645161284,0.03921568627450981,6.486937178252518,0.6316782986044418,0.7471419956644327,0.6270967741935485
9C0J_R,9C0J_R,155,Thesis-3T+2D,John_fixed,0.19724400000000003,35.54646325929801,0.43700375610053027,4.977623880244653,8.596424843271837,0.894333806706249,0.05290322580645161,0.06666666666666668,6.433510556362148,0.8756803362585144,0.8640374885043342,0.6477419354838709
9C0J_R,9C0J_R,155,Thesis-3T+2D,John_original,0.195458,35.59475820356745,0.42317195278367004,4.990920220989516,8.620495469540035,0.8432768043820295,0.050322580645161284,0.06666666666666668,6.459781953680047,0.8920097786239152,0.902067378545472,0.6451612903225806
9C0J_R,9C0J_R,155,Thesis-3T+2D,Raw,0.191834,35.56813849552022,0.43274910757595764,5.1163638397647295,8.721811939585104,1.237657459438886,0.06580645161290323,0.043137254901960784,6.475905872773268,0.8215174390015448,0.8228123505830498,0.6245161290322581
9C0J_R,9C0J_R,155,Thesis-3T+2D,Simple,0.195238,35.58740343833556,0.45239101992778463,5.097140157344746,8.72692216547228,0.8844779324205533,0.03612903225806452,0.06013071895424836,6.486048116172952,0.8794831436661996,0.8680163642843419,0.6296774193548387
9C3H_S4,9C3H_S4,76,J-controlled,Geometry,0.61848,3.622310225063677,0.7265550287896336,1.5918720457808575,2.1879793185648646,0.8273085642649539,0.002631578947368421,0.04864864864864865,0.47063477262059833,0.7191630248964666,0.8092470971684337,0.7473684210526316
9C3H_S4,9C3H_S4,76,J-controlled,John_fixed,0.60287,3.62124237710776,0.7124750095441732,1.6098250291325933,2.208083430999588,0.6629075826010482,0.0,0.043243243243243246,0.4441450330742306,0.771004029402676,0.8582942399902727,0.7578947368421053
9C3H_S4,9C3H_S4,76,J-controlled,John_original,0.614698,3.6240616773683714,0.7240075897601173,1.6006669584260973,2.198877389489194,0.8165803691170019,0.002631578947368421,0.05135135135135136,0.46720906808940654,0.7608752293009877,0.8484131826689272,0.7421052631578948
9C3H_S4,9C3H_S4,76,J-controlled,Raw,0.618354,3.643574175518934,0.7222154669523695,1.6163649408994931,2.213991000362428,0.9334685974922472,0.005263157894736842,0.05405405405405406,0.4726992166256771,0.7671673194019614,0.8571114900398598,0.7473684210526316
9C3H_S4,9C3H_S4,76,J-controlled,Simple,0.614466,3.6072041501777825,0.7205046047957353,1.5848320858528735,2.175236635049288,0.6772515835055818,0.0,0.04864864864864865,0.4660822721601633,0.7520621260509007,0.8549708438105587,0.7315789473684211
9C3H_S4,9C3H_S4,76,Thesis-3T+2D,Geometry,0.67917,3.3530973832714324,0.7825519575910201,1.3293740580638302,1.8375034116577242,0.8001659333995688,0.007894736842105263,0.043243243243243246,0.6778808232849343,0.6223417710718275,0.7106789607063937,0.7473684210526316
9C3H_S4,9C3H_S4,76,Thesis-3T+2D,John_fixed,0.65273,3.3828138327606316,0.7573112472698871,1.3659778614418323,1.871469945951081,0.6806614407449791,0.013157894736842105,0.03513513513513514,0.6467092820050923,0.7295284546422949,0.7690767130571168,0.7631578947368421
9C3H_S4,9C3H_S4,76,Thesis-3T+2D,John_original,0.661372,3.3989762882790315,0.7631762405027571,1.3753873515289394,1.8827614749746755,0.7475662954688482,0.007894736842105263,0.03783783783783784,0.6745181342360589,0.7323481358469198,0.7652709884803433,0.7526315789473684
9C3H_S4,9C3H_S4,76,Thesis-3T+2D,Raw,0.6787340000000001,3.3929106769088273,0.7810929724636066,1.3683120381009224,1.886240661430616,0.9513612858164422,0.015789473684210527,0.04864864864864865,0.6811147234514514,0.753420133497026,0.767615426454011,0.7473684210526315
9C3H_S4,9C3H_S4,76,Thesis-3T+2D,Simple,0.675242,3.3608210711258586,0.7774578688009295,1.320693212849216,1.8249745439395177,0.6944813102655221,0.005263157894736842,0.04054054054054054,0.6795518772782956,0.7047101522287665,0.7718051816832323,0.7421052631578948
9CAI_A7,9CAI_A7,119,J-controlled,Geometry,0.63839,11.447797762042404,0.6298005303115868,3.370393203538223,4.811194496704719,1.7119587322734386,0.1596638655462185,0.09572649572649573,6.22085671537874,0.8339067835099383,0.8956697101895135,0.6655462184873949
9CAI_A7,9CAI_A7,119,J-controlled,John_fixed,0.630966,11.582489840862092,0.6210874212524082,3.291450834661577,4.755752013510085,1.374731691371739,0.16974789915966387,0.08547008547008547,6.123530024878286,0.9955767928303325,0.9855700488751873,0.6722689075630253
9CAI_A7,9CAI_A7,119,J-controlled,John_original,0.633928,11.594359849950038,0.6365202882586558,3.181281230624884,4.654259850413948,1.147070018246786,0.16134453781512606,0.09059829059829061,6.073245758178647,0.9966195163057032,0.9797610639953662,0.6756302521008404
9CAI_A7,9CAI_A7,119,J-controlled,Raw,0.632166,11.450165547523216,0.6245158507740807,3.390073129565161,4.821021471963412,1.8486564791263251,0.15798319327731095,0.10256410256410256,6.224186777432815,1.1982538397090743,0.9901437226233863,0.6621848739495798
9CAI_A7,9CAI_A7,119,J-controlled,Simple,0.63666,11.473532616415428,0.6233990987793596,3.4000199834513887,4.841903248239534,1.6184448455161988,0.16638655462184876,0.09743589743589745,6.224924522743946,1.050636626451467,1.009418190612599,0.6554621848739496
9CAI_A7,9CAI_A7,119,Thesis-3T+2D,Geometry,0.9685600000000001,0.6950062552379379,0.9357110012811549,0.4259136538447814,0.49770719124807716,0.6662933610317471,0.010084033613445377,0.05299145299145299,5.42572573361887,0.6696810673381612,0.7224487290747936,0.7495798319327731
9CAI_A7,9CAI_A7,119,Thesis-3T+2D,John_fixed,0.962294,0.7959603662256507,0.9067744419491145,0.5112466326510419,0.5910775136897495,0.5804310307750863,0.003361344537815126,0.05128205128205128,5.3970284163501265,0.7206622139449238,0.8138393051320945,0.7327731092436975
9CAI_A7,9CAI_A7,119,Thesis-3T+2D,John_original,0.9651020000000001,0.7405200671970532,0.9227602025920068,0.4619262079379234,0.5376945493669495,0.6428978343220934,0.006722689075630252,0.05128205128205128,5.404868858147188,0.7198977954896639,0.8083323966086894,0.7428571428571429
9CAI_A7,9CAI_A7,119,Thesis-3T+2D,Raw,0.968786,0.6900512128517506,0.9391790724904064,0.414852339906877,0.48764610858342705,0.7713279102407116,0.008403361344537815,0.05811965811965812,5.423497150332,0.7369384398347044,0.7958171819505278,0.746218487394958
9CAI_A7,9CAI_A7,119,Thesis-3T+2D,Simple,0.966948,0.7294773973225975,0.9262358675889393,0.4700215150489154,0.5417402716130688,0.5680602512632614,0.010084033613445377,0.05470085470085471,5.430056864742893,0.7408120352711625,0.8157311814553128,0.7428571428571429
9CAI_A8,9CAI_A8,153,J-controlled,Geometry,0.935322,2.1289841118049004,0.8772988467112475,1.00221191989898,1.3301186950927555,0.8468329114607747,0.010457516339869282,0.07019867549668875,8.725735446761684,0.6189044025721356,0.645877108894433,0.40784313725490196
9CAI_A8,9CAI_A8,153,J-controlled,John_fixed,0.932004,2.250675357594262,0.8454399515117608,1.0979076425199725,1.4334518628264665,0.6529647491338787,0.013071895424836602,0.06490066225165562,8.685014445816426,0.6713457833770893,0.6871200847556107,0.41045751633986927
9CAI_A8,9CAI_A8,153,J-controlled,John_original,0.9354979999999999,2.1656609264074183,0.8739281064340705,1.0229703758624615,1.3548198735538908,0.8255596653785666,0.011764705882352941,0.06887417218543046,8.711105360926993,0.6595487006050443,0.6819924329222685,0.41045751633986927
9CAI_A8,9CAI_A8,153,J-controlled,Raw,0.934942,2.142414886555872,0.8730018061915089,1.0121556577866244,1.342926061866918,0.9628786200532735,0.010457516339869282,0.07152317880794702,8.727888513814975,0.6653358733771422,0.6790376702307643,0.41045751633986927
9CAI_A8,9CAI_A8,153,J-controlled,Simple,0.9346,2.1452644988209544,0.8674256592465195,1.0368855695743178,1.3587644145127358,0.6986521256028996,0.013071895424836602,0.06754966887417219,8.724287623207582,0.657826064627116,0.687341961841695,0.41045751633986927
9CAI_A8,9CAI_A8,153,Thesis-3T+2D,Geometry,0.907892,2.200302569742213,0.8874092349320174,1.0219748983811847,1.3435381616611015,0.8140853286029313,0.03006535947712418,0.060927152317880796,8.416363775264509,0.5596963457926508,0.6254042864239253,0.4287581699346405
9CAI_A8,9CAI_A8,153,Thesis-3T+2D,John_fixed,0.90511,2.2420998647050316,0.8561262458449044,1.0963736261056554,1.4194120138640973,0.6674051161900356,0.03006535947712418,0.06622516556291391,8.379538172292229,0.6669451857997081,0.6737058548910423,0.43660130718954243
9CAI_A8,9CAI_A8,153,Thesis-3T+2D,John_original,0.9063760000000001,2.2117898052806835,0.8695705810030925,1.0569689930892086,1.3776542514059429,0.7340893824380548,0.03398692810457517,0.06490066225165562,8.396675266130973,0.6450106378258367,0.673859947143164,0.43660130718954243
9CAI_A8,9CAI_A8,153,Thesis-3T+2D,Raw,0.90776,2.2078584283092297,0.882023050726081,1.0311400059071727,1.351880625920383,0.9644440080095962,0.032679738562091505,0.060927152317880796,8.414971306603045,0.6439555005671787,0.6656202673433909,0.4339869281045751
9CAI_A8,9CAI_A8,153,Thesis-3T+2D,Simple,0.906906,2.2203655003369045,0.8778060601331837,1.0563283250002533,1.3736977144333806,0.6624066090215216,0.026143790849673203,0.06754966887417219,8.420369254969202,0.6814022842376104,0.6780743893563009,0.4287581699346405
9DTR_2,9DTR_2,132,J-controlled,Geometry,0.409464,38.65205322457855,0.5741149780354325,6.020718865711581,9.299844526683064,1.8756448014159985,0.02727272727272727,0.05692307692307692,42.37740017210196,0.9337574834958969,0.659991022543636,0.3393939393939394
9DTR_2,9DTR_2,132,J-controlled,John_fixed,0.401422,38.52074108647661,0.5496715973420518,5.759250332432305,9.001188844843472,1.5376278020233478,0.031818181818181815,0.03538461538461539,42.37095247734812,1.0888371239906793,0.6681492862014078,0.3242424242424242
9DTR_2,9DTR_2,132,J-controlled,John_original,0.40698,38.5674009727361,0.5665490538501903,5.902891181572494,9.161343516672323,1.7545355896650583,0.031818181818181815,0.04923076923076923,42.34487920042002,1.0986065789631356,0.6412544829340127,0.3333333333333333
9DTR_2,9DTR_2,132,J-controlled,Raw,0.40963399999999994,38.65933962844896,0.5728309979162252,6.041411883289335,9.318806287929082,1.9636955686964046,0.02727272727272727,0.05692307692307692,42.38223975895048,1.126491380056486,0.6115532726107498,0.33636363636363636
9DTR_2,9DTR_2,132,J-controlled,Simple,0.40890000000000004,38.63856393814991,0.5665429730202457,6.014105440120462,9.2853383450904,1.746036463597281,0.02727272727272727,0.05076923076923077,42.367701917409335,1.1204166769184838,0.6163413730760787,0.3484848484848485
9DTR_2,9DTR_2,132,Thesis-3T+2D,Geometry,0.43132400000000004,29.683020755631013,0.7162127151047606,3.2299371239087202,5.113434267923636,1.290365838831393,0.0015151515151515152,0.038461538461538464,30.029403142927936,0.4908646745836741,0.5312557720372666,0.4727272727272728
9DTR_2,9DTR_2,132,Thesis-3T+2D,John_fixed,0.419146,29.55856567751752,0.6807131525881526,3.3212849024488307,5.140227985505808,1.0826813284431762,0.0015151515151515152,0.024615384615384615,29.954527266752866,0.5682025611180946,0.6038388349546825,0.4787878787878788
9DTR_2,9DTR_2,132,Thesis-3T+2D,John_original,0.42515200000000003,29.647431011551124,0.6971538131481314,3.268584307941903,5.124652577604679,1.1566430788623872,0.0015151515151515152,0.03538461538461539,29.98597008286122,0.5865515112261106,0.6510268034057957,0.4787878787878788
9DTR_2,9DTR_2,132,Thesis-3T+2D,Raw,0.431166,29.671086686145138,0.7041514882423974,3.2527861338890185,5.121249735236273,1.4187195289817407,0.0015151515151515152,0.038461538461538464,30.020552414873226,0.5622447448672739,0.5754458159042065,0.47575757575757577
9DTR_2,9DTR_2,132,Thesis-3T+2D,Simple,0.43094,29.67359268197446,0.7062959956709957,3.2285219846387108,5.099116214364013,1.14862646073074,0.0015151515151515152,0.033846153846153845,30.02375250817995,0.560473228688642,0.6194672617568802,0.4787878787878788
9DTR_I,9DTR_I,48,J-controlled,Geometry,0.269602,25.199647492473773,0.5236200547138047,8.124888707669163,12.49588380988501,1.58161652546092,0.008333333333333333,0.06086956521739131,13.074416195970034,0.7130031103716326,0.6644620607379551,0.275
9DTR_I,9DTR_I,48,J-controlled,John_fixed,0.26052,24.711129971014003,0.5140415313852814,7.919801831803798,12.166671962233005,1.2529395746853251,0.004166666666666667,0.056521739130434775,12.972658479925755,0.8507351987860826,0.7347966612769886,0.2916666666666667
9DTR_I,9DTR_I,48,J-controlled,John_original,0.265328,24.811440190419788,0.5256413465007215,7.8861585054075904,12.126038855838535,1.3664734920310975,0.0,0.056521739130434775,12.999394968950131,0.8442224090039767,0.7272221384096971,0.2833333333333333
9DTR_I,9DTR_I,48,J-controlled,Raw,0.268762,25.217079139922777,0.5189185004810005,8.164436334112116,12.526034039710979,1.7220343920791947,0.008333333333333333,0.06086956521739131,13.071844057822712,0.8603640938828152,0.7123605609028006,0.26666666666666666
9DTR_I,9DTR_I,48,J-controlled,Simple,0.26682,25.186699828951774,0.5205640857984608,8.109349377334093,12.47796190546008,1.469060460900614,0.004166666666666667,0.06086956521739131,13.073857697390054,0.8576298431929817,0.7169179497117396,0.25
9DTR_I,9DTR_I,48,Thesis-3T+2D,Geometry,0.177508,30.823728316813224,0.5043317851130351,7.941929918172109,12.59768252140392,1.4045157939912305,0.0,0.02608695652173913,20.63873817791923,0.5521185927854292,0.4587043929975918,0.05
9DTR_I,9DTR_I,48,Thesis-3T+2D,John_fixed,0.165086,30.515870333533137,0.49512295574795573,7.601041342900466,12.140878100539009,1.221639115005291,0.0,0.02608695652173913,20.567563269274864,0.7218645960822169,0.5146534642986775,0.05
9DTR_I,9DTR_I,48,Thesis-3T+2D,John_original,0.17281,30.696873882707354,0.5121289532227031,7.812437947362627,12.420570723995473,1.2846662318905433,0.0,0.02608695652173913,20.605270247353438,0.6882197898867202,0.6373513067264833,0.05
9DTR_I,9DTR_I,48,Thesis-3T+2D,Raw,0.176952,30.816970490659678,0.49473635161135154,7.967266435160471,12.617657061985659,1.492811417703193,0.0,0.02608695652173913,20.632129192614663,0.7459558771979162,0.5047180200673151,0.05
9DTR_I,9DTR_I,48,Thesis-3T+2D,Simple,0.173322,30.814743247116958,0.5092983405483406,7.911180519510992,12.565676984085128,1.3016806020182203,0.0,0.02608695652173913,20.63465144611441,0.7245284752646701,0.5170853503075453,0.05
9DXL_A,9DXL_A,48,J-controlled,Geometry,0.335054,21.457822583257503,0.47070933512472796,5.805526471192122,9.25214738272362,1.2813185475863094,0.05,0.09130434782608696,10.973496614611976,0.817643611993238,0.716664121715891,0.38333333333333336
9DXL_A,9DXL_A,48,J-controlled,John_fixed,0.31916,21.351263618963223,0.4650935286548677,5.588315447635883,9.04102628430319,1.0175023140321062,0.041666666666666664,0.06956521739130435,10.934142614189815,0.9996290835368316,0.7962800630463088,0.425
9DXL_A,9DXL_A,48,J-controlled,John_original,0.32709,21.341264037266264,0.4738808145821255,5.580060275174359,9.024990146814593,1.1214694438900676,0.04583333333333333,0.07826086956521738,10.925341485370463,0.9769049572988606,0.7753623209090214,0.425
9DXL_A,9DXL_A,48,J-controlled,Raw,0.33099,21.471657552035982,0.463807649716125,5.841116630540746,9.277877759961997,1.444283974958338,0.05,0.10434782608695652,10.982848336446713,1.008190740785506,0.7250622999361089,0.4166666666666667
9DXL_A,9DXL_A,48,J-controlled,Simple,0.33108,21.447784340435494,0.47007993759819905,5.799521631115596,9.250701501435936,1.1400944416563048,0.05,0.09130434782608696,10.969235949586775,0.9848056432476353,0.7287692685243775,0.38333333333333336
9DXL_A,9DXL_A,48,Thesis-3T+2D,Geometry,0.437844,9.544791690684445,0.6097780898170313,3.1040623468296835,4.858969133466421,1.0172654790988558,0.075,0.03913043478260869,3.2340678414248005,0.4939684034986559,0.690758176263268,0.6
9DXL_A,9DXL_A,48,Thesis-3T+2D,John_fixed,0.428064,9.525951376164628,0.5978066803382447,3.1365665428642986,4.89416759392099,0.8308830552178381,0.0625,0.07391304347826086,3.2721124173823837,0.8618742312276033,0.783905213482399,0.6416666666666667
9DXL_A,9DXL_A,48,Thesis-3T+2D,John_original,0.43220600000000003,9.502477655589852,0.6046418738103142,3.0991791747904496,4.851093833225984,0.9320105247757503,0.075,0.07391304347826087,3.2648130415309184,0.7937879251911092,0.7775040641487455,0.625
9DXL_A,9DXL_A,48,Thesis-3T+2D,Raw,0.436764,9.555184067827355,0.6059479390372629,3.1250384833031126,4.880112798440116,1.163290233628554,0.10416666666666666,0.04782608695652174,3.242975392978026,0.7274637091312512,0.7456505628280224,0.6166666666666666
9DXL_A,9DXL_A,48,Thesis-3T+2D,Simple,0.43334599999999995,9.604443542401237,0.6165048613228519,3.171708541876692,4.922384733404553,0.690331201028308,0.05833333333333333,0.08260869565217391,3.2127996856471532,0.7730483698770816,0.7882426652564207,0.5916666666666666
9E2W_F,9E2W_F,48,J-controlled,Geometry,0.122484,31.83014483648102,0.40997843013468016,8.274791457698143,13.561782569648779,1.8130122984812864,0.025,0.1391304347826087,18.284530193634232,1.2369705515795764,0.8391143857448362,0.2416666666666667
9E2W_F,9E2W_F,48,J-controlled,John_fixed,0.113924,31.84265785366984,0.4086105474386724,7.828172736242621,13.133301845815675,1.4349904432716571,0.04166666666666667,0.11304347826086958,18.248593934611744,1.5548952696884222,0.908623973982371,0.2666666666666667
9E2W_F,9E2W_F,48,J-controlled,John_original,0.115236,31.850321511126175,0.4062205011423761,7.8582760540335554,13.163308292800156,1.4723295483720613,0.04166666666666667,0.1173913043478261,18.25533788274256,1.5458540857864875,0.9024788673180616,0.2666666666666667
9E2W_F,9E2W_F,48,J-controlled,Raw,0.120034,31.857070278625503,0.4021019721019721,8.351965639795212,13.62443333740022,2.0084420134173633,0.029166666666666664,0.1391304347826087,18.294298764558725,1.6761911107350334,0.8046347161308797,0.25
9E2W_F,9E2W_F,48,J-controlled,Simple,0.115574,31.810456477619617,0.41337023508898507,8.238189052249934,13.525154203832845,1.7254767397313706,0.029166666666666664,0.1391304347826087,18.27769659221584,1.6438499074544204,0.8043353124220708,0.25833333333333336
9E2W_F,9E2W_F,48,Thesis-3T+2D,Geometry,0.16932,21.864900865635168,0.46596853956228956,5.439643901658948,9.60965707681265,1.2989763263457867,0.0,0.02608695652173913,25.416249734594157,0.37860179811089795,0.33998430583944983,0.03333333333333333
9E2W_F,9E2W_F,48,Thesis-3T+2D,John_fixed,0.156502,21.765211852093707,0.4648521675084175,5.217687572281881,9.389615537874931,1.0870056441387992,0.0,0.017391304347826087,25.395322640222794,0.5844013655536291,0.3955685382253188,0.04166666666666667
9E2W_F,9E2W_F,48,Thesis-3T+2D,John_original,0.161806,21.7906484752675,0.45886194534632035,5.2603986014751865,9.430959423589528,1.0892765548592802,0.0,0.021739130434782608,25.430135556328587,0.588333054275659,0.4250627629973855,0.04166666666666667
9E2W_F,9E2W_F,48,Thesis-3T+2D,Raw,0.161166,21.868184863790333,0.4672164351851852,5.469493689767198,9.622780578462987,1.3946135580598449,0.0,0.02608695652173913,25.41448187408526,0.6361286672792791,0.40245182667138213,0.04166666666666667
9E2W_F,9E2W_F,48,Thesis-3T+2D,Simple,0.164562,21.85141540744803,0.46750898118085615,5.431215707064003,9.59336416987865,1.2213712730708361,0.0,0.02608695652173913,25.409716978025273,0.6120782697985937,0.4045996510896884,0.03333333333333333
9E2Y_F,9E2Y_F,35,J-controlled,Geometry,0.15817399999999998,22.432299895741938,0.42468135435992577,6.926967031224218,11.560257395055894,1.2500168990043499,0.045714285714285714,0.10303030303030303,11.46058588086357,1.0959304755039558,0.6977870907576361,0.2742857142857143
9E2Y_F,9E2Y_F,35,J-controlled,John_fixed,0.154726,22.43221419631655,0.4283219954648526,6.6337123917757825,11.325218747332041,0.9309894412230865,0.05714285714285714,0.08484848484848484,11.568817761032195,1.5492705313971598,0.7070103784213294,0.2857142857142857
9E2Y_F,9E2Y_F,35,J-controlled,John_original,0.15196400000000002,22.4264224447074,0.43176886209029064,6.672527898627723,11.349091360274434,0.9971313875640899,0.045714285714285714,0.08484848484848484,11.551654014193867,1.5357976240522222,0.7018789661592957,0.2742857142857143
9E2Y_F,9E2Y_F,35,J-controlled,Raw,0.156942,22.443992525940555,0.42328525046382187,6.970942525130089,11.59196793353549,1.370558640189697,0.039999999999999994,0.10303030303030303,11.451177203786315,1.6080522640784765,0.6472268250925926,0.2742857142857143
9E2Y_F,9E2Y_F,35,J-controlled,Simple,0.155688,22.424240827090152,0.4216497113997114,6.911961210406377,11.539831867607457,1.1976939541845624,0.039999999999999994,0.10909090909090909,11.469652142232292,1.5826071363444978,0.705889498525892,0.2857142857142857
9E2Y_F,9E2Y_F,35,Thesis-3T+2D,Geometry,0.185778,20.27692181576615,0.49515476190476193,4.425905804510107,7.434447904517532,1.0055504344764776,0.0,0.07878787878787878,3.3402679280871665,0.7197289812512141,0.6083054622127883,0.44571428571428573
9E2Y_F,9E2Y_F,35,Thesis-3T+2D,John_fixed,0.177346,20.21665126859694,0.4845779220779221,4.306717996037853,7.339395668658336,0.8676601360869156,0.0,0.07272727272727272,3.4379594749541242,0.9011807422818551,0.6346338070113073,0.4228571428571429
9E2Y_F,9E2Y_F,35,Thesis-3T+2D,John_original,0.17521199999999998,20.168540061598343,0.4870011853226138,4.370916149758311,7.383323356253092,0.9202044595319068,0.0,0.07272727272727272,3.389006522117918,0.9110402608216361,0.6547110960321321,0.42285714285714276
9E2Y_F,9E2Y_F,35,Thesis-3T+2D,Raw,0.18412800000000001,20.2666225052025,0.4989674293960009,4.469735248039799,7.4652809925084425,1.1688454468555176,0.0,0.07878787878787878,3.3008257620898824,0.95475928329507,0.7040927184238855,0.4228571428571429
9E2Y_F,9E2Y_F,35,Thesis-3T+2D,Simple,0.183284,20.267240330247443,0.4873780663780664,4.38853615740652,7.401345753669676,0.8952569082972259,0.0,0.07272727272727272,3.357684759548698,0.9310620769286426,0.6819209943566857,0.41142857142857137
9E71_2,9E71_2,129,J-controlled,Geometry,0.643828,12.696129051525606,0.5774286034832601,3.0742871216228225,4.180966600414349,1.1918757487869949,0.12403100775193798,0.10078740157480315,4.626625898507796,0.8923066629595475,0.7968817953610834,0.6573643410852713
9E71_2,9E71_2,129,J-controlled,John_fixed,0.64412,12.71061852670346,0.5703174599961176,3.002297387484414,4.118808565358381,0.9643718884021129,0.13023255813953488,0.08503937007874016,4.466583490805151,1.0838727759359643,0.8755163123278404,0.6728682170542636
9E71_2,9E71_2,129,J-controlled,John_original,0.646924,12.757397615612074,0.5834001132120148,2.969810788262353,4.087863962891338,0.914769619391403,0.11472868217054263,0.09291338582677165,4.360801579193403,1.0762983902682481,0.8710388042257249,0.6604651162790698
9E71_2,9E71_2,129,J-controlled,Raw,0.63957,12.702310311839902,0.5737675366545786,3.1092448884492114,4.213993541417858,1.3333788499759094,0.12558139534883722,0.10708661417322833,4.629407427564446,1.1968605052283738,0.8756531981247553,0.6697674418604651
9E71_2,9E71_2,129,J-controlled,Simple,0.643694,12.69227865630084,0.579264445869448,3.0657606143864125,4.170867691801763,1.0986696070850612,0.13023255813953488,0.09763779527559055,4.628009589849478,1.1038484928113173,0.8821683003489978,0.6666666666666667
9E71_2,9E71_2,129,Thesis-3T+2D,Geometry,0.7445959999999999,5.580440721132136,0.7293256005650257,1.4728464831998211,1.9354074498434763,0.7406458660977717,0.034108527131782945,0.048818897637795275,5.311799485402926,0.5934163198467378,0.6716689685591393,0.6635658914728683
9E71_2,9E71_2,129,Thesis-3T+2D,John_fixed,0.7440100000000001,5.555011649937969,0.7251722516622797,1.4499277412537053,1.9017173142814325,0.6363297942915036,0.024806201550387597,0.05196850393700787,5.265553121913805,0.7608299711850621,0.751588848592279,0.6883720930232557
9E71_2,9E71_2,129,Thesis-3T+2D,John_original,0.743688,5.5566893289333645,0.7242828775634863,1.4717077373578287,1.9244329525086012,0.6889680177341609,0.03255813953488372,0.05196850393700787,5.269340158750608,0.744942976813711,0.7496024375319381,0.6852713178294574
9E71_2,9E71_2,129,Thesis-3T+2D,Raw,0.744002,5.591951522683511,0.7269904312127474,1.5047558121564075,1.9635209266773122,0.8685296646797809,0.029457364341085267,0.05511811023622047,5.309253292772111,0.7616776390921551,0.7458918648558368,0.6790697674418604
9E71_2,9E71_2,129,Thesis-3T+2D,Simple,0.74439,5.6252566036258855,0.7293072929542437,1.4914407694100906,1.9664855840855275,0.5817425112152224,0.027906976744186046,0.059842519685039376,5.3252360155813045,0.743075817203688,0.773088617853321,0.6635658914728683
9FI8_bN,9FI8_bN,58,J-controlled,Geometry,0.140834,30.27876303777473,0.36977456704150147,6.913208338435334,11.081375331905814,1.447325828557331,0.017241379310344827,0.05,9.811911449832165,0.8250967555870135,0.7685592591989175,0.47586206896551725
9FI8_bN,9FI8_bN,58,J-controlled,John_fixed,0.14891000000000001,30.11801630179632,0.3659717728803349,6.635078642568276,10.827004914494664,1.1914757436600516,0.027586206896551724,0.04285714285714286,9.719864824062867,1.0415287159693887,0.8371373339292869,0.503448275862069
9FI8_bN,9FI8_bN,58,J-controlled,John_original,0.14905200000000002,30.123316743878622,0.3647684139312996,6.6376507785166865,10.824861474621844,1.1992268436097349,0.027586206896551724,0.04285714285714286,9.704046534148102,1.0373806681204627,0.8350246392060274,0.503448275862069
9FI8_bN,9FI8_bN,58,J-controlled,Raw,0.144842,30.28997970328362,0.362503817310052,6.955160450247554,11.111848786431768,1.5797792049327994,0.017241379310344827,0.05,9.825843562168012,1.0850453542358793,0.7613681823159226,0.46896551724137936
9FI8_bN,9FI8_bN,58,J-controlled,Simple,0.14565,30.268899299372997,0.3733462340818618,6.896719165624478,11.064455655760678,1.3801773581617882,0.020689655172413793,0.05,9.803008119855889,1.0756338719481036,0.8103093671380865,0.47586206896551725
9FI8_bN,9FI8_bN,58,Thesis-3T+2D,Geometry,0.131242,27.377450115608895,0.38612785237741865,5.159340493709935,9.188777045440998,1.106334092263721,0.010344827586206896,0.04285714285714286,7.966071619922087,0.5827302195357026,0.5602891398091703,0.4413793103448276
9FI8_bN,9FI8_bN,58,Thesis-3T+2D,John_fixed,0.139052,27.331911306639068,0.39145708027900833,5.123770699982645,9.141669255922855,0.9687893150854766,0.010344827586206896,0.03571428571428571,8.014784874857236,0.6970088433640826,0.670956352693955,0.4413793103448276
9FI8_bN,9FI8_bN,58,Thesis-3T+2D,John_original,0.135016,27.385581850597653,0.3922440338492036,5.154995632593028,9.207172444473088,1.0074945286918031,0.006896551724137931,0.039285714285714285,8.062411232748392,0.6880063583738498,0.7656898313120776,0.4344827586206897
9FI8_bN,9FI8_bN,58,Thesis-3T+2D,Raw,0.12936,27.36493621938274,0.37242433744001746,5.183818580498615,9.196065381848069,1.2486410094838394,0.020689655172413793,0.04285714285714286,7.939585158529525,0.717764094687469,0.6494498171290424,0.4413793103448276
9FI8_bN,9FI8_bN,58,Thesis-3T+2D,Simple,0.13274599999999998,27.363192516629073,0.40372277798414774,5.162290464239345,9.178626540157868,0.9257850242559738,0.027586206896551724,0.05357142857142857,7.973944415291166,0.7322218805598911,0.6771389965398948,0.44827586206896547
9FI8_hG,9FI8_hG,68,J-controlled,Geometry,0.128604,31.437896792423384,0.422462890459214,6.847719907597465,10.771882025231282,1.2610197565592294,0.03529411764705882,0.09090909090909091,14.556796105211465,0.9065616814121,0.6970853061650389,0.3588235294117647
9FI8_hG,9FI8_hG,68,J-controlled,John_fixed,0.12011400000000001,31.324676339828653,0.41502055746541033,6.560819083506528,10.495681728913898,1.0536496689033614,0.044117647058823525,0.07575757575757576,14.56148983277385,1.064243952427351,0.7778265236413032,0.38235294117647056
9FI8_hG,9FI8_hG,68,J-controlled,John_original,0.12493399999999999,31.325059205707667,0.4137107683982684,6.568692663294174,10.501354597721837,1.0608929886335894,0.044117647058823525,0.07575757575757576,14.558776686286592,1.0630188380029533,0.7808052472544826,0.38235294117647056
9FI8_hG,9FI8_hG,68,J-controlled,Raw,0.12753399999999998,31.44998125165028,0.411873673711909,6.911328615591488,10.81734375576288,1.4443444466493047,0.03823529411764706,0.09696969696969697,14.566880487801166,1.1091732834349164,0.724316467301578,0.34705882352941175
9FI8_hG,9FI8_hG,68,J-controlled,Simple,0.12235800000000001,31.431123091041787,0.4272346362787539,6.824631415577774,10.750284407797386,1.1832662580282503,0.03823529411764706,0.09393939393939395,14.55108961709507,1.0904151299584066,0.7476856693569207,0.34705882352941175
9FI8_hG,9FI8_hG,68,Thesis-3T+2D,Geometry,0.12944,26.110122644458176,0.3784851933197521,5.458723614096344,9.4065814981544,1.0181295921409572,0.052941176470588235,0.03939393939393939,3.872108502643828,0.46222754536004906,0.6617601591603928,0.5411764705882354
9FI8_hG,9FI8_hG,68,Thesis-3T+2D,John_fixed,0.13002799999999998,26.088858914408263,0.38258493548934724,5.473943276742771,9.393937022387936,0.8995267696124241,0.06470588235294118,0.07272727272727272,3.897433217041781,0.7181022196273721,0.7778750089409897,0.5647058823529412
9FI8_hG,9FI8_hG,68,Thesis-3T+2D,John_original,0.13520000000000001,26.09347020210949,0.38872819582378404,5.476016935153564,9.392292749832077,0.8862830927543486,0.052941176470588235,0.07575757575757576,3.8744970856544105,0.7436787933257707,0.7988983087823497,0.5588235294117647
9FI8_hG,9FI8_hG,68,Thesis-3T+2D,Raw,0.12800799999999998,26.092061428267375,0.36491572765469826,5.491794281683708,9.417385360798113,1.2030720099566852,0.06764705882352942,0.045454545454545456,3.8951493807472692,0.6356868414271022,0.718693462803522,0.5529411764705883
9FI8_hG,9FI8_hG,68,Thesis-3T+2D,Simple,0.1331,26.106228020889375,0.39317590293693233,5.456801107083232,9.422117182850192,0.7577729789144422,0.05,0.08484848484848485,3.87772770074906,0.7728832700412431,0.7721493886608222,0.5411764705882354
9FIA_bE,9FIA_bE,107,J-controlled,Geometry,0.20786600000000002,34.91221583879244,0.440672184850174,6.864862626596226,10.499045601586717,1.901318954462845,0.057943925233644854,0.08571428571428572,11.152857413439023,1.0468908070616647,0.7370737553508195,0.45981308411214955
9FIA_bE,9FIA_bE,107,J-controlled,John_fixed,0.196468,34.83952050407395,0.4379549345581954,6.49507166143056,10.157271818165512,1.5194374626497553,0.07289719626168224,0.06285714285714286,11.2543468650053,1.37739041521768,0.775782836556853,0.45981308411214955
9FIA_bE,9FIA_bE,107,J-controlled,John_original,0.20817000000000002,34.83279465418823,0.43774672338531034,6.512135262546917,10.171212612162416,1.5398366565604409,0.0691588785046729,0.06476190476190476,11.239898449116136,1.3850170315807375,0.7793705335272478,0.47476635514018695
9FIA_bE,9FIA_bE,107,J-controlled,Raw,0.20354999999999998,34.924822109322164,0.43423798876244524,6.917587074622586,10.543576667493308,2.0313297763457605,0.06355140186915888,0.08571428571428572,11.168411192994686,1.4493164153801088,0.6843005981157264,0.47102803738317756
9FIA_bE,9FIA_bE,107,J-controlled,Simple,0.20277799999999999,34.90454899278744,0.44287434485804056,6.849499648482211,10.483487630553565,1.8416136201695334,0.05046728971962616,0.08571428571428572,11.142545439431284,1.4348780506330463,0.7041718828937616,0.47102803738317756
9FIA_bE,9FIA_bE,107,Thesis-3T+2D,Geometry,0.195384,26.156762950399536,0.3667463032136945,4.988138302178429,8.284085119450586,1.2122328193984546,0.13271028037383176,0.03619047619047619,5.503493516916875,0.564404752555216,0.6587007975966408,0.4785046728971962
9FIA_bE,9FIA_bE,107,Thesis-3T+2D,John_fixed,0.19093,26.069249971832484,0.36627487473275516,4.960309643174386,8.208153795619085,1.0407556136657503,0.12710280373831775,0.0838095238095238,5.473732790793094,1.0202214528348594,0.76712206013471,0.5009345794392523
9FIA_bE,9FIA_bE,107,Thesis-3T+2D,John_original,0.192942,26.102192840231027,0.38156393425415164,4.997648320224112,8.238327430659382,0.9123622704695056,0.12710280373831775,0.09142857142857143,5.522783550610905,1.097136899763015,0.845128748901829,0.497196261682243
9FIA_bE,9FIA_bE,107,Thesis-3T+2D,Raw,0.188488,26.14111098033849,0.35035889985618246,5.046474292131515,8.30240422627104,1.4900457153325484,0.22616822429906538,0.04,5.480016896199106,0.7661838275651944,0.7182727990390139,0.47476635514018695
9FIA_bE,9FIA_bE,107,Thesis-3T+2D,Simple,0.19214,26.179361394301054,0.3788664513324839,5.06549575657249,8.334144775582022,0.9239565231694883,0.14392523364485982,0.09714285714285714,5.502481680392045,0.9305359673019163,0.8088396012892431,0.4859813084112149
9FIA_bL,9FIA_bL,48,J-controlled,Geometry,0.145216,23.968816751879316,0.3799922968167454,7.024199805945793,10.868323086752017,1.4034082089962707,0.04583333333333333,0.06956521739130435,5.169284945488998,0.8141517573370404,0.7137247117234466,0.45
9FIA_bL,9FIA_bL,48,J-controlled,John_fixed,0.13437000000000002,23.651829493206666,0.3735892506526698,6.734657921380707,10.54196471498167,1.1026565928576741,0.05,0.05217391304347826,5.147433453200873,1.0686561891934159,0.7441687816040387,0.475
9FIA_bL,9FIA_bL,48,J-controlled,John_original,0.13226,23.67292609212374,0.3748308186911128,6.76395857376212,10.575195973958468,1.134360405779136,0.05833333333333333,0.05217391304347826,5.1489897209189746,1.0953310828782272,0.7161988450097142,0.4833333333333333
9FIA_bL,9FIA_bL,48,J-controlled,Raw,0.14637,23.985087410705383,0.3732895695671431,7.061913230853596,10.897917308453291,1.5263367739736093,0.0375,0.06956521739130435,5.171209439202963,1.1352884647351598,0.6880603180130705,0.4583333333333333
9FIA_bL,9FIA_bL,48,J-controlled,Simple,0.13145199999999999,23.956911789037555,0.3839432129689483,7.004833960131302,10.852034020965569,1.3349762389490825,0.041666666666666664,0.06086956521739131,5.168172720779423,1.1250780933747775,0.7315421266729106,0.45
9FIA_bL,9FIA_bL,48,Thesis-3T+2D,Geometry,0.109662,28.68556798174709,0.3536242008944215,6.292567707000038,10.324586348551037,1.3388529059960956,0.0,0.034782608695652174,14.828672641244065,0.4462678315941823,0.4234006015688131,0.11666666666666665
9FIA_bL,9FIA_bL,48,Thesis-3T+2D,John_fixed,0.11714,28.546951138575952,0.34768730486561367,6.071015368084007,10.144185284008906,1.16376693067767,0.0,0.030434782608695653,14.701811060192409,0.5315086267084659,0.46966305259712693,0.10833333333333335
9FIA_bL,9FIA_bL,48,Thesis-3T+2D,John_original,0.11608,28.63757956017425,0.3547316244145288,6.149915572196918,10.196634035769023,1.1875820070558862,0.004166666666666667,0.03913043478260869,14.817057202339367,0.5554530110846236,0.5857700961301366,0.10833333333333335
9FIA_bL,9FIA_bL,48,Thesis-3T+2D,Raw,0.11556600000000002,28.68094307281107,0.34488842482408655,6.3249184591883205,10.33456215392778,1.4608453757211488,0.0,0.04782608695652174,14.81583798476746,0.5610225733558669,0.46897673285779656,0.11666666666666665
9FIA_bL,9FIA_bL,48,Thesis-3T+2D,Simple,0.11151400000000003,28.675974676011656,0.354443213036963,6.255110226767321,10.293064529240684,1.2414302692335781,0.0,0.034782608695652174,14.816727853418792,0.5488010939045086,0.4740210891243402,0.10833333333333332
9FIA_bO,9FIA_bO,115,J-controlled,Geometry,0.165334,33.282770521717964,0.33329593347343045,6.76551463630733,10.163491102903944,1.0940879025013328,0.022608695652173914,0.061946902654867256,6.509781638848258,0.8165224123418928,0.7364481773005908,0.48347826086956525
9FIA_bO,9FIA_bO,115,J-controlled,John_fixed,0.167472,33.171990116360014,0.32995182866743644,6.578559753464606,9.949435651087628,0.9212646426979664,0.03130434782608696,0.060176991150442484,6.516603515666745,0.9983232561475143,0.804489087185636,0.48
9FIA_bO,9FIA_bO,115,J-controlled,John_original,0.166344,33.17552859032513,0.32977900774947816,6.579395489576919,9.950253408351456,0.9234815323508077,0.03130434782608696,0.060176991150442484,6.518325412291944,1.0000303509492001,0.8082738915083463,0.4834782608695652
9FIA_bO,9FIA_bO,115,J-controlled,Raw,0.159768,33.28862097686319,0.32596319639402493,6.798302576817778,10.185968412558287,1.2416317677353372,0.02260869565217391,0.06548672566371681,6.512659140243651,1.0290629962151105,0.762704286072424,0.48
9FIA_bO,9FIA_bO,115,J-controlled,Simple,0.166728,33.280504636398085,0.3335589622272554,6.7602675859403005,10.159213146009186,1.0256048781443805,0.022608695652173914,0.06548672566371681,6.508285401484777,1.0207835617006835,0.780255890272161,0.47304347826086957
9FIA_bO,9FIA_bO,115,Thesis-3T+2D,Geometry,0.16829,32.71119681306386,0.29647395871317334,5.675146147034145,8.67830811869759,1.2119994239228038,0.04695652173913044,0.049557522123893805,6.31897224729892,0.6369356247060068,0.7608186831426439,0.5321739130434783
9FIA_bO,9FIA_bO,115,Thesis-3T+2D,John_fixed,0.16672599999999999,32.619956247076104,0.30242514391166636,5.583695381032483,8.571755156746047,1.06060168410369,0.04521739130434783,0.0743362831858407,6.246618947084366,0.8571820755060328,0.9034949584826878,0.5739130434782609
9FIA_bO,9FIA_bO,115,Thesis-3T+2D,John_original,0.162992,32.63699211320828,0.31810486001861016,5.6399782243852155,8.617993728625862,0.9021973006904929,0.04695652173913044,0.08672566371681416,6.284741050127833,0.9662791328340825,0.9847959566089444,0.5704347826086956
9FIA_bO,9FIA_bO,115,Thesis-3T+2D,Raw,0.156924,32.687751435134274,0.28605057637169967,5.70473717359259,8.680335084838905,1.4339878105664468,0.05217391304347826,0.05486725663716814,6.296660506187001,0.8001800281584428,0.8389971932333568,0.528695652173913
9FIA_bO,9FIA_bO,115,Thesis-3T+2D,Simple,0.16755599999999998,32.7033928623143,0.3061997686565091,5.727297016282226,8.707222340594694,0.9756709108553245,0.05217391304347826,0.08849557522123894,6.319020038390969,0.9764079111101444,0.9059650417639803,0.528695652173913
9FIA_bT,9FIA_bT,60,J-controlled,Geometry,0.150742,33.6691296712016,0.36256524044576255,9.594964991963018,14.667316181557037,2.009755101518261,0.056666666666666664,0.10689655172413792,23.30227263290817,1.1506224053472809,0.8144490062466623,0.2533333333333333
9FIA_bT,9FIA_bT,60,J-controlled,John_fixed,0.15182199999999998,33.370794041791655,0.36405331539507835,8.865549977682736,13.979618903356666,1.628217924566454,0.06999999999999999,0.09310344827586207,23.239490986968825,1.6840632463526855,0.7823707568112346,0.26
9FIA_bT,9FIA_bT,60,J-controlled,John_original,0.15408,33.38013178534384,0.36656125878269546,8.922371483793508,14.036148421774413,1.6514856780897786,0.06666666666666667,0.09310344827586207,23.237506264557844,1.6868458332927283,0.8029653137014623,0.2533333333333333
9FIA_bT,9FIA_bT,60,J-controlled,Raw,0.147208,33.696761037747436,0.35701882401885376,9.663687796458749,14.718639951483766,2.1612250479094604,0.06,0.1103448275862069,23.309045595328502,1.7320961885295652,0.7331877235504529,0.24666666666666667
9FIA_bT,9FIA_bT,60,J-controlled,Simple,0.14944200000000002,33.654206587213125,0.36690561433915503,9.573331425243524,14.64135934188836,1.9522789069701225,0.056666666666666664,0.10689655172413792,23.297034339070642,1.7073447279036045,0.7458115448549281,0.25999999999999995
9FIA_bT,9FIA_bT,60,Thesis-3T+2D,Geometry,0.204892,18.223117231357147,0.4288255532588261,4.91377589832428,8.49749109246198,1.0646252486216978,0.01,0.04482758620689655,3.149327007315859,0.5191184877679782,0.6349088381841747,0.4533333333333333
9FIA_bT,9FIA_bT,60,Thesis-3T+2D,John_fixed,0.208432,18.240777893274334,0.41492721244217134,4.811222717294449,8.435592189776367,0.9259055438614908,0.016666666666666666,0.041379310344827586,3.1095875455068027,0.6411133834954279,0.7151957028441874,0.44666666666666666
9FIA_bT,9FIA_bT,60,Thesis-3T+2D,John_original,0.222038,18.276382348144303,0.42504987354572077,4.840228200646942,8.475021838783068,0.8597077861431078,0.023333333333333334,0.04482758620689655,3.096620662873812,0.6780527790722743,0.7520890304951648,0.44666666666666666
9FIA_bT,9FIA_bT,60,Thesis-3T+2D,Raw,0.20496799999999998,18.21393479786655,0.40885278166007205,4.965765881921429,8.523672591731005,1.2421579157876912,0.006666666666666666,0.04827586206896552,3.1888478385670225,0.6472215746489145,0.6890862969295288,0.4533333333333333
9FIA_bT,9FIA_bT,60,Thesis-3T+2D,Simple,0.208398,18.224842433084603,0.43188125803934624,4.901421969645341,8.487464249315007,0.985315698240476,0.006666666666666666,0.04482758620689655,3.150541768375084,0.6435216760517964,0.7137847859421294,0.4533333333333333
9FIA_bU,9FIA_bU,31,J-controlled,Geometry,0.137108,25.463373639081688,0.3515025974025974,10.248482662652261,17.471610445474163,3.323887531240331,0.0,0.06206896551724138,18.59023188093057,0.9037432215367662,0.44527273379765003,0.0
9FIA_bU,9FIA_bU,31,J-controlled,John_fixed,0.130032,25.137006612603027,0.3575924963924964,9.23463859444047,16.663257941027503,2.456581234377547,0.0,0.04827586206896552,18.23232814295186,0.889596328923132,0.44985511567109765,0.0
9FIA_bU,9FIA_bU,31,J-controlled,John_original,0.136706,25.33249564830171,0.3535670274170274,9.893139235825377,17.176767598395973,3.0115792833088824,0.0,0.05517241379310345,18.46615254979421,0.9508687566436876,0.44977901442476076,0.0
9FIA_bU,9FIA_bU,31,J-controlled,Raw,0.13445800000000002,25.479464279500597,0.3473334054834055,10.282746703212378,17.494610180454558,3.4010713967398183,0.0,0.06206896551724138,18.600380490739106,1.0294090184679914,0.5023475343136866,0.0
9FIA_bU,9FIA_bU,31,J-controlled,Simple,0.14169,25.40174159097739,0.36141948051948053,10.155792088550808,17.384723248398505,3.105088287591398,0.0,0.06206896551724138,18.554062071400395,0.9992727515802432,0.48632723485678947,0.0
9FIA_bU,9FIA_bU,31,Thesis-3T+2D,Geometry,0.10774399999999999,17.835442250236547,0.3792805916305916,4.724701736958464,9.125891335258212,1.2646352131184029,0.0,0.07586206896551724,12.410631532118645,0.5928467754356661,0.5257551600539203,0.0
9FIA_bU,9FIA_bU,31,Thesis-3T+2D,John_fixed,0.10905800000000002,17.74920265107691,0.39515497835497837,4.576168596583,9.016263775876403,0.9089817782257665,0.0,0.07586206896551724,12.307364736179384,0.5816685438597158,0.5500966096895323,0.0
9FIA_bU,9FIA_bU,31,Thesis-3T+2D,John_original,0.11468799999999998,17.768222456488388,0.3804765512265512,4.668485393536566,9.077490173664055,1.1349977353584009,0.0,0.07586206896551724,12.368719147182011,0.604663978125983,0.5993958651263821,0.0
9FIA_bU,9FIA_bU,31,Thesis-3T+2D,Raw,0.092664,17.835642877727302,0.3626423520923521,4.7617516006118965,9.138524296268752,1.399350338383241,0.0,0.07586206896551724,12.397575266369186,0.6456606917305321,0.539373655963679,0.0
9FIA_bU,9FIA_bU,31,Thesis-3T+2D,Simple,0.10984400000000001,17.803549094649256,0.39148528138528144,4.632601940326649,9.073497260026468,0.9514594810834012,0.0,0.07586206896551724,12.392825547966536,0.5999359694770903,0.5473795471845011,0.0
9FO9_A,9FO9_A,33,J-controlled,Geometry,0.176726,29.768038319875245,0.4311177795268704,11.775720568251849,19.53765544582597,2.7340321043677362,0.04242424242424243,0.1032258064516129,16.429898620270155,0.9613299813769322,0.6549877600771794,0.43636363636363634
9FO9_A,9FO9_A,33,J-controlled,John_fixed,0.165558,29.105072253487727,0.41721626437535536,10.606958933424416,18.42307519702985,2.2552741574943647,0.05454545454545454,0.07741935483870968,15.944417830729714,1.2232840462169214,0.7267247931413632,0.49696969696969695
9FO9_A,9FO9_A,33,J-controlled,John_original,0.156348,29.3073620575153,0.4168813677904587,11.033034926302198,18.80114213379806,2.410194948565409,0.048484848484848485,0.07741935483870968,16.139478484581034,1.1928985131473802,0.6855712849896816,0.4727272727272728
9FO9_A,9FO9_A,33,J-controlled,Raw,0.175544,29.788492651641615,0.42856935152389697,11.822890957174689,19.572583522973883,2.8441110051524983,0.04242424242424243,0.1032258064516129,16.43459239646028,1.2474764370255418,0.6123169273718068,0.43636363636363634
9FO9_A,9FO9_A,33,J-controlled,Simple,0.171872,29.738128972109415,0.4329520857929949,11.736115615662914,19.501516623869726,2.658190876546393,0.04242424242424243,0.1032258064516129,16.42467764943104,1.2238564768031057,0.6206777380881793,0.4242424242424242
9FO9_A,9FO9_A,33,Thesis-3T+2D,Geometry,0.1614,11.96616415036773,0.501754995845905,4.1600310512249115,8.224853789497129,0.8256125768862557,0.0,0.012903225806451613,0.9459929079795074,0.418464131714256,0.4436144151576668,0.509090909090909
9FO9_A,9FO9_A,33,Thesis-3T+2D,John_fixed,0.157972,11.907816901097572,0.5043777056277057,4.1226982126496825,8.186150499100156,0.6919656433568047,0.0,0.012903225806451613,0.9178206262553321,0.4940301761262866,0.5328600402262124,0.5454545454545455
9FO9_A,9FO9_A,33,Thesis-3T+2D,John_original,0.15815600000000002,11.955651200562986,0.5036944116489571,4.152234638371662,8.212445363892876,0.7833168758112902,0.0,0.012903225806451613,0.9290669917803601,0.47539469512345933,0.5148016752451129,0.5333333333333334
9FO9_A,9FO9_A,33,Thesis-3T+2D,Raw,0.15965400000000002,11.970346478685702,0.5013282718964537,4.190160248475916,8.240805416306289,0.9212864641852525,0.0,0.01935483870967742,0.9532562406933909,0.44870955852712874,0.5225146726706131,0.5333333333333334
9FO9_A,9FO9_A,33,Thesis-3T+2D,Simple,0.159704,11.965947992302725,0.5062651952424679,4.1460823736541546,8.22179676949634,0.7267421475603841,0.0,0.01935483870967742,0.9415444376156703,0.46527727462709534,0.513245835971172,0.4727272727272728
9FPZ_1,9FQ0_1,300,J-controlled,Geometry,0.18703799999999998,77.4931963730566,0.2769160007069963,9.937845584137799,15.717921605884277,1.6402427470397718,0.035333333333333335,0.07181208053691275,21.26458914410376,0.9395815082752739,0.7940596652826721,0.49066666666666664
9FPZ_1,9FQ0_1,300,J-controlled,John_fixed,0.22188,77.47533215505089,0.27317116724332113,9.527754161961532,15.266177166484345,1.3517622723795948,0.04533333333333334,0.0610738255033557,21.29942257860345,1.2666448233998273,0.8396239985784565,0.5106666666666667
9FPZ_1,9FQ0_1,300,J-controlled,John_original,0.21989399999999998,77.48169431254914,0.2746970129347241,9.530467470606867,15.270163253912415,1.3591296910946329,0.04666666666666667,0.0610738255033557,21.302566470355185,1.2633909820349924,0.8389991228130192,0.5066666666666666
9FPZ_1,9FQ0_1,300,J-controlled,Raw,0.21985800000000003,77.4994538491139,0.2728501093844099,9.979983610919714,15.747901703466704,1.7847147424822587,0.034666666666666665,0.07785234899328859,21.271703994115477,1.3039364771470425,0.7840037029290288,0.49066666666666664
9FPZ_1,9FQ0_1,300,J-controlled,Simple,0.189314,77.49008360803369,0.2773010462747532,9.928608604480953,15.707233540563559,1.5774922077805056,0.03666666666666667,0.07583892617449664,21.26019377733415,1.287070110569319,0.7996321981242214,0.492
9FPZ_1,9FQ0_1,300,Thesis-3T+2D,Geometry,0.167348,62.17625627534646,0.32794081039524653,7.350597831282551,11.386275241528512,1.2570947928349117,0.052666666666666674,0.039597315436241606,13.672262233245826,0.6264334023896365,0.6914605433910845,0.616
9FPZ_1,9FQ0_1,300,Thesis-3T+2D,John_fixed,0.15033400000000002,62.08651685729181,0.32392856235969625,7.22259505465794,11.275997335084584,1.0731794048918228,0.06999999999999999,0.06308724832214765,13.654372572376882,0.8197460362632535,0.8001760389364836,0.616
9FPZ_1,9FQ0_1,300,Thesis-3T+2D,John_original,0.154364,62.09982388635211,0.3161263143473114,7.283480055981913,11.329163496877396,0.9601531061574307,0.068,0.07919463087248321,13.65370273763889,0.8891541681530415,0.8661701945611935,0.6186666666666667
9FPZ_1,9FQ0_1,300,Thesis-3T+2D,Raw,0.17366,62.16885282865577,0.31774980427446103,7.382029534750423,11.393972451502638,1.5045450881430829,0.09133333333333334,0.04496644295302013,13.676611333293573,0.7576480489274657,0.7700422561744011,0.6213333333333333
9FPZ_1,9FQ0_1,300,Thesis-3T+2D,Simple,0.174892,62.171234532969414,0.3333512286971316,7.368250705401015,11.396629526116516,1.0579346882446827,0.05333333333333333,0.07315436241610737,13.66360620111592,0.8688428900929901,0.8081024613131982,0.6173333333333334
9FQ0_1,9FQ0_1,298,J-controlled,Geometry,0.197652,73.32205754819697,0.263019219996469,9.328684021667334,14.798218627157999,1.508327141335171,0.021476510067114093,0.075,26.620506472634826,0.8981916378691835,0.7725209923046732,0.4657718120805369
9FQ0_1,9FQ0_1,298,J-controlled,John_fixed,0.20068599999999998,73.25705785982534,0.25954754052061046,9.012097494137613,14.484338737521744,1.2233073110787926,0.032885906040268455,0.0635135135135135,26.605907340008223,1.1201280119553405,0.8423726867529779,0.46845637583892613
9FQ0_1,9FQ0_1,298,J-controlled,John_original,0.20175200000000001,73.26716628633746,0.2605663638387733,9.007675834575029,14.482667444997816,1.2229744122061195,0.03221476510067114,0.06283783783783783,26.6112448576006,1.121164438660718,0.8439717259158319,0.4697986577181208
9FQ0_1,9FQ0_1,298,J-controlled,Raw,0.205106,73.32864021397847,0.2588629403930326,9.378709120885423,14.834251022663452,1.683587484794284,0.019463087248322148,0.08108108108108109,26.62799952417894,1.186083654034619,0.7978935258392468,0.4697986577181208
9FQ0_1,9FQ0_1,298,J-controlled,Simple,0.192876,73.31799345623271,0.2641610068786407,9.313801191112873,14.783234125229678,1.4357244214587257,0.022818791946308724,0.07567567567567568,26.61628196107955,1.1564474686045911,0.8018282508666692,0.46308724832214765
9FQ0_1,9FQ0_1,298,Thesis-3T+2D,Geometry,0.19387000000000001,60.63730366742601,0.30149168861716524,7.66668539931382,11.946135279740517,1.3018470809742952,0.06711409395973154,0.038513513513513516,16.135172783126073,0.5930522118120469,0.7021420997013225,0.5798657718120805
9FQ0_1,9FQ0_1,298,Thesis-3T+2D,John_fixed,0.187202,60.5930889541216,0.3011745593639593,7.541950036385492,11.830668510598574,1.092983829782103,0.07114093959731545,0.06216216216216216,16.094301231009855,0.8231190534611293,0.8130603931286204,0.5919463087248322
9FQ0_1,9FQ0_1,298,Thesis-3T+2D,John_original,0.19475199999999998,60.61745632272017,0.2952216581727953,7.599745616370397,11.879301340733141,1.0063218450431801,0.07449664429530202,0.06891891891891891,16.105419247355172,0.8824791426158397,0.8722742746514796,0.5812080536912752
9FQ0_1,9FQ0_1,298,Thesis-3T+2D,Raw,0.174368,60.624514310752474,0.2935929586384957,7.705613343672904,11.964085900925317,1.5215824038829164,0.0865771812080537,0.04256756756756756,16.1249944691302,0.7455306760812904,0.783538682752369,0.5973154362416108
9FQ0_1,9FQ0_1,298,Thesis-3T+2D,Simple,0.194248,60.62015845914853,0.3099517474654677,7.6835192448473375,11.957245133021054,1.0857515692515571,0.0610738255033557,0.07162162162162163,16.12986576293334,0.7990415484022461,0.8099010048480408,0.5771812080536913
9G6K_l2,9G6K_l2,31,J-controlled,Geometry,0.13867000000000002,25.34268765912828,0.3540454572309411,8.061796185229685,13.681151398886831,1.2374354045500655,0.01935483870967742,0.06206896551724138,14.955746280532338,1.0822843479944275,0.6725774513854852,0.2193548387096774
9G6K_l2,9G6K_l2,31,J-controlled,John_fixed,0.140454,25.237584788154905,0.3547224773434451,7.683424963107153,13.343951561352876,1.0337707682806525,0.0064516129032258064,0.05517241379310345,14.905523502499927,1.613548516093103,0.7310353897556716,0.1935483870967742
9G6K_l2,9G6K_l2,31,J-controlled,John_original,0.14884999999999998,25.260006134190853,0.3526827160294902,7.803918041717793,13.449416328735731,1.139691264548644,0.01935483870967742,0.05517241379310345,14.897664541201681,1.6250229134211072,0.7577346287209717,0.2193548387096774
9G6K_l2,9G6K_l2,31,J-controlled,Raw,0.137598,25.353770328231455,0.3489073471331535,8.088910302555835,13.695248107018932,1.3434737646979675,0.01935483870967742,0.06206896551724138,14.959856268441914,1.6417983493181851,0.6599713043876674,0.2064516129032258
9G6K_l2,9G6K_l2,31,J-controlled,Simple,0.135544,25.333998900995915,0.35536085778021265,8.056660434616502,13.676415110936393,1.1749762182692751,0.012903225806451613,0.06206896551724138,14.954182770475615,1.6437908451190346,0.6853865673757003,0.2064516129032258
9G6K_l2,9G6K_l2,31,Thesis-3T+2D,Geometry,0.20781999999999998,14.572394476350246,0.5199680203309235,3.3242383117896352,5.942929079367978,0.7488146007605607,0.01935483870967742,0.06206896551724138,5.681467436943222,0.6533716429429385,0.5640705236577429,0.46451612903225803
9G6K_l2,9G6K_l2,31,Thesis-3T+2D,John_fixed,0.197282,14.575627155504392,0.5106993723122755,3.3916781240938887,6.017752506108612,0.6362992435863248,0.0,0.06206896551724138,5.708376746058096,0.6955026682160064,0.6064217682720957,0.4516129032258064
9G6K_l2,9G6K_l2,31,Thesis-3T+2D,John_original,0.205852,14.586965402282217,0.5192210030113257,3.351038699868039,5.9797104887292525,0.7318424580971602,0.01935483870967742,0.06206896551724138,5.7013399322334,0.695872723884267,0.6348238595094569,0.4903225806451613
9G6K_l2,9G6K_l2,31,Thesis-3T+2D,Raw,0.20805600000000002,14.561841563711065,0.5164823885791627,3.330088915905287,5.944241864501313,0.8581803332489857,0.01935483870967742,0.06206896551724138,5.66303547967841,0.6720644097173489,0.6248655609625835,0.4903225806451613
9G6K_l2,9G6K_l2,31,Thesis-3T+2D,Simple,0.20434200000000002,14.577562285138177,0.5184889617550908,3.33646794349305,5.956444868918023,0.6479955203199903,0.012903225806451613,0.06206896551724138,5.690607787347028,0.6851994996605757,0.6086790782939281,0.46451612903225803
9G6K_l4,9G6K_l4,94,J-controlled,Geometry,0.197788,32.67896709649262,0.43138021552915173,6.423318314474686,9.93883499636462,1.1730434566420498,0.04042553191489362,0.09565217391304348,12.732558427803653,0.8865327986283471,0.6812166215524684,0.30638297872340425
9G6K_l4,9G6K_l4,94,J-controlled,John_fixed,0.19241999999999998,32.65400352634778,0.427661243897946,6.232080941288615,9.776681531557413,0.9550302852663428,0.04468085106382978,0.0782608695652174,12.679031101652038,1.0164436431366828,0.7436787716621656,0.3191489361702128
9G6K_l4,9G6K_l4,94,J-controlled,John_original,0.19508399999999998,32.65416226182168,0.4280788124405146,6.234766330094443,9.778590829489668,0.9589592932696531,0.04468085106382978,0.0782608695652174,12.68029654479306,1.0200821138103309,0.7443518918605176,0.3191489361702128
9G6K_l4,9G6K_l4,94,J-controlled,Raw,0.20146999999999998,32.69284787497232,0.4245166520831415,6.472353132937789,9.972916605172752,1.3559933832690574,0.04042553191489362,0.1,12.742222940849397,1.109286800069438,0.7167831145895988,0.3021276595744681
9G6K_l4,9G6K_l4,94,J-controlled,Simple,0.202236,32.67514828941365,0.4357841139357097,6.404134550990409,9.919562035964816,1.0964826582938547,0.04042553191489362,0.09782608695652174,12.727093721488348,1.0894744538689625,0.7280235306873057,0.3148936170212766
9G6K_l4,9G6K_l4,94,Thesis-3T+2D,Geometry,0.114998,37.03180197853357,0.37418101992570074,5.885911251956683,9.706950569348352,1.242981161734837,0.027659574468085108,0.041304347826086954,8.72069541356631,0.5872254240337044,0.6616298915569206,0.48085106382978726
9G6K_l4,9G6K_l4,94,Thesis-3T+2D,John_fixed,0.106312,36.977631430552634,0.3831770209695741,5.818686791560973,9.644564200643224,1.0735428258041837,0.04042553191489361,0.06304347826086956,8.70107980044464,0.7755410996436314,0.8020340352659309,0.48510638297872344
9G6K_l4,9G6K_l4,94,Thesis-3T+2D,John_original,0.103548,36.962932795225846,0.39688298256117405,5.902343596455164,9.704199863960943,0.9470245930883234,0.04680851063829787,0.07608695652173914,8.649396904118126,0.8767356632913232,0.9276105825429916,0.49361702127659574
9G6K_l4,9G6K_l4,94,Thesis-3T+2D,Raw,0.11684399999999999,37.01917377601592,0.3613313990973565,5.924854731529132,9.722293823482392,1.432969549726642,0.0425531914893617,0.043478260869565216,8.731577239369173,0.7109781092396947,0.7448914928883238,0.48085106382978726
9G6K_l4,9G6K_l4,94,Thesis-3T+2D,Simple,0.109036,37.03404240449609,0.3812111809585214,5.895326273985726,9.715970258700416,1.1048782562778925,0.03404255319148936,0.056521739130434775,8.719513178339604,0.7913586425656127,0.8070468591268728,0.47659574468085103
9G6K_l6,9G6K_l6,50,J-controlled,Geometry,0.110226,42.061015354202354,0.3552114205239205,13.713617678845571,23.065173717674995,2.8834420744811453,0.036,0.0375,20.955166151924995,1.0308240995732278,0.6493870330250118,0.152
9G6K_l6,9G6K_l6,50,J-controlled,John_fixed,0.106048,41.19249807435744,0.3349158966033966,12.42190541447078,21.308649520514354,2.4061764056215282,0.036,0.020833333333333332,20.33452828377418,1.5254919547068833,0.6031464838323426,0.192
9G6K_l6,9G6K_l6,50,J-controlled,John_original,0.10377,41.52324346671871,0.34623608474858475,12.849577019409884,21.897017001630548,2.5571980063132385,0.036,0.025,20.503409529141134,1.5041185519615046,0.5728874565894189,0.16
9G6K_l6,9G6K_l6,50,J-controlled,Raw,0.10284800000000001,42.07326704747002,0.3534424811299811,13.7371939194345,23.088012017772527,2.952545399019843,0.036,0.0375,20.9681993198881,1.5349346709807996,0.48912142105166023,0.152
9G6K_l6,9G6K_l6,50,J-controlled,Simple,0.109178,42.04472291524772,0.3587384046509047,13.690201433355634,23.035260868253815,2.8385559531418267,0.036,0.0375,20.940431249578147,1.5311390769003885,0.5182024564112091,0.16
9G6K_l6,9G6K_l6,50,Thesis-3T+2D,Geometry,0.14085,25.358431198683395,0.36486269147519146,5.73854203098633,10.452602330771585,1.1625789431197968,0.028000000000000004,0.016666666666666666,17.15473391932525,0.36807440177058026,0.43711531520705893,0.136
9G6K_l6,9G6K_l6,50,Thesis-3T+2D,John_fixed,0.13945000000000002,25.356622705075466,0.37138448773448773,5.693928868429773,10.42227019644763,0.9888755719710334,0.024,0.0375,17.1077598944273,0.539284219426058,0.5190083977641581,0.12800000000000003
9G6K_l6,9G6K_l6,50,Thesis-3T+2D,John_original,0.14033199999999998,25.406775973789923,0.36946800421800424,5.706441553177742,10.452153722290465,1.0492205042125669,0.016,0.016666666666666666,17.153896405257886,0.5240431689854746,0.562513330132771,0.12800000000000003
9G6K_l6,9G6K_l6,50,Thesis-3T+2D,Raw,0.140342,25.334343236178505,0.35957658036408036,5.747672590505008,10.444093384712593,1.282330492077532,0.028000000000000004,0.016666666666666666,17.133104221940084,0.5427207516899062,0.504624339838765,0.136
9G6K_l6,9G6K_l6,50,Thesis-3T+2D,Simple,0.141346,25.35086562729478,0.3745554001554002,5.776585545144639,10.473308022041836,0.9369477528200759,0.028000000000000004,0.04166666666666667,17.15551908211663,0.615282910696954,0.5420029076696211,0.144
9G6K_l7,9G6K_l7,69,J-controlled,Geometry,0.119086,45.44781011423571,0.44403606860128597,8.480171151955394,14.551240630822173,1.3268076835990843,0.02028985507246377,0.03283582089552239,32.54377458633188,1.00942269012513,0.7235235941767172,0.19130434782608696
9G6K_l7,9G6K_l7,69,J-controlled,John_fixed,0.11611799999999999,45.31617136523512,0.4470050742333351,8.117250495780876,14.09390422204784,1.10550638355526,0.02318840579710145,0.026865671641791045,32.51612052720539,1.6000935198664927,0.7641811643607864,0.19130434782608696
9G6K_l7,9G6K_l7,69,J-controlled,John_original,0.114586,45.3237231735808,0.4459063460693896,8.188305607658098,14.183380168379378,1.1605263509630788,0.02318840579710145,0.026865671641791045,32.502202036468084,1.6062403914830488,0.7421458083457597,0.1855072463768116
9G6K_l7,9G6K_l7,69,J-controlled,Raw,0.11734800000000001,45.45364530614604,0.4377261466391901,8.518355696009131,14.577333787717404,1.4366070555631272,0.017391304347826087,0.035820895522388055,32.54857686468113,1.6164803861458164,0.702572388622103,0.1855072463768116
9G6K_l7,9G6K_l7,69,J-controlled,Simple,0.11794799999999998,45.44449602846761,0.4474412282564456,8.474430976910554,14.542520978378743,1.2781128712357455,0.02028985507246377,0.029850746268656712,32.540341896902405,1.6091099005841165,0.6815833050271468,0.19130434782608696
9G6K_l7,9G6K_l7,69,Thesis-3T+2D,Geometry,0.166088,29.290284260444793,0.425544230326839,4.978722817957281,8.316763066235556,1.091677963741469,0.014492753623188406,0.011940298507462687,7.979599657348677,0.3600996324010479,0.4644916393820798,0.39420289855072466
9G6K_l7,9G6K_l7,69,Thesis-3T+2D,John_fixed,0.16501000000000002,29.23022689592573,0.420644206839859,4.892111847449012,8.210558012495015,0.9694858358091609,0.017391304347826087,0.014925373134328356,7.942540091446874,0.5132110505985326,0.5662120782747083,0.39420289855072466
9G6K_l7,9G6K_l7,69,Thesis-3T+2D,John_original,0.166846,29.273397390514702,0.4352917352373874,4.915449623277382,8.233215234989473,0.91595413943903,0.02028985507246377,0.017910447761194027,8.05070733011147,0.5537273479130822,0.6765105454838081,0.3942028985507246
9G6K_l7,9G6K_l7,69,Thesis-3T+2D,Raw,0.158082,29.27240595715482,0.4058922337726686,5.011917617142389,8.328447306960289,1.2230962708868773,0.014492753623188406,0.011940298507462687,7.966743153692159,0.5218731692758991,0.5487728162576886,0.4
9G6K_l7,9G6K_l7,69,Thesis-3T+2D,Simple,0.16650800000000002,29.29044980196785,0.43167167373689114,4.979637518275992,8.313623502650552,0.9842552956392048,0.014492753623188406,0.02388059701492537,7.982519260800683,0.5148384351986792,0.5723901390677892,0.3884057971014493
9G6K_l8,9G6K_l8,33,J-controlled,Geometry,0.09415799999999999,23.309579383223074,0.4183969271469271,8.081285609039487,13.301573842069075,1.7850709053924447,0.048484848484848485,0.1096774193548387,10.79400105616967,1.0831670015394543,0.7592725248588469,0.20606060606060606
9G6K_l8,9G6K_l8,33,J-controlled,John_fixed,0.09353,23.435168788608216,0.4066310541310541,7.693907690206956,12.973298038540396,1.3645799123481286,0.06060606060606061,0.0967741935483871,10.798793136512838,1.3177284401274363,0.8008335318549363,0.24242424242424243
9G6K_l8,9G6K_l8,33,J-controlled,John_original,0.097076,23.416423129099634,0.40858100233100236,7.725650299400908,12.996889554534565,1.416098894938285,0.05454545454545454,0.09032258064516129,10.797707998046182,1.3202403659690651,0.793755057172916,0.23030303030303031
9G6K_l8,9G6K_l8,33,J-controlled,Raw,0.097552,23.33600788032677,0.40768402893402894,8.138456245369179,13.342774789194703,1.9852529077411518,0.048484848484848485,0.12258064516129033,10.811286269592783,1.4729954170907973,0.7123361819324915,0.20606060606060606
9G6K_l8,9G6K_l8,33,J-controlled,Simple,0.09356400000000001,23.294745771893766,0.42209392459392464,8.053119064856995,13.27529359629013,1.694915287214321,0.048484848484848485,0.1096774193548387,10.781691336402002,1.4377695933400705,0.7257885129479078,0.20606060606060606
9G6K_l8,9G6K_l8,33,Thesis-3T+2D,Geometry,0.0994,16.549160364666896,0.4440712065712066,5.534684535029255,10.214555082963617,0.9084296836412292,0.0,0.058064516129032254,7.833429661405882,0.33637552199658344,0.40844027418918316,0.13333333333333336
9G6K_l8,9G6K_l8,33,Thesis-3T+2D,John_fixed,0.107768,16.530907249477682,0.43636095386095386,5.466768029219524,10.185655761657703,0.7581300397315036,0.006060606060606061,0.058064516129032254,7.832077886405708,0.43483567014306457,0.4700126605984488,0.14545454545454545
9G6K_l8,9G6K_l8,33,Thesis-3T+2D,John_original,0.10733,16.542910215605207,0.43450840825840825,5.484290466328271,10.204344955304133,0.8129806248968544,0.0,0.05161290322580645,7.8446999068530205,0.41993321545239637,0.4741288665645598,0.14545454545454545
9G6K_l8,9G6K_l8,33,Thesis-3T+2D,Raw,0.099298,16.54971051352347,0.43145354645354644,5.575296075697067,10.233685924756324,1.0578556219868196,0.012121212121212121,0.07096774193548387,7.82740486813704,0.42482111562073194,0.44408251695850004,0.13333333333333336
9G6K_l8,9G6K_l8,33,Thesis-3T+2D,Simple,0.09770799999999999,16.548402311816705,0.4476178913678914,5.556895557879122,10.221172617748243,0.7653271441401445,0.012121212121212121,0.07096774193548387,7.8295192650447145,0.41930429650701784,0.4529519761561186,0.13333333333333336
9G6K_lF,9G6K_lF,88,J-controlled,Geometry,0.13204,49.26631257657276,0.44442038706243253,8.2980621555382,13.604408445852851,1.8158394220384573,0.031818181818181815,0.058139534883720936,32.0068125052598,0.9431530053013152,0.6831648548096206,0.2590909090909091
9G6K_lF,9G6K_lF,88,J-controlled,John_fixed,0.12580399999999997,48.90182171258134,0.44166499220476496,7.7984292569914135,13.11261087704043,1.481986794560362,0.04090909090909091,0.03953488372093023,31.91032229178456,1.3607214155716862,0.7410033425491476,0.2681818181818182
9G6K_lF,9G6K_lF,88,J-controlled,John_original,0.129692,48.91691523733236,0.44181398620319073,7.8163520405941,13.131375368594288,1.499455654666758,0.038636363636363635,0.04186046511627907,31.909900887607044,1.3586936952659094,0.7388599586098422,0.2636363636363636
9G6K_lF,9G6K_lF,88,J-controlled,Raw,0.11848600000000001,49.28075965682963,0.43208779541165904,8.35203191078971,13.646695251775053,1.9608736004790834,0.02727272727272727,0.06744186046511627,32.02083710409822,1.3967435759821796,0.6344106880267887,0.2545454545454545
9G6K_lF,9G6K_lF,88,J-controlled,Simple,0.12209600000000001,49.25702220143525,0.4454175291249155,8.278369844681848,13.583868916989918,1.7530645359690795,0.02727272727272727,0.06046511627906977,31.99824047404538,1.3807038888105603,0.6477313910435349,0.2636363636363636
9G6K_lF,9G6K_lF,88,Thesis-3T+2D,Geometry,0.19530799999999998,29.166557897587474,0.5014766672721218,5.470609013776967,9.327683882370902,1.2194408857775536,0.0,0.044186046511627906,12.057115602869425,0.49284894015959974,0.5595635962510318,0.33636363636363636
9G6K_lF,9G6K_lF,88,Thesis-3T+2D,John_fixed,0.199656,28.976057474746245,0.4879097055091373,5.319011279902961,9.1615865472868,1.0856623875391689,0.0,0.03488372093023256,11.793820740565375,0.6120290758649053,0.6451191017417748,0.33636363636363636
9G6K_lF,9G6K_lF,88,Thesis-3T+2D,John_original,0.197616,29.077661285495616,0.4960134672776718,5.36000397021476,9.197893226915202,1.045845779278816,0.0022727272727272726,0.03488372093023256,11.861225503449077,0.6328379220502631,0.6999694437368413,0.33181818181818185
9G6K_lF,9G6K_lF,88,Thesis-3T+2D,Raw,0.190074,29.154338596813876,0.476855627011877,5.515909082941307,9.356235206785982,1.4145234223155083,0.0,0.046511627906976744,12.049460050168303,0.59361427803733,0.6226658652528922,0.33636363636363636
9G6K_lF,9G6K_lF,88,Thesis-3T+2D,Simple,0.200426,29.156234530575848,0.5056613462295281,5.461926575692753,9.308050288616048,1.120387373226865,0.0022727272727272726,0.046511627906976744,12.052451857337916,0.590588891530085,0.6539155199731054,0.32727272727272727
9G6K_lI,9G6K_lI,48,J-controlled,Geometry,0.14238800000000001,46.756174370210275,0.4697900508056758,12.543773427263343,21.348959406931698,2.7025008751218396,0.025,0.03913043478260869,21.512306187195975,0.9694182211197842,0.5900575423488288,0.15833333333333333
9G6K_lI,9G6K_lI,48,J-controlled,John_fixed,0.139048,46.15530986078494,0.46600127014189513,11.383620198711773,19.81821678434299,2.248287681989931,0.025,0.02608695652173913,20.983966466316023,1.3318791751550279,0.5738619205892664,0.175
9G6K_lI,9G6K_lI,48,J-controlled,John_original,0.136804,46.36350664146569,0.46427286255411254,11.871152491336812,20.45215335311918,2.4131141287476927,0.029166666666666664,0.030434782608695653,21.147650919956533,1.35072293776057,0.5707925823710751,0.175
9G6K_lI,9G6K_lI,48,J-controlled,Raw,0.15036,46.771422921616896,0.46069493296055797,12.577183278901554,21.375131274532844,2.8201226459993913,0.025,0.05217391304347826,21.52138917282498,1.3508542887956332,0.5288540230019361,0.15833333333333333
9G6K_lI,9G6K_lI,48,J-controlled,Simple,0.141266,46.74290474996509,0.474714405964406,12.521217755439867,21.32220708448466,2.6302414945559294,0.025,0.03913043478260869,21.498986643746704,1.3464442050703593,0.5401645630285971,0.15833333333333333
9G6K_lI,9G6K_lI,48,Thesis-3T+2D,Geometry,0.152014,28.261054252391705,0.46668511754449254,5.859093528384931,10.216235389371777,1.3107036089628856,0.0375,0.030434782608695653,10.452511286064745,0.39066218191693,0.3992995519401558,0.18333333333333335
9G6K_lI,9G6K_lI,48,Thesis-3T+2D,John_fixed,0.138532,28.180824666088863,0.4626069098725349,5.651889267691445,9.895592120104341,1.117046780245034,0.029166666666666667,0.034782608695652174,10.284923668172087,0.5037307577975577,0.491772481704849,0.19166666666666668
9G6K_lI,9G6K_lI,48,Thesis-3T+2D,John_original,0.14388600000000001,28.226947047538893,0.47987125721500723,5.761331718656455,10.046609266402134,1.125795487306123,0.03333333333333334,0.03913043478260869,10.428508456971405,0.6141104727720963,0.5903056837775449,0.19166666666666668
9G6K_lI,9G6K_lI,48,Thesis-3T+2D,Raw,0.149084,28.237775270021142,0.45066659902597406,5.878868165221768,10.210471983857143,1.422070221540664,0.04166666666666667,0.030434782608695653,10.435179389949184,0.5384333668874259,0.4673659783798745,0.19166666666666665
9G6K_lI,9G6K_lI,48,Thesis-3T+2D,Simple,0.14238,28.25659384951685,0.47437375992063496,5.872175983747228,10.20685822601499,1.162790408678696,0.025,0.04782608695652174,10.454022008872467,0.5853220375171018,0.5079940865797505,0.2
9G6K_lJ,9G6K_lJ,279,J-controlled,Geometry,0.16753800000000002,51.028365947647146,0.29916986561426834,8.01357906398319,12.697849162594778,1.7717087181698914,0.06093189964157706,0.09458483754512635,16.50564236474373,1.047394161832324,0.8772774570831947,0.48888888888888893
9G6K_lJ,9G6K_lJ,279,J-controlled,John_fixed,0.15645199999999998,50.966670605472785,0.297273563540709,7.553854470910343,12.20560131727807,1.437700620516867,0.07956989247311827,0.0779783393501805,16.444223072838703,1.3210186887191155,0.9074573968412839,0.4860215053763441
9G6K_lJ,9G6K_lJ,279,J-controlled,John_original,0.151926,50.967290977191055,0.2968781622608132,7.543024172735935,12.193817786014458,1.428882935179081,0.07885304659498207,0.07725631768953069,16.446409614778453,1.3199900665222568,0.911793512953795,0.4860215053763441
9G6K_lJ,9G6K_lJ,279,J-controlled,Raw,0.17408200000000001,51.03991154437346,0.29243799527115905,8.077379493016423,12.745085518563346,1.953277182652362,0.05878136200716846,0.10180505415162455,16.51502184229179,1.386042205742569,0.8456245698937949,0.4860215053763441
9G6K_lJ,9G6K_lJ,279,J-controlled,Simple,0.157134,51.022083671691405,0.3025974030624355,7.990976172050407,12.676787293919208,1.6993551148690664,0.06236559139784946,0.09314079422382672,16.500504059178507,1.3633433614661195,0.8665292840918337,0.49175627240143366
9G6K_lJ,9G6K_lJ,279,Thesis-3T+2D,Geometry,0.17607,41.01820794862076,0.3027352086453295,5.734886022005514,8.984571232557396,1.5603414517963565,0.05376344086021505,0.04909747292418772,3.956159103536257,0.7355823815986507,0.8387945223153445,0.5849462365591398
9G6K_lJ,9G6K_lJ,279,Thesis-3T+2D,John_fixed,0.17639,40.93466505214207,0.30114463735220065,5.580162633112384,8.83052151310984,1.3032157065524796,0.06594982078853047,0.07436823104693141,3.9201087604882274,1.0021107665727857,0.9519959627152927,0.582078853046595
9G6K_lJ,9G6K_lJ,279,Thesis-3T+2D,John_original,0.171918,40.963943579426804,0.3045506226144894,5.679451446326203,8.933625136621917,1.1864980773952696,0.07025089605734766,0.09025270758122743,3.910276798380474,1.1155527491051174,1.0544657119700858,0.582078853046595
9G6K_lJ,9G6K_lJ,279,Thesis-3T+2D,Raw,0.174124,41.006140287342305,0.28754892079469563,5.785794863783062,9.004093360488815,1.8200366515758568,0.06594982078853047,0.06498194945848376,3.985183552650102,0.9257506082654541,0.9223140430340873,0.5906810035842294
9G6K_lJ,9G6K_lJ,279,Thesis-3T+2D,Simple,0.177878,41.01241333836326,0.31315374375983573,5.762979301989685,8.992251932890209,1.3222869717696775,0.05878136200716846,0.08808664259927798,3.9440775886160027,1.028155008233328,0.9700286278463292,0.5806451612903226
9G6K_lL,9G6K_lL,91,J-controlled,Geometry,0.162544,34.59713388408032,0.27966496680257186,6.201192936403683,10.097228428337832,1.1924456158609982,0.039560439560439566,0.04719101123595505,9.770408858207333,0.7362377744722677,0.6654691140741296,0.39560439560439564
9G6K_lL,9G6K_lL,91,J-controlled,John_fixed,0.164902,34.60955209694735,0.28178967758880497,5.9718399037301495,9.863027614903723,0.9648263376051549,0.039560439560439566,0.04044943820224719,9.757687764991534,0.9183460012835548,0.7344319494304277,0.3868131868131868
9G6K_lL,9G6K_lL,91,J-controlled,John_original,0.1707,34.605961170366605,0.2826393739762357,5.977835502300868,9.869057888577732,0.9706034319636787,0.04395604395604395,0.04044943820224719,9.75451221572555,0.9217809684963306,0.7248821696179203,0.3824175824175824
9G6K_lL,9G6K_lL,91,J-controlled,Raw,0.160064,34.60183928930551,0.27371301689942606,6.241247487938401,10.124407619965318,1.3288117853663874,0.035164835164835165,0.04943820224719101,9.774735209780038,0.9739061363325845,0.6755029484158792,0.38241758241758245
9G6K_lL,9G6K_lL,91,J-controlled,Simple,0.163294,34.59414291806199,0.28158123277103564,6.189884505046516,10.087044519360152,1.12603246403715,0.03736263736263736,0.05168539325842696,9.767741670143526,0.9612344134851172,0.7079356829272878,0.39120879120879126
9G6K_lL,9G6K_lL,91,Thesis-3T+2D,Geometry,0.187606,32.403530670680354,0.2948444558027622,5.1713175096153154,8.606371892044681,1.1352414436525298,0.05274725274725274,0.033707865168539325,10.318763768017224,0.5211960835846015,0.5700760224696316,0.4747252747252747
9G6K_lL,9G6K_lL,91,Thesis-3T+2D,John_fixed,0.18014999999999998,32.30819824557817,0.2946525868281686,5.100882130024059,8.526943897661335,0.9936644840120564,0.05494505494505495,0.05842696629213483,10.233579074279778,0.721759024400081,0.67214916845369,0.46593406593406594
9G6K_lL,9G6K_lL,91,Thesis-3T+2D,John_original,0.179396,32.28910947187566,0.29739209790963184,5.138329117013077,8.569412820305809,0.9376533872032053,0.05274725274725276,0.06292134831460675,10.223331986611303,0.7685446839316061,0.7657586261552527,0.46153846153846156
9G6K_lL,9G6K_lL,91,Thesis-3T+2D,Raw,0.18887,32.38811738514636,0.286451919300982,5.2048377762549425,8.611866512723232,1.3319163074885214,0.07472527472527472,0.03595505617977528,10.300343315991714,0.6396657669378797,0.6428566823897262,0.46593406593406594
9G6K_lL,9G6K_lL,91,Thesis-3T+2D,Simple,0.190912,32.40498581213519,0.3013780912221442,5.182727897549299,8.621295842406106,0.9592817733252886,0.035164835164835165,0.06741573033707865,10.31467845149534,0.7253964310029984,0.674658090836858,0.4615384615384615
9G6K_lM,9G6K_lM,194,J-controlled,Geometry,0.155162,45.63853520155927,0.3066356744864652,7.288601714145996,11.440566146917705,1.6983715025829398,0.029896907216494843,0.06979166666666667,13.01183343321074,0.7743454641687953,0.7362972330486285,0.5092783505154639
9G6K_lM,9G6K_lM,194,J-controlled,John_fixed,0.16442600000000002,45.36733175814778,0.3040629702308232,6.876723569845924,11.031092174040571,1.3502198325309975,0.042268041237113405,0.05625,12.92893830599083,0.9149365285103748,0.7821074600085002,0.49896907216494846
9G6K_lM,9G6K_lM,194,J-controlled,John_original,0.16422,45.35896910217958,0.30477624709263307,6.863033714256831,11.017933633611761,1.335598176695521,0.04329896907216495,0.05729166666666667,12.927623929801547,0.9165627247630489,0.7890251469184909,0.5051546391752577
9G6K_lM,9G6K_lM,194,J-controlled,Raw,0.158592,45.64735223573091,0.29983003963926413,7.345531002085155,11.482443450841277,1.8633413200895341,0.029896907216494843,0.071875,13.01599768071244,0.9883066790378633,0.7553191031785021,0.5072164948453608
9G6K_lM,9G6K_lM,194,J-controlled,Simple,0.15465,45.63221785429471,0.30934976214313176,7.267965922529887,11.422197269278328,1.6239373995181796,0.030927835051546393,0.07083333333333333,13.008976029352429,0.9679929850900557,0.7664608128332839,0.5092783505154639
9G6K_lM,9G6K_lM,194,Thesis-3T+2D,Geometry,0.21843400000000002,42.24506796466896,0.31114006079990253,5.580197642885873,9.172814272908065,1.260872143059004,0.09690721649484536,0.0375,8.870654369069836,0.6059203773527899,0.739383958975646,0.5505154639175258
9G6K_lM,9G6K_lM,194,Thesis-3T+2D,John_fixed,0.21991,42.159163639213745,0.3131579950019854,5.502266160059347,9.074980970106514,1.058966505650727,0.12371134020618557,0.06979166666666667,8.910841171309304,0.9204676322659484,0.8546246105511571,0.5628865979381443
9G6K_lM,9G6K_lM,194,Thesis-3T+2D,John_original,0.21766000000000002,42.190990808245736,0.3232071373054545,5.555822494254466,9.119249285731469,0.9605750277336511,0.11855670103092783,0.07604166666666667,8.915338676046005,0.9769720125718777,0.9272879043666183,0.5731958762886598
9G6K_lM,9G6K_lM,194,Thesis-3T+2D,Raw,0.216794,42.22156994108833,0.29561024840042627,5.630778797750226,9.194350059052935,1.5162228240580942,0.19072164948453607,0.03958333333333334,8.864215113324569,0.7938336141079426,0.8215893965760586,0.5587628865979382
9G6K_lM,9G6K_lM,194,Thesis-3T+2D,Simple,0.222598,42.234744962157926,0.31955836478175575,5.6282830584495445,9.213043320524736,1.0142060060866351,0.10721649484536082,0.07604166666666666,8.877567109439553,0.9885329661154618,0.8829330699363742,0.5567010309278351
9G6K_lO,9G6K_lO,180,J-controlled,Geometry,0.36366200000000004,41.83965775068995,0.3685868594623948,7.334202923910134,11.169344831630692,1.933467996615113,0.03888888888888889,0.08089887640449438,21.189426003601103,1.010429357902722,0.8489416139463911,0.42000000000000004
9G6K_lO,9G6K_lO,180,J-controlled,John_fixed,0.36562,41.57289190585667,0.36176558026501265,6.820767155211333,10.627726524657955,1.565137448256603,0.042222222222222223,0.06404494382022471,21.00873210592651,1.2825550258297524,0.8369883427849498,0.42444444444444446
9G6K_lO,9G6K_lO,180,J-controlled,John_original,0.3658,41.597875862700256,0.3631349572328352,6.840726631737759,10.65015379927778,1.5993109935834762,0.03888888888888889,0.0651685393258427,21.02209114024763,1.2807968765012643,0.8400879720131791,0.42444444444444446
9G6K_lO,9G6K_lO,180,J-controlled,Raw,0.379576,41.854733910821146,0.36782611875210564,7.375468975096439,11.204442140292754,2.117746847623997,0.03333333333333333,0.0853932584269663,21.204957162582637,1.3416629967364315,0.7990346030837333,0.42444444444444446
9G6K_lO,9G6K_lO,180,J-controlled,Simple,0.35992999999999997,41.82893296334642,0.36642982541958286,7.3166008824282756,11.151153713559959,1.8500002089752203,0.035555555555555556,0.08089887640449438,21.18001974180686,1.3129171272088533,0.8025473040728219,0.42444444444444446
9G6K_lO,9G6K_lO,180,Thesis-3T+2D,Geometry,0.48209,32.1052377727171,0.36152080879980775,4.619005789207291,6.832164419688579,1.219340785816048,0.03,0.07078651685393259,10.72223323692902,0.7720425714875812,0.892819891679592,0.6311111111111112
9G6K_lO,9G6K_lO,180,Thesis-3T+2D,John_fixed,0.47901,31.988863708050268,0.35133763643644317,4.565238278366161,6.803609138256545,1.0507944576636679,0.03222222222222222,0.0898876404494382,10.683318026876899,0.9683321961100253,0.9910270914406893,0.6266666666666667
9G6K_lO,9G6K_lO,180,Thesis-3T+2D,John_original,0.47816200000000003,31.983041597169848,0.3676466097971516,4.608863924608061,6.835821589432021,0.9179869717032425,0.035555555555555556,0.1,10.675436916096462,1.0283246333163114,1.032742029749461,0.611111111111111
9G6K_lO,9G6K_lO,180,Thesis-3T+2D,Raw,0.48250200000000004,32.09564342419497,0.35218160745892296,4.65301691975213,6.847001575814181,1.499127593692647,0.03888888888888889,0.07752808988764046,10.748955958247052,0.9474763227547743,0.976142270316138,0.6266666666666667
9G6K_lO,9G6K_lO,180,Thesis-3T+2D,Simple,0.47799800000000003,32.1015174934726,0.3631157859829751,4.651829264068526,6.850456832872615,0.9726656282991012,0.043333333333333335,0.10449438202247192,10.705604037139839,1.0323644012193038,1.0153377188548134,0.6222222222222222
9G6K_lX,9G6K_lX,58,J-controlled,Geometry,0.10435399999999999,35.28346079921856,0.4591007364283226,7.173211465928036,11.302519564762655,1.3602765569643736,0.013793103448275862,0.06428571428571428,28.822598584353482,0.702088979212403,0.6667987956787479,0.0
9G6K_lX,9G6K_lX,58,J-controlled,John_fixed,0.10515400000000001,34.93137340780646,0.47943240906602974,6.889316244911593,10.954545764346529,1.0043574058772915,0.017241379310344827,0.04642857142857143,28.51212069796898,0.7519746580404844,0.6875138010223226,0.0
9G6K_lX,9G6K_lX,58,J-controlled,John_original,0.110788,35.15358350113193,0.4621265922774544,7.067843832929517,11.172036513073994,1.2593831642329234,0.017241379310344827,0.05357142857142857,28.709612930249126,0.7815585691860286,0.685132419739469,0.0
9G6K_lX,9G6K_lX,58,J-controlled,Raw,0.09920599999999999,35.289501555327114,0.45086971936109865,7.198837946949699,11.321378949033889,1.4679266578278838,0.013793103448275862,0.06428571428571428,28.827488755096862,0.810987118103518,0.6941752520859235,0.0
9G6K_lX,9G6K_lX,58,J-controlled,Simple,0.11014399999999999,35.26419660695383,0.4783489451161865,7.115159063249132,11.254750841716021,1.0985673507777793,0.013793103448275862,0.05714285714285714,28.807070221278394,0.7712667274218755,0.6810348341423526,0.0
9G6K_lX,9G6K_lX,58,Thesis-3T+2D,Geometry,0.11881,31.971509896210456,0.437999390456287,5.464626740628237,9.275281572496818,0.9158951965968715,0.0,0.014285714285714285,22.834055767697187,0.24472640517115307,0.35817136807148564,0.0
9G6K_lX,9G6K_lX,58,Thesis-3T+2D,John_fixed,0.126054,31.93699211805157,0.4572232484948002,5.448468563458169,9.260278205190549,0.7130577620799043,0.0,0.010714285714285714,22.749236824641905,0.2685405747334391,0.3874750020020433,0.0
9G6K_lX,9G6K_lX,58,Thesis-3T+2D,John_original,0.11943600000000001,31.966652966677806,0.4450002798925213,5.476362498594673,9.307104218469453,0.8368714487850909,0.0,0.014285714285714285,22.76567983373605,0.2589324375564931,0.4189559707830915,0.0
9G6K_lX,9G6K_lX,58,Thesis-3T+2D,Raw,0.12012200000000002,31.959498824958246,0.42708902448126584,5.469499894960295,9.26652584343143,1.0106279693601743,0.0,0.014285714285714285,22.82313796337052,0.2818496959131854,0.3867802493309474,0.0
9G6K_lX,9G6K_lX,58,Thesis-3T+2D,Simple,0.117834,31.967750901235387,0.4553619321291735,5.44478455779125,9.258569957555618,0.726803043114453,0.0,0.014285714285714285,22.832761113449997,0.25791877662724094,0.3928954989883002,0.0
9G7C_A,9G7C_A,224,J-controlled,Geometry,0.150816,56.21572830159607,0.2417513123517104,8.725232315347776,14.173483102678285,2.0745250743703902,0.033035714285714286,0.09099099099099099,22.828173034039242,0.9180652062379426,0.7973158202097854,0.4375
9G7C_A,9G7C_A,224,J-controlled,John_fixed,0.161582,56.051538357431944,0.2360788582470775,8.146265273372677,13.534139809101537,1.7131289801698675,0.03571428571428571,0.07747747747747748,22.75293403863397,1.1252686130649163,0.8280599132252116,0.44107142857142856
9G7C_A,9G7C_A,224,J-controlled,John_original,0.161662,56.04835441040459,0.2361189217695344,8.140046235560437,13.527696943520535,1.7081548176667156,0.03660714285714285,0.07747747747747748,22.75069646330732,1.1238600209508494,0.8273404108046704,0.4392857142857142
9G7C_A,9G7C_A,224,J-controlled,Raw,0.15588200000000002,56.22901234606089,0.23632695957036506,8.782640348976624,14.217118650393829,2.2542809061239253,0.033035714285714286,0.0936936936936937,22.840059596422492,1.1949823100431924,0.7809426382657365,0.4321428571428571
9G7C_A,9G7C_A,224,J-controlled,Simple,0.15507200000000002,56.209038418808156,0.24323453989389274,8.704901866587072,14.15424619051073,1.997781639170969,0.03482142857142857,0.09279279279279279,22.821295887944796,1.178108679226046,0.7864915615103658,0.4482142857142857
9G7C_A,9G7C_A,224,Thesis-3T+2D,Geometry,0.17654,46.178378932152704,0.3081983201512724,5.384314550321767,8.661310734471495,1.2354765400933738,0.08571428571428572,0.04954954954954955,17.311139551938304,0.6597608313929743,0.7677656138728354,0.5142857142857142
9G7C_A,9G7C_A,224,Thesis-3T+2D,John_fixed,0.165956,46.14885509619668,0.310394165349246,5.30350518432522,8.568717202822464,1.0150279449218569,0.08928571428571429,0.0945945945945946,17.265616141246642,1.0014089043467505,0.8603329882353684,0.5375
9G7C_A,9G7C_A,224,Thesis-3T+2D,John_original,0.178162,46.18098061769869,0.30189711117566426,5.344498703860964,8.615871578105867,0.944204564317376,0.09464285714285714,0.1009009009009009,17.275000412798654,1.0317365257374216,0.9018415627633024,0.525
9G7C_A,9G7C_A,224,Thesis-3T+2D,Raw,0.17698,46.16042087296721,0.2979494326398438,5.4327143104652444,8.683484827597761,1.4909627901143438,0.11517857142857142,0.05585585585585586,17.289882001045658,0.8967584246570146,0.8453297713452337,0.5178571428571429
9G7C_A,9G7C_A,224,Thesis-3T+2D,Simple,0.177214,46.17626660426966,0.31783028524235574,5.423220339786587,8.700234835086112,0.9552314269312872,0.08035714285714285,0.0945945945945946,17.30293817560061,1.0214370680312945,0.8694477418857783,0.5214285714285715
9KPO_B,9KPO_B,255,J-controlled,Geometry,0.14712399999999998,49.11231514779587,0.3150770861984518,7.428804235669427,12.326540722136802,1.8152149504909894,0.03529411764705882,0.0766798418972332,13.995646119472095,0.9425829720379791,0.8008889862199517,0.4674509803921569
9KPO_B,9KPO_B,255,J-controlled,John_fixed,0.134832,49.0686766802408,0.31226419728410154,6.94094215913137,11.818199571899731,1.4734605291478862,0.05019607843137255,0.06719367588932805,13.998769803251003,1.1916801815082503,0.8253659767322002,0.47215686274509805
9KPO_B,9KPO_B,255,J-controlled,John_original,0.13211,49.06825235458836,0.3117152219130779,6.92820645864929,11.804539177186687,1.4643834250995404,0.04862745098039216,0.06640316205533596,14.003755622995238,1.1882700476848487,0.8337127206048816,0.4752941176470588
9KPO_B,9KPO_B,255,J-controlled,Raw,0.15186799999999998,49.12278482748666,0.3079209047241775,7.486852962094102,12.367457052573837,1.9810337716003517,0.03215686274509803,0.08300395256916995,14.006216304662615,1.2384691460209916,0.7901284834398089,0.4658823529411765
9KPO_B,9KPO_B,255,J-controlled,Simple,0.13911400000000002,49.10632187618784,0.3176708549970013,7.410213405047864,12.308612735696173,1.743299758875353,0.03607843137254902,0.0766798418972332,13.989536034772962,1.2209968052177387,0.8039180921686896,0.464313725490196
9KPO_B,9KPO_B,255,Thesis-3T+2D,Geometry,0.176888,42.21586199367665,0.372765401380065,5.180066894111785,9.15935049610572,1.485417605370062,0.025098039215686273,0.029249011857707508,5.938466668972754,0.6140788195386753,0.7064462408757513,0.5647058823529412
9KPO_B,9KPO_B,255,Thesis-3T+2D,John_fixed,0.169244,42.11069401048794,0.36745110156207705,4.931251957240364,8.925528506914791,1.2594316506688452,0.023529411764705882,0.03557312252964427,5.86427508661224,0.7420354756353318,0.8170547851323235,0.5835294117647059
9KPO_B,9KPO_B,255,Thesis-3T+2D,John_original,0.17109400000000002,42.150075445887595,0.3718514483373431,5.040427276781106,9.036327080272379,1.1783894691426589,0.03215686274509803,0.04426877470355731,5.888591746305626,0.8358540300660099,0.8936134136868699,0.5756862745098039
9KPO_B,9KPO_B,255,Thesis-3T+2D,Raw,0.173616,42.2060344156878,0.35496584720308666,5.223159223686314,9.179277857519464,1.6884616736917917,0.0203921568627451,0.03162055335968379,5.94890433026878,0.7304999363876798,0.77738055942512,0.5741176470588235
9KPO_B,9KPO_B,255,Thesis-3T+2D,Simple,0.176928,42.19587030882706,0.3765753415745307,5.1936763455111095,9.154635592848695,1.3266110478122772,0.026666666666666665,0.049011857707509876,5.924654342039396,0.7654344546335565,0.813269797837013,0.5647058823529412
9L5S_5,9L5S_5,116,J-controlled,Geometry,0.47682,22.111597375321583,0.5269282894282894,4.658559142248421,6.881720851179369,1.6011069550919292,0.039655172413793106,0.07543859649122805,15.345157894475872,0.876574783675219,0.6742292041365361,0.4344827586206897
9L5S_5,9L5S_5,116,J-controlled,John_fixed,0.47211,22.127887625244576,0.507039217039217,4.336818403347744,6.6409377335373305,1.2984114705404823,0.04655172413793104,0.06315789473684211,15.24825165501112,1.0445651561390623,0.7653219701927185,0.45517241379310347
9L5S_5,9L5S_5,116,J-controlled,John_original,0.47207600000000005,22.116410678510363,0.5089044876544876,4.364643573545342,6.659844118649704,1.337310100886009,0.04827586206896552,0.061403508771929814,15.255305817099208,1.046873344366745,0.7702897502840838,0.46551724137931033
9L5S_5,9L5S_5,116,J-controlled,Raw,0.47397,22.13111460029181,0.5267555817555818,4.703078503726012,6.918664654141911,1.7417120043395922,0.039655172413793106,0.07894736842105263,15.354136792852483,1.085692181982838,0.6882535133859623,0.4344827586206897
9L5S_5,9L5S_5,116,J-controlled,Simple,0.475402,22.099125108960283,0.5241503791503792,4.645288198499243,6.868511559426669,1.5319925291581282,0.041379310344827586,0.07543859649122805,15.339038944823931,1.0734933005492686,0.711526995162617,0.4413793103448276
9L5S_5,9L5S_5,116,Thesis-3T+2D,Geometry,0.49515000000000003,21.02385324411447,0.5625650538150537,3.3759407424552044,4.959258694456182,1.0367042282488232,0.06379310344827586,0.015789473684210527,13.027483476385736,0.49162775021492405,0.619799905984534,0.5206896551724138
9L5S_5,9L5S_5,116,Thesis-3T+2D,John_fixed,0.492606,20.892622746593823,0.5553743453743454,3.3021084728704095,4.8705579185697285,0.8927082477015702,0.041379310344827586,0.047368421052631574,12.960736546440407,0.7625541105569225,0.7247852520960376,0.5344827586206897
9L5S_5,9L5S_5,116,Thesis-3T+2D,John_original,0.486352,20.924804093060466,0.5401741926741928,3.3341320416938274,4.910364377113299,0.8589957175327324,0.05172413793103449,0.047368421052631574,12.985651897842805,0.766925778770287,0.7597514672473971,0.5310344827586206
9L5S_5,9L5S_5,116,Thesis-3T+2D,Raw,0.494306,21.02384289289322,0.553013358013358,3.42181719278602,4.993743371723299,1.2063370479685431,0.07241379310344828,0.017543859649122806,13.013599279876448,0.7037186699499267,0.6924417504493093,0.5206896551724138
9L5S_5,9L5S_5,116,Thesis-3T+2D,Simple,0.49447399999999997,21.059368465947532,0.5700971775971776,3.440904516645734,5.0305993966111995,0.7701268942186603,0.04827586206896552,0.05964912280701754,13.02873622885517,0.8524880696187062,0.7430458178287571,0.5310344827586208
9MTY_C,9MTY_C,36,J-controlled,Geometry,0.12464,24.88528846323233,0.4950958994708995,7.4613439263281975,12.55742070403037,1.2460980979575755,0.05555555555555556,0.08823529411764705,10.31530262739113,1.0359556252450977,0.6393253671168116,0.2555555555555556
9MTY_C,9MTY_C,36,J-controlled,John_fixed,0.12135,24.40464831410383,0.497921626984127,7.035528920796239,12.009041937772254,1.0020010690222776,0.08333333333333333,0.06470588235294118,10.190434062430958,1.507917434326538,0.719039304214267,0.28888888888888886
9MTY_C,9MTY_C,36,J-controlled,John_original,0.12155,24.4949361092116,0.49854001322751323,7.107454053783689,12.109588135226462,1.0463363766192373,0.07222222222222222,0.06470588235294118,10.208033981901542,1.5108849226623877,0.7093520418741596,0.2777777777777778
9MTY_C,9MTY_C,36,J-controlled,Raw,0.130856,24.894016576824846,0.4937748015873016,7.499688979998254,12.581370918845867,1.3450574442241456,0.05555555555555556,0.08823529411764705,10.320394519181743,1.5250284205423683,0.5689304410786311,0.2555555555555556
9MTY_C,9MTY_C,36,J-controlled,Simple,0.125262,24.874052671564655,0.4981795634920635,7.445907965622079,12.54279518840028,1.2019535065345999,0.05,0.08823529411764705,10.311317959249028,1.5045646868400477,0.6439390346533523,0.2666666666666667
9MTY_C,9MTY_C,36,Thesis-3T+2D,Geometry,0.13657400000000003,24.005015037404956,0.49135582010582013,5.505989510421089,9.728460085491722,1.0251746138833417,0.0611111111111111,0.011764705882352941,5.594957449711871,0.40929098459933816,0.48511881456893596,0.28888888888888886
9MTY_C,9MTY_C,36,Thesis-3T+2D,John_fixed,0.139808,23.991163496539425,0.5008416005291005,5.442892376380691,9.65453456294149,0.8951258166134941,0.05,0.047058823529411764,5.559479273426101,0.7040856343819175,0.6273222709840216,0.3
9MTY_C,9MTY_C,36,Thesis-3T+2D,John_original,0.138602,24.001044409171676,0.49731646825396825,5.4812542668913,9.674172495565472,0.9259824531990237,0.06666666666666667,0.047058823529411764,5.568565986742575,0.6703825523073327,0.5895848193078935,0.28888888888888886
9MTY_C,9MTY_C,36,Thesis-3T+2D,Raw,0.14336,23.992821496534127,0.4813806216931217,5.5256431950920515,9.72153839601378,1.117803999922609,0.0611111111111111,0.011764705882352941,5.591601226216325,0.632910220457652,0.575607094777544,0.28888888888888886
9MTY_C,9MTY_C,36,Thesis-3T+2D,Simple,0.14581,23.99517604529301,0.518166335978836,5.539874487376462,9.698957593859157,0.6958825182286509,0.0611111111111111,0.07058823529411765,5.585395018727512,0.7541590776298721,0.6262850895526036,0.28888888888888886
