target_id,temporal_cutoff,sequence_length,normalized_sequence_sha256
17RA_A,1999-04-20,21,24587e7d915ab964915c7f9b2b0dfb62a90d1236ea60b1a68932dc8c0476bb5a
1A1T_B,1998-06-17,20,129f4fa29917a0c7906439dd5d1c0605103cc4da1c9ac07eeaf78b212229ac74
1A4T_A,1998-04-29,15,b3319a82a015abebb9731467bf861468354d2824bd6b0eecb83c944abd4db439
1A51_A,1998-05-27,41,7e5d37d85ad8f69792e71671b9efb98e05f2786b370989d9bf09a5ae8309d451
1A60_A,1998-05-27,44,c6e5e9782f6ecb6fc069bcedfa93325b8a540ed0f6ebfa5177489e9157a54bb8
1A9N_Q,1998-09-23,24,ea0985067810de0696dbcf25b2bfef7bc951cfd291fd4034ce9fa01010e63d24
1AFX_A,1997-05-15,12,58abf3a9a2d77a79d9e4024b8ed0a6c75b5791966e6962682528656e5ded326a
1AJF_A,1997-07-07,18,c06935fb1e38b1895173b8e16eaabea2f52a309d5e973261b537b9141ce778f7
1AJU_A,1997-12-17,30,917ae0fb1cfeddc3a4f4d9bb204f2a1aee9903c3c300be70d6cbdf21ff773178
1AM0_A,1997-07-23,16,b7c8018cb3c1ad80da25ef89c0c3a9331fc459e7ef4cbdcc32866ad9392ca46a
1AQ3_S,1997-12-24,19,a66186c05d783df9ef242183e76e8874f1d519a07db5074bc4a13cee02139ab1
1AQ4_S,1997-12-24,19,a66186c05d783df9ef242183e76e8874f1d519a07db5074bc4a13cee02139ab1
1ATO_A,1997-11-12,19,ca2c4da2f757302f9188b5d82998954c063caa6d3b211f710f1e42879818e5cc
1ATV_A,1998-02-25,17,cfd60936d04c709571afb7850defeb3fc21ea7ede83b192897b4bee7806328d0
1ATW_A,1998-02-25,15,7ef4f8bbdf149860329cd58dbf8cd70f6829098c162285ec3365884a0309695a
1AUD_B,1998-02-25,30,f925791fcc4e9992ef3259d6c520baea7731d3c674ad5625b0e59fffbc53b67e
1AW4_A,1998-04-15,27,9f36b04217eecc855fbb1d7ef0e638c6d30c9c3329ff7b004cf77b699e5189f0
1B01_E,1999-11-19,19,e8d3728d612f2da0da029277d634d4374b9e6e14e8ed2c3f69f5cf0d2899225a
1B01_F,1999-11-19,19,37b38be7dbb81805a5e59ed677c56e194fada6a748af81147ea8b5f7325d8c13
1B36_A,1998-12-23,38,bc5277436539450514b6d04bd0fe22632b4e0556da97bad4d5a9c01de9cbda7b
1BAU_A,1999-04-27,23,c35a13ee2f94efb53ccc313dec5d44f9db2867a2fcc1283957b529313e4c6e9e
1BGZ_A,1999-01-13,23,ed915062c05f765ec53ec9765f0e5c8fd4c4264c8ad946226c799214741604ab
1BR3_B,1999-02-23,28,95491da45b319358b99c6e4b64c3b3afc73ec5ff5482233bfe0df7a1c474a3f8
1BVJ_A,1998-12-09,23,2edb36641ac17962ade4b132ba860c5b7cd1da1e94a92f8466d50767b5b4e119
1BYJ_A,1999-10-29,27,bbdab9cde9655d13304e9bbf2ad29392e5c6e58541cc9dc473f29b7b529f1eed
1BZ2_A,1999-04-27,17,3239c32f90063de768ea689eea49ebbaa12a349f490a66674c20245b6346d836
1BZT_A,1999-04-27,17,3239c32f90063de768ea689eea49ebbaa12a349f490a66674c20245b6346d836
1C0A_B,1999-11-23,77,eb3b7b0c79383b6761703320f6c953b25376611e73aee9d0ec7ff2557a296b26
1C0O_A,1999-08-31,14,fcc8f2f91f85372551589a091e36a76411e056737c8fb1a405afbb2af44f410b
1C2W_B,2000-04-10,2891,784f60d4bc4205451c8ca99d6e986bb15213ec81a3e92aba8710675db8d91cf1
1CQ5_A,1999-08-23,43,d65beb44e8bb51d55ab03b9179a434b6a3a8b278bba59256a6c72363c01c7727
1D0T_A,2000-05-24,21,35f6b981f3f3a277cdcc2c61699ade1d339876ced78d033a621e389f375bdbe9
1D0U_A,2000-05-24,21,35f6b981f3f3a277cdcc2c61699ade1d339876ced78d033a621e389f375bdbe9
1D16_A,1989-01-09,16,cbad6314c9a60794b1bb2416a7ad6817017311513c9369b859be81a3ecefa007
1D6K_B,1999-11-22,37,a0b40068d8fea2386e26c72914bafc4eb3387a6dbea6f51c4f31aa80b1770c3a
1DV4_A,2000-02-02,362,995c9dd8275568c6b3bbbda9e8c5ad8c7eb59fbf1c051fc3bc0add96e86dbe55
1E4P_A,2001-01-16,24,1792a60d6c640a33076ed73e910c65b6d66758bab30c1d0c294bd695b9114031
1E7K_D,2001-02-19,22,5ad12a8cfa0622cbfa974a16c490a4899411e8387b501b9ffe6d124ab33ed711
1E8O_E,2000-11-08,50,949e471568dbfabe274b08c251b05f0974cc29ee42796c0dab4aecefa13d965b
1E95_A,2001-08-23,36,788aa7b394ed9edf5178d44494eff9bab5bc73bd5dbb4a4091fcbfe21d4da0f3
1EA4_Y,2001-07-05,21,3e43b38812c59b8fd976fdb5119151d41c1052daafada1f55f6f7c4ef9e4cd3b
1EA4_Z,2001-07-05,21,62fce0612f05653b3f250c515a98abcfc97ed0d2871f463f8fa0bb14b50d4834
1EBR_A,1997-07-07,30,13385c7239731251c760bcdc3f7ab8e46a7220e5f479f385d20f2073d04a274c
1EBS_A,1997-07-07,29,35eb1c995460c07bae66d95cfe2e7af1b248fb12c73c252d5b89ded465c024ea
1EC6_D,2000-02-21,20,86ecb76417b919a31517a8e393f222493cb3e305f546ac9b64371d7ac4a5908c
1EFW_C,2000-06-19,73,ff4dbb1671c39f7c178c4d818c187d5b74e371d1e861ef91a950528257b7d9f6
1EGK_B,2000-06-26,34,f6cd2ba909ec9f710d6471b2bbef7419b966366eef100cc88329eb41134f9d6a
1EI2_A,2000-03-06,25,e35c8599c960a450716afb747ebb69b6d583c092880ea8d95fd4673058cd4d7a
1EKZ_B,2000-08-21,30,dc490a6d9e08aa57de68c59e7fe625cc0e2a4a9aeb7da1e43af929d4e9f959a5
1ESH_A,2000-04-24,13,e57e40cc051a45ea25f663ea5f1104244a99e3bb64b76f0b5ec50a3661efdf58
1ESY_A,2000-05-31,19,66165706cf44035c13d0f15aa38abe92883a72f25312f2ae7597468533aabea2
1ET4_B,2000-11-13,35,6ec69eeef190b3788b7253513f1b60f6d213512a91e9a70d76d29bcfe66d745e
1ETF_A,1997-03-12,34,ae7282bb3bb9778802f80a6cfe85108ca46601be0dbfbfddc86e18dca5216813
1EUQ_B,2000-06-04,72,a964a43fc6c522d376e164fb1890f4490ebf1cb2444e24d90cbb26ac3e1577af
1EUY_B,2000-06-04,74,d564bc841a6832c7327cbee7b78bcedb01a9b4465b970ac72e7b34d22679e240
1EXD_B,2000-05-15,73,b75d467b7b4d6f26b9ad670fc4249f1afd17a251eb01407d5a1da81fd5482e6c
1EXY_A,2000-05-15,33,810d301af2478298fc5ff9a477b3557fde3c7ab9701abc803a5620224a774094
1F1T_A,2000-09-04,38,c67ca09a644d991f4a901efe5479d8c5148e0a2089a7ddec1e11bdbbdb0b6258
1F27_A,2000-06-12,19,bd5d53ace537afcc3807e1acc0fa50c09800198e2a6ce8cddeae0499e7da3655
1F5U_A,2000-08-21,18,ca583add02d1df3e16bb0221d3aa840babc575712683b213ab88bdef63542b84
1F6U_B,2000-10-09,19,66165706cf44035c13d0f15aa38abe92883a72f25312f2ae7597468533aabea2
1F6X_A,2000-10-09,27,678329421f0937aacb4ac483d3a362abed17fb69352baa8bf2309aeb2a00632c
1F79_A,2000-10-09,27,b6eb96458cd3617760b51e10f6b2b387527bc1bce929e3729a98fdee96ec8f12
1F7U_B,2001-06-27,64,6acf4ec1ac41f629bae6b593f593c1eceb33aea6c158776d96ca6fad9d01319e
1F7V_B,2001-06-27,61,da88d29ba4672e2c9200b0ad8a62717f435f98aa91c1b259d3fafe9ad2c3810b
1F7Y_B,2000-11-22,57,a6b495c442a92f9fc34a1a6941859b0f77f0b7a8411aec8bdda50173771fe5ae
1F84_A,2000-11-17,29,9c4284eb922c53102502b8303854ab4ba81b51918e7d0eb49d87954811f1147d
1F85_A,2000-11-17,14,b34d98feec7a9666dcbe38466205201827ae68ffa0cbea37470245b31a2985c9
1F9L_A,2000-07-26,22,664fff6ef92722ed06e057fc81ffc7c815b5f301cc54660bc9f0f92dc2138dc0
1FEQ_A,2000-11-22,17,85b7c7e32b2002f70d9c46a34479417cac426a8cf911e607f33a610b30b200a5
1FFK_0,2000-08-14,2706,b6cd82e757c9ff54da47ba74c0d6b7937d438e09d08c35aca696f8f5115b5f01
1FFK_9,2000-08-14,122,dfd3de7e030b318feef57d595066feb0db93248ca32278cd4595d7a64d72074c
1FFZ_A,2000-08-28,602,44f028698cd5179ded4aa3b479b8b7213b7b3829b1ce4a4ec1c559dae32508fc
1FHK_A,2001-03-21,14,ce454022cbfcd33ba3ecd0f1d894df52b3c9677b94f72c94128435ebb2939a75
1FIR_A,2001-01-17,76,27408d675e934c85f8717f3049764c0c80e1cf4522b89deef0a7631a195fc6e7
1FKA_A,2000-09-04,1479,26bcd4b081157ac64b779956b0f64ef71acf8b3bbdaaaaed4df3413a6b209499
1FL8_A,2000-10-16,17,3239c32f90063de768ea689eea49ebbaa12a349f490a66674c20245b6346d836
1FMN_A,1996-07-11,35,a99a31ecdaf435ade91d9528b9d45af224072e16ae1528596ecae44328f906bf
1FOQ_E,2000-12-22,120,ceee183f53d37322018adfae769d72c9cc602c0f0c4632d229abfb98b04fbeaa
1FQZ_A,2001-01-17,27,82100a3406fdc8d30456dba52b72786c3a281dc4fdcaa2624cf73f1846088e20
1FUF_A,2001-11-09,14,860d4caba50157b106a9376d80d85306aca3c8d3634135ac0436855aed3d8a76
1FYP_A,2001-03-14,27,d5ca4348f83c40fe2a3fc79ba2de597dd0a2af2f63f83d6f1058f0a5b0109af3
1G1X_D,2000-10-30,41,26e73ed18c0a18630c55a9928e5ed125dfb109a894cd9bb14cf472103a143a3c
1G1X_I,2000-10-30,41,26e73ed18c0a18630c55a9928e5ed125dfb109a894cd9bb14cf472103a143a3c
1G1X_J,2000-10-30,44,eee1252a6ca42e79b8e5648ce16b127c2adb478c5bb41a0662bc8d4e65132ca0
1G59_D,2001-09-01,75,4ee0be19e291a390d50334567f8265f423cf9ebc88329e5d9155a650aaba6c2d
1G70_A,2001-02-07,32,fa7b2bca709d39cc16d5045b6d1e45bb9bdc595b11687933184e09feac63acac
1GID_A,1996-12-31,158,8a1e41513d99bd249b5eb07bd5db319f2b09d2c359b4f90b65d8a392bdd361de
1GRZ_B,1998-11-24,247,6507e7e6f7c95541b00c79d2576b33ab15c2210f7012bb580cf6e02650274c6c
1GTR_B,1995-02-07,74,ce84d211b7b383dac494845e07019d580b997b742300039da4c49a9f590c1747
1H3E_B,2002-10-27,86,6ddb54771905707ca96ddd8199880c9bfbebadc2de119664db311d86e0f68f5a
1H4S_T,2001-06-18,77,d680463826c91f4054a0c6d934d7f1db4f48b70460fcfdf9f2dce48567045465
1HC8_C,2002-05-23,58,23b2537cfb779a8ecbca46ecb0bc3e4185a9c4d268813c295c1bd784b9959745
1HLX_A,1995-09-15,20,278f742087727f5ff552bbab1b3589c1325920da6dc64af5eb0b058e0d1f14ee
1HMH_E,1995-12-07,34,d3a6b36e33ec0b805fe349594e759afe225ec7f6c783900ebe0a551076b1de55
1HNW_A,2001-02-21,1507,e24bfe12137a5eb89204af9a51a29892ab543f4dc1ddfcc4b3381f7551348791
1HOQ_A,2001-11-07,12,9b8a60c410451981bf7d3aacb27718190f221204e418762624c03c9ef76cdd6e
1HQ1_B,2001-01-03,49,f5f9d078a6e003ea031f9e9a31baeea5c449c361aac6753309f94caf3cab1193
1HR2_A,2001-04-12,158,8082a35ee8de8599b1861024d3e07470d82e3f2f2cf8204b8f7c75ecfe6e9d67
1HR2_B,2001-04-12,158,8082a35ee8de8599b1861024d3e07470d82e3f2f2cf8204b8f7c75ecfe6e9d67
1HS1_A,2003-09-02,13,1fb38eb8beb9fb51c42e7de343f0dc74c35d3c82df2f9dcc7a9fe109b1c33f3e
1HS2_A,2001-08-29,13,301fbdbe836e42129d6a54b2abb7d142fe0b058086e3054f32aa917d1b434789
1HS3_A,2003-09-02,13,f0be565a1e8af11bedf09d6753a3c9e3d06e7348cc26308494734b2069e2b041
1HS4_A,2003-09-02,13,1d89fa5e04a61a812716ec426d4f0076973fa6793f5ef1c9134b1f6d4aa2b7c9
1HS8_A,2003-09-02,13,b38f39d12cc31d8a97a31911307a52a7af90e72bbcf5b3356e538451c767d9e1
1HVU_F,1999-01-13,30,d5b9b4d00e738b8e59043222117561ed14ecde168927f310a7f92e979a925403
1HWQ_A,2001-05-16,30,1904d068fc830212884adf1e0ae2dd4fb27624cb601fe8250a9b09b3c3e239c3
1I3X_A,2001-04-04,19,23b376e7cafed8fe54e00e71dd5aa895c230bf95440a84bcc322b872a7f363e5
1I3Y_A,2001-04-04,19,23b376e7cafed8fe54e00e71dd5aa895c230bf95440a84bcc322b872a7f363e5
1I46_A,2001-04-21,13,1e4b9bdab0aff515a1ff8cab71301f7a90d02d0b76fcb33e7657291939ab1d3f
1I4C_A,2001-04-21,13,148f127a55f465139d5a41b1a493a629c8ceb35527166b6550ef450d8d63f0c9
1I6U_C,2001-08-03,37,c4dea87dd79cc7a6187812ed5d5947126690238430d6313f4f819fbb202171e4
1I95_A,2001-04-12,1514,c8b3f9b367ba18d97e8ed9d234e61f8e588c83a2ff672b2987933fe524213916
1I9V_A,2001-06-04,76,28890de0dd2033379fabebc7165a219d6092ad9bbadc77f4c7528be78963ca0b
1IBM_Y,2001-05-04,15,4dacc75d9e9ab4b87435f454670b0e461b5e1744e043050edfc205820e9cbd06
1IDV_A,2001-10-05,10,3dbe3fb54272346785c84a3e47147c1a986e98847ced07d6ef5eb21cf0bcb9a0
1IE2_A,2001-06-20,22,e3b3032a770e589fb2d7318f55e67c93cc19dd0b8ce2920f36b7c74b0d58e060
1IF1_D,1998-02-25,26,831bacb0dc214918a8e85d0604f1ca018f92c2f80b5b5a1b08edcf073755a0e4
1IK1_A,2001-07-18,14,0683ed070d660254d0fc2e9428cd82d626ddef6bb89f1e066a4b9dc89aff2586
1IKD_A,1997-04-01,22,b5b63bc3abb6156d264b1d0bba237aeb5783c6734ac9dc60f63468d0d58a4141
1IL2_C,2001-09-28,75,5c75aee225e2a845d327e94bf67b43c27b4c214df2bfd57e7870893c2a418cde
1IL2_D,2001-09-28,75,5c75aee225e2a845d327e94bf67b43c27b4c214df2bfd57e7870893c2a418cde
1IVS_C,2003-02-11,75,92dd0e86266ca91af1900846acb9e536640a6cc06665ad0cf84d5742af810794
1J1U_B,2003-06-03,77,0beda179d28f51e3728b1916486b52b01c1127bc0a516330ee93b19a8aa89059
1J2B_C,2003-05-27,77,230e65b6837dd5fc35abe439b0ec435c7ef29e66cc327736ad5677edca8789bb
1J2B_D,2003-05-27,77,230e65b6837dd5fc35abe439b0ec435c7ef29e66cc327736ad5677edca8789bb
1JBR_D,2001-10-26,31,16a2fd9cc63fdcbd9ea3c98c90f5cce757b83243d5b86359242db91e7bf80360
1JBS_C,2001-10-26,29,4f60370e151afc9f09aa968324110638a279aaa6f7e05c967bd9003791d3e6bc
1JBT_D,2001-10-26,29,ab2d32767577228fed9c0c51c81894d6e939f56fdd5014fd0b1651d7c6c3b877
1JEY_D,2001-08-10,31,16558e2e450d62dc186d555167b9839dd67e3dc4bc9ee26b9ef6196997044a68
1JGP_B,2001-07-20,76,28890de0dd2033379fabebc7165a219d6092ad9bbadc77f4c7528be78963ca0b
1JGP_D,2001-07-20,74,e5714c80662b48f28cdbbbb6de9e4084358428b8db0825c00927e791560667b7
1JID_B,2001-10-19,29,839933b9a2e6bd7cbe03d76a86d9d0d71d7e118d1fda7a0656c8fb98f42a0afc
1JO7_A,2001-09-19,31,699bd9b78cef5418002096c41d28732b18994aa1ce2805ce442b39ed1b7aae26
1JP0_A,2002-05-01,21,6bf8072e8a5f98800427912c588bf7c1880d45304bee97b470c40fb046f27c3f
1JTJ_A,2002-12-11,23,315b8f9d2d1913420168211f29b64a918f2e7d4510f327183f1c2c756223cef3
1JTW_A,2001-12-12,16,9191150a6a5c57ac3e320ca6141eee91ac269f231fa6bed00c7bf0c19c65ad6e
1JU7_A,2002-03-20,28,d9d09e680eb0b0b76ea8df4325e7ebdd47852655501a6a6ab5906e5af1923935
1JUR_A,2002-01-16,22,186e9b04cda34d853eb6b316b94cd3df6adc07b0596434792709b06b14047201
1JZC_A,2003-10-07,13,4f81aa0e232ac0f364c8ad3e225703e09b2eb4ccc01737d2c064923187123b85
1K01_A,2001-10-26,2774,110b020c5ff463e1a0dbb363cb6b363fddd6966c88ead5ded01720819b0381a4
1K2G_A,2002-05-08,22,9e286a27108ccb9c0fb9404d6e4faaffc5757378d0ba5f710da4d9141fadc43e
1K4A_A,2001-12-19,14,63fd7d858343f251089024a5fe64b7821a8826c1fdf0b6277af00ea9c234bd9c
1K4B_A,2001-12-19,14,0fc86745cee61935602391e286349981ee20c2794e7c3b7250f7f1f3ebcfaa8f
1K5I_A,2001-10-17,23,6218652259c88ed7bf7b91360be1262936e48218d4b553dc91c8ae691cdb0a3a
1K6G_A,2001-12-19,22,dbd8d994c8635e18c6f49c98880a042d0cf66e7ca81be3b344bcdfc68da2db33
1K6H_A,2001-12-19,22,f205820448be858ecfbf1b9ee747d2476f13dbe5eaf98edb780c753081602146
1K8W_B,2001-12-31,22,ecd400e07d65f561767320689156c744b8b698349668150dc5e57bf5fd7dfcff
1K9W_C,2001-11-30,23,58c4b1cdd14d1ddb334bfd49603d376c755cd7fc17df12cf8c0a3decc07e0098
1KAJ_A,1996-07-11,32,695c665c06392992c3eefcae81e20a2ed60ad439da426a1d99a300215084cc74
1KH6_A,2002-04-26,53,3bd1e20971d1c445a839e5b676d8ba0ffdd6a87780ce17afe3f696f67e2c0b4b
1KIS_A,1997-10-15,16,d9121649f14a8177cbcaf0b749d5a6e2c5205df74a9846771f60ea77f421417e
1KIS_B,1997-10-15,16,930b1f20f5cf03dc9323b5b15f265119c99fb7e382387a6fc4b2e8b970111765
1KKS_A,2002-03-13,24,e34803070bfa34de32b9b21434bb64c5a8cf78315b380f2e3d2880348da53be4
1KOG_N,2002-04-26,37,a2d970ffee7e336311c9b1c657d4385bd2c8855cb15bc29137f401d92f3befc6
1KOS_A,1999-10-22,17,b02b289d17aa831d7e1b8cd3cfd77a92a068b16d24dce64bff78f28527535e4e
1KP7_A,2002-04-10,30,1558041e4826eede246bcf622509da9adecb3f0161ec85e15d2a7fe4201bb5ca
1KPD_A,1997-04-01,32,ce20212754a91d21e134e5d8506bf94f0d51feeec1e6d35f6f2612dbcf1c58b5
1KPY_A,2002-01-11,33,f878a3d1e81db502fd9e782ba5889e8e6ffe2523cb07c8f143a46503a1f2e72a
1KXK_A,2002-03-22,70,01754b7b064fe5e23932dcc2108e46fee6d76ed9281f5779de9766d9d6404940
1L1C_C,2002-03-27,29,75f7b772c463bfe782aa83adc8ad5c45b3167f20a1ab50e84bc8e0a6aba214ec
1L1W_A,2002-05-22,29,655fa93805943fd97e2328e5fc6f47ae575b214f749690d227276251f30fdc91
1L3D_A,2002-03-22,28,144698bb56246ab0d67b5798c4d96d3f3596af0625c2bd1abbf0d539ab244296
1L8V_A,2002-08-23,157,18b391fa65cdbcc8f23ba2ccfe5c0e0b654208d10a6f84c98578c64ed03c503c
1L9A_B,2002-06-28,128,c08d00617f93b59e01036388f937b2d16387d44bf1b3234642ca18515365376c
1LNG_B,2002-06-07,97,5e92b90eeaa3c2f3ef079bf6a8702d7f196a1992dbb17d92585b053a8c0c3ffd
1LU3_A,2002-06-26,17,7c32e95c7d0365849287c2f6275c29e53eab2b58521ab505bd2f7316baedacae
1LUU_A,2003-09-09,17,ed2b6d32f7e816104cbb6d58109a0323a976e05c7a6e02764ea6c2288b6e29fc
1LUX_A,2003-09-09,17,ed2b6d32f7e816104cbb6d58109a0323a976e05c7a6e02764ea6c2288b6e29fc
1LVJ_A,2002-12-11,31,cd5105e94f2bdc81c986eccc5b29fa09f39c585c812482413a48d6f9ffe2486c
1M5K_E,2002-08-02,92,60e177bae09dca904356fe44a5f2c12b338ed814bb39f44b97fc274a555d1135
1M5L_A,2002-09-18,38,d3ca3e55d4de46109dfe650c628dca660fe9fbbc9fb841dd26b8f010b25daf3b
1M5P_E,2002-10-12,92,60e177bae09dca904356fe44a5f2c12b338ed814bb39f44b97fc274a555d1135
1M82_A,2003-06-03,25,a4ed69ec978048d650885f8bbc06da6d967a9bfb8c9eb8e3e400f340ccc4f315
1M8Y_D,2002-09-25,10,a641dc832a5330a5813f2541bfb4812750ae3cbb415efe25835e798580e961a7
1MFJ_A,2002-11-06,20,80ed9731b074fc30824fdfce0fa50fd04acf2a2a52eb5a17dd88883be5f01c70
1MFK_A,2002-11-13,23,c170b2174fcc1c1080a70537b3c70bd226bd2c59a559d1f2fee142a57836b697
1MFY_A,2002-09-18,31,a159e244394b2f85c86a5434473a0be10bd78dc35a87bbe4ac1c98f81d3f3235
1MJI_D,2003-01-21,34,4e67cd35f94432db5b75f664e7bc566ea11f305212ada20b140f985afb188d85
1MME_D,1996-02-06,25,dc1f27ba554c277210dc9bb0a3eae03c609e3c6492f733273b3b382043edd07a
1MNX_A,2003-01-14,42,c16b53d912a4f73e6603e4591fbe6de3f4b184a535ea3169789011a4d306a580
1MSY_A,2003-02-25,27,67e651962acc5a2e06e3ad0d6f4913fd9b610a4142548a8e5578c8a63f4a607a
1MT4_A,2003-01-14,24,41f48d00b5a6d550be40aaab6af1b4e4fd1e0b757b42c0f914a3d7be42662aa9
1MY9_B,2003-10-07,14,876c70f686aab516d3f6506cb40db708999f106177aa84dfb2892bb111aebaa7
1MZP_B,2003-01-21,55,ff9b80bb8a917df22f977af394217e3ef36b16b2e6c382b224adf54df4b518d3
1N32_Y,2002-11-29,17,731d40535226bffced6a9e27815864850f5a08070161758cc4e526aa39d48e25
1N33_Y,2002-11-29,17,89f202de05e47e6d0e868c78064465bbfe34a9b8d431985f19b7d622f7acc89c
1N34_A,2002-11-29,1513,f08ed8540caf901dbe8b4046650f54fb19b8d602f5c2cd031655a8ee0c8d94c5
1N53_A,2003-04-29,16,2424d2f208efd3b53f126c646fba7541ac2e6757e8c60b31c6d45eb146e8952c
1N66_A,2003-08-19,22,ed1436aa839d16123dab1c8c0e175295f302b8997b734aff9b8a7d1203479b1b
1N8X_A,2003-04-08,36,c5f98782da7d47952d44982cd95e663cbe2eb66732c1d8bd397881c5a8363278
1NA2_A,2003-01-21,30,54dca14ddef6b571997bc1105915b5ade90d66b3085e22cdbca7461b38038059
1NBK_A,2003-12-03,34,73a71a1b0044852234a8be155cef7a13de3626cfc1768ed515dd3e46b879c8a9
1NBR_A,2003-03-04,29,27a22b896afad950ef14e5c3884f09b8d6ba68e0a19906d3b36553080cd5e6ee
1NBS_A,2003-02-18,155,c35eacd719d1427a0026b91d2ab9a44489e20cd0769855b47cd4f578034a3d3f
1NBS_B,2003-02-18,155,c35eacd719d1427a0026b91d2ab9a44489e20cd0769855b47cd4f578034a3d3f
1NC0_A,2003-02-25,24,a91fe1a2b4dfc64a7811f0b34c4532277e5dca2064237a7a623c95c4dbff4a58
1NEM_A,1999-08-31,23,c19a887bb472e49b19e361391f042f89d0633790936c7f74438a54bed8dd5a1d
1NJM_5,2003-02-11,35,d357a9b57907ba78248d08622e4c9afb4398aa45d5e9db62086eb08dd3437a32
1NTA_A,2003-05-13,22,775fa2195f8471fb62d6526162a97e0e7b2fc7f82240b9e458d97843a0f661ab
1NTA_B,2003-05-13,18,20611477dd6ef9c8c41d0fce2b770228974e6ad109106fb7392d64bedf2db294
1NYB_B,2003-06-24,24,65df180c859b8107ade3d8261ef495647d57060578a4bffe6433fa3cc12d5e72
1NYI_B,2004-02-24,24,c0799ec4c2147ac8dbc1b845741e5ec47e5c50e8fbf78466ff176ea9c8415851
1NZ1_A,2003-05-13,24,291b8161a6920c48f9fe1afcc744b13729a08a2659eda9c9af97156ff09409fc
1O15_A,2003-02-18,33,a46732703b3efe46f02790e0c2ff26fefafd27ab2e14aedf50e10a57c1a25696
1OB2_B,2004-05-27,63,d4653089dea547c492359414b34c60152061343d52e1ec0c7c7e3f3e15f4acd9
1OB5_F,2005-10-13,62,1673ef58d211b9f03733c60eaf32e5171dd7997cf1ec998422a1128ca903fb01
1OND_0,2003-04-15,2765,02fb1ff381993fcc0c4262d2a32202abb7706f72fda7f0a32387d00ee34437b1
1OOA_D,2003-07-22,29,278c4841aadb79f4482e6ee8ef485dfadef90729402a4cf6d62f6bec21c4e405
1OQ0_A,2003-05-13,15,9b6856e61265f29df27ee3ac6a6338e676eded17048bfd4b9dea31be199009ae
1OSW_A,2003-05-20,23,c97314fb065bd5eb3d67a1e98c7d9d0f51ce5821edf370fc8ae8d7c439be7381
1OTC_D,1999-04-12,12,13b3eb052a83bda111856c5f6875900c956f3e7627ce9bd7eef999734062ecf7
1OW9_A,2003-05-20,23,990f2d560214dd3e2c494004ed23fadb0f4eaba5f4011bab28e0125d0a16fe64
1OZ8_A,2004-04-08,24,ad8d7dfb27d51c57392308973cad60a93bde6e6c685c07d57fa5c2690ae26378
1P5M_A,2003-11-04,55,1d2bcbceaeea581dae85abc4cddbcb581f541eac967ed045209ab8e3bb08d4c8
1P5N_A,2003-11-04,34,38e238585ad0504fcf48cd6fcfc1ce97dedf52e58d23d2517e3400f49e8e3c96
1P5P_A,2003-11-04,77,4d91ab7aaa2d22e8ad746be3dc974822c4315cc66ac12b926b3c806102670a66
1P6V_B,2003-08-12,68,752394f2e012697d59ddcf3bf71e4f72b0613ac91ae5dae49064fe78beb452a0
1P6V_D,2003-08-12,68,752394f2e012697d59ddcf3bf71e4f72b0613ac91ae5dae49064fe78beb452a0
1P9X_0,2003-08-05,2738,f83fe2446ead043fbb2e1a94e125761d75d765de133b28a633df18d60784042a
1PA6_D,2003-06-10,12,c2d248e8ca56b60bd5c1c2f887b9b38fa47a9e17259c258a1da40cb798d2bdad
1PH1_D,2003-06-17,13,b3a83922f34f1c30774476f78bea68f984a1de6393b581fe391946e6faa10b08
1PH3_D,2003-06-17,12,bee90140ac78982c855624bb59f5185ab67bea185214d66badff371273401a72
1PH4_D,2003-06-17,12,ea71317410d1c3f476aa4cc866f8d288f0c5a4d843e0a72758e767b341e72712
1PH6_D,2003-06-17,11,cc9a22c52c5be3410f0e28448e0a265aa4c67ec208eb007beed69f4d04a80656
1PH7_D,2003-06-17,10,4127184bdb058bdc25b43aff749058f6447dea23b157279de659b61b14a8e8f1
1PH8_D,2003-06-17,11,ea72c10df331b16ae70d28f8de70ac4c6e591a6a86df34c433d8d297be23451c
1PH9_D,2003-06-17,11,6b27d5f00e5a289b1e76e7afc208f4a8690531e509a73a0361e70c47ad18ffb9
1PHJ_D,2003-06-17,11,a2055f30897273bd9b5d040affe052b8337f6d2bc6e529fc47a8c8e8f22772da
1PJY_A,2003-08-05,22,8dfe0b749fca6da4607650b8a539d6aa9033a3989e6c27617babeee5bc0efec4
1Q2R_E,2003-09-09,20,a2fddf9118e1f4e092c40fe0aea79109d082ac1dbcd050476c28390770785564
1Q2S_E,2003-09-09,19,a3818c1c1b2ba141f509d229f1109b57d67907184b4795d1cb5678bc03d95e14
1Q75_A,2003-12-23,15,3b6da834e1b6a50e6579323cba25543b9d0bb1f0dbd8faf887cd7c2b795a1437
1Q7Y_A,2003-10-07,2754,1be4decef2ff27b601f95f42adf14f263c474f510355441eccded7724610156f
1Q8N_A,2004-03-23,38,c67ca09a644d991f4a901efe5479d8c5148e0a2089a7ddec1e11bdbbdb0b6258
1Q93_C,2003-11-25,27,6e8a0ec9624a2874553c19ffc6e71fdca28d5c0032244f2485c71b3bcf636424
1Q96_C,2003-11-25,27,510db062463ef010d16784df38681a8e9cdbd98ca58f2f71c2a29b3403ea42b1
1QA6_D,1999-05-25,58,23b2537cfb779a8ecbca46ecb0bc3e4185a9c4d268813c295c1bd784b9959745
1QD3_A,2000-07-12,29,ab4885a8194d3d9afc9ffc032c1b09f16322031c32aa27a9277c5205137f871b
1QF6_B,1999-05-06,76,d68ea1b372217c9909c2c8dc0681c7c2aaa842cb9f8e102c4a5efa86cfbb03bb
1QFQ_A,1999-04-20,15,7953ff7450cb560866fda350acbd2def5c5aab065632a594157c2ea212a4377b
1QU3_T,1999-08-31,75,6b1f4bc0426d5e9517e57e698b7c1e6e81314fea99726c948adc59c2d8c1a0ee
1QVF_3,2003-11-11,12,f520464b891eb43c3c0588366c18f38a91846094871bbe5149cc72a0087238ff
1QWB_A,2003-11-25,26,cb5be543f0698b8a87d31c0dba4d4be540c913eb8005749acefcc3333e8c87cf
1QZW_H,2003-11-18,47,757b33b7918880b3a2f082d19ccfda923e94b3e5b97ef7252bf49c6fa759a2b4
1R2P_A,2004-02-03,34,4789ed8d7ac802d988e4b26e82d1cb56ce676c163c9e7dce7eb16b1c5ec5b324
1R3E_C,2003-11-04,17,b02b289d17aa831d7e1b8cd3cfd77a92a068b16d24dce64bff78f28527535e4e
1R3E_D,2003-11-04,17,b02b289d17aa831d7e1b8cd3cfd77a92a068b16d24dce64bff78f28527535e4e
1R4H_A,2004-10-19,10,7887d667ae93559b06f383254701055a68e966fd99bb35af6c1a9880940f208a
1R7W_A,2004-05-25,34,b586ab753369d3789c44269c516da65913f7c54ba8334c506aed4cdac711b932
1R7Z_A,2004-05-25,34,596ff8aa596eae45bf8e75da4fc6505e83910c4ba56c198f8a44bf707186ea2e
1RAW_A,1997-01-27,36,3d0eded6068ca020c42fc8dc571a6607a136f458a63bbe66a5d80090e8a3bad0
1RFR_A,2004-03-23,30,4e178a82602f8c6893c6673d96cc41bc50703c7ff4f9906d023e05a4644ccf54
1RHT_A,1995-06-03,24,5ca76db3035e308a6febaa054c78c3d215577a7eeb6b9d5478dc41e3d23a0a06
1RKJ_B,2004-04-27,21,c4fe77a61bbbad94620918e7d6d42d9dd091bdba452232447613ae78e39d5171
1RLG_D,2004-06-01,25,bb4d51dad3faa56b1ae30ed692a879db2fc499a054bd7cb67a3d84ead21f80fd
1RMN_A,1995-01-26,49,415fa461bd67e2fc9ffe3f763e85a22eb53916839997ddc7b2b243df2273dbc4
1RNG_A,1995-12-07,12,94c565cbe400e18ab76c2052f3709e4106c3bf888831d5e29c43844b87cfcf1e
1RNK_A,1995-02-27,34,215a17f3c5b179ea9b28d018a5547039a2c98b7ec85054eaafa08f6f0b31b415
1ROQ_A,2004-05-18,14,3fd70cb11f213d7b38c982d8ea4dd984c59b32cd53495d56dc5b311a2bb9e956
1RY1_R,2004-04-20,12,51e03add270fe2ea2a405724214d90251535ba4fcf5b812affae7b1faec8b87f
1S03_A,2004-05-25,47,22dbfa6ba3b900139a9e4cac0cf32f847f3a9ce2c7822fbf376f72717449d436
1S2F_A,2004-08-31,23,a8adb72355c6ac452873f9e9208149325bc0626af87a55bc1419a8ff7e2039c7
1S9S_A,2004-04-06,101,44dd1724f5e565910b00547e4b4c3a57fbd5c23ff2cb1f2ce8cb3e127cd967e3
1SCL_A,1995-01-26,29,adc5e0ee2c05f122192b1d21d988908aad3a7d468a901517a8fcd6701e165843
1SER_T,1994-04-30,94,5a7dd0370aa0c8e9e7e582c760a937706b648246ee2179490f01f84126ab9586
1SLP_A,1997-04-21,19,a60993b54e7f8598166664325a0f898b3aa25ed91db9743d12c97dd534edd8de
1SY4_A,2004-04-06,24,291b8161a6920c48f9fe1afcc744b13729a08a2659eda9c9af97156ff09409fc
1SZY_A,2004-04-20,21,0644a2bdf9e6d74b6e017e4c5787f2ffae65334a1064e1ce2f9ec728f090d039
1T0K_D,2004-07-20,16,a5815339f9bb8f5cbcadf530ab3e30d03dfacb305c47fa044f8cf14444c0c183
1T28_A,2004-08-10,34,31b74e961af304a76bfae499e50ed4c695040d9b80fc8f3eacb82b6468bbcbf4
1TJZ_A,2004-09-28,22,6ecd3d51982889586cf59124a6eb44fc41cb779af26e991a9f3da1038d2a5ca6
1TLR_A,1997-11-12,23,3cd00990c1ee14e2707975c23b74d83a1f168cf38202ed39113e792016660ea4
1TOB_A,1997-06-16,27,a8099f28c595ab0b94319026526a1b5af852aade843356067b494f5a55d9663b
1TXS_A,2004-10-05,38,9b91c882b965a2f227f53008fbf7a24e0a424b30afa33a0e91bb752aff285520
1U0B_A,2004-11-23,74,7ea1d910e49d8f55f4c97f563ea2a79dc436a400ec1a4df3ad8618f94a388cd4
1U1Y_R,2004-12-07,17,77c12d31e5d1a012b833890bf8a0ed993ec5c9a8ced0c0a6d57f616b3459877d
1U1Y_S,2004-12-07,17,77c12d31e5d1a012b833890bf8a0ed993ec5c9a8ced0c0a6d57f616b3459877d
1U2A_A,1998-03-04,20,9e9b6ae00d5380ab7489f0d0482acbf83e668094987bdd9b6766ab97e2b71932
1U3K_A,2005-07-12,38,d276b4f122c80d118deedc0b52181f28be5dd1f4ebff5ac0411ffb400abce660
1U63_B,2005-04-12,49,66898f13fbec910e9a7b6f226e2cdc425a310672aa2281a1f28551be801cde20
1U6P_B,2004-11-02,101,44dd1724f5e565910b00547e4b4c3a57fbd5c23ff2cb1f2ce8cb3e127cd967e3
1U9S_A,2004-10-26,161,093cb139d7deb3f66249705f0df0b97540433ba4111b5e897b0d38eb55fd7e7c
1ULL_A,1997-08-20,35,5c3e0473daafe6e1d32da99a809992c34116f81dd4633c2dd8ab8615bf071a47
1UN6_E,2003-11-20,61,8b1d2f0ff960be1afe45347cb71a3dbd876d43a71aed3e3bbff0b370c7e3e88b
1URN_Q,1996-03-08,21,83a32135ca0469dffc0e7dea82b34bc39bfa1848d1501bcac915a81648256e66
1URN_R,1996-03-08,21,83a32135ca0469dffc0e7dea82b34bc39bfa1848d1501bcac915a81648256e66
1UUU_A,1998-02-25,19,033e5d10080c540be8a179cbe7ddd7b9c256232a199b573ccae2ec93ed679156
1VC5_B,2004-05-18,76,f73ab603e549164a27f56854b77ad5e9b11b290e23a678c6b1f6488f865853fe
1VC6_B,2004-05-18,76,3f21a46fdf562b8fde038320c3cadb5c8a87f19c08e2550ffaac7adc2a9a3c7a
1VFG_C,2004-08-10,31,6512a16e51eca4c1d4ea114cd540c4b4eab1c3058a1739a5f489b834d38c8536
1VFG_D,2004-08-10,34,c834b5c0142019c18058e8705faf3fcbd6738c3fa72fec5a816d40ca46832af3
1VQ9_0,2005-11-29,2749,b4b32345774f2e1fd5ba16460bade8884b63d476c3d17b7b63d33db4699196de
1VVJ_XA,2014-08-06,1501,4997403ae1925f3553323ef4dff38b42e3f7364587e2743880a3f98274abc960
1VY6_AA,2014-08-20,1498,2c859373c81456196308807db891ecd0c0d7523582f803891abcad68d7cc3e42
1WKS_A,2004-06-22,17,f16692fbc3f2341735992f72872a1f2ee9947da8c9b8f38ee5196b930ee95b16
1WSU_F,2005-01-25,23,d7c16c2dd0023790118c70042b64da1068fe949307ed13c186aa9592ef053e3c
1WSU_G,2005-01-25,23,d7c16c2dd0023790118c70042b64da1068fe949307ed13c186aa9592ef053e3c
1WTS_A,1999-01-27,14,8041db8a4039a7d54c0bbf23f9fd73b8eee038834d572e93ebf68e34b3aeff85
1WZ2_D,2005-09-06,88,4ccdb37e7d835ed4c9c80b085ebcaf36f53c3911829429ebc475b54e2c602487
1X8W_B,2004-11-09,247,d008c52ac9e9986715cf7d0bc6c61af56e7f9d101a78291aacffb97ec7ee2410
1X8W_C,2004-11-09,237,d15b386356f5fc4fe9f4122d919353c9d3864396ec91bded7b55cc7e010c32f3
1X8W_D,2004-11-09,247,d008c52ac9e9986715cf7d0bc6c61af56e7f9d101a78291aacffb97ec7ee2410
1XHP_A,2004-11-23,32,08664f8996ae82f72eac8bffb93e6d3b98463a07c8e02c275ccc1b4b878c3d33
1XJR_A,2005-02-01,47,dad5967d5d2a32f25f85278ec62bbaf1237f6395136dbba4a762852ce8102449
1XMQ_X,2004-12-14,11,c9a82906b587d2a43fca351648d8f6c49aa88c032fe2225ff213f1b5d0c78064
1XNQ_X,2004-12-14,11,18dc7fe7388fc82bea539ec087eeb0ea2ef6b6618046f5186be65104c70c3da6
1XOK_A,2005-01-04,30,f272653b85bfc6bdbfc9ebe44248e0dfb2cabe8690bc7e974bdcd64bbdabb9ee
1XP7_B,2005-10-18,23,e76f2749335f10c04db0879400760981d601123c644cdbed91b68b4776a1b98d
1XPF_A,2005-10-18,23,a93538b60543481f60ddadfa9ac952f33e62dba5621f3bb9d3cf5545b8a895e3
1XSG_A,2004-12-28,27,db42f4f9649322ecc8f42aa418f1fd7e44496532d1cc4ab12a077adfcc15ba9e
1XSH_A,2004-12-28,27,30e0743a03433a143c5e1ec4725aff5fa8a9900929598e7b96e9e3f8dfa2b7ae
1XWP_A,2005-02-15,15,66ebd34df0045b48038c68f610bbd1b0895d183e4e10df5ff69c1d35296471eb
1XWU_A,2005-02-15,16,d5fe058ac1dc3826e927c21ab1b9877e6bd6ca38f60419a45b8d16fe34f73b98
1Y0Q_A,2004-12-21,229,924897811879a307da9779fbf98c533d1d1a93f993cd78f1100791b6298d3170
1Y26_X,2004-12-28,71,7c23ca9b626f155fbd83d011d719e4d18a1979a3aa059f9196bf13032595155b
1Y27_X,2004-12-28,68,243e3d56deba9600c8c0bbe5d06b7a132c492e3a23723ddd152677d191d18da8
1Y39_D,2005-03-22,58,180cf0a20b8187428b03bd3f146e291f0eb5c94ee4bfb747a1131e35ea2fda48
1YG3_A,2005-12-13,28,5e40dc03cf55e16ee827e65eeaf95fe877a03d1d198e75eca2523da53bfbc67d
1YHQ_0,2005-04-26,2749,264dd2446f361445ed4f7f5208a948bb08524ef20ca9d9e3f13e663ff6e2e75e
1YKV_D,2005-02-22,38,345144f3f251f96f1d02ad908d61a4818bfdb6d8b71eeb6746bfc1b497b4a294
1YLS_D,2005-02-22,38,89dc880855627c641a09b3e4a0acc24fff0c4e14224d5109947e0770abc3b8d7
1YN2_A,2006-01-24,17,6b0451cc24f204c2149338f4bedb7a5f82ecece0ecceac91fe8447ca9124c227
1YNC_A,2005-02-08,31,2a62b78f86cfd842877cda48d49933ced473025bd3a833bbf14fd93a8991c8c4
1YNG_A,2005-02-08,31,a1b4adac9bdb5a6bef848f3be65d1b5cd55302dacb85327596df4ae7ebbd2cd5
1YSH_A,2005-07-05,28,0542e904aa84e09d26051b1ec4c2c17be80467283d0a798da7c56f3d8a160b1b
1YSH_B,2005-07-05,101,b77d42d68617fb5059c2d46a79e06487f65ba4f9e53dc1d11e9491e40fe7aa2c
1YSH_F,2005-07-05,34,8631174766d76b9af573a578b5506e09e57cf43cc07fc43332777eafe33f7774
1YSV_A,2005-07-19,27,c565645556b80605a8b54f89e4195f391deaaeebb2254c3a9782765d0ae69286
1YTB_C,1995-01-26,29,2ec787e70c0ccd4f7d880184d8fb1d36a42e52cc60b8335cece432fa461bd2f8
1Z30_A,2005-04-26,18,83140fcbcbd4309770c6ed27f4e524238ad912b5e5e09dfc0d2fa5ee9906e831
1Z31_A,2005-03-22,32,b7c41ce6ec066035c625f04b7775ecf783f3ab68501ddc05950e4c2416f81773
1Z43_A,2005-06-14,101,df491f1c7426be0101c009b11478464a44d2e479a50a990c57a9b203d963dc7b
1ZBH_E,2006-09-26,20,1cfbb6b4cfccf1e2e34bb6e4d8245f437deb670a1994057701302a591933d59e
1ZC5_A,2005-06-07,41,da990be39059ec1c484325bf7233785f46f8f6e06c4b35a59cdee1d1280ac57a
1ZDH_R,1997-04-21,19,0c2f11deb0385de29068674477757f83bf536b0d0285ec2867b37fa7b20ea4f3
1ZDI_S,1997-04-21,19,a66186c05d783df9ef242183e76e8874f1d519a07db5074bc4a13cee02139ab1
1ZDK_S,1998-12-07,19,0c2f11deb0385de29068674477757f83bf536b0d0285ec2867b37fa7b20ea4f3
1ZE2_C,2005-04-26,22,e5ef9be78c0fd4aa43a900ded1ba64bfce6d9bccb2a96e03cb849aa8ef26702a
1ZHO_F,2006-05-09,38,a00c9cf09852ff4cc0bca44fe23282a205fd3c3a5b57b6e7f06e8eac0f432008
1ZIF_A,1997-03-12,12,aa2221b6ec03138d018182003266527a39b0804eefe2d4938e8045b266d74bf6
1ZIG_A,1997-03-12,12,6acdd8b4a0e86986c1254fefd49d230642185a3b0f9d2be1a7f167a21d499734
1ZIH_A,1997-03-12,12,3d2bbefc3e6b5641252ce83725dc190022a6677f66f5d9ad384325da76f4bc54
1ZSE_R,2006-05-09,20,504b911adb1d3391bc8abfcc3508e3b152f1abd4dbd5846740977bd9c703ae1a
229D_A,1995-12-07,12,c74f5c223d566554b1a2fbdc69288e1b6fca1c92dd86f616fa44af1be35e4c6a
28SP_A,1999-04-12,28,d985a65f11fe7ccf80ef8dd1166057a1dbb83944d4faceda9b30a888963fef9c
2A2E_A,2005-09-06,338,09e9d02b836fabd49f7ddf92b55bcfa7e1e2144b5cfb2a7bbd11cb343f53d081
2A43_A,2005-09-27,26,baee1ededc97bfe7ee2f16c5f259eb6dfaeea50f103368011fdaec7f6526075b
2A64_A,2005-09-20,417,797c801250f75755a6125f914f0833bc757e8d95ebdcecd7448808f3a198eba9
2A6O_D,2005-10-25,22,7792d382f9cd23259fae3d7ef76166bfe0f7dcade2146237e97b30f103ab76f3
2A9X_2,2005-11-01,28,bf5ce89b8b83f3b54f07d1d368adc57e3f40b2b95786fd33fac43ca3826bfd97
2AB4_B,2005-12-13,20,8563833b9cdd9b8242bcaa560cee8f938920a0390cf4c8730de71055bac5dcbe
2AC0_E,2006-07-11,12,7d933a91a68e27a910e508f693753cb2bf5ac4e00889ae080df42e7329aec1bc
2AHT_A,2006-10-17,27,775d70bcc0acaf681f93254f56d4449c27b6fe6b2eb8ef11d5ad559a6080cb0b
2AKE_B,2006-07-11,72,69f439aee98e0336fc9a7811006b53fe65d1e62a7c0c0af4fcf8b008e07e3671
2ANN_B,2006-10-24,25,61b7b47cc4f611a249e04107c704be90f0c09eb59fac215e67d955ca1b4aafea
2ANR_B,2006-10-24,24,2db4217db03091cf5f2a10b0f11411294227400a21b17f02a9406b2915cc77b8
2AP0_A,2006-09-05,28,c1d04502559524a310faa61c5252cf583a04ffef95d073ef02e9ad802a8dd637
2AU4_A,2006-03-28,41,da47655c65cfcaf04b3e89f5379a8ea7b3bb9388eadde44b53384054ab8da63e
2AWQ_A,2006-01-17,17,193f3a4d2cecad23d21862f9bde85e7cc903ee65b6c79fecdff559dbde1b912b
2B2E_S,2006-05-09,19,a66186c05d783df9ef242183e76e8874f1d519a07db5074bc4a13cee02139ab1
2B2G_R,2006-05-09,19,a66186c05d783df9ef242183e76e8874f1d519a07db5074bc4a13cee02139ab1
2B3J_E,2006-01-24,16,33ba8a64662ff8aef5a2a250d60db4550efa44908d8c73bbb4a6f79c6d7ae1e9
2B3J_H,2006-01-24,16,33ba8a64662ff8aef5a2a250d60db4550efa44908d8c73bbb4a6f79c6d7ae1e9
2B63_R,2005-12-06,31,177b825690bcfc68f212b92a457bc3bb1b64f5d526d1ffc4c465d575a09d7e23
2B6G_B,2006-01-24,19,c56662aa8c4bd19788914469ebb9fe95d80ddd497a52b6f4fbae3fea4818eea2
2B8R_B,2005-10-25,23,5e26c1057669e59d7c6d99e8a985bb712e435e7c6de371ad61d5bab6ab82e461
2BH2_C,2005-03-30,29,26ea75a69b10c39231385c3760336af0d18438c6508fef3baa5f5a65a6858eb6
2BJ2_A,1999-02-02,21,680cd13f14aa15969f7e433e9221946688a75a2a5bddf98e04db55147b6dec30
2BJ2_B,1999-02-02,19,cbc4d36be46b9bf42d39b2edbbc9ef81c20c528f6cacfacb2b5b31956768e8aa
2BNY_R,2006-03-22,19,a66186c05d783df9ef242183e76e8874f1d519a07db5074bc4a13cee02139ab1
2BQ5_R,2006-03-22,19,a66186c05d783df9ef242183e76e8874f1d519a07db5074bc4a13cee02139ab1
2BQ5_S,2006-03-22,19,a66186c05d783df9ef242183e76e8874f1d519a07db5074bc4a13cee02139ab1
2BS0_R,2006-03-22,20,f1881e7019341bca6e76c50b0ef7488899ffefdbd53aa01b7a8e27f60e828a28
2BS1_S,2006-03-22,20,504b911adb1d3391bc8abfcc3508e3b152f1abd4dbd5846740977bd9c703ae1a
2BYT_B,2005-09-15,83,bba9b40fcd363ca4509ce2c0791b2702903ad48275b3f379f80693a041a1aec4
2C0B_R,2005-10-14,13,28fe65e737d054413738c846bea50d332b6c0166279e6558022450baa98e5736
2C4R_R,2005-10-25,10,d905c47c1d73362477c25da89e8012f06567cc4b78512f32b2357659757752a8
2C4Y_R,2006-01-05,19,a66186c05d783df9ef242183e76e8874f1d519a07db5074bc4a13cee02139ab1
2C4Y_S,2006-01-05,19,a66186c05d783df9ef242183e76e8874f1d519a07db5074bc4a13cee02139ab1
2C4Z_R,2006-01-05,19,a66186c05d783df9ef242183e76e8874f1d519a07db5074bc4a13cee02139ab1
2C4Z_S,2006-01-05,19,a66186c05d783df9ef242183e76e8874f1d519a07db5074bc4a13cee02139ab1
2C50_R,2006-01-05,19,83b93703fe43c086bc7003da70df3b83f5c2e77cb60c29ad3a9862eda23ef360
2C50_S,2006-01-05,19,83b93703fe43c086bc7003da70df3b83f5c2e77cb60c29ad3a9862eda23ef360
2C51_R,2006-01-05,19,24f111fa8a4692e5bd1e63befd9e56b315ec852e5345fa7a01180d9a04ae3e08
2C51_S,2006-01-05,19,24f111fa8a4692e5bd1e63befd9e56b315ec852e5345fa7a01180d9a04ae3e08
2CSX_C,2005-09-20,75,ac3dcf7f52c7d7025e0a6bbdb054a7521a2bb20959eae3a5716df55c2624c474
2CT8_C,2005-09-20,74,c499483d3a26d4470f1333863ea51edab9f4674bb1c2bd2db63ea3c7e6615527
2CZJ_B,2006-10-31,63,20aec94e46f7056518150c909bebd08c0fc4b6ac40a6221bb47e61977bf23c24
2D19_B,2005-11-01,17,bb14d6c8aa09ebc1fd2fce21fa34735f2f334e835e29fed62b46ade45c8d6523
2D1B_B,2005-11-01,39,d6c0c16efff44cdbf5729ec22b4b610380279b6f0e3db25bc63f512706de3f08
2D2K_D,2005-11-01,19,4fb488ec665798c7ae270a92053a25f01263a4f6aae3212a412e3447e0d93107
2D3O_0,2005-12-06,2802,2daf28308d4c90c238b3ed3354b7a36d93a35ad297a00ea55fc5f253101aee88
2D6F_E,2006-07-11,74,fd06b6f6f18c2979da571b6f76e4732d831c1ef604f462e68fec988d506dbcb3
2D6F_F,2006-07-11,74,fd06b6f6f18c2979da571b6f76e4732d831c1ef604f462e68fec988d506dbcb3
2DER_C,2006-08-15,76,fe0c4ffc0c0d1c06c8c460d594a52233bdfa77293de33bca6ca03f7f8b045c08
2DER_D,2006-08-15,76,fe0c4ffc0c0d1c06c8c460d594a52233bdfa77293de33bca6ca03f7f8b045c08
2DET_C,2006-08-15,76,fe0c4ffc0c0d1c06c8c460d594a52233bdfa77293de33bca6ca03f7f8b045c08
2DLC_Y,2007-06-12,76,c62590380dcc4b3492c8aff0d2115ae2767212e091da994a7b6081ee2c211ec2
2DR2_B,2006-07-11,75,1a7566dc058c59bd52d040a866358d808841c52a29364dbfda289af6e112da48
2DR5_B,2006-10-31,32,eb706d40f0898d74bde44da95c52d0df33612738b4d55cbd6d89d525bb0c8946
2DR7_B,2006-11-14,33,eca783a75b2187f60c635a0425fd5b813279a7c65f68914828bd2b5b215ca0a9
2DRB_B,2006-11-14,35,a56b4ae5d324033a0e132c0c3dfede17caa300261d18a7e0eac844f51871b729
2DU4_C,2007-03-13,71,d9cbd504c47f5b8f20f94e3e36deabdaa1261975fd9fbbc4d9b0b7f979a3448b
2DU5_D,2007-03-13,71,578d12971e9b6639314767241af02ad58620b658cdc5e974fd9b42df46808885
2DU6_D,2007-03-13,71,96213d5bdfd3148692e98790935090b9b9b2706fd7ccf1b20953d909362863f2
2DVI_B,2006-11-14,34,24f80d12cda3f02134dcea1fac8913e57f1670f758a103146351b916af6ab82a
2E5L_A,2007-05-15,1517,5821d7f55ad420e1933a6cacd1b2ed62ce00de94e506e8cdd2162e220a8ab5eb
2EES_A,2007-11-13,67,40e5619db5a80e272451dafeaeb2df360aa0284b65100aa2b699533733c0444b
2EET_A,2007-11-13,67,e529a8913d79b45de636e1ec1a3d58edd66b100fada886ef157cd3f58776b19d
2EEU_A,2007-11-13,67,bc4db1c0bd8aacff79a7feff7f512c917316a6296d84926f4d609598139c8982
2EEV_A,2007-11-13,67,fc4f33537e52cad320e0ab5e602e00bcf8871ce7908d51f5375f3fd4d5234807
2EEW_A,2007-11-13,67,2752f0824ebb0acaec23dbc3837be1e2738e4a5eb201f1ce75faa24df2c65e7a
2ESE_B,2006-01-24,23,4b5621e95f041ca3970730ec29c0caf0e7403f6449d78d414de52d8593ad312d
2EUY_A,2006-01-03,34,8d6fdedd19f5a35f029073fc3921535e95aeb1f802d629fcf7213ff254351446
2EVY_A,2006-08-22,14,061ea99bfe1a471d353b99891df5f742a6847a544f60d3c5da89ff9da6ab4353
2EXF_B,2007-04-24,14,c909a301f26beb9032a248885456e8350f74b69a19d90f2ea1bd796009732db6
2EZ6_C,2006-02-07,28,b24f51cba74ad9865471fc9fe573fea4f94f9df82e497a13bc2610357f1c89ef
2F4X_A,2006-02-28,24,9d29f7af02e92bdd7e94b040ecbecd39668d6421fb0d2bf028e8ae9060cc566c
2F87_A,2006-08-08,12,378926babbc505113ca522d145ff6b57372a9e6cecf680aa74b1a30f3379084b
2F88_A,2006-02-28,34,7085ef3265b484a73a72a80a307a0b731aa32faf1899cd44063fad615b2bc99a
2F8K_B,2006-01-24,16,9d38b4f16fbd12a5dd9fad6f0edc4205090a7b0161a66a86a6b0d67df7046f18
2FCZ_A,2006-05-16,23,e76f2749335f10c04db0879400760981d601123c644cdbed91b68b4776a1b98d
2FDT_A,2006-12-05,36,07aa3a4979e6ac5c98a7e7bb27bc57c7a94b3d70b34cda23f8a6785443b6d111
2FEY_A,2006-06-27,43,a1903859f9746cbbb25a03f87ac2a97645c1b9efc085d6242f3aa783b12fe63d
2FK6_R,2006-03-21,79,89ffb31315b7c9a75ecb45beb040c42b49f028ff0e179594d8be103c2ae30978
2FY1_B,2007-02-06,21,31bab49eda41941bf8bb55daebb2adb9187bcaef5b06619167cbae93565cd170
2G1G_A,2006-06-20,17,27e67a2d94a5d34358559c0a11bb5353ace01402acded9e6010a63da9f643926
2G1W_A,2006-04-11,22,0060567eb66fd850c09c9b6719dbde7f9e9f12b35b725c0f1d68256b8ee4cc73
2G9C_A,2006-11-21,67,7892d875b55547edc8377abc51ea23862c54df6325a87441a1191b8a28277ddb
2GBH_A,2006-04-11,24,324f477d0d4e3b7f7b729fbcd292eb8ca44d82a9274aa19c64ace9daf6b5eff4
2GIO_A,2006-06-20,29,d9ae9c08d394564c4f03a9fee6aa9f16f6e5d85d6ae4f9478e10ca5c3c827c16
2GIP_A,2006-06-20,28,e2d0f0228fd2741c95ad3d785ce0d536062e795dc1badffee9a854311d942721
2GIS_A,2006-07-04,94,dc4242fc9a336d0e77a307fabd02023c2aa19fe2d06e6fe4d2219868816bfc5f
2GJW_I,2006-09-12,19,b106e145d0bfafda03a205485fc3b45723d2a1148c75a791263c5dee0316cb9e
2GO5_9,2006-06-13,90,3155ab24a4b84c62751ac397acbef9bdaa69046c79d2632da73115cb9a5324a1
2GO5_A,2006-06-13,127,e2a65e59923019b94e1c5c6544e0fd4de6fc87057633e0da35cb2676e30e5761
2GRW_A,2007-03-06,22,5e42a66e3aac357608642a45b495d211b235336db0da3d23df4196400e7e4e37
2GV3_A,2006-08-08,22,7061660cf6a29896550db6dae49bf4e633cd18c9f1684101e75f2a240554c83b
2GV4_A,2007-03-20,22,067fe397a87be42e5cf5f0738a8be706cdca1a294c55cf1ea1c7e0413439bf93
2GVO_A,2007-05-08,18,3580f76e1a24310b771a09aea95c182e968de2ee9bf7cd05e6943185619b4a9a
2H0S_B,2006-09-26,125,b6c600f87b4a1be9215be908e3dd38d2b31649995801877526bd9223bb5c7df8
2H0Z_B,2006-09-26,125,b6c600f87b4a1be9215be908e3dd38d2b31649995801877526bd9223bb5c7df8
2HEM_A,2006-09-12,24,79de4a35d14dc47693a23a41cca031903e88132969219393bca2a17709856bd0
2HGH_B,2006-08-01,55,4fb46f2175581b7aede070aee773c59e5c73bf0d67341c96b54d26fd0d8f2d69
2HHH_A,2006-09-26,1505,5e5bd0354c216f040ffb6545041220980049afc0688f77a91129888c0855c073
2HNS_A,2006-10-31,22,7ead77388e953fc40d7d38a9307a9e7e538d145868e9d6680b6047a9905cca01
2HOJ_A,2006-09-19,83,79dc9078a98d9e05e7a644ce8cd19e5a54fe597adc0f6f83a7cd865a4dbfab21
2HOK_A,2006-09-19,83,79dc9078a98d9e05e7a644ce8cd19e5a54fe597adc0f6f83a7cd865a4dbfab21
2HOM_A,2006-09-19,83,79dc9078a98d9e05e7a644ce8cd19e5a54fe597adc0f6f83a7cd865a4dbfab21
2HOO_A,2006-09-19,83,79dc9078a98d9e05e7a644ce8cd19e5a54fe597adc0f6f83a7cd865a4dbfab21
2HOP_A,2006-09-19,83,79dc9078a98d9e05e7a644ce8cd19e5a54fe597adc0f6f83a7cd865a4dbfab21
2HUA_A,2007-04-17,40,65d6b9b8b9f0fc1c45b5ec93fe3be45dfd49fea47a2a77512b98ee61015bf253
2HVY_E,2006-09-12,65,6c113b9a4a9b35896bbffd26e6949230e19f83c301bd2519dde63e8032abd9a8
2HW8_B,2006-12-19,36,43be217832565c01b96be2f2fe23ce59816ce4e534857d8ec12c3898414de792
2I82_H,2006-11-21,21,993db0fe0e64076804adaebf346e9cc609f22acb56586110bb494b02ad6da52f
2I91_D,2006-10-17,15,864bbd8610a32eeed1521122b3dc17809634190b0005dff174a090a0223ba833
2I91_F,2006-10-17,15,864bbd8610a32eeed1521122b3dc17809634190b0005dff174a090a0223ba833
2IHX_B,2007-01-16,75,8986ef6dc29e679b7fb3e0d509e26052647b0ea1f2c3bba2f0ced79b0cc7e712
2IL9_A,2007-02-13,142,eddb60d34affa0ef192a6e34e414f12fcc7f3e84b483b525859f683abe1ced45
2IL9_M,2007-02-13,142,eddb60d34affa0ef192a6e34e414f12fcc7f3e84b483b525859f683abe1ced45
2IXY_A,2006-09-06,27,b2f5cee11c5f1c3bac5ac0a30aa2bbdccec7193381edbbbdafe5fb9651b2d186
2IY5_T,2006-09-06,76,04ea3a71e3b2e3276b7c926bfeb15d68c2b17826bc6c92541e4b2d990fd174af
2IZ8_R,2006-07-27,19,44431970773c80cdce3868bb2e6228cbf465eb7ea418640afbb5a62f40b46dee
2IZ8_S,2006-07-27,19,44431970773c80cdce3868bb2e6228cbf465eb7ea418640afbb5a62f40b46dee
2IZ9_S,2006-07-27,19,a66186c05d783df9ef242183e76e8874f1d519a07db5074bc4a13cee02139ab1
2IZM_R,2007-07-03,19,eab658b3ff10405be7d89b594b16719165b570b4b1c0f3b8d3a91d24322bd558
2IZN_R,2006-07-27,19,0fdd13cbd550105b5c12e9c6069bd9df615e5eec6f7987d189d166858b323cfd
2IZN_S,2006-07-27,19,0fdd13cbd550105b5c12e9c6069bd9df615e5eec6f7987d189d166858b323cfd
2J28_8,2006-11-08,74,bb8f276e1c8711cf1c5e673a5490e5cd43bab91db19dfc0badf2b7fd896f0fc3
2J37_A,2006-11-08,128,c08d00617f93b59e01036388f937b2d16387d44bf1b3234642ca18515365376c
2J37_Z,2006-11-08,280,4cb83d9acb67d0bedfa1d35c082cb6c9adb19c1962627bb715999b297d4a7ee1
2JLT_A,2009-08-18,18,1c3c384dfe64be4d39a877116ea2b40c5cdf6c72947a3f4cff9ea2b8ab00d809
2JLT_B,2009-08-18,16,671d9c4364395c2ee9b81d295e87e74104ea67887168a6e1f3262d5337d06167
2JPP_D,2007-08-21,20,2e3ab5e76eb2f800912f664d459f63de7b681578dd7ef37c4f701a4e840983c5
2JQ7_B,2007-07-03,58,38fdae0a7850e39c8977dd6be683dc8a2b9da90b0423050ab2e4a42d5cfdb1c3
2JR4_A,2007-07-24,17,9dc8d240dce37ab7814a9581f37df9f75b70773582602a89b73b907bb71732f3
2JRG_A,2007-07-24,15,2ce2227ee7a6b3bb0d9e4185d7adee63151f2dd65f06b03b95e0f8a50a5b5031
2JRQ_A,2007-07-24,16,06562223e43b11a2254852c86ef475e1c18f09fa543ff9f4f6cea0ebfd3d694b
2JSE_A,2007-11-20,22,f9aed598477c9aac11994ebbf3d8d39acc4b4328b01363769f87a6ba2ee01d4f
2JSG_A,2007-08-07,17,9dc8d240dce37ab7814a9581f37df9f75b70773582602a89b73b907bb71732f3
2JTP_A,2007-10-02,34,f376f3b67bfc6f722a552ff48f451edfb20c025e11a62869282dab050f6b595d
2JWV_A,2008-01-08,29,2b2db20d8ded1a8a584fdaced143db4bed7415379ebeb91c869de7ceda36e218
2JXV_A,2008-04-29,33,497f4ee997b99dde182a7405c1c195634b8b1f8929c2f545d45e7e05ea3b8dd1
2JYF_B,2008-10-07,43,5598cc7e04f20e555893d1d56058ffe6267d9af710076eab1f5fa39c1e290313
2JYM_A,2008-04-29,22,c820495b732395a5e8b1b64256e68421858fc300fd2dddf7c0b660d83618b3aa
2K5Z_A,2009-07-14,29,9ea440be10fbc2b2630450a8b4f58eb9d1f03cce4fad05c0c434ede216527861
2K66_A,2009-07-14,22,c28c64d79f069305927de367575bbd963ee4a5faf28bd00c6f9d6239882cd856
2K95_A,2008-11-25,48,2ee347fafa00e6bbfb6fd02111542b6619d81c6e2a818275c638d2dd1e95983b
2K96_A,2008-11-25,47,7e7ebf55066d5ea58a1e7596938bf91b61404f337815e8e6a9391b869175304a
2KBP_B,2009-03-24,12,28440b6394297d1e66cbbfea19d5b87f64593ec79a48f8372b989a70d13a2830
2KD8_A,2010-01-19,22,72067c26e1a026a45aaa85ce7073db8e2e108924c256061b49d2753f040f54d9
2KE6_A,2010-01-26,48,d446b2ae98299577799b3c035073fa83428230b69a470c7b556e1abd353c551b
2KHY_A,2010-02-16,38,199074bf0fc77816c8109e0207718a8859edeac16958ac1cadd396a3c2dcfc2a
2KMJ_A,2009-08-18,28,c2700d46cdb5ef337f20c17df0e68c6f0c9644f896c8b058e0d715418f8bcb0d
2KPC_A,2010-06-30,17,e8cdfa31ee30d168c5f368aa0a62510b2e2056daa221571731bebbc91d82b365
2KPD_A,2010-06-30,17,a0a12c4e3a1e6d9f99eebc94568fc19cda19b5f49757994874431c05b95f5c9b
2KPV_A,2010-08-04,34,69a2bb52b87cd428356454a8c35b824a9236a28e0b708f09bc022a5eedc3985f
2KRL_A,2011-02-09,102,d52ffe9274c5c040663d2709933d3bd2546592d1f6946ea5096baaaa644b110f
2KRP_A,2010-12-01,17,e1f82133515329827a9bd1c7fce27d49093efcc3e9d5ebeb0169df3721e22bce
2KRQ_A,2010-12-01,17,0fd58fd80f3dc5772ad1bc5b4855748af245d6ec505a626dfc2f9d4adaa44d7b
2KRV_A,2010-12-01,16,972939415b8638a4f3461782db3b6473c9687d4dd1577e6689b1eb213302d040
2KRW_A,2010-12-01,17,e1f82133515329827a9bd1c7fce27d49093efcc3e9d5ebeb0169df3721e22bce
2KRY_A,2010-08-18,17,4b255b6dc1ea30609a47f7c054e0468526043d119cdef1273ef6b97a0c6c6e1a
2KRZ_A,2010-08-18,17,3a68340919cc04ac5ef75f9699663b7f14bc27ce8b3696869670d400aa7ff333
2KTZ_A,2010-04-28,38,8c3962d98d68bcb4923fc7b16e66713192da5cbdda337da63253b6e185edd099
2KUR_A,2010-05-19,48,908ba86da1eb1199dc7799112626e6b6ce9819053b58a9634ec8d6b13dab6e00
2KUU_A,2010-05-19,48,97ad49ab5dcbc705ee8434ea77392348c7ff671c30e8f0089dd33e96cad2980a
2KUV_A,2010-05-19,48,b26ae2ffb7603bb12e0482eed0dbe98a16bc8e4ba8cf6b5f207f97ac8bc1ab0a
2KUW_A,2010-05-19,48,2bf279696d734915c4da8ee063a6a2274ee8d0e5682616c85f6adff4a6e3582a
2KVN_A,2010-07-07,17,5b0ba94abfb7fb0af11a83f08a61908c5150b1d2f308dd7dfa4acb6660ec32a8
2KX8_A,2010-09-08,42,ba1fbeaf2252ec68e94347b972b46c9562a40e77d3f3f0c210ce94d7932326e5
2KYE_A,2010-06-30,11,05a479f8af5c10b3c52a51fea5a0ddf4cb3957fa79929d296fac5b4bcf47163e
2KZL_A,2011-02-23,55,1db0a8fdd2e882722122c955d7957427a8822650a419c3d9fa5b00b079378517
2L1F_A,2010-10-27,65,18dd24d6c4b1fc8806cb4f93a4fa66e6315dc58e70aa6db00caa6b3f381576be
2L1F_B,2010-10-27,66,eb9adcbed9cd9b52b8f01aec04fc79bf1b60b141f8184b35637fb02167eb654b
2L1V_A,2010-09-01,36,b82e8db54c613200ad916d663890a84ca10aba30403796411132c333537255e0
2L2K_A,2010-10-27,42,f4bb04a2b1e76931ce4c9d70cc0b876d3dfdceae9874684533a7522173afb04a
2L3C_B,2010-10-27,34,b7d913d74321ff19a5710bd739dfe23a351c1f4084c88fbe14546bc8b0c17822
2L3E_A,2010-11-17,35,99651a6691f80c78cddb2bc7ed2dc38f6ca2d7eb45e36dec48df05704cea0343
2L3J_B,2010-10-27,71,533624122309d0a2ed993d35c34469f918b7b94a398bb8bf9812806bb1d7ecf0
2L6I_A,2011-03-23,16,066425cf721fdfefcaeaf50b1b59c0b0ce42b14cbd20a8f11ec30ae21db9ea64
2L94_A,2011-06-15,45,7f72a8ef578a3b52453cf8d02db65430f851b294ee3383a37c49d5acc3b8ea4a
2L9E_A,2011-03-02,17,85b7c7e32b2002f70d9c46a34479417cac426a8cf911e607f33a610b30b200a5
2LA5_A,2011-06-08,36,542b2c97b9959f9c5a95ec1068b4dab9b078a845f7b539b1a3cc52a76fb845eb
2LA9_A,2011-08-03,17,f86d9756a9a1ec1e3c5de3f51369454cd08774f833364e860989492f2f760237
2LAC_A,2011-08-03,17,f86d9756a9a1ec1e3c5de3f51369454cd08774f833364e860989492f2f760237
2LBJ_A,2012-04-04,17,0c243b936da1c61d9aae5f3b67b7b522ac8359355d08a05c00c3598ae692614f
2LBK_A,2012-04-04,17,bd612854cca7cb6e72f76e948ced0de9ade93d16cde0248bc35f5ab696afd204
2LBL_A,2012-04-04,17,d8172f87cd3f73df53e281afed541b899ceb33502a075f659063e26764309109
2LBQ_A,2011-08-03,17,f86d9756a9a1ec1e3c5de3f51369454cd08774f833364e860989492f2f760237
2LBR_A,2011-08-03,17,f86d9756a9a1ec1e3c5de3f51369454cd08774f833364e860989492f2f760237
2LBS_A,2011-08-31,32,b736d5731d3df6d705acc2b504f723901f1032f7b1bdc7efef25351019c400db
2LC8_A,2011-11-23,63,4794011063e694d20e4d61ef5201e1c7a0bce27500f0891cb6c696ed6b42459d
2LDL_A,2011-12-28,27,6ba1991450b4481e3a0c0ad1491138b2bbce8b838214ffec819d066018c62ea9
2LDT_A,2011-09-07,31,f4e95bd8b2a15ae0a3b86f14abaf17b9a29cb229e83c3a25bb268ef96e0720d0
2LDZ_A,1999-02-23,30,7472bea4a6536d0d6b9341a7a2918d55b671b6f7a95655843c7aa38cb680ec5c
2LHP_A,2012-07-25,37,98d4bdcb41df4745858be3cfd522655fd5ccb85024fe6c6d461dfc8092d55976
2LI4_A,2012-08-22,32,7629bda966ae8dfe2d9e75882b61daff9bb21b4aa8e94a5d616c1ae73ef3aa0e
2LJJ_A,2012-09-19,27,468ec124624e6616d468e28be8d9a826b3c4e5df4f0064e74f71ac1f7d8bcef9
2LK3_A,2012-02-22,24,349fa78dfa16f5aab06a456b78b20cdd7c5b90dcef091e61432fc83771c4d2a9
2LKR_A,2012-02-22,111,83d38abb69045276c3bfe808fff1b082dd550343dc3c805e7a3f68ce8b0cf561
2LP9_A,2012-05-16,16,b07dd7c1144df705534e41be95730dd74c81a781a21909a0b4aa3e0b448a1bd4
2LPA_A,2012-05-16,15,ca5da0d7574869d1e604d147b74f2e0226f20de3dacf24e028a9446da2ef2aae
2LQZ_A,2012-08-01,27,a7d159a1007c3b858e1ed249e9cce5c025968e4dc6792883ac79bebc1a6cfaaf
2LU0_A,2013-04-10,49,be33262421346470eb46c5bbe15c2c009800fa38f1da6798712429b04377ab1b
2LUB_A,2012-07-25,37,39ede2825d784f5027b8872885fd16e6595b66a6989e192fb869dfc61085228b
2LUN_A,2013-12-18,28,f61fcf74210d1fabf02988b87d6904f5229154cbc511f84ae289f14abaf27512
2LUP_A,2012-07-04,32,8407fdff85d1808321c08054cd170eaacc9028379af9b5e5047a3f15857f5758
2LV0_A,2013-06-26,24,f7627775274330fb9ec34ca34f568edc4820b87448adb2425ff714a736bfb9ec
2LWK_A,2012-08-29,32,bfe39c42fb400a4fb5c54c0968c55a92c691d30644c165f646e95608870c573f
2M12_A,2013-10-23,23,a1da376d0165a2fdda4d153abdd8b87a684d7eb198b21d6d053cb4dbfa5039aa
2M18_D,2013-04-17,10,736d5b3b4a30540816b132640c09720b6d43a33bf73d16b9407a27f04968373a
2M21_A,2013-03-20,21,ad2985ed17d8c36308700ce72edd11a87d7800e895df13c2d4674bf5a94c42f3
2M22_A,2013-03-20,23,449d2c28440fb87c881c36f454c82a4ff07b7923ae1eb3cc24d834184c98c549
2M23_A,2013-12-18,29,6caf4725e1def478a9448a6fd2b698b8ea56f4f9684575e40ffc2f55a355405f
2M4W_A,2014-03-05,17,5d1a60f0551c799b4053811142a81ccd196930c5ef85ad365016e2d3f494f138
2M57_A,2014-02-26,35,dd083b98c298c4ad1dab6c4185ac107ce5965bf582d7ea9ba04ee7432246a79f
2M58_A,2013-04-03,59,825614ade41936497930f1c91f2daab6d40aef8f2ba5d37be3ad6bf92c536850
2M5U_A,2014-04-02,22,1e5ec98f515358da74dbb6e1dbb2a817f42a21e79625fd04b6340e83cc030ba4
2M8K_A,2013-06-19,48,4e847130a0d8384a30a629052b69221606690bc51990f874fc7987151ceb6189
2MEQ_A,2014-01-01,19,187d2df096bdad860e9208a2dcd1f4933356d0c39c2ac815d9823545eda9590b
2MER_A,2014-01-01,19,187d2df096bdad860e9208a2dcd1f4933356d0c39c2ac815d9823545eda9590b
2MF1_G,2014-05-21,72,beeb4d49e6aeaac5dbadc9b243bfb04450801900f608a06e4bbce9d3f43f07e1
2MFC_B,2014-02-26,22,4ce8d57da3a7d0aecca437d0c35756a53bbca0ad7360a6aebf000d7ea4cf504a
2MFD_A,2014-10-15,19,2a757ca43364f7e28ad6949861f5e327879e52a5ddbd5fe9c4d445b8be65d533
2MFE_D,2014-02-26,22,7c9ddd059777e3f9873bcfa4590ee636b2aa2796fdad2de4038ab0bd8120fc94
2MFF_D,2014-02-26,21,efdbbc2780b71353908c86a77d35e2470ffc8c8c9f520e994868336429c17150
2MFG_D,2014-02-26,21,1b45b33357bce93a6d479ddb7513e7070753348e5d4b8c6337e27d259f3a50d8
2MHI_A,2013-12-25,53,4212840445eb978540f48a330ae06f1b80f352023521b32b0b618e8ed6a08f76
2MI0_A,2014-01-15,22,3e9aeb67cdaf0ee451df441599daa2f8cc03ebe1321da15071a21633ce6adcd2
2MI0_B,2014-01-15,21,266ded0086efe6c16c8535c5254a3c5e18df08702c6f09dafe6547b8be7ce023
2MIS_A,2014-01-22,26,9f747b27f8fb58c7ec2c8b9a10b11c40b9862e366da70d8ef87da63105745869
2MIY_A,2014-01-29,59,bf53386a785efa83c545b04e320d3f63ec7aee15bbc6c0e2a1e713dd7ffdc4c9
2MN0_A,2015-04-15,15,13ed25a7366cd8d43f1ee5ba3140460d7edd20113dc6b2b0215487da3759f9ca
2MNC_A,2014-10-01,29,c4717a588ab6e883be075f0144401cc1af8b2edc7c59fe1a11f1a15f698b87b4
2MQT_A,2014-09-10,68,1d917df8bfe354e304961b85eb7ffa07bc2b6d39645946edf724720db60942af
2MS0_B,2014-09-17,71,132a24ed784b6530d575d13da51f64acd27d96ef6a7781d57fe1ae41caa49a23
2MTJ_A,2014-10-22,47,6ffdf757416f35ff044bb083e44af64f2ecd6967da7224a8bc3eda599ade8723
2MXJ_A,2015-05-06,11,61b0162b65ea6668432ed31da7bd73b70b24a229de6997a612e438c371fbb483
2MXL_A,2015-05-06,39,fe6ec06a37b3c2b786fd1fce7fdcb032ec3b59795dcb6d18a3a92799f044dca6
2N0J_A,2016-02-03,27,8d43abef35e79b86af8a0296b95c099f6aa6d1858eb0378f680f00acd412805f
2N0R_A,2015-05-20,26,8af61feb81ba8034d9c20fa931c119fd2dee53e717c2a26ebb6bd056db59b2ec
2N1Q_A,2015-05-27,155,6053d3078bc39a0e3f0af0d86ca683daa9087a013d993ff4249215589806277e
2N21_B,2015-07-29,18,50cbdc0ad0dafd7e70ebb3b3ef0fcc2396807b93781636955a93c0b218856b78
2N2O_A,2015-08-05,23,d063728ee85e0fb1b4c0d9172d6bc6f0c733027fba9bf916fe5f5dc008bec607
2N2P_A,2015-08-05,23,461fd91796dd130ab0c78cd6cdeb9d85a5bd39c06197604072197e70ec11a7f8
2N3O_B,2016-08-10,23,1f92253c84d65a06eb6b146b245ae053a2aabf8e651080896e2b74cccb53ab6e
2N3R_A,2015-07-15,62,8ea031e2313288b5860181a74103d2f96b695a5438739c1defb9739acced18cc
2N4L_A,2015-12-02,53,077567d6212530981916d9f3e45b620abd868635bfc94b5c12bbed31a7eff3d1
2N6S_A,2016-08-03,36,0003defbecf6800901746f38b4ece82591efe20269b9d0c1683492d315d16e60
2N6T_A,2016-08-03,42,dfbd8140d8c37980b46550a85025e4c0d6674519a0deef46d5e4943c7d61f8eb
2N6W_A,2016-08-03,68,7d66de173b53c8cdd2b3c80bf4cc441e5ce7293144827866240dfbdd68a11790
2N6X_A,2016-08-03,43,8f3711eb54817fe9caea897092290af222907a41d592263eb2a8b2b8fa826a86
2N7M_X,2015-12-30,92,e8c2eb7d4f0c1bd4313bc5a298f63f87f10590fae5ef2c40d0fcc6adf1a26628
2N82_A,2016-04-13,23,ab4d79ac1da9b97aa66ccdbd23e97969cdff4b3275353b56cc2b029a38e062c6
2N8A_B,2015-12-02,45,01d9e587bc0ad4e6f9947968a224b6abdbc8b3ece265b7da9d004758b36be443
2N8V_X,2015-11-11,70,e24f1dfc4cf3e667e8806f3d324b5a31c61fbba8de5dc28d2e1b937e5ca3ae20
2NBX_A,2016-08-10,108,7b8e84d95e1f3c9b02665ba5714ab083ab0ee8e814758c33840dcf2613c68e19
2NBY_A,2016-08-10,39,acc238aed6c668e34756be96393b324dcbbd624476c47352c630a5792b6aaa58
2NBZ_A,2016-08-10,40,78cd69be511ff653216fac704ffc3d00c66951fc96a9199d026542d2a39fe1d1
2NC0_A,2016-08-10,28,30858cdbc74fb968a8cea62d9d42a21d305ba0bf04fcf206236d6242e09d9c10
2NC1_A,2016-08-10,67,165ecd0efad3826374989a283896649e4ee96b3320c7a2760693298b94c16217
2NCI_A,2016-09-28,28,e2703d36a60fe6a950e216ea8f90490e7affcd7268e3d157f230a06597cb5d0a
2NOQ_A,2006-11-21,190,4c9a769d56ac2556c83d3bae4c96b2161eb9f0bb05a03409084a1f6a47fec226
2NOQ_B,2006-11-21,46,9143c325b5d61a1ac847622006d0df927ddb3e4f0276edcefab85910a4d84780
2NOQ_C,2006-11-21,13,499f3897d97a66d0b6abb79eee9253aab617c7128c4af47ff2a7f63c58a483e9
2NOQ_D,2006-11-21,15,3d516771b99695cacf1cf60f3f4cfbbf623771ad781b1c84148a659e2eb37b8c
2NOQ_E,2006-11-21,53,e657b35a3aaa2053151a03aecbb00920d7b2094c23989eb5f86a144e07ee9d1a
2NQP_F,2007-05-15,87,9b0c1a62c31b01de67c278e401147a9e2aeec14b314c27785b940d8e41472605
2NR0_E,2007-05-15,87,a2b1fcfac5d5ab93e754740f3108c7fb609a70a4a93ca7314d7b7833aaacd35a
2NR0_F,2007-05-15,87,a2b1fcfac5d5ab93e754740f3108c7fb609a70a4a93ca7314d7b7833aaacd35a
2NR0_G,2007-05-15,87,a2b1fcfac5d5ab93e754740f3108c7fb609a70a4a93ca7314d7b7833aaacd35a
2NR0_H,2007-05-15,87,a2b1fcfac5d5ab93e754740f3108c7fb609a70a4a93ca7314d7b7833aaacd35a
2NRE_F,2007-05-15,87,a2b1fcfac5d5ab93e754740f3108c7fb609a70a4a93ca7314d7b7833aaacd35a
2NUE_C,2007-11-20,46,ba1072c3e9b13f75860dd48d1dfe51159c29539c87f15d2cd7ae8582747ff64b
2NUF_D,2007-11-20,28,2e39c395d317f997cd8ee982feaa010db6b493170f2d3a2f784164adc70813ba
2NZ4_Q,2007-01-16,141,f6b9f7f4ab91244b298ac5242dd1216510a8113746138b960cf6220ea1ea3d44
2O32_A,2007-02-06,14,ed991cc08a7f8965e76a83c9dd14571babb98913658f6157a6436c17918a23ac
2O33_A,2007-02-06,20,9b88876f2e912a8096b0f1f811918683cc3fcf00605a248ba93395702f01cfbd
2O44_A,2007-12-04,2766,a55e4bae8ca3f6870e68211656ce0ec6f21c0df785857195d2e7d75c0e711c70
2OEU_A,2007-02-20,43,fadcc10826314573b1125c35cc04c6639f758559f83664654d8f085d6689c70a
2OGO_0,2007-05-01,2765,b144be44b775db497066cead4407e346df615392bae1858976fa29419f887c39
2OIH_B,2007-03-27,75,70319fde4b84b3f0bb6948d410f4404cef7b0f52c299156bbeca62602c6b0576
2OIU_P,2007-03-13,71,13b60a309fec132707e5d53f4060ae767f1757c9a4ed198d777f0fcb4a17f8ea
2OM7_A,2008-01-15,12,1ee2b0ae2022b9fc9568557c77cbaa8241501e8b2a519969636fb41b768953fc
2OM7_B,2008-01-15,10,014fe176bf4b4f08b360a822835e0d9ea282f62e373e688a8fe427289bb3911c
2OM7_C,2008-01-15,96,2790ea9acdaf1eeac55d17bc29cb52ec99c5a14e1ce19c7f07ae3e3bb5d2b852
2OM7_D,2008-01-15,13,56522e045c027b733489b2a10e339959a5467ef77081dfd8114ccd0880b99fce
2OM7_F,2008-01-15,29,042eca2b36b40de21fc1fe2fc746af781ad912c824e5d7d47ec9d8f5695e7f3b
2OM7_G,2008-01-15,54,d418d636bf7a48a8866afabad0512a183584f34de4f19ac4958481e867d71953
2OM7_H,2008-01-15,42,979dcb56eb7bc4d0befe930fca5ae91d87d16402770f4ab8c03b6002e0b9f794
2OM7_I,2008-01-15,58,a9f9016afb5b7aba65238efe91487ee715d2fc2f6ecad6c1688fc0424e6e9ebd
2OM7_J,2008-01-15,102,2e4a0eb8efb263eb6d0d491865bf193a0d16f78abec80969f8a602da041a95d7
2OOM_A,2008-01-29,16,671d9c4364395c2ee9b81d295e87e74104ea67887168a6e1f3262d5337d06167
2OOM_B,2008-01-29,16,6df220f6d09a7d5656cd5a8de4ec30ca16db75a4916fb14388ec5d38f1a9138b
2OZB_C,2007-03-20,33,e1a425a9090371d8d98c4d0abc210a384e1f17b68aa3d9c22b5d2be25781927f
2PCW_A,2007-05-08,35,e07730843219d90b9a65edf4533354e299b43bf9b087efba73a64217b23dc185
2PXB_B,2007-08-07,49,3dea0c1f224dd0b4a0fa0dfe293f9bf6f9a38c7eca55e73a537d9b4f3d9bd7aa
2PXD_B,2007-08-07,49,ad2b3b0735d88feade4b9649b69cdf559689f389fd22ec87a19bc7cff5aa506c
2PXE_B,2007-08-07,49,437e09050053f14ac6c99c58e32809da0d8b614bb390031e037467f9aaf7a7aa
2PXF_B,2007-08-07,49,d317c7385a488c3d259c746a29dbfe183b412bc2bc3c19400bb2635cf92a2eb8
2PXK_B,2007-08-07,49,f82a2a6b0bdd5f311a2503fa42ab9d8e06cba2226b060c1aaaf2383493a2ff94
2PXL_B,2007-08-07,47,a8c185abe6c5bb3def145f19fc7ab79460862befd07eeff23d4895ccad346e6b
2PXP_B,2007-08-07,49,def6a1c0ce294324fc2749769533f902a54dbb14ba4bd02acb285359dae80d23
2PXQ_B,2007-08-07,49,4906b89da99afc0d4da16a6fdc08a3f35e215b9f0b340bba39201f9d0c50a18f
2PXT_B,2007-08-07,49,6064e3b971d56c67ab7852abfd8fe4ab83a8f70928eaae7b058b4ce98b5c8f7f
2PXU_B,2007-08-07,49,41b31a9ddbd1636919f577fc8268695985b302bb5c57f82ed1edf7cb78a88d57
2PXV_B,2007-08-07,49,4afb0ebea7b38c82f12d8a0b426f08791c421285ed2ddd67e66bd154cbad9f61
2QBZ_X,2007-09-18,161,d87aaaeb7468b93dc1c31e378c6da59fe1665579564c2aa3c021905109cccecc
2QH2_A,2007-09-25,24,d963c7c4eebf8c38a350021e9084335c79753cf70d154a40f4b1eca3092122d4
2QH3_A,2007-09-25,23,02f6d998e6e5f5036999717de14543aa2dc378517a15d62b3395dad733daebd8
2QH4_A,2007-09-25,18,c983fa01ed86e1ef5f51c6b02ee73f4f54083412802460e8a4070c942b284ac4
2QUS_A,2008-07-15,69,9402b0d0b9ee844dfd8ff55353aac53b7c21c4062449a27832b323425ae35f22
2QUW_D,2008-07-15,57,0186c0dcbfb8a8a0bc74cacbc8f3f11ae47cf598c5fcba26e13043235f91f243
2QUX_I,2007-12-18,25,9cd65784dd15ad649c0adc7665b883e0cd57dbd96e360c1ebef4ee264e141988
2QWY_A,2008-01-22,52,26d0c56b2f35c364515fe0aaddaef6572475993c96d3080acfa2957745972e5a
2R8S_R,2007-12-04,159,ea56a1a511b6167794d026649894403dabdbbe36b139ffecf8d8c16d58fcd1f4
2R93_R,2007-11-27,18,14a010a2ac188831e9cde31ec72da9d78e910cfb94d34feb5971eb4e31112392
2RKJ_O,2008-01-08,246,119d1a8fc269d631a8311b904420fb6c71cbd8c32b5451508a406e3205059442
2RLU_A,2008-02-26,19,d49a73738d3bb6b661a9e8b851e9295f823b558a45e879bebabdd4ada430e50f
2RN1_B,2008-09-23,16,fb49776fbc895d998384cf062a6b68bf397c45497ff50c549d077f1cb24961dc
2RO2_A,2008-12-30,23,e38f5c86e19cce2d9951aaab14534e3a7d712b179c1a3519217a2c199ee3cc24
2RP1_A,2009-03-31,27,2fd7c7f9e3f3e2d9ca60e4cf8f3ffee438589203de67fdb2ab9b5b4a1c45943b
2RPK_A,2008-12-30,20,b92479136b87ecc6143496415b08e1ce7e8c51ec9b6e182a2d1bd377ad380073
2RPT_A,2009-08-25,20,0327384c18e6053dff59975dfdafb0758840f76c2efacc147995ec0fe21d4b3a
2RQJ_A,2009-11-17,12,caf31e1aa150cd2e14a2981c3cd74e18a8a0d33973b7f09142ddf724948ee720
2RRC_A,2011-06-29,22,bb34d4145a1098989ddbc5cbe8be07f31df297d0fa497f607288ab6d6ba618f7
2RVO_A,2017-02-08,34,802f4213aea1d9dc9134a33a1d48916bfe05c60d5b282be81023426ea3ddd460
2TOB_A,1999-06-22,20,9b738381504299b53a6a11619c5cb17dc6df814d2b9e1d427bbfe374c769eacc
2TPK_A,1998-11-04,36,5b1f1da2157099831ff70e8671ac69f13acde9457a239305b99813de05863e2a
2TRA_A,1987-11-06,75,5c75aee225e2a845d327e94bf67b43c27b4c214df2bfd57e7870893c2a418cde
2UUC_Y,2007-05-22,11,2db194770fcf22d2bf74cb1b78793207bb7ff82d85d43f71afedd9c46d823b54
2UWM_C,2007-05-08,23,d7c16c2dd0023790118c70042b64da1068fe949307ed13c186aa9592ef053e3c
2UXD_A,2007-10-02,1484,9d389ccb53f72a61bdb7f20206e5b46cdca4f8f66b140568babb2723064a985d
2V0G_F,2007-07-03,83,aab39babc475e6262929b82daf73c747cac795209d6119dd0fdf90186e905179
2V3C_M,2007-09-04,96,e9d84bb6b77c956ba7d753c6398810078d7482ca82caa820b3eb36bfe637c168
2VPL_B,2008-09-23,48,644e07b5748507028722cd3aeadc9a3018cc5a5ee99d9d7f6bf0a7dcf4cd502f
2VPL_D,2008-09-23,48,644e07b5748507028722cd3aeadc9a3018cc5a5ee99d9d7f6bf0a7dcf4cd502f
2VWJ_B,2008-07-22,26,00a2e1b5589546d33c5cca424a79ce97e6acb5c75f15e4669c8945f73fae4299
2W2H_S,2008-12-09,22,bfa63b2daf7ea4c2082228a6c6aef0cd81fa8a7af0b9d95997953e5713cf54a2
2WW9_D,2009-12-08,63,4e1294cf55bd754c197bef5ff4d7c91274982b7b28ef1dd7b114fefe6aaa9f2b
2WWA_E,2009-12-08,34,4e465dacc41133256c4153ea8b8cf910fcb143d3c4ab21c1c43933b21ac8a0b4
2WWA_G,2009-12-08,18,387e0d544d10d1c522b1ec6eab1bbad55ca0c5f470cf91f39c639584bdfd248b
2WWB_F,2009-12-08,25,edeec028542870caaa0314149e1f9dc8aaba21ec0a71c9de2f42645749900163
2WWB_G,2009-12-08,14,5f286d541fc9c012a0577feee915c1080a3d92e2452c277256fb154198dfaa69
2WYY_S,2010-02-16,45,e84ab0fd04f65ed1235e91c2ce1629ff1ee71c46a56f8b8c57cee1a0d9aed7a6
2X7N_A,2010-03-31,28,8911e749814be62e0b6a208eed90f7ff0c6d22d11507f134889c81e65f770273
2XDD_G,2011-01-12,36,afe9364a322286abe3058d93ee9300c9105f26c4dd0dbd466e651c059f65f714
2XEB_A,2010-05-26,19,1c49bbcb9bd14cfcb40a9e53897e2cb7392fbb915c55916c911b3e4c50ece39c
2XHB_D,2010-07-21,19,b9fd32f73ee928c5ebae38d61da5c7bc45998507884532044cb38d3b6494971c
2XKV_B,2010-12-15,114,f50ecd371608ab530f0832ebc35f4919677bea5f2749c74d09e6af66a555dd80
2XNW_A,2011-04-06,67,7892d875b55547edc8377abc51ea23862c54df6325a87441a1191b8a28277ddb
2XO1_A,2011-04-06,67,e80b977665a2faf8020c0ceb3eec54ac470e95d1518e5e9a748d7502d7181607
2XXA_F,2011-03-02,106,15d91f049c7db26558295eb81e324082eaf32a1fca3259192b3c50652711aee0
2Y8W_B,2011-05-18,20,c1fb791a0a009332773d8ec32ed466e3d907e11ceb64b15953c7a5b09e891d79
2Y95_A,2011-10-26,14,4cac05a20bca3f9be28b449912df9cd5811fdadfb9b9dd26f4476feb679408d5
2Y9H_L,2011-05-18,19,27fd5348b3dec1a470d46705c5182c4c7965af55e305f45e6034f6354eab37f8
2Y9H_N,2011-05-18,19,27fd5348b3dec1a470d46705c5182c4c7965af55e305f45e6034f6354eab37f8
2YDH_A,2011-09-07,94,f9ceef20be9cdb7524078943f4b9381bd785f3c05916f5a36a59b175eb6d05c0
2YGH_A,2011-09-07,95,4bd2ad4e73fe87b626bd080886f07870d9abba03c1e50e03ed0bc57b1f572742
2YIE_X,2011-08-31,54,1f42c7b1af9857be1a48cb75d970d0ab0b87c292c75df9e250caa1aeb397f2ed
2YIE_Z,2011-08-31,57,ec78ed4d2c5b12c1f6c6dbc3d1f2e0e615fe4d7dbc0709828a10fdd967989cec
2YIF_X,2011-08-31,54,1f42c7b1af9857be1a48cb75d970d0ab0b87c292c75df9e250caa1aeb397f2ed
2YJY_D,2011-06-08,10,0bbcbbb48a0967d1c4fdcd086067f6fd1b6ca179aae2754c6ce541aafb9bb656
2ZH1_B,2008-08-05,33,920cbbd5dd7e5fe68b0d150ac6f82fae29bfdb8aea01e7d8a09ea93f8dee7cad
2ZH2_B,2008-08-05,34,c3c560d54a3a55736d275faa9048e832a3e1bfeb9b6c31cde33d89752ca4e7b3
2ZH3_B,2008-08-05,34,351e0cf3334370545517acfc8dad10dab3e42b824d2c45e5ec715f7b20ccb7a7
2ZH4_B,2008-08-05,34,06a1bf1eb73727aa6df5eee90cdcd610c380e6368bcf4d9a026050431c4ddb7d
2ZH5_B,2008-08-05,34,c9b37b72cd60a94aa78cdf1ea3a420da377a63464ab71cc9e18bea2d89aafec8
2ZH7_B,2008-08-05,33,3be9b954680398099d02e681d6f5cc55c0c52e5af1628872cb7a566f74c0403f
2ZH8_B,2008-08-05,34,4482a69498ca53440f03834c3bafbacbe3e1d2c123e2af3688aff922062d296d
2ZH9_B,2008-08-05,33,d0386e4d53535777e235d5e59bc898f1d80d49a4b405851ad4e70742236f4189
2ZHB_B,2008-08-05,34,7df695c4f1d1a635020f2a80e40fcfe62addcb5b48a9eee8020db597fd3da2ba
2ZJQ_Y,2008-06-17,122,f795f3dd4ffb8a2729af51bc2675db874dc554cf652ec5b6b62cb223dc21acf0
2ZJR_X,2008-06-17,2686,ab6bb171147d1326a3b6a4b4815e2dd2fd260525d00c28dbef5cb6cbacf7f1b2
2ZM5_D,2009-04-14,76,8f304d38480c65a1254057127092e2f589f114c63a6df70f7c36c6f95255ecad
2ZM6_A,2009-04-14,1506,57a0c4bb1234decbe3da2c91fcca6a6ce387f241967552d924d65fd888ed05e7
2ZNI_D,2008-12-30,72,59444de29228a42a2498cef1a83812ab982c8f5696764c08dee5a6ca04582b8b
2ZUF_B,2009-08-18,78,65888b31dbb1f045fbc854dad93a23339c6235075432932180555d61e46d2e3d
2ZY6_A,2009-06-30,39,a48409b62e116026e82a0b8b002871e843f9013fb886ef12e33a1a9b78fb7785
2ZZM_B,2009-09-15,88,4e7d645cd0b3ba5055a77742a93f1582bedee49e67152955ba11e98dea5bd56c
2ZZN_C,2009-09-15,75,a536f7c81698b05a3365ace6590471cb00691fe989a4fc223c4ed003b4f8ca0c
361D_A,1998-07-01,20,aa9f2c6831867ea62db0c10239678947b4cf3a1112c89dc0e2667df2a9dc78fc
387D_A,2003-08-26,26,123b90c2e781a44b34a827ff98a031da0411f8b0ed4cac8a7194cc8314c0817b
397D_A,1998-09-11,15,2a22a75026a99f2715a535a67c42bc7d1ea9bae54ca13eece4e28a429bea619c
3A2K_C,2009-10-20,77,31d63a9a546d495c93040d7a6c4504b297539c7ab8565481854eb9ce06bacbdf
3A3A_A,2009-08-11,90,4257b9c5bad2cfa8a7feb7eda5486d102096f6e01b11e1c4f591dafa12594d14
3ADC_C,2010-07-28,92,7832c7efcdf4b8312403b92cfedcf96509a0afc22bbf20ae3c9beefca0ebceef
3ADC_D,2010-07-28,92,7832c7efcdf4b8312403b92cfedcf96509a0afc22bbf20ae3c9beefca0ebceef
3ADD_D,2010-07-28,92,7832c7efcdf4b8312403b92cfedcf96509a0afc22bbf20ae3c9beefca0ebceef
3AGV_S,2010-11-10,10,f5e5363f6d4bd1a007dc1870d82e89e3ff8f7ae7a21115037e2520a33ce69b84
3AGV_U,2010-11-10,15,1c5b20e42e27ffe302bfeab7e8014c1477f5e760f64f004ef99e48799468e6d1
3AKZ_H,2010-09-29,74,1d9cfe0a88bc23b093aba65cd329007bbb22d386f97c418b7a772dd42f0da1b9
3AM1_B,2010-12-29,81,008c6f793f242277bf0791d89ab24a2aaa1b9bf6e96dff1a8806e5290b2b1a7a
3AMT_B,2011-10-19,78,758b866cbb54d9ee96622af79c52ef9ddf8db383376df738be5007107a1ca7bc
3B0V_B,2011-12-14,76,2f52d24ffa3cc4ddf79e74e27b6101d3cc0055ca2b09854d1c0bda3843fd7799
3B4A_B,2007-12-11,125,b437fb4fee87890d2ef9b00fefaa063f74bc1ff355fcf91c5a001591748095f8
3B4B_B,2007-12-11,125,b437fb4fee87890d2ef9b00fefaa063f74bc1ff355fcf91c5a001591748095f8
3B4C_B,2007-12-11,125,b6c600f87b4a1be9215be908e3dd38d2b31649995801877526bd9223bb5c7df8
3BBM_B,2008-08-12,30,aa0f4a19a9e82405d365de1bac6a9db30fe47f220395e43e97a8169dae30334e
3BBV_z,2008-10-21,76,8f304d38480c65a1254057127092e2f589f114c63a6df70f7c36c6f95255ecad
3BBX_B,2008-10-21,2902,219d88ad78a190059b66082c622ce7d9fe325f704cc97d3d2f5930eb725e1025
3BO0_D,2008-12-09,27,c2071688c80d133ecce617c1a876889bc8ab34766e9310dcd91d6edb68c01572
3BO0_E,2008-12-09,27,34393124bd03a04e13c31e976a9da0ba046b60061a6004a72ac3cfa3570ec5ee
3BO0_F,2008-12-09,19,3d15a24740be743ed86aad98b77fab28e25feaef80ce688d52e0d60c307cdd86
3BO1_G,2008-12-09,32,b17c134607c5668edfce7f5da871ada10cc653adf1913ade81fb11d994cd2cd6
3BT7_D,2008-04-29,19,11bff6664cd74fdf0192dbbf7d26bbd8b00f8e7e00e0fd67dc7eba0e6b9ec902
3BWP_A,2008-04-15,412,36270eceaaba3218d40b6a474d13d73bd03596b72f22af5942c2eca5ac828aba
3C2P_C,2008-12-09,20,c21ef14b780ae3c644fa7275abee9ae916ba346fac5550124f264464a1166b74
3C2P_D,2008-12-09,19,6c755c97804bf4393a9f7241c36b505f0221c180d7e8d1abe1ff262ff8525b5d
3C3L_C,2008-12-09,19,8a32ac8a87c735edda07e4b933cde1ebe0ac5f21721fa18b7f8c16429af1e73b
3CC7_0,2008-05-20,2749,a50940d03cb37241ea9c84ae21319353e7d016c9ba9716345f6eadbef15ae5c7
3CCE_0,2008-05-20,2749,60a2726cd397d6d884e14308503891845bd30a64a8312359545e1feb810511e4
3CCJ_0,2008-05-20,2749,66ce74d3f074a2bdfb7bd1b0fc61c58091b33e3087b6f9fd697941c97012873b
3CCL_0,2008-05-20,2749,58e654aaf4eec28042ca503e1a683585dcaca053c20fcb5f5b3ce01e4579a9cc
3CCM_0,2008-05-20,2749,5d16dd31fceb27e97b4b912f3bd96a4560a4f10a2e12b789ab0d773aa3f819fc
3CCQ_0,2008-05-20,2749,b202092555c4ace8b9662944111192e93d9a91f9da45b4366ab2e7333b18f6a8
3CCR_0,2008-05-20,2749,ad33e64df28fba14b0f95ce7bfd069fe043f245a5066959d9e54b4304f352ab1
3CCS_0,2008-05-20,2749,a98b59572ff1ae947df1b42a585e3cfae2969b9fff35204a551886456f2fb947
3CCU_0,2008-05-20,2749,345d8b92a5fd3ad3ae14a3a7bf0f6192374ea3ed120f6d82951ba95df61c5739
3CCV_0,2008-05-20,2749,94bceaa58c39b84284bc53b7fcc39bd4a9a0f20f1cd2bcd210d691721fa8e134
3CCV_9,2008-05-20,122,d61146e1d049797c442ce6e9c911bc272ee9b912bbcd734a233692a48ba6b452
3CPW_0,2008-07-22,2754,9e668af4c7d072e8654de394af0033a573296cf1d89e8b91922f3010832dfb73
3CUL_C,2008-06-24,92,1e7ad3a28ddb4f60dab123026a334aa51b6737b0924c5a5d5b76fd75ef73c9f3
3CUL_D,2008-06-24,92,1e7ad3a28ddb4f60dab123026a334aa51b6737b0924c5a5d5b76fd75ef73c9f3
3D2G_B,2008-07-01,77,aa3a7fd94c15224490e18845b7468593fb38d62d9cc470a7260332040ab85c16
3DD2_B,2008-11-11,16,90bb28063352a8a9fddfe7ca9a94230871be65d5d4cd8ad4dae62f08ab730a28
3DEG_E,2008-08-19,16,91f3c94c0601071e35cdfbae2c4436c9a858c291dd51a085a51903849bcc7ced
3DEG_G,2008-08-19,70,11a67222c24d0d79efd1db1ce3eaa831d90c6fa5ec25ed2f0f55fd6fc48fbf72
3DEG_I,2008-08-19,29,ad9729d0903c88dd4f13fcf782c7a72c4ce49ad9142a844f6e67b87ca1093e6c
3DEG_J,2008-08-19,18,dbc835cc9b0a937bd1a6f6b4f317eea34fe5e17bbaee315807f3d006b83b87a1
3DEG_K,2008-08-19,15,4714b978999ddaea9b40c8518eff00525f1310975c5ad4cb23faf7e28d0db375
3DH3_G,2009-04-28,22,5e5ff67c4bdc4dd6d62a957fc65f492376b3b58d7b17715a415d29d442d5c163
3DHS_A,2009-01-27,268,b0676956646dc941ee9145f6c0b218e277f6eb62713d8a52a2d613b99c158b66
3DIR_A,2008-09-16,174,482fc3414774e7e921c9b38d3d218205c6150765d336d29637e35d1a73eac6f4
3DJ2_A,2008-09-16,174,482fc3414774e7e921c9b38d3d218205c6150765d336d29637e35d1a73eac6f4
3DKN_D,2008-08-19,20,ede2477b65ab7edc9e4c85ffdc4c514a2a7e77ced09490d4df7dcfb08b563fa2
3DKN_E,2008-08-19,17,cf0fbf7842ecf83d238bd76865867017e3c49258c987a1e3eb653c202517ebcc
3DKN_F,2008-08-19,32,8987a086c9c3de9b6c8a27e8b58f8151bdf41c21807e75e74f7b4537c3279c1f
3DS7_A,2009-02-17,67,4815c87cc7d7303e6803908666b82191e1f0828972b6ad3e171e4d00489c4c66
3DW4_A,2009-03-24,27,ef84716ab732e929d6b5daa79f8adf9bb4d157a50f3f8afa7abbf35283f18da8
3E5F_A,2008-10-07,53,4c7c0fe86e938927cb02882d9823e89b35168ad8a2e0de524a90f100200aad89
3EGZ_B,2008-10-28,65,983a99eb90f34c07ccb99fba0dd3bcffcae523247bdce97bb79c311e472cdd9a
3EOH_A,2008-10-28,412,36270eceaaba3218d40b6a474d13d73bd03596b72f22af5942c2eca5ac828aba
3EPL_E,2008-11-04,69,068f00c952e25ccbfef76d34abb1fb29c3845e4ea7c0e5e3e7894076812f2572
3EPL_F,2008-11-04,69,068f00c952e25ccbfef76d34abb1fb29c3845e4ea7c0e5e3e7894076812f2572
3F2W_X,2009-01-27,112,680a777292ddb1de394e61e37acde81e67f4cbc3f673844f0f1cd4a0216eae4f
3F4E_X,2009-01-27,54,d51a50adf2790e4d79a4c8a982def7bc2b9a5f5a61d8196361c218f940f4d990
3F4G_Y,2009-01-27,56,1f0fdb33eab58e3cb30c31140deb162b6e0a271adbff8d74936357085ede4a93
3FO4_A,2009-06-23,68,36586bde49756fa390c254df65f6a1a626d6c6523b349e39b3bd1763457b3d5a
3FO6_A,2009-06-23,68,590c997603511a4e6ca51a8ba60dd051a8e52cec2a499462ace4a81188cd1f28
3FOZ_C,2009-01-20,74,7d1121e5965f0d00cf5f79bcab63d5b46de4521e01d78519489ab7ecd0c7b05d
3FOZ_D,2009-01-20,69,afd6935af972576b2201d0c738882fddeab569aa629eaf854e7580803c9835cb
3FU2_B,2009-03-03,34,5920b3043f0000515e8647198d73a46f09209cdba92c9cbfdde39af1395a986f
3FU2_C,2009-03-03,34,5920b3043f0000515e8647198d73a46f09209cdba92c9cbfdde39af1395a986f
3FWO_A,2010-01-19,2765,7dace37f463f58899b8408b6af441f4172bc125b3c50ae8f506676f4ccaac570
3G6E_0,2009-04-28,2749,63173f6229aec12c58472e3405868ed4f099e7c7da37d7cb1f884cc6151ea595
3G8T_Q,2009-11-03,141,75333c175154b4ac67fa0eadecfb67412a149726b8b4e442f6ef06092096801e
3G9C_S,2009-11-03,141,f6b9f7f4ab91244b298ac5242dd1216510a8113746138b960cf6220ea1ea3d44
3GOG_A,2009-06-23,67,e529a8913d79b45de636e1ec1a3d58edd66b100fada886ef157cd3f58776b19d
3GS5_A,2009-04-21,25,83627ae861a6de2ffbe21f640307e5e61b5526b7fed606b15b36ef88f1c281c1
3GS5_C,2009-04-21,36,545703d13c4e6891823d5f66750f5c466e8bbac9ade5c1ad8d1fd4ed498b3f34
3GX3_A,2010-01-12,94,7f6472dc4f0dc3a6d2a6713e89cffc047deb661e197794e0d457df6ba17f25ad
3GX7_A,2010-01-12,94,f705ab41d44305fe28f08905fd831505d1bf2fccab98d5e4ad2457cc7dcbdff6
3HAX_E,2009-06-23,63,f1d31927149022fe270a92e38e3f4220a679db918168b9a6b9b7e4587862e756
3HAY_E,2009-06-23,71,3347102cf51d46bf448157f5de43d5e64f9f0beee000d9a28cc0fcf80d77c2af
3HHN_C,2009-11-24,137,4500bc730a0a5e57cb063ea7a721e695d47771d69b723bb7fd1d7457c972a2cd
3HL2_E,2009-10-06,90,4257b9c5bad2cfa8a7feb7eda5486d102096f6e01b11e1c4f591dafa12594d14
3I2R_C,2009-11-03,19,6f9cec5eb36aa82f7310feb000fb6dc4b386cdfed96112d0885320b0ee04a7b7
3I2U_B,2009-11-03,30,02a7df377cfa5e15c9f4b3afd9a0d037976597927816d6aac2f95e228c7b568b
3IAB_R,2010-01-26,46,1c700bfd43972ceb142fa80e77a27cea457e64eff367f5d2d8654cb23ca77ef0
3IBK_A,2010-05-12,12,28440b6394297d1e66cbbfea19d5b87f64593ec79a48f8372b989a70d13a2830
3ICQ_D,2009-08-25,67,46a7567aee9a6643b421bfa5b0e2c7bac0b3afabf28f86ff975208d3d8bfe420
3ICQ_E,2009-08-25,67,46a7567aee9a6643b421bfa5b0e2c7bac0b3afabf28f86ff975208d3d8bfe420
3ID5_D,2009-08-25,35,5d1424bcb846b37150fc3f491282bf17696768421e7006694ade8660fa2ad5fa
3IIN_B,2010-03-09,197,e22cb2dbd79ed60a6836baa03b75ff70f091a14626dde9a620fcf7b2054b6738
3IQN_A,2010-08-04,94,accb6962a370e5332db4066512e6a9fc693f28b9e2d6b4b88a2f6add21df2197
3IQR_A,2010-08-04,94,6341dad96ed0b82709d264a18fcd899396241b9453a55db240c700e2e41cc583
3IRW_R,2009-11-10,92,f645a90a8678b84bbd143fd296d64b8d51c7c080446556ddaeec9abcd9098436
3IVK_M,2010-03-02,128,4b10e4cd504f09d4708e52f6ff4f729a06634ed8a7a3da8364def76c4e159546
3IVN_B,2010-01-19,70,74250ce145d34f1cd30725497fed6a2bc3cfed799bf26e3abd4fc44b279ee1cc
3IWN_B,2009-11-10,93,eec7b7e2b797679d6edd0c92e654c5f87b48adeb142e633549d03684cc4af37b
3IYQ_A,2010-10-20,349,cd7aad2812ecea32a9e475a0805365c29ef5f0855dfff3a049e209ee662e8f6f
3IZ4_A,2010-10-20,377,e6eb48d86f86512c28a8db97e5f5cfcf51e6500e4c8b564547a23c49f9c4a277
3IZD_A,2010-12-01,151,b2d959965d7737483eaafa7a1c87933787f4c6bf65deb3cb7e7e7d6e73eda3d9
3IZZ_A,2011-03-30,59,0c24ded5e0a58b8ea522ca9105865831901afc716a6cd0a8cd257b6d82d9820f
3IZZ_B,2011-03-30,118,29e03af49f5eb0080164996612c938cf76f4a9b0578bf8100598ee828fdc5447
3IZZ_D,2011-03-30,60,55c18000c956e8184eac277e4318ce201f48fc45994b240c7b8210496f8fd911
3IZZ_E,2011-03-30,100,e4bd9a4cfebab658dba637f522ad7add9dd91134e59b5eca147da88b825bc8e1
3J0D_A,2012-04-25,50,46a93e0e7b966fb1992fa2c640494152cc8af2575df415eda7e36add4c57a372
3J0D_F,2012-04-25,19,5364859232443562c99f525f2f51393b7d65fe4a3e506afa7b7f0d75609c6db5
3J0E_A,2012-04-25,22,0961dffd8226c724735783ef256b0895dd57c5dbcef344acc69aed1cb547dc19
3J0E_B,2012-04-25,17,0a1b28151da01cc680c73822523298ce6404f60bcb4fc936112335272b064250
3J0E_C,2012-04-25,13,7390f2878464c2f0f9c0e5542db4f86f15b0d9dd2ce4f02359ba43b1f40fd3a1
3J0E_D,2012-04-25,19,685641ed48534fbe976e3044a665b6814ed3b45e8a2ef1062d762816298e9700
3J0L_1,2011-11-16,50,eb69602030bc6e9d5fdd5cebfa4a458261a8bd5e9d71ec83ab4258dbcacc7545
3J0L_8,2011-11-16,20,04431f2798d410d21dabdaa7e605ffe92125a8e308c3f698e6355156652dcc1b
3J0L_b,2011-11-16,12,00d9794ba299f8e110a7c06d5b60135d7a8b5e0806c43c2e424785f22ad5ed70
3J0O_2,2011-11-16,112,87e897d5327457ffb246a0534a76441b729dac572ad129de4212af4ea9304d08
3J0O_4,2011-11-16,14,6b793fcac60ff1c2e3ff9e25a6ba02b499ec38f397c4b43e5eb04be79dc13021
3J0O_6,2011-11-16,19,2032968b06668cb5806af33ae79fc1fffe151ff04b7b8bf81cc0b38b4a0db554
3J0O_7,2011-11-16,50,d0ae70944d12f672d765f14b81bbde7251810204082e5e68a475f979d3c57f92
3J0O_h,2011-11-16,111,ee69fd42d59603c2422ac117f6864f167db6a50da343988a8c400ea33ee515dd
3J0P_c,2011-11-16,17,26a7529cd5e2c37b9cc28c41b5c0afe7252bac7189e86b66013a2d8608b54f7f
3J0P_g,2011-11-16,31,06ab503facc989f36a507b14664b80e1a48fa7200db137c84f112b47e5bd19d0
3J0Q_3,2011-11-16,12,5cb4d543e401b31e777c500f8945a96ddb8bc05f665aec56241e71a4f4459997
3J0Q_9,2011-11-16,19,cda69f2aba2b0cfc17d8a8460c846effe52875c0f74babc80777c40bae8b33dc
3J0Q_a,2011-11-16,48,253ef95863caab3968812956e06f1bd14352e20a6e265ce547b4cf53ae1e76ba
3J16_J,2012-02-22,233,d3162d10d36130437a32fd4626c614a2473063909920b15dadb3b4f84553e927
3J16_K,2012-02-22,155,40d121ae81ed75f620b9fd9799ce3ef76d950ad0c2b8a866d36fa7f99adef6be
3J2C_M,2013-01-16,462,d5bd5c47d208e67f7145db29629c619c2b52f433db8b4f6624f7a52d7b885d3e
3J2C_N,2013-01-16,927,55b9b064b0ebe3668261744804a6d41b046fec8cc8915dd478d40ca00a6779e7
3J2C_O,2013-01-16,144,01a03adf82c956f9d9b1dc3ad113cca8e955fdc10d51047d91f541ee182272db
3J3V_A,2013-06-12,2884,50c7ee7e29a37e60af48687557f7fc4b4fd891900e32884d1cebc2b024b0e593
3J3V_B,2013-06-12,119,45cd8b1cadabb8113120575785adf6337763ff842bfd2f22f66132d5880325cc
3J3W_A,2013-06-12,2685,35e9b4247fb5b935dffee261974575dbf2e2d9e0708d3c16e2c67ff4e333d722
3J45_1,2013-10-23,63,0c88d2aedd33ea773067bec30cf2db2ca80c781280f2c8da7cb7bfca0154613c
3J45_2,2013-10-23,36,4980e228d2a8d6cc9a07a8d2e4c02f71d0b9bf77d5826b472afbf7717b055a64
3J45_3,2013-10-23,18,f478145c758e7a47a682a33be8caa654254049217f0ef2797694c4a12133e6da
3J45_4,2013-10-23,61,d2333c25e3fe86146b54a616e946afff07247cab0c93ce4b47485d0e5c24a01c
3J45_5,2013-10-23,108,0f676a684ab7218226664dae1f3e8ebda3c053924a2ed6e2374e65994331e4d1
3J46_3,2013-10-23,44,3ad0ede1c7623647fedc4a5e746568eaf4f1729584645d61f52f1ac8fed16e59
3J46_4,2013-10-23,109,0c9005481062e31deb40a0863110ff0a5fbfdba89d62093da2eb85f49b648141
3J5L_A,2014-03-26,2853,26dd4da4a1b96f0c2a672f1ed53bc28311ecaf893310c1244f8eb12b4375c9bd
3J5L_B,2014-03-26,118,e7bc27a1b5ed5a60c0a561fe8b788b0c43e63635202d308625f9a6c847a71a03
3J5S_A,2014-01-08,174,802bf6e569fffb4d1bc7f28cc45557446414d931b3be0f5862e377589b4f9aad
3J5S_B,2014-01-08,32,2c5fe55bf0965bf5168b0349a44e6fd09d1abc15d4ee8e135ef0730e36a04b46
3J6B_A,2014-04-09,2713,f5947c9ded0646288b935cea49bffdb4fe65db0d0b9fd992cae26f8d5e2622d5
3J6B_e,2014-04-09,20,fe337ae335932855fd5633e2433672cc1bfd9e790ab04c0d2553b411792621e3
3J6Y_2S,2014-06-11,3308,e1afdef50e43c455cabda6012d529b0946493e8e914e946c7cf87912995861cf
3J77_2S,2014-08-06,3287,b2f7530fdc7ab0ccc6d5640993fdcfee9c311d51199de1605cfbb6878764e394
3J78_2S,2014-08-06,3302,48fbf29e0523038e030aa98694e41f242712c2ea6835f3421f3cb7ffeacce89e
3J79_A,2014-07-16,3191,ca7859664347da68cbb7474d153a36583dbbff26019d67b5a8a8dad3c3e00c45
3J7R_5,2014-09-03,3720,8a20d4f6173281a563da58d0b3ab115ce13d79a3b25e8b66cf29bb9afc41be81
3J7R_S6,2014-09-03,76,d2199fbdcf24263ff9d68464b9ea38cf97a9ee68cc0c3d1b0cfcffe1fb41e690
3J7Y_A,2014-10-15,1472,35d06ca560a06bf3612001a83cad7378ead1a34d5c990f2f3d766d7325afb80c
3J7Y_B,2014-10-15,73,273725f07ff78e08f1ad159447923a8c04a5f21aa40620d7f7a78342c5d87bb8
3J80_2,2014-11-05,1779,6226cb5fb67d4b2a4db4722174b0308ac25bee003e2162ca28c09597eb4e9a31
3J81_1,2014-11-05,75,7f68f1a313f0086845eed239ca199a5f1774d8db523be88c17dc5f576f1968d6
3J8G_B,2014-11-26,2874,c836c15d1f627ee51d4c752d1876ce3afed963a5c07a3b65d2a1f47b22f6d8aa
3J92_2,2015-01-21,77,cc475a9b8a945a883c44e3a620f744e2ab42cccbf51640858b77c11c6d8c16f4
3J9Z_LA,2015-07-01,2904,a43ff7529989f30075da130d5c4d6de7ed46f4b6a146877e1c3bb6383a128b27
3JA1_LA,2015-07-01,2904,38b78d6f49bba4dab9df802608add6012b8bc1c8ff9f338be4a874a552d1cac0
3JA1_SA,2015-07-01,1542,103187db1d339e03b5ffeee6dcbc34fd0144a03846e1599549b9a2b7c18433b4
3JAG_9,2015-08-12,1719,8dc6404e80cdca5dfc6f57def48440706d32d66d1be0b08c232c396a90f97019
3JAJ_4,2015-08-05,206,5b4662c56a396a141f4e8ba67b8420cd4b1038d6d612f49adb2ce59142598480
3JAN_5,2015-08-05,3658,da92048ec7c282565bcb7005f0fdc67ffda52534f7b35699beee1bf781d08977
3JB9_C,2015-09-23,120,bc14ef4315f39fb60dd033756b6147542cd68fcfefd9e9db8c93c885a5825f33
3JB9_N,2015-09-23,99,347981630e8a339a07bd098d1a7d84c04fe61da9e66b31e463ae1d4109154fdf
3JB9_P,2015-09-23,186,930510a2f7175f7fc5cdf21d9e11c24b603939315f7655a8625cb37a88b7c673
3JBN_A,2015-10-14,1608,404c5e44950696348147aff5e1eb4465b97628b2e1359aee8808d17b1568aab3
3JBO_7,2015-10-14,75,435da7a146a90a91604b412d3b94309292c95bfefca73945a32352bda2694371
3JBO_AA,2015-10-14,3192,29cd64a8d30d4d5069e9e7698a69b632efd2f883e3aa876ecae30bef12c2f34e
3JBO_AB,2015-10-14,118,8e2cda66303e38193f4f383b82f2f65440ab2917ecf6ab7fb84a12b322b903da
3JBP_7,2015-10-14,74,9d7f0d5d3e93d44e40c35c69467b6ae2325ef46c579ef4579372c02d835774e3
3JBU_v,2016-01-27,76,1c6f635e55cb42433e8c30a56cb9eb32a8c04602c96e13548a1a023b17f5688a
3JBV_W,2016-01-27,75,28428d64ac90ca2a008c6211adf6573c59eebdc0959c6619da0a82646368342d
3JBV_a,2016-01-27,120,377cc53522f8e6ba36bf361ed06ab1c9189430fb447e2b7f6d1e5967a725ff9d
3JCE_a,2016-01-13,1533,e8ab3b877ffdc7e02c941302b6c2bca7084ef9928ed96297dafb2c896c7844de
3JCM_E,2016-02-24,85,57e11295f83ef9ac1424fea3433c71efff34124f48c83b04df2833198e13b430
3JCM_F,2016-02-24,214,b8338b9f8bf8d3bce735a50ff2b28d53001b2b6582fae77d3205c82394436398
3JCS_1,2016-07-20,1538,8c5389625892b77450f251df71e3474ffa2c1e4010206b732c7f4e6efb407689
3JCS_2,2016-07-20,1093,6a3027004fea6deae20628fce90d92de620b5706a76e1bc129d623f445f861d0
3JCS_3,2016-07-20,213,56d31ac1b454c3fe37121cf270788171a49d7ae2b4bb4588d95953b0c9f0ba4c
3JCS_4,2016-07-20,183,fc4102b9e7f3ec562335e6cb16a5d4e19dfa545e31120bf113f8beb92c30452d
3JCS_5,2016-07-20,133,5a7f2acc6dee4e1a58cb96fb796a1559487c14c01f393169d92cb38250dbd767
3JCS_6,2016-07-20,76,5eb066ac5a3b12d4d9b202be3d0eb451ef38b7e45021a7cbd7d767ef9f016dc8
3JCS_7,2016-07-20,171,49e5ae442a37a93b59b6dd0c2a042a59931cd7b9816deba2da236879d387de29
3JCS_8,2016-07-20,121,6d0bee69017e8a1cda262429c1255fcf9a26293bf841dd8a0d7ab05d2a92b457
3JD5_A,2016-07-13,955,d6910bcba45c013d587a408743f6ab666b96f9e26047db32477e42b97b750437
3K0J_E,2009-12-22,87,f652a7c9ed03d108b4dea2bc32c05d6509aec51d798665f1bbd386260a04c7d5
3K1V_A,2009-10-06,34,ba3b034d96e41813c33a607507c245591afafaa059b3bc87a25308e24ec48d4f
3KFU_L,2010-08-25,76,61f4c722007e27749752721dde1d7e9abdb8dbb142958a91ba5ffa0d80cf2fb0
3KFU_M,2010-08-25,76,61f4c722007e27749752721dde1d7e9abdb8dbb142958a91ba5ffa0d80cf2fb0
3KTV_A,2010-02-16,108,d9720a80cdd3f57e7951c9302092ffac017d19eb34e85b6f52f1fa8ae1630492
3KTV_C,2010-02-16,108,d9720a80cdd3f57e7951c9302092ffac017d19eb34e85b6f52f1fa8ae1630492
3KTW_C,2010-02-16,96,bc6fd0d5d8cf71cb31836eaaa40f388b043a49054194363f023d0d58f937f0c1
3KTW_D,2010-02-16,96,bc6fd0d5d8cf71cb31836eaaa40f388b043a49054194363f023d0d58f937f0c1
3KYL_E,2010-03-31,24,11379bc9a9b9aeb2ca8891c54594ab8943b6082076362293e696f90e9538afba
3LA5_A,2010-01-26,71,28e4401839f830154454f3ae9e5fda9ae3a85615ee8db24351b6ec3eebb502ad
3LWO_D,2010-07-14,58,d63ec06ed4fe370cee00a91f7dc796d2d596251c5c19bbb24d0432d951d9a6b9
3MJ3_B,2010-05-19,29,ed721b34a1578571fa95d749df4bc5a0160e25df72e6c9f9e962f2d097115733
3MJA_C,2010-05-19,14,f68994cac33738a01485b1865a5a194756a2e45dae2b544ae4b4ecb4c3ab744d
3MOJ_A,2010-08-04,74,4dfcebfd4c015afc10e1a432a8e0bea85df6a94d255578323bc4b7ec5387d2dc
3MUM_R,2010-08-25,92,5b8b56cd29aacedc126cc483266d98f22d09af7fbc4c080eb3c28beb9d458600
3MUT_R,2010-08-25,92,17bdcb410af4d69784869fed52edc22c04332297d4ef1b1a1b52031e467fda15
3MUV_R,2010-08-25,92,17bdcb410af4d69784869fed52edc22c04332297d4ef1b1a1b52031e467fda15
3NDB_M,2011-02-23,136,9c5f96342ba05490ece255733c3750edc93d35bd6f68405b406cd0b6e66b4ff8
3NKB_B,2010-09-01,64,1edf4918f7b6f20b174e5bc5e1a0ed8854943fc2e3021c8a694da096e337a314
3NMU_E,2011-05-25,34,3e6cbbcca5d9b639d0d4eb4773f8ef2d49e35d83436055b23f290bd770d6f601
3NPN_A,2010-10-06,54,a47779e9a90e3c15891c6526c3da182400e5cfc7a910c69163e40c7c475ee846
3NPQ_A,2010-10-06,54,c589987e5766c7fd58726e75980fa4e850d3920cc73c929474d9efeb69ffe5dd
3NPQ_B,2010-10-06,54,c589987e5766c7fd58726e75980fa4e850d3920cc73c929474d9efeb69ffe5dd
3NPQ_C,2010-10-06,54,c589987e5766c7fd58726e75980fa4e850d3920cc73c929474d9efeb69ffe5dd
3NVI_F,2011-07-20,24,4640f0e837e09add33eba3007ccc8697a89030c61a850d7fe1fd6731fee0e3be
3NVK_K,2011-07-20,34,3e6cbbcca5d9b639d0d4eb4773f8ef2d49e35d83436055b23f290bd770d6f601
3OIJ_C,2010-12-01,14,75696042391fffba15cf134c7da510923ae403d22c80d830b3a57ab6eae988cd
3OUY_C,2010-12-01,35,1efc4f0b34f546da230b1538dae1058a1a2de6ab387a612f76fa808708f140a0
3OVS_C,2010-12-01,34,0b0cea5339941bf0ee75b2b1902d1691e23bab0c09989e87285f2a47cb2db906
3OW2_0,2012-06-20,2754,83d86c6d3fef302ed0a17553e0029a641b460c3f7119b5e0a59196441486d06c
3OWI_B,2010-12-29,88,6ef5c095b9a44f4001c8185373e08a8d98a7468240ffdb2b238f8133f8ed00de
3OWW_B,2010-12-29,88,6ef5c095b9a44f4001c8185373e08a8d98a7468240ffdb2b238f8133f8ed00de
3OWZ_B,2010-12-29,88,6ef5c095b9a44f4001c8185373e08a8d98a7468240ffdb2b238f8133f8ed00de
3OX0_A,2010-12-29,88,6ef5c095b9a44f4001c8185373e08a8d98a7468240ffdb2b238f8133f8ed00de
3OXB_A,2010-12-29,88,467cdd6084466f318356ac71af77214a62a5ff7e85865605f8ae8485a32035b8
3OXB_B,2010-12-29,88,467cdd6084466f318356ac71af77214a62a5ff7e85865605f8ae8485a32035b8
3OXD_A,2010-12-29,88,e3f6011ee82682867fabb83bb40bbfaf9fb68def58661a436fc7885e45569e52
3OXD_B,2010-12-29,88,e3f6011ee82682867fabb83bb40bbfaf9fb68def58661a436fc7885e45569e52
3OXJ_B,2010-12-29,88,6ef5c095b9a44f4001c8185373e08a8d98a7468240ffdb2b238f8133f8ed00de
3P22_E,2010-12-08,40,ff4200e9f4cf407528a6939502617d0f877519c10b0217f21c41a875408ce5d4
3P49_A,2011-04-06,169,1880599662b7e6894252e1cb7a83c3ba58a165e8f563d404cc05656ec9acd3be
3PDR_A,2011-02-23,161,d87aaaeb7468b93dc1c31e378c6da59fe1665579564c2aa3c021905109cccecc
3PHP_A,1998-10-21,23,261b0fa4e3a6c14eaf25dd59b3d80d0e3ea291a02f8b1ebc4ebeb40746c0f127
3PIO_X,2011-02-23,2657,f096f3d2ac329acc4862bdab7826981003624d15012f20ae3191e258a575708b
3PIP_X,2011-02-23,2644,444afcd7d8bcf87dff8217eef982b1b314dce3488650689b59f1fd40b1d718ab
3Q0A_D,2011-02-23,20,126922f41ab6390574de402d52ce8712cc4e26cd6830b9a572d0eb2b4fc11cbc
3Q1Q_C,2011-03-09,86,9168e591430168a077260026166fbd6c2471eab5c2d0b8c37dea23a4c5c28ab0
3Q1R_B,2011-03-09,347,7940c9d96ffd29b85d6eaa7b73462adb817f64ea6e3991a4c201105aa35deb25
3Q22_D,2011-02-16,21,e462c05b8bd111e0feca90ef010fc9534804d47b557b983156e3c0b1d1caa233
3Q23_C,2011-02-16,20,4672ec08eebbe5d2dbd0b119e5332f8376ebe59851a960ef3006c5be916ba5f7
3Q24_D,2011-02-16,22,92f39e904985e111919f64a77be3af2d035f2facbe4fa25ea33ac16ba5cc00f8
3Q3Z_V,2011-05-11,75,92a8766ebb8afb3dfe47afaf4496afcfcb0527e45d108434ef158435153384f5
3Q51_A,2011-05-18,33,74587d4e5f92cb8e93340faef67356fa1592fa31850000046a6554e92de644d8
3QCR_A,2011-02-16,11,3fc04414eb03ac301c79c4a416c739d75151d0d0614c98c7e0d8dff6003f39ef
3R1H_C,2011-08-31,130,6820af994d1b527f5db5fdaa6ced4701acf6e93d84cad458f3a8d9d8d7e4068e
3R2D_R,2011-06-22,12,41fc6d003ad096ffcb2a8882539a1dd08fc700e51e6009b09618132cdcb0f678
3R4F_A,2011-04-20,66,5d1aa3dc59872e90092ae808c12e3964481c7e253dfc5477efd88df67c8435af
3R9X_C,2011-06-22,35,5bd8254edd54daeb519545efa8190580ac550edc11c14192385834683ff53837
3RG5_B,2011-06-08,86,d8ef19281939da238a7efc622772e6f39ebec37032f95bbb804696c8a765b425
3RKF_A,2011-08-17,67,74f7da87ee4eaf84689864d7063ca5341b9d7474c92671bf6eae5e62e8711e34
3RW6_F,2011-08-10,62,96688dcb94adeceadaf3fdb75841d15aaf7f7dd7b52f477603f113dd5901b1e2
3S8U_A,2012-04-11,27,c6c82109cb1f7e311a94a80afa0a541adba083b13fb2c59a4e9fc0db5d765afc
3SD3_A,2011-09-21,89,831bf0accb57ada5d69b5d13cecec48343d95e89ab8c6ae302a063904cd760e7
3SIU_C,2011-08-10,28,74aa229da082cd55a9ab0520a84cd21f626fee60ab2c4d7b0614e9a49c8e9353
3SIV_C,2011-08-10,32,216ca4582954056326d79610110a21fe2fcc450fb75ba32905ca861ffd751bfe
3SKI_B,2011-08-17,68,bb934d2450bdcc9fc12a30f56947d04587172aedbd61655624ce028acf582151
3SKW_A,2011-08-17,66,2c4731e3fe65d100d8d0360152f88c97e05b783d54da8774696c157e13412182
3SLQ_B,2011-08-17,68,bb934d2450bdcc9fc12a30f56947d04587172aedbd61655624ce028acf582151
3SN2_B,2011-11-23,29,f2a4e03708c508c5d24b84230a9a66a20c8bd8ea659f1fa9a23aeb8d9081e35a
3SNP_D,2011-07-27,30,da6dc2c157b6f5aa823bf48bbf3631d53d74e63971f93746b2b30a528b9c54a2
3SUH_X,2011-09-14,101,02c8c948a6c9bb5f6ce7762fdefdec4016519193508974188646cacea8f66bac
3T4B_A,2011-10-12,84,22d283a5bf82d70288ba339103f24c23d331cdca73053e8e877ddd8802689b8a
3TRA_A,1987-11-06,75,5c75aee225e2a845d327e94bf67b43c27b4c214df2bfd57e7870893c2a418cde
3TRZ_U,2011-11-16,21,e7112a2dd0aea9fb5aee68be94ff8da8597fed02cf1eec36ab2199643a1d7d69
3TS0_U,2011-11-16,23,b36424f892a1b5d8da6fc5dfb364c957cea9c5a31ef3c79d65b738608d61d953
3TS2_V,2011-11-16,24,bb98e29b0a6df84f92a4d449a2bc6852a36b166826e02740309c88f721135b26
3TUP_T,2011-11-23,76,e46f9fe2ad3aa24320797a65ff77d517b9412124c899e94b2c535d650f31b2a3
3UCU_R,2012-01-04,92,f645a90a8678b84bbd143fd296d64b8d51c7c080446556ddaeec9abcd9098436
3UD3_R,2012-01-04,92,8c3e8f2d1eabe6edbf3027e69129694f6e102e72663bfa84bb0571a4eba903df
3UMY_B,2012-10-31,80,14f354481b4c0a7411134131b27aa1688c72cc8ccebf82193e0320113eea8749
3UZS_C,2012-07-11,28,94f70b3e7c6f7dd1868feec41e4c3be9d664790a14dff92b279c6417449b648e
3V7E_C,2012-03-07,126,73bb6931bf4ecede92b22c654e33980300d1f71cb888487004567cea272cae1d
3VA3_C,2012-07-11,12,6e996eba9389e073679ed2f81ba3ae3aadede046926600fd03637cc22a438e27
3VJR_D,2012-09-12,36,3a716a5268bac44ab03a0bba65c9f632a8164680aa3a37c67e588e819b3f97ca
3VRS_A,2012-05-09,52,6dc4922a7a56188b5d33a0cde6b3cea2c61c5957df5501e445c7f41b1efa1e96
3W1K_G,2013-06-05,95,ce88e176470db29be3d41d6b66951eb3c55c4bc534d71188576718b1418c271c
3W3S_B,2013-02-13,99,3e0da67d446e18087c05878e8cddce097b0d7e8b953aa292ae9d41c18455e873
3WC1_Q,2013-12-18,75,43a552fadeddf885b7e8c307ba1a3ac01d37264692134057668487935bf7b846
3WC2_P,2013-12-18,76,e39f4aeee49d75e48e173a08ec3bf707d7b8b52af479c0812ab2b158f1618146
3WC2_Q,2013-12-18,76,e39f4aeee49d75e48e173a08ec3bf707d7b8b52af479c0812ab2b158f1618146
3WFQ_B,2014-01-01,73,b1cf33be3e7774459331ac3161c514175ace50c0884f7a50a76bed73394f1f63
3WFR_A,2014-01-01,74,ac13c3271018553cc9653dfdbb0bf6627ba6bb66ea75ca729d0e8bda523a2d1f
3WPD_C,2015-02-11,10,4a5f360f7761856e05319276fba62e6bbfff3313e1ac12f6583256eafe8148a4
3WPG_B,2015-02-11,11,fdf734415a65d4009b6d7bf689a22db36e25a1018ed57b83a0647ceab20bbb47
3WPH_B,2015-02-11,12,8261d23d4441f10316755b3b0072912c41d2847ba8ed5848ca0bf7a05d1c8acc
3WQY_C,2014-06-18,75,5e833980a6a76e623bce2c8cb8df3637f82b712b6b5dba0da66041986968b574
3WQZ_C,2014-06-18,75,68ee1f675869a95c5c1e97f2c005d970ed373eaa9a305ecc98dc8319c091392a
3ZD4_A,2012-12-12,43,a4b46f083a20bef5fe3542f34784a2c8304f24c441b022e78515db61d9ab6aa8
3ZGZ_B,2013-01-30,88,cf018c29372160d7c6c8bdcb600489bc8b88906cbd08baaaefe8590315271632
3ZGZ_E,2013-01-30,88,cf018c29372160d7c6c8bdcb600489bc8b88906cbd08baaaefe8590315271632
3ZJT_B,2013-04-17,88,9d3164bc96a1bf069d1db2515e55859e986605e5c55c09022ba79ea43cae68c6
3ZJV_B,2013-04-17,87,990ed0ebe9a0bdf3019582012d6a3c1a74b39eba99ece7af683134a0daadd124
3ZN8_G,2013-03-06,88,ba28506ba9f4d2abceef200f5ce5000f5df2c73cc703e47627cf3c6b2516665c
430D_A,1998-10-07,29,adc5e0ee2c05f122192b1d21d988908aad3a7d468a901517a8fcd6701e165843
484D_B,1999-10-14,27,31b88bf157b45c65b29f70c2e909e05a3030859ec2608d62970e0bbd68d82491
486D_A,1999-10-04,74,a4a0478783708a7d20baf000cfec446dfa6b5f3e17ec39a778cf8faccb17cd98
486D_C,1999-10-04,72,0ce51973e0142156e3123d7561f198fe2e7d381e5391aa9c20adda867504ee9b
488D_B,2000-03-06,20,57938ab32950b85623ccfbd7314dd07d33546c1b0d0c3ed3d79641109f1cd372
4A4R_A,2012-05-30,22,2cf467f44c32e540c216c4ae516be84f4aa4d3aff157673918c3783df51b763c
4A4S_A,2012-05-30,22,e2472c4869452a0626bd9e0284f58bfd2705ad102a37677f679236ec8d3631d2
4A4T_A,2012-05-30,22,3bd3e5191b13ac4f1057a2ea5bd17e17cc1aebe42ac48d7b3637c72639993aec
4A4U_A,2012-05-30,22,a03a59a381f911f17ad7e41ca88e5638f9f759be0546f3e468fd0b4c11e64dfa
4ADV_A,2012-02-15,1410,3ce937d6c382b25f02ae8bf4409fb51bf81150a59977b86b489e0428db19f0e9
4AL5_B,2012-06-13,20,d24ddf0120bfabcfb8cfa970593071fdcd11efb6ce324335d5cdacc53558009c
4AL6_B,2012-06-13,16,5fee8898c5eb7ef99d7963694748d5a83b54b146159c49c1551e22373062fe57
4AL7_B,2012-06-13,20,d24ddf0120bfabcfb8cfa970593071fdcd11efb6ce324335d5cdacc53558009c
4ANG_R,2013-02-27,20,2a3781089e09bb3774b1085fcff2bfa4b7cc283266d1a15d9c109c0bcb97e87e
4ANG_S,2013-02-27,20,2a3781089e09bb3774b1085fcff2bfa4b7cc283266d1a15d9c109c0bcb97e87e
4AOB_A,2012-05-09,94,4152728c15b0a55b88630db2416844c6ba0f763b0eb8515ccfdaa102556665e1
4AQY_A,2012-07-18,1510,c9dd98cd3be777a56e1cfab5f2d16b4f11fede26d55eba1122e3dea7b4edbe9f
4ARC_B,2012-06-13,71,a1f487d716aca1fc49d17dc6766f80a2376184f4e2660ba32f5c53ebf86c215e
4ARI_B,2012-06-13,87,b28fc96171e069fc86abe7a3df49904e5997448cb12a5f25cd84e48daaa840b4
4AS1_B,2012-06-13,87,b28fc96171e069fc86abe7a3df49904e5997448cb12a5f25cd84e48daaa840b4
4ATO_G,2012-12-26,34,a99ef94ada6e4acd2aa7212e10e72cf45921785ede589b5c0e734244380c2da7
4AY2_C,2012-10-03,20,b921947d0464ecdb8fe77e92bf15d7bf8450a8dd91bdfe22573eb750c5fc01a0
4B3M_Z,2013-08-07,16,bfc79580284bb45001670c6859a76a1ff1bd21d6d8e75399564826ede34fcf35
4B3R_A,2013-08-07,1512,f4e1c04511dcfb259f100c52f2778605584372633a0b2f2fcd9d2f721b63d068
4B5R_A,2013-01-30,94,800d7447011941d9f289bd23c1f37df4e308bc3166066a29e7216c4db2c4d48f
4BTS_AA,2013-07-17,1717,eaf8a6da1fc58a8713a308db19552fec385881498008021b7ce6017431c4e8ee
4BW0_A,2013-11-06,26,40d4d374221fee2a81cf534c48999fc19f48ea62dc45b1d5cb9048538983a79a
4BY9_B,2013-10-09,72,2dd46f98401e7bcd22c38000b0a396e5b693fa7766d300d6dc73484cdef73b29
4C4Q_N,2013-10-30,233,8dec212b3aa1b2c2519f85a05f7a6386ce7c3d5a40dc5a083163373db002f747
4C4W_D,2014-02-12,35,86acac49800c19e45d381e13d8b42b1d40f0333c9b11077b19678cf2f9bb8bcf
4C7O_E,2013-11-20,48,9a9926a3f047e4210461c0bc529b20f991a120d11ffdfb6d9d848896594083de
4C8Y_C,2013-11-06,16,a9fab302f4ba7b8e79af06896ae2b957038200bd572954d38ef67d8138ce33e4
4C8Z_C,2013-11-06,28,7bd9bf379c47e8fd5a49813f7e58c731060a2c6cf9b43179ab70d5d3f88b83a2
4C9D_C,2013-11-06,29,f732a89ec7c5205165bb9488a3887b3648de2714f7c4a0b6389af7495f59d35d
4C9D_D,2013-11-06,13,836d52c9c3c08ff814a68c3976e732568fe594c6a8ed2cd4a6590308d74ac228
4CE4_A,2013-12-18,1444,54189b2699a5b488e6818b2b28055c7261dda6eb58b7c1778e9f23236c12d367
4CE4_B,2013-12-18,29,a7951e0ca2e9612a985a36747309822a67a9b8c1a5abd848c03e82216c85f1b3
4CSU_A,2014-06-04,118,e7bc27a1b5ed5a60c0a561fe8b788b0c43e63635202d308625f9a6c847a71a03
4CXG_1,2014-07-16,135,fd3b5b11a09e10ceb61ced4557bbd2cdd6463936e5c0367a4ab6248d294592fa
4CXG_2,2014-07-16,50,06a3db340d44bf2afe9c6ac3a89ae13d3686641bdf65a83ddf43baa3234b90fb
4CXG_b,2014-07-16,17,8fff5673b75bd13782795e113facad20603c5953541b481fb7cd978221c0d582
4CXG_c,2014-07-16,19,2850c613ff60c97559dfb92a47071b607cc7ffb063921e8fc207fbeb272116bc
4CXH_Y,2014-07-16,76,7c6518427d6755b52ab6659dff8794c86c3383fa5e3c2317f5e87234b6d1c76b
4CXH_a,2014-07-16,48,4e8ab845e57bf25f9d0d197dad956881a021370092431e451223db6064b39ea5
4D5L_1,2015-02-04,1742,cef99b40c423c1312f9de44dd4c077b88a1bca432dbb3b2fff9dc7c0d436be91
4D5Y_2,2015-03-04,3616,0eff58b4ced7320822b543e4eeb7a0accaf733bd932bf6408cbf60d098d7b33a
4D61_j,2015-03-04,201,f2bea7e5a5e0cc180d30cba55757b4fdacea5905027e62510838bf728dc02220
4DR3_A,2012-11-14,1498,af410d9478ec04bc563fdf9a3c50f50617921ad9df5b5044e19c8cdeeb1a936b
4DR4_W,2012-11-14,15,4dacc75d9e9ab4b87435f454670b0e461b5e1744e043050edfc205820e9cbd06
4DR6_A,2012-11-14,1500,13cc880030d2b8339976558f1941a89e5549b384d59abee3493a70f333a7721b
4DS6_A,2012-04-18,422,3eac879c4a55df831278eca2bbaf7d6daf3e29921cccca9fc737127a1904eac4
4DV0_A,2013-02-27,1498,b05f52e14ebcb51136a78e312eda11c5209016094b4eb862a1bfab55457a4c4d
4DV2_A,2013-02-27,1498,15daac3ad5ebbe1862a9584f9a816503d631bdc2c75acdeb0ad9f1d54854aeaa
4DV5_A,2013-02-27,1498,86de1472eb70454210fbbd9f1dc42ae09d9670bfa6c7fa362428bfcf06b5f3b2
4DV7_A,2013-02-27,1498,8b2e54dd4ca4c7196b146ebcc0630dbee93e83255717bfa59e4a85afbeca1881
4E8T_A,2012-11-14,393,88e86281fb0fe0b33e7aade03dc58953f3609c30cf884ee322231e4edb0ce1e3
4E8V_A,2012-11-14,393,88e86281fb0fe0b33e7aade03dc58953f3609c30cf884ee322231e4edb0ce1e3
4ED5_C,2012-05-23,11,66548563ee7988e176832fb8ea53c84817b89232c947c37934f1d545383ad4f7
4ENB_A,2012-05-09,52,6dc4922a7a56188b5d33a0cde6b3cea2c61c5957df5501e445c7f41b1efa1e96
4ER8_B,2012-08-15,32,74c0e91d11c04cc43f6cc208206cd01994e841d5c031b3ab33818ed204ef8295
4ERJ_A,2012-07-18,161,58db505f184a91565608632ad7b68ea62e1f5e8fa94f6e6568b1c65ec33845e2
4FAU_A,2012-11-14,398,a2441f37074973d7f41f21cb3afae1d4c674a83ffb6eda9d3a438a52100afa7e
4FAX_A,2012-11-14,394,0b68d10e6419e4b188bccd9b706717e28aea83787263de3fa1f982b8a0d560a4
4FB0_A,2012-11-14,393,79aa6bba64a25e5a20dfa8dc19df77e2d6dd83a8d62ca734e9214336cde52ba7
4FEJ_B,2013-02-27,67,940394e184e68930700dcce990e8acaa7b6494d731763b64bdd953033fb84350
4FEL_B,2013-02-27,67,854a4682678dadea70d56d14d47e049dc64041513a0787ad976f895299c7eef8
4FEN_B,2013-02-27,67,30f1f3b61f1e2a6b99aefbe372e9147f4ee686b7dce3259524c0fa2718578867
4FEO_B,2013-02-27,67,c61eb5ad035b96e19eb58653d9fdf9ce0e37209ee5f14a10091a09a842ac3237
4FEP_B,2013-02-27,67,2162834ff1dc387910abcf221b56a948053e0fcba45d07ce2c372057cc20543e
4FF1_C,2012-12-12,20,77ed4d002c5ecd168f6436b30c2bbace2f996ad982bb9d82732754793a394732
4FNJ_A,2012-10-17,35,86f2cc720e275e8d74a16f069fe04101240f4c1d8884651102c98c35cbe46b96
4FRG_X,2012-10-17,84,68e205acda9c354b0ffc88e3509989ee9065b836c4ee1a1322ff65c3b4b63ac0
4FRN_A,2012-10-17,102,6caf94478059be39dc41b4f1871fffcbb6cd52810714a024663b6ce170522310
4GCW_B,2012-10-31,76,3625cd87878de24ef0dfcbf41293833be7415c29a721d4e0f932b00b2b50a625
4GMA_Z,2012-10-17,210,7fcabf4e0778e8e9d5501c0d332743cbe04d32585cc56cf137bb1e38f3e34b5f
4GXY_A,2012-10-17,172,79cedf8de87eff1993763bac17a126fafdfcfe4c2f2bed3197d72807900eada3
4HQU_C,2012-11-21,11,e6007f586261444a9b9340e70b0fbda43d307a83c2f887df5b4f4100d2822cd1
4IFD_R,2013-02-06,45,d6a4baa6577fca207cf5a5283d39f82400037c20017e7fa3ca5c8cbd702e77d1
4ILL_C,2013-03-20,24,913529931af8c6159e29c5d12913725904971b1fda76f0a28dee3af95f22e199
4ILL_R,2013-03-20,24,913529931af8c6159e29c5d12913725904971b1fda76f0a28dee3af95f22e199
4ILM_K,2013-03-20,16,bacce25100f92f90e16ded20acc76c7d86a277aa9361161cd93853e9400ada8b
4J50_B,2013-02-20,19,6756fec41ebe134926ca19b7b259876b6447445303407392ede5796775031774
4JF2_A,2013-04-17,77,63365592a483f97d6b759e25fbbc797e1bdf368e1dbeab490280cc686220d9ad
4JI3_A,2013-11-06,1497,8b30a6e8eca5b24695dde94a4c6d36e775f1e253c546625a62577503ff3e4986
4JI4_A,2013-11-06,1498,f0734e44a72ee3695c3190b2206ab203f1c660977007f3d2238318124aa7c43c
4JI7_A,2013-11-06,1500,d2337754b8d5b272aa2cb5ba04d9fd3f5c6084e70705bf7f1ad187405257cc56
4JRC_A,2013-04-24,57,14fda8273ad1e27c93a24d00fd9c91618d3dafd7fef02fe30a1355ac41e87096
4JV5_Y,2013-06-26,10,5caeda3c8a425d723097a97a1aa6c249203d3e896b6bdf374e0488f06f6a324b
4JXX_B,2013-05-01,75,79a0d98b7a1e9c48a40674864d87ac44ac2d096638305333a4e0111733675641
4JXZ_B,2013-05-01,75,04a58bcc793219a3cd12cf6ff2048c28479f40051df2be4497c3d997fbc95694
4JYA_A,2013-06-26,1516,4a2822b2c9d4d6290d08426b821f1123dfd2e00b85a63068b39d995af0fa79c0
4JYA_Y,2013-06-26,10,75e02b2c38d2bdbdabe897307c0fceb6db38b23ce54e1c2204736c13a5716fae
4JYZ_B,2013-05-29,75,c927886dcc04be1c50a2a95cd3694e47ad9f0531563ffdb2aa7d372cb70f32f3
4K0K_A,2013-06-26,1511,eb79ff15e77db3651a52fa9757f00183ec42172a4ae1c4657ac3a0b895e53e41
4K27_U,2013-11-27,55,53747f49a69830df4605786c948cd6fb894e27efea1d160655c96704c39f62d1
4K50_B,2013-05-22,35,c0e972b2226d93f9b0ea2c2814f5fb0b28e995ff1ea58fd7d772dd37ab56267f
4K50_F,2013-05-22,35,c0e972b2226d93f9b0ea2c2814f5fb0b28e995ff1ea58fd7d772dd37ab56267f
4K50_N,2013-05-22,35,c0e972b2226d93f9b0ea2c2814f5fb0b28e995ff1ea58fd7d772dd37ab56267f
4KAZ_B,2014-03-05,15,9d9bce647937460c37ee347a919491211b1b8615e2bc20ce947504ce83501143
4KB0_D,2014-03-05,18,22cc78aac240f90a5cfd84965cc06d57665a20548b84a03c259f480ae0d4597b
4KB1_C,2014-03-05,18,6894ac607d4476043a61a24f13abef10389750855032d65e5d3e6981f89e0ba5
4KHP_A,2013-06-05,1506,91e251c4e2b10a8d7dbaa5c6b29f0fc19bd43bf2e7e755dd1dc1e527b453b964
4KJI_C,2013-09-04,16,0da525e7157f59c09e2f4c6638b051dd1da9b6c89894c673be2c87e2adab5a58
4KQY_A,2013-08-07,119,6166f3c7310e9634a7daf92e8447d17de512c55e24005a52b020926eb404fa19
4KR3_C,2014-05-21,74,f3986db28052c6eaaac443d9af802ecd9f4d9fdb523ec71924e5d9b128acd301
4KR6_D,2014-04-23,39,ac15d506326ef0e3227b2ce6ef449f79e26da45dd42810a70fff96781a504ea6
4KVB_A,2014-06-04,1500,5afb8def5949e80768a58a7c4c874b99926c1de79cf2952bc4d877d1f7005f47
4KZX_i,2013-07-24,1797,5bd7e5528cf7faa95f810eac2e3ee7e703428bfddb18282b3c90020f99b348fb
4KZY_i,2013-07-24,1840,39170cb76929b8bd2c062008bf4aee93c07c1d2a05edb119a9b493c0ac0b0eeb
4KZZ_i,2013-07-24,1797,61f18813bb85062baf9d667637ac49dfd709ba55ab60311497d4451261d8ea8e
4L47_QY,2014-08-06,18,7556d97fe1fce995ff98b749db6058f2b4aaf744c3b0e41190385eacd69b1437
4L47_XA,2014-08-06,1500,8528de40d3af14ddfd07c5a1b6c17d0ee53c245b445cf2d8346b01bb9bcd6956
4L81_A,2014-05-28,96,70ec4f65e022ed5d829e87f31a5a59c78751ca19be5aa7a661d711b53a669016
4L8H_R,2013-10-02,20,504b911adb1d3391bc8abfcc3508e3b152f1abd4dbd5846740977bd9c703ae1a
4L8R_D,2013-07-10,26,7297d09e4957b138ddb69bf43a5d4ed9d1f4681bc4ae5a2fb36770805a87c689
4LCK_B,2013-07-31,75,fa9a03dc15eae4c6899654d34c183dc89221c798d86a6901c6144baa1cf570ae
4LEL_QA,2014-08-06,1500,d9541b08df2d8d9b7e004f1539dfbd3a912109162b747e4067bb9fdb267bd29a
4LF5_A,2014-07-02,1501,c53efd8cae3c2acfdea24079f2dcdeaf3771a93b025f7d9af4e3e0d1e64f0257
4LF6_A,2014-07-02,1500,809c7bda4f174eb6c2cea83180e195c3b62e822201955b6dab047d751812e719
4LF8_A,2014-07-02,1499,d0292b08046772bb96906ce86c45047381398920aa26536e68769e1b48368b25
4LGT_E,2013-11-20,21,770ab05f98c1e9db5b2806e82e5eb1f58230e4ff2e06d4cec37c30c51380fac4
4LGT_F,2013-11-20,21,770ab05f98c1e9db5b2806e82e5eb1f58230e4ff2e06d4cec37c30c51380fac4
4LNT_YA,2014-08-06,2883,929f344c80597b97dacf1834455faa2b6b621c158db50c23a8f310d8cdfb8fdf
4LT8_QY,2014-08-06,17,8cb80e93616822336884c9d45f785cad628275a0b4f4a7e4254b081f0dfadd16
4LW0_A,2014-03-19,89,974f51da94729865209d77ea0328a5f6d9dcd2d165363cd1e56bbc9c795d2214
4LX5_A,2014-07-16,71,796bf726ae510460c3db460a46b2ba3ae3f4e3254f65d90c6a6d93fcf5d5e61e
4LX6_A,2014-07-16,71,8ac45aed671ab696f259c1887c92866e6f1c0ba3f58095703c99acfb6f767fc5
4M2Z_C,2013-12-11,27,13ce21b6e58855b3dcc10c9a4ffda9822a203283c45fa5414c04b9500ae70a02
4M30_D,2013-12-11,27,72bf7ccd046ac3a49ae4f6697e81199e657564a00de6a739d6774f866905e8b6
4M4O_B,2013-12-18,59,2b5bb349c7767ac187e80b25e2a1879d3dc6f4b4ec65695fc7e7ce006f6604b0
4M59_D,2013-10-30,18,20289547b963ae605346d206b96c38e651641cde6dce520d967021f1ef424842
4M6D_B,2013-12-11,45,3103b1874ba9745f70b149c3e7dd761952e42ca59fc5913cf66565143002d5fa
4M6D_H,2013-12-11,45,3103b1874ba9745f70b149c3e7dd761952e42ca59fc5913cf66565143002d5fa
4M6D_L,2013-12-11,45,3103b1874ba9745f70b149c3e7dd761952e42ca59fc5913cf66565143002d5fa
4MEG_B,2013-10-16,126,60d37da3709e658f5abd118e241fbc1a13bb62891434dd6438b8c8025ecd2ad0
4MEH_B,2013-10-16,126,60d37da3709e658f5abd118e241fbc1a13bb62891434dd6438b8c8025ecd2ad0
4MGM_A,2013-10-23,75,8a2ad8e183b1b564eaf1d3c67486082413c09009f9775b781b7d8c3ea48ce7ee
4MGN_A,2013-10-23,86,d65fb252e3c41287ab085034721539710de244ad6efdb4e8773498eff0c905fa
4MGN_B,2013-10-23,75,8a2ad8e183b1b564eaf1d3c67486082413c09009f9775b781b7d8c3ea48ce7ee
4MGN_D,2013-10-23,75,8a2ad8e183b1b564eaf1d3c67486082413c09009f9775b781b7d8c3ea48ce7ee
4N0T_B,2014-05-14,72,e309c9cb1e1f7dfc16ec325edae4bd9a91a62eacbd3001c2508ab8f7c3c8efb4
4NI9_D,2014-01-22,16,481612c8d2fffd8068dcd983f08e5ff330a0026bb6ead29670afc4081dc38463
4NLF_A,2014-11-19,27,e55f129516b6f8100f096ab2e2785b8bad75d4b80bc2136f14ba0b35301fefe9
4NMG_A,2014-11-19,27,7a3daad18e733410ce7d9a03d36bcc6d2640cf3b25f1c7694a23c1820b7547ca
4NXN_A,2014-05-21,1499,a6e4e671ec0af53606f3a63ca50941bbf797fd2c0db59c3d408493f74a28a845
4O26_F,2014-05-07,51,7cacc55e2e290327632dddf248556ddc39792d16bececdfe110f19caa7e9645d
4OJI_A,2014-07-23,54,a2477e111f08ab2e8dfacf29529328d0cc22336c3ec97074e4f7050c0d8d32e2
4OO8_E,2014-02-26,98,39128c996eb6bbd923160042529b4caf45c171a9f5d7c2d0218fcf999396e2cc
4OOG_D,2014-04-16,34,20d82c1ef762c08192c6287f9be9aa0c6726540554db6a68ebf134acc7e98035
4OQU_A,2014-06-04,97,c9396bb9dca940c29395cde3ba6c8e0d5be716a380bef6439922a16b3d632161
4P3E_A,2014-04-16,125,52f123ec6e1b3e3b88e0cc0a7946c8dca556f0fb7f2ffe3f6a3dbce052c63c9d
4P5J_A,2014-06-04,86,92bfebd7e032efaf05a4edea4dee3c69371221eac43aaadbce352b2ff1beed4e
4P6F_QY,2014-10-01,17,c8b2e9e4d1ce938f2795c5821212e2bb24b394be0644cc65d16e48f2990ce1ef
4P8Z_A,2014-05-28,188,43893869c3f4cf5d1b6a59042e643bc4fc1cab79fa62375a90c519df443bc3c7
4P9R_A,2014-05-28,192,a0c552e212a8279dddcbc61d3957ba1b45f5076cba367533a697f0fd05a49f7b
4PCJ_A,2014-10-29,35,86f2cc720e275e8d74a16f069fe04101240f4c1d8884651102c98c35cbe46b96
4PDB_I,2014-09-03,38,dddc5f2817045cb33a25c55e7dd341be43c29e1532a7d81a8738b5c7c30ba28a
4PJO_2,2014-12-31,60,7aafa8db349946f884aa2287acdb8003d529d73ca438998957a0e61995b76a53
4PJO_3,2014-12-31,60,7aafa8db349946f884aa2287acdb8003d529d73ca438998957a0e61995b76a53
4PJO_4,2014-12-31,60,7aafa8db349946f884aa2287acdb8003d529d73ca438998957a0e61995b76a53
4PKD_V,2014-12-31,55,56c72a1f0c0eca3a3d2f4376a47ae5d6ce394064a36db9ff3f30c9e83793021e
4PLX_A,2014-06-25,76,b377d31642120addc097a45d6377477d390ae8da6265ba53db1664dab574d082
4PLX_B,2014-06-25,76,b377d31642120addc097a45d6377477d390ae8da6265ba53db1664dab574d082
4PLX_C,2014-06-25,76,b377d31642120addc097a45d6377477d390ae8da6265ba53db1664dab574d082
4PMI_A,2014-12-24,40,9bec2e61fde25966d0cdab15eaae596e26b9c7ef11d78fa51ed6b52ef539b6ce
4PQV_A,2014-04-30,68,158b6339a64f52cd3a70932f8f638b97bb507310e7efc970fca5529f81b9b662
4PR6_B,2014-10-29,144,bb6864e71d2cb01735b8aac353ea5e551812fe4c76e4e7cafa67a2d18a57c563
4PRF_B,2014-10-29,76,3f21a46fdf562b8fde038320c3cadb5c8a87f19c08e2550ffaac7adc2a9a3c7a
4Q0Z_D,2014-08-27,17,b811e13d84f5c44c4c4a9d56258df519a54be6f9b0b599ee6a23992a382a6a1d
4Q9R_R,2014-06-18,84,9d99c41583cb2fff4e77bdb776f640aa25d8982059c95a86ceb496a34d9fb7ed
4QEI_C,2015-05-20,69,250476b0df0f9b2f00a563c5583341cc41d968dc53e57d22fd2a695e87b393dd
4QI2_E,2014-07-16,23,ce159f5da909fee3d76075e217b2114b9752245a8d4c7809bfde47b49a496dda
4QI2_F,2014-07-16,23,ce159f5da909fee3d76075e217b2114b9752245a8d4c7809bfde47b49a496dda
4QI2_G,2014-07-16,23,ce159f5da909fee3d76075e217b2114b9752245a8d4c7809bfde47b49a496dda
4QIL_C,2014-07-16,19,a76bfacfb9c25d381b68acd4907e13e3fcbdc7b1cb84921e95791b3f4530ce99
4QJD_H,2014-09-03,47,8f6e89b95868c2fd00a94d7ced411933224e3f727bece2e70d93aead5e46b6c2
4QJH_F,2014-09-03,48,a1ef46bee011ac14c7aa62d263e978af109ef48e6b30052e402c7bb8fc74a3ab
4QK8_A,2014-08-06,122,3a67ac5572f8b84ec613e97d3c8ac6554bebf9621264f181530f66ca9b3dd62b
4QK9_A,2014-08-06,124,78ebb47dc7b23f0e3b1fed82c11ac61b000de25992e427a72a48a67aa7972f4c
4QKA_A,2014-08-06,122,3a67ac5572f8b84ec613e97d3c8ac6554bebf9621264f181530f66ca9b3dd62b
4QLM_A,2014-08-13,125,c8bbbeab96986d6705f8e6b7020b3783634b324562f05498790b0f422176c7bb
4QLN_A,2014-08-13,125,c8bbbeab96986d6705f8e6b7020b3783634b324562f05498790b0f422176c7bb
4QOZ_A,2014-07-23,26,7297d09e4957b138ddb69bf43a5d4ed9d1f4681bc4ae5a2fb36770805a87c689
4QOZ_D,2014-07-23,26,7297d09e4957b138ddb69bf43a5d4ed9d1f4681bc4ae5a2fb36770805a87c689
4QQB_C,2014-09-03,18,e34679240e7121a501cd295cec27769ab672ed8caf8417dbece3d4754b5c6133
4R0D_A,2014-10-01,622,ec63672267c9017f3bb7584d0456b73700816dd641ebc5b6a557e1d1f7ba73f6
4R4P_A,2015-09-30,186,8e4b3b9abbf6dcb5e55b172294ee141ffdb4427674367eec2a35d187ae1855e6
4R4V_A,2015-09-30,186,336230fe57481074f2724f7e03a1a61f3858f50c38173aa7e4223ab4b22a248d
4RDX_C,2015-03-25,78,3f3f802eab0d8e7505c996ac7f9a1a5a47a17a51c529910ec6b784b3054e1950
4RGF_A,2014-12-03,56,f51ae936b6697945058b545a33577278fc9bd3b36f44c4287d5c538c744c6563
4RGF_C,2014-12-03,56,f51ae936b6697945058b545a33577278fc9bd3b36f44c4287d5c538c744c6563
4RMO_F,2015-09-30,45,98e48d6f089eeed1364b637166d9752691721392bd20d0fe8d58b31a19e7c9b7
4RQE_B,2015-11-04,90,fe253b2fac8f7b503da5c0ecae4c6dcb92d09c115c81f98c38144f45a900a35c
4RQE_D,2015-11-04,90,fe253b2fac8f7b503da5c0ecae4c6dcb92d09c115c81f98c38144f45a900a35c
4RQF_C,2015-11-04,90,fe253b2fac8f7b503da5c0ecae4c6dcb92d09c115c81f98c38144f45a900a35c
4RUM_A,2015-04-08,94,b7aaf4721eb7ffbe30f9baacb8ed48ae99e5de8383bb10e673fa72458edbf190
4RZD_A,2015-07-01,101,650d63880191d86aff13882b7137642406fac7cb1fd9919112225eec77192e6d
4TS0_X,2014-07-23,44,d386adf13730b506dda73922b0a975491e5161ec13e5f6119421ebe74286ec92
4TS2_Y,2014-07-23,47,9554073682349ab055e444e06ef13f9dc981c220f936cad7eb852bbb80a315e0
4TUA_QY,2015-05-13,17,1aa63041eab59d778c6e2ae6177a14f80dd064de6915e4efc670f1dab05a7af5
4TUB_QY,2015-05-13,17,1aa63041eab59d778c6e2ae6177a14f80dd064de6915e4efc670f1dab05a7af5
4TUC_XY,2015-05-13,18,a31b147d59fa31f4d9e097f784e0cc8406775ae637c8ed417a395abce927495c
4TUW_C,2014-07-23,28,e42b411ae9bb652ce337ffdfc4c7d1aa608c86939325bfa6aa0f3cfb77191e03
4TUX_C,2014-07-16,26,493f7ef70784f257aacc3698bd5ee05de25ce3144725178d4af2b1a90d6db092
4TV0_B,2014-09-17,26,493f7ef70784f257aacc3698bd5ee05de25ce3144725178d4af2b1a90d6db092
4TVX_X,2014-08-13,61,c0fc3d1ba1e2d360f7f9c379547eacbc10eb7d6e02d4a7241c2764713bf797a9
4TZP_B,2014-09-10,70,d50f5d135761f7c4dff01306da840a4773fc3625600e6b6377aef89b718f573f
4TZP_F,2014-09-10,102,0ff01e58fe90bc0d41edbba4aa39d3afa77e0ac83bd9a41029506cbb15a957d7
4U27_AA,2014-07-30,1538,e3bfa93b8af8df3db82d493c35b6381ae603de340ceab54feb647e9536abae8c
4U4O_2,2014-10-22,1750,1a8b3cf4f1c9808b90f9de2b7b914b652f79730fa5e5972c835fc7870769f44c
4U4O_6,2014-10-22,1791,70878980d4ab8b832c648423aa7493a7c20a7685c64aa4855ce33e57096b2e20
4U52_6,2014-10-22,1795,52f5cee56f01ac185126d21d825eb30f12fa9c9c188ab407969a5fc0649718bb
4U67_X,2015-08-05,2667,a1055848d641b33681c9adcbf4142d13ea79f4d5b4a0050492a17c8ec410df58
4U6F_3,2014-10-22,121,03f5f9df0c6c8386fb85e48cd0f0232307753a2a3fd359b76f1c341d79420ef7
4U7U_X,2014-08-27,61,0e26fe9f40f074e9c4ff292ef5c2de48cbabfa6d528a46fb3406f024fef8c3ef
4UE4_A,2015-09-09,266,b63698d79af6ee79d2bfa16d17516f6445ee0c7d3f64b664f52029e9524a11cb
4UE5_A,2015-09-09,299,7954899434d89d724bf7fbb8621a565ec2915fff5cd97469dc8633e7686f103a
4UJC_A4,2014-07-30,121,d28d3b2d1b5ec7e5bcfbc703370404db71b4e7920a567402e4e73f9a5f68990e
4UJC_C1,2014-07-30,1742,23c52a7b246673104a3756bd095d81a7058015ed7a86cf331f9bae426153f996
4UJD_BC,2014-07-30,504,24d45b95d68b3905117e447f7ce679ba7923b780812bcd7083104c2ae326f7f8
4UN4_A,2014-07-23,83,d4a5a77a8039e31383a78106e8f6ee4ccd523c1f0322ae2ed1f93245da883724
4UY8_V,2014-10-29,77,0f27c982356c09ceb860acfd8a8711fe1fcb368e8d53e781de1e92b3102b2ab7
4UYJ_S,2014-11-05,110,b1c40b6002e9b83f543aed4b380cd92cdede3076eab23c361cad5d9ba7f53496
4UYK_R,2014-11-05,134,9dd71d6b6b39623f73f0ab5849788fceb8032e0ddb225e957becdd71a51ec372
4V2S_Q,2015-01-14,65,469c113c5d776e2b23faafb692463535487f38723ea593ca008854f8f85aa066
4V3P_L1,2015-04-22,3352,2290dc065a58396fd500595a65a6b46817a6ca7a05f239d3018fb8ac771c3359
4V3P_L2,2015-04-22,159,e64678029634492bf69cdcf879263d98032736e9174c23b7fa56720ba1e9f14d
4V3P_S1,2015-04-22,1743,6e2c7e9b7778010d491cacf1562998d3149f42bfe32127815094f8d00895d8ee
4V3P_S2,2015-04-22,75,5c75aee225e2a845d327e94bf67b43c27b4c214df2bfd57e7870893c2a418cde
4V49_AA,2014-07-09,1527,b630059aa612b3f2d44c732fa20cd4041cb5779ee361f7c1701ca4be672b758a
4V49_AW,2014-07-09,76,28890de0dd2033379fabebc7165a219d6092ad9bbadc77f4c7528be78963ca0b
4V49_B0,2014-07-09,2825,e6f6ffbd81e8401f4fb227ec9332f5c889803023ebf196138583d7935c9830f8
4V4A_AA,2014-07-09,1533,1765a977627c5641f0086154d454ecef9312224bd84358bd019f2b15bc6c4ea8
4V4B_AA,2014-07-09,1466,065d79d098ff166bc5ef3f59ff4ccb0a82f28370fa121f370dca55d882c2acbd
4V4B_B3,2014-07-09,2863,0949971a0782302b74db6a1866d0fa3cbfe2b4a853c7706bd7f12b7983c846ca
4V4G_DB,2014-07-09,2825,ec8024463172ca830ed3251ab1e12dd3f6a7b3046a42188d8e58e93642c40787
4V4G_EA,2014-07-09,1526,28a88c9f66ea0f6137d0d0242ffc307a6c7fbe85ddac2e71d620283805a96daf
4V4G_HA,2014-07-09,119,bcbb1513deb568cbf8017b0d67b5643c5f069e959bc9a3c786e9b6e40c416f02
4V4I_0,2014-07-09,76,df0637c7bec9d5eb608f1308d651965b12674563e532f3c092c2eb2a1cb9ecd3
4V4I_y,2014-07-09,1490,e660ec13a3dec288ddab1593c8e1342bfe7a59b50f335a0919b6e40445235f80
4V4J_w,2014-07-09,2889,6794c63f78d6dad4f23356bb6cddd327e796fe5e6a172adf62ff3480cc14e4e5
4V4J_y,2014-07-09,1504,6488de33ca1878365686483a38857d21fc56b13a31543fc78c2c45fb976d1d45
4V4N_A1,2014-07-09,2969,f474bb530c83a17e56ffb3e26398c5c594b04104d7dcbd3ea1186a8281a82cab
4V4N_B1,2014-07-09,77,b6ddd15d7871a667d5ab4339bdfa55eabaab621914f3554882b9957500e1edd2
4V4P_AA,2014-07-09,2872,d31ffefd01749fb096ade42d2ff7362251800f562a584677dfa97563ad7380d5
4V4P_B1,2014-07-09,78,56759c41b2a6f3fd2b386b5b73782de619382beb0e64282d67ae13358c8f2591
4V4Q_BB,2014-07-09,2841,4ce97a1d80082d26914697c6c1c0b603c485a7a493086bb862783d20136adbe8
4V4R_AW,2014-07-09,76,28890de0dd2033379fabebc7165a219d6092ad9bbadc77f4c7528be78963ca0b
4V4S_BA,2014-07-09,2814,ab298a35d27e18b030fd61f034f72df61bb4790fead7e0b0c36c2165f1e9f54c
4V4S_BB,2014-07-09,123,36256f5a5dfdc17a3a1a7cebb50fbbc5a6a03f35c4e03ff6b74319b012ee80cb
4V4W_AA,2014-07-09,1488,f480fe84d34ec101f45242be70412de0b15767f0f09a9d7b153af9770bc760ce
4V4W_B0,2014-07-09,2740,c0944c068d3cd215362721f2b7327eb9ba8aa421e59606c376628580445ae78c
4V4W_B9,2014-07-09,108,26b92293c1329889cb8e2cd68eb4b105c975773f1023121ece10a43923e812c9
4V4X_AC,2014-07-09,77,cc475a9b8a945a883c44e3a620f744e2ab42cccbf51640858b77c11c6d8c16f4
4V4Y_A1,2014-07-09,50,20de20dad275c29e24c82d052f86c6fb389ee1114db1673ea4b9e52766504138
4V4Y_AA,2014-07-09,1515,a275eeeebd77a500687723b0a8a173aed05d0fe2b4c3ea3e5aa7c685cd3c0c7d
4V4Z_AD,2014-07-09,76,ba2dcd6aebc8fe179ce85ffc68eef9d84bb2a97512a37a7a3235a0db544f1430
4V50_CW,2014-07-09,17,92481d382d53b36e5c126d0190945f21c761781a9e0a5ad50d9dfd2f0fe34f8b
4V51_CV,2014-07-09,77,cc475a9b8a945a883c44e3a620f744e2ab42cccbf51640858b77c11c6d8c16f4
4V51_DA,2014-07-09,2772,dd4051790c05f4a23b8fa87ea3d4ff5a511a8877432f347eaa35018c3637442f
4V56_AA,2014-07-09,1530,428aa18f1232aabe0aad7c9d8d459a2ba858769940c930fdcf488e2dbef3d203
4V5A_DA,2014-07-09,2767,2166ec2db364fde96bed51f3d264eacd609e2482a964a4601afb96d7bfbe922a
4V5C_CY,2014-07-09,76,8f304d38480c65a1254057127092e2f589f114c63a6df70f7c36c6f95255ecad
4V5E_BA,2014-07-09,2886,4829bbb3d9d2b51aabb3f4051ad60189e431ffbc5a6078f2df1a6b359f384dc7
4V5E_CA,2014-07-09,1504,1e6299b78a3c35f4de51a6f208fe880b0d6e21d98dadb0cf1e06bb236d6d6e7a
4V5G_CY,2014-07-09,69,d181066d48f8dde938ff7d5da2cbc727daa644f266f4fe796e1ce05443fbcc10
4V5K_CA,2014-07-09,1507,e5dff0ac3467abbce82762b1f63b469cfd4204e8d509ae7e5e12459364f4b1a7
4V5O_BA,2014-07-09,1745,80eaaa27264325c388c7f2c27113f528d12e62ee5a173f8cb5ab8f3e0e29db1d
4V5P_CY,2014-07-09,67,bfb33a6b019b30085c969ac623211677fa947a0d947c21d129e9f10b46c922ab
4V5P_DA,2014-07-09,2901,9cabf442c8f84299f5e20e3c6737ea7fdee3733595bc9525ad6d3cc23017f5c0
4V5Q_AY,2014-07-09,67,2298555a1c7d77ac76aae79ab421529907aca65c116bcbf57abe3aa4baac618e
4V5R_CA,2014-07-09,1510,7950a7b6979cef635fe41a4c537371f200b370c8ab8717d24f8d47f64adabc30
4V61_AA,2014-07-09,1478,260043ce71d9338f1863d58f559134d816a54374d11a4dd932c6798f855bad87
4V61_BA,2014-07-09,2732,ecbf358bca9029c2263e889b8c54899278e5ba8fa08f959fa493abbad9c6f48d
4V61_BC,2014-07-09,103,b1abc03e7aee5b340a8154652a4763b75b53ef25a7a25233510783ef154659ef
4V66_AP,2014-07-09,76,28890de0dd2033379fabebc7165a219d6092ad9bbadc77f4c7528be78963ca0b
4V68_AY,2014-07-09,72,0673b40035b31e47000e76f30540b89be365d94d40055e0ed4ace2aa2c2b2344
4V68_BA,2014-07-09,2852,ff59772de03acaa718b31b9c76580c8bff25dda2eb1970ddc27443a1ce427678
4V69_BA,2014-07-09,117,ba046d47ed572d70bac44f747c07a63998619bf528cedec4cf374d331aad384b
4V6A_AA,2014-07-09,1495,b9e38d90c4c97c3a15f14afeb2765b6197e972ce964773879ca5a9720993d775
4V6A_BA,2014-07-09,2767,d6ac7caf0b2046da8778f940b3d8c3d88f6987b7ee29dc72a4d91ef6c6b29c4c
4V6A_DA,2014-07-09,2777,c7e9d577307ba04009e6f2d32458379b57117434ca28b63f6b99d79de68ebb33
4V6E_CX,2014-07-09,17,193f3a4d2cecad23d21862f9bde85e7cc903ee65b6c79fecdff559dbde1b912b
4V6F_BA,2014-07-09,1516,fe8bd05350ae2544a924ca807d3c5801812ab2fd6fceeb602dab52288db206f6
4V6G_AA,2014-07-09,1517,305aa5589042bbfa73d431933b67744371fdab35cf00cc19134e94c4b2323d19
4V6G_BA,2014-07-09,2885,5e8c1f4e7be0baa04b09c21b00670143300fa0cb83a760e45a165464f93d6ca6
4V6G_BB,2014-07-09,122,948682cc3e670688aa02bca1f013b8afa5f1e644df7d0de14f2f39972546ceba
4V6G_CA,2014-07-09,1515,25eb5a1023d3bd9ed49be0a73f71ee043240f6df29781cba20f776cb23728922
4V6G_CB,2014-07-09,77,494c9e7bfc24981da79fc14bd62299d4b8fd3ca8b90c04207ad267fcf9e010a5
4V6G_DA,2014-07-09,2886,5f70f4f909be4f941e17a3ac4bad040c0aaa8cefe011f55a22a3bd459c803058
4V6I_CA,2014-07-09,1721,4a953df2212df8b00f491f579afe23dd4597a22ac87155d94ac5d78119c6c69d
4V6I_DA,2014-07-09,3354,640f42f56996d8cef2685c07f221c97ec56d1e2953e74a9e538d00912fbfadf4
4V6I_DB,2014-07-09,158,6c17d19279593e8dc0449230f7d88a7729158aadfb002f2c3fdcea4f02a24a34
4V6I_DC,2014-07-09,118,9049e6626e01e6d3cac322eef50814952b28f9df1071fe50258e73b14ecb2b3b
4V6L_AB,2014-07-09,76,33fae1e5b0a9bd11b3605437d8a5beb366a7cdfad0cc4923cc37c8c2d91c87a8
4V6M_AV,2014-07-09,77,0f27c982356c09ceb860acfd8a8711fe1fcb368e8d53e781de1e92b3102b2ab7
4V6M_B8,2014-07-09,2904,39c3dfd81ca5d3c1c09211f00c2904b7cae5d6ed93b791cccd40c5fbe9ecea10
4V6O_AA,2014-07-09,1531,91ed4d37730fbdbeb63185ac5f4b8976d2e2f415c379f2af3395bdabc85b9081
4V6P_AB,2014-07-09,76,7d48180483ca28b9162a8b751e8fba115912a175b47f1ddafd4777f93607314a
4V6P_BB,2014-07-09,2880,919d00a77e287bb1827622e114b6911bcd483f04d62159b0469aeb14aaff20f0
4V6R_AC,2014-07-09,47,652ed4a4da1aa522913b694a1b10cba95549de2df1aa98d0bd7e29c25c4a04c1
4V6T_AV,2014-07-09,363,692484d698efe7907d2090ebc807b76925fbcd93b7cbda354baa67b1588cf244
4V6U_A0,2014-07-09,76,a092a851849101a8da9950eb7b974bbc769dfadeab5457d48a8f58b9578e4c5d
4V6U_B1,2014-07-09,3049,dec7e384326bb8dd24966dcbb13188a13ccf468ae3fa067c5542fc9db3c2e0d7
4V6U_B3,2014-07-09,126,573aca6803c23d90945bf0360428dbf7aac22763b22450934d235022b2cbeb4e
4V6V_BA,2014-07-09,2881,b3bef103691518e11659ceedc9580c7a43f6d9e397295cfe3f37f027e41bb9f0
4V6W_A5,2014-07-09,3806,1aaa1b114d5080d24d3d65f70c6a143c4232d4a9843c3dc3e78bc9dde5774833
4V6W_B2,2014-07-09,1957,63152b44d6e1378cb249e7473e600067f64df64d64458e7c85096dddacb96cfc
4V6W_BC,2014-07-09,75,3d7539d74c59a8b5c0ae315ec1fc7adfe990348f237417bb8a756658f4eb9187
4V6X_A5,2014-07-09,4298,02c1bc4ee6d67fe750ef415521e45a8cedb308e3926ed540d7bf0e4b8bc81346
4V6X_A7,2014-07-09,121,d28d3b2d1b5ec7e5bcfbc703370404db71b4e7920a567402e4e73f9a5f68990e
4V6X_B2,2014-07-09,1861,d9a5ca9f6323d45fd95c6caf838d33b88c653942ffe4dc794590a559f71cd0e6
4V6X_BC,2014-07-09,75,70e42ab758cf4ec5e58036c9455bfcc1bdba69d5dfe8e0c7f92a31ff3aa8fd4a
4V75_A1,2014-07-09,97,af5f6c5d5c23d4b26d9a0aac8fc9dcb62e7bfb6aeb00d50263c9544ad36e39de
4V75_A3,2014-07-09,77,cc475a9b8a945a883c44e3a620f744e2ab42cccbf51640858b77c11c6d8c16f4
4V7B_AV,2014-07-09,77,5be18f57fa79fbf485f3ed750efb3ca5876f6a9b623c96f0b32f68fd4ffac282
4V7C_BA,2014-07-09,2897,4cc5e031f40d7f8ce406cf6177d61cd7188ae46c118848695e2410fd69b70173
4V7E_Aa,2014-07-09,3391,195b70759857f32231f89e310160def4223263e70c1a859fb551653ce03bb94b
4V7E_Ad,2014-07-09,1762,f07b732d29ae5e7da9f1fdc85d7692501db19b474a0ec824bcc17c9b8083dd50
4V7H_AA,2014-07-09,1761,7a363a07b79845d6fb0c0d811164c02c445cea4e027500eeb106678d4c6f68c1
4V7H_B3,2014-07-09,113,8e6f4b9ec77b5a538f18c33fcbe5396c1e506d875b587bf9b05a27625bf09d77
4V7H_B4,2014-07-09,157,8c1af3607bc5a5e5c3d3796ffb58cf17778dbb6e0c26d42692d22192e2419aab
4V7H_B5,2014-07-09,3170,3cce0577f59a930a7887e1b2f93ff7194b501c03e575b093636702c2d0ba89d6
4V7J_AA,2014-07-09,2848,c6194ffa433d929d840bff96f4aba0361ab4796784877f6b0ee8140a822ac3fc
4V7L_AA,2014-07-09,1495,2139b5029d692a5e621fb913da65caee86dc61c36d27dedbdb41d993dad7ce75
4V7L_BA,2014-07-09,2800,1373062131ac728c247c3b9f591df9b8419c1030a663ee0ac3d58a6ff560eb41
4V7L_CY,2014-07-09,75,7e8c4694710512e0022637a97dcc7452923e8c0ec87e5313a003c4076b2de458
4V7L_DA,2014-07-09,2800,b2249523038dad14f05d65821c98ce359b00ac991ccf28cb67411265e463cba2
4V7L_DB,2014-07-09,122,a1b59c7353836cfeea5a91fadc146d6e6a0dded8515d123749e0f8b766902dee
4V7M_AA,2014-07-09,1495,a0a72976849b2c93c17cc88c4df79340ddc2765887d27bb4850f851bd2028755
4V7M_BA,2014-07-09,2789,caabe939f0f521025cc6366bef17c4da548654e7579c03cd53b6698e712379d7
4V7M_CA,2014-07-09,1493,a45ae84bb14eed8283e088f51bc8e80686cc7e069e1d62c3565a7c76f11473ee
4V7M_DA,2014-07-09,2775,e631c0bd3a98e820b248f5a066479879930049df6b15c08bf335af7162323631
4V7R_C1,2014-07-09,1789,0f1bf1ca5d14b6e482aea1cb5add2628b808c9faed328ae932e23b630639cbb6
4V7R_D1,2014-07-09,3206,f069fe3f0d94594d514cd4d9b2b98114c51d766082e804782edf2b1bb266f2bd
4V7X_BA,2014-07-09,2725,1d67a2bde8d3aa6fe968fad2d1fe156b0feb54c74ad231d7ccd73626a9917c8b
4V7Z_DB,2014-07-09,122,a1b59c7353836cfeea5a91fadc146d6e6a0dded8515d123749e0f8b766902dee
4V83_AV,2014-07-09,35,942cf905ea7c524e77c92c97fbf5bd9d02b8db3e4ead9a5e2b5b705c9571e83f
4V83_DA,2014-07-09,2760,0f78c0e62fc2bc91526dbd44ebada2558a8e6e6eabe9b62f1a08e18eb272a9b0
4V84_AA,2014-07-09,1506,f45a3770692673f4e95341d4e332da2117bfb85a26555fdb5cd9db39859c65a9
4V84_CV,2014-07-09,34,241afa91fd1da032f81c32cd4957c194b06c021d29a80a54ad8d54e3a28502bd
4V85_BA,2014-07-09,2853,4664e8862e174a0db0c47bdd5ae09fa0ef594431fe84345a8da629fdca70eed8
4V87_DA,2014-07-09,2907,64531810da0cc7a82d1af84285c96598d43eecdbedaf2b4d8d1ca453f0dd4078
4V88_A6,2014-07-09,1795,9213b59d6ba1f63a86a016bdfdacfd3cfc646efa76c41de073fcf47ddf119b86
4V8A_AB,2014-07-09,122,78ea73ac2214ece3dde75942ea4147126202f61f1dce02eba5b3473f78a1ff36
4V8A_BA,2014-07-09,2827,544de667e93c21135fe266c0cdcbe098bcf672c6eae27ea9b3e09e5fbf334b09
4V8A_DA,2014-07-09,1498,89e1bef6498a9b7366da50eaf8cc125a18b7224751c6ff790b1af8e29dc10931
4V8E_BA,2014-07-09,1502,e7c7b6f00bde6e5319ea1d0bb4d0eda2068fb55d7e4dd6ebfcee935168514828
4V8F_BB,2014-07-09,85,ba627142edf85d3f53dc8572db7182b71d23ab039a629731d8d6e9a6507f1104
4V8G_AA,2014-07-09,1505,26c3700db3a2b56e0eeb318d058fd7b4e969cfac7885f4f98d20016edf37fbec
4V8G_BA,2014-07-09,2809,5ca6bb4f14e466cb8e9d47d71f79380e9e7d34458b8762ed13db1dcc4a6553e5
4V8G_CA,2014-07-09,1501,ab6017c7394bacd0d7544850158effbc7aad9df21ed37859f7fd61072a3091f1
4V8G_DA,2014-07-09,2814,eb962f8fb43ce01e929f3cddb7d9b2f46286dbc21e2e38066db25642f6dd9633
4V8H_AA,2014-07-09,1501,f9770d5593c751885bcdbb843e6ad23711205d486e8364c404db9179cb996c4d
4V8H_BA,2014-07-09,2837,b1ec5beb183c1392cfd471fbb098a890a7ba1863764a4bbcebd6ec8bb5a80a8b
4V8H_DA,2014-07-09,2814,9124e33401ef482a36d5dd5bb859552efa6e09ef74f98c4940d99cc86e375f71
4V8I_AA,2014-07-09,1493,ac05dee2e44a7af77d0a02bd45f1dd35041caf09e0e0a652f055e883e19499be
4V8I_BA,2014-07-09,2827,ff5cea9610c381b353b2cd064e9aa5c471e8299a73b503b303ab1895ec2694ec
4V8I_CA,2014-07-09,1491,659b3012447815e46c6902f15eaa004526d332efe9074526a3f63442dc49bd6c
4V8I_DA,2014-07-09,2798,ac3ddbfbc07db7c17ba957a8f56fbbaef2350029e5735034f9d0a119c8fe069d
4V8J_AA,2014-07-09,1504,f54cfab5860cf61da843de9867dc7277b94a7230def62256ade102f7181d5f6f
4V8J_BA,2014-07-09,2803,5907e0e5ae8b19e353ceebea8864db94eefc59766a4ae69c185e76481e250eab
4V8J_CA,2014-07-09,1503,7ad64ae8b46fd87697d90b0b7e4c229031d6577c736bd5a8af4ccff10f540a2f
4V8M_AA,2014-07-09,2227,5ba8730ca4323c155d5cea00e1fb241b0821dcbdd515f7e164ff71e6c1669311
4V8M_BA,2014-07-09,1847,4634d50eae842539f31e2866f49aae61712ddb118db0130559de1d06ea0fc68e
4V8M_BB,2014-07-09,1465,5c7a72eeb56808eb55f9403b34e6795cdd5e0a34689231f506cdfb5dc12a56f9
4V8M_BC,2014-07-09,169,69cf45c34d21538dc70c4289bc8a8da478ef2f60a7171de5d4c83e6bfde48a9f
4V8M_BD,2014-07-09,119,bbc5c08a077ae4bc45289b720bb29333338d9da057d97b0a0a38f3a006313ecf
4V8M_BE,2014-07-09,210,f554c3eec569e8bf2f19fbcdd6c3e597788aeca65352e973f28e2cc6a6f76a0d
4V8M_BF,2014-07-09,73,d19acf4cae90916666a7d238594fc94c628b81217614461143d9135f8af0689f
4V8M_BG,2014-07-09,182,e806b67725bc3cfcb806a5163375adf2b74580979c8aa714dacbff68a37f9547
4V8M_BH,2014-07-09,135,3631de2df58d8a422a8a933cabfb27a87246314076fc971bba185b8c318fc59b
4V8N_CV,2014-07-09,78,a5314e9e5d901b7ddeffef5dc46a6b2c5b942c910533c60843ce76585e8f4302
4V8N_CW,2014-07-09,78,b654b20dfa9315e3d098f0c3d8b6ec062f044c5689109c23ed2a1fb03dbf4e99
4V8P_B2,2014-07-09,154,6b9b523cbd8df9aec0ed8453cf252f7356d108645f4b60c8a8eb71214bd1b24c
4V8P_C3,2014-07-09,120,c6df548440aeb286fab8ff1a07e3c44acc43883d54e44fe2a5f78a02087798cf
4V8P_H1,2014-07-09,3119,9bc99defc89e4938cfb8c25f87a361af29450b256637daf1629ad1818deb6b3a
4V8Q_AA,2014-07-09,2901,bd510974823972854dbea6f836d8dc2f4c792a29677bb8fca3e805a537b729b9
4V8Q_BA,2014-07-09,1504,2ea28f2a1ba603be1fad97a30f99b7fa35940a07a7620b3cccb0696f00b46c4c
4V8Q_BY,2014-07-09,90,5f116ca8f028811b99150bc6ec8e2c127646990b868e40c5475b4b3063f87c11
4V8U_BA,2014-07-09,2901,833f54ebcb3df1cfc2e6bf2313fd95d62ad79d7866abd4be7905ebb79017c710
4V8Y_B2,2014-07-09,1781,9aad541d6edf193434761e658777ebd92554612f3c04b0f2cd9ff0a03fa0c351
4V8Y_CN,2014-07-09,87,9f899e78268fa8e951fd8cecf0cc9a3937f7ebd4cb5455873bb11e2a6be27b0f
4V8Z_B5,2014-07-09,3147,2f52336d0843fe6e04eccb53bdd6180c94a0b3e7d54de62cb798f8639eee59db
4V8Z_CW,2014-07-09,76,8e9827781289ac6254fac3e0be41d27f6149692097468911b61ebb57138c828b
4V90_AV,2014-07-09,76,772e4441f9ada2ae8c121b0fb5b463b17a98a11324fdd8fac92aa6c4a618367b
4V90_BA,2014-07-09,2901,5b9e6ff9424ce38a3c927b2b6cb43452be7cedf3c4ebef010357c141448e94c3
4V91_1,2014-07-09,3203,5e7265f5180c8d48dd12eba5c49de5ed118417a10dc66d0b823a64dc31b6eb44
4V92_A2,2014-07-09,1764,445226d0425adeab2cf29bbf2eed19c246c536d953c11a6f52e38725084fe7e8
4V92_AZ,2014-07-09,190,41b4a9ee8578c58cea60d048630650f2cea21179106f80345e09a0fe104c7fdd
4V95_AA,2014-07-09,1466,52a9ce46059924d370af6b9877bc6cff223791814dc71d26f30b34fc457d83bf
4V95_BA,2014-07-09,2752,eea00bf33867b8e14e1af1553f35d63106ac797dbe5ecc55499909be6eb158b4
4V95_CA,2014-07-09,1461,1d36201bc6894e320efcadd04aad7bf3f1db04f8a5ccd8c453c3f8b012fecc27
4V95_DA,2014-07-09,2722,d7614694984731aa61d7b557e6a841e223023100014014b08891a92315b1bd84
4V97_AA,2014-07-09,1504,cd8ca1c8e2254c27542a6275a7636fd129a4aff59f8114acf0914219e3b67b8a
4V97_BA,2014-07-09,2810,ebe74f0c264dfb45ed9ddf0841589bd2769e055417a2e5394e5751c92ed4c74d
4V97_DA,2014-07-09,2824,41d41fbcc8358ec5ab4e74f80f520b16fc163969cc7bea6693fea9925d30977e
4V99_AD,2014-07-09,17,94878a3b443a487951c4cfb648768906a2ef7e387f8d0d4b03b111f0f193bf69
4V9A_AA,2014-07-09,1506,d0b16aec84662c7cdc9399d4c6ad860c3ed912535a21ad889ac87492935663f6
4V9A_DA,2014-07-09,2909,ee65ef02d1906bfcc1f5af838571aed7031059363ecfb5690c46e786baa886d0
4V9B_DA,2014-07-09,2906,32aa0e07f53db3e812e26bd2c7530a2cc848ad8e46c3f928224aa57f906a419d
4V9D_CA,2014-07-09,2897,becc476720f63ccffdbe2e8075a5087a198f8bb181b77bf142fc4bc7ab71b45f
4V9D_DA,2014-07-09,2896,430bbeae2e8575818790bafb9daaf4162512f21b9abed17b6fb138a77ee1a74e
4V9F_0,2014-07-09,2803,fc007a9b8a3af6091db4967628c9c6bb83a145f18b23eca8a4d945b0528d1ff4
4V9H_AA,2014-07-09,1514,882443fe0c2d9b6b3549e16785edc8bc350d586818c8842c40aad9668a543bfd
4V9H_BA,2014-07-09,2859,d586549fedd57c29e363a05450dc0102d240eabbd5163f78e8edeed46424c7ab
4V9I_CY,2014-07-09,75,6a1f1d0ed85042a87640b40ca24c0e9801c49af6512edbf83fcb478a678cc29e
4V9K_BA,2014-07-09,2879,1ca7fae5c75b9addb1faca1a520abb8a24627d88762344bb0d6cf544465e22a0
4V9K_CA,2014-07-09,1511,5bc82b4f25440350442dbf92e038fe7effea1b0b1a4f50f6e803896087f12d94
4V9N_DA,2014-07-09,2789,dc25a2fb29677557b1501fe75761f9cd701ab724ad114fc6e0391ff4331690cc
4V9P_AA,2014-07-09,2854,e6e72bf2994996dc7b92f6478cf52e66aca8806684e5511ca10315e81d596ace
4V9Q_BA,2014-07-09,1504,99728283bcebb364160868b73308fce4aa7ba5dc698a60a1265c6110df04bb5a
4V9Q_CA,2014-07-09,2832,d7397cce39d84da96b6d6d08704d9bb0ba9135583dcddb7b0f1527cb796a9a00
4V9R_BA,2014-07-09,2731,a2f880d792674328b7afdf11d50f57cbae07e2e69c9a1aefd0d214212c44f5f9
4V9S_DA,2014-07-09,2714,8c48563a55ade4ca6c7b1eab98fc204c88197f216d67bb05692c537181d91ed4
4W29_CX,2014-10-01,76,305b03a9cec4400a09c73a28c0d73097761974fe0fab1aa16eac7e2b7b7f1f3d
4W2E_A,2014-10-01,2873,84a144c82081e327849576e7feb79e2475024eaa8cfa7447b918e14e7434b6f7
4W2E_a,2014-10-01,1496,e0f1f68d0ba75f055c535d99253461939aed6b8aa2020fbd378940e8709358ae
4W2F_AA,2014-10-15,1497,fa3fecfd44aa9421b8f624a2cb4a11ea1082d119b3137f862e6d5f94c8f96b7f
4W2F_BA,2014-10-15,2871,56bc3516bd36cc57dc1631c243163530c4a7e140bf2cfad01f86933e5f2fb801
4W2F_CA,2014-10-15,1503,29f672567cd4480f2b8415fb99783a490b6d4409bc90d8cf6856a125cfb885ac
4W2G_BA,2014-10-15,2819,ce000d39102bdf1b839fe113cc8c7cc856262bd9e0fe34c45aa66c7ae4e6863b
4W2H_AA,2014-10-15,1497,35ee1499b822ce5cc1519bfffa1f52b1cc46e21683d30ab8c0f1ab84c27b169e
4W2I_AA,2014-10-15,1496,3f33e88d583d1ef44c8f4431b04fc92b8945d1e67433aa577cdfc6a3dae8de10
4W2I_BA,2014-10-15,2822,09cdf0a7e966aadd2d4cc80a7056b8ea0ddd85c213a4fae3e08b8860b9fd4cc2
4W2I_DA,2014-10-15,2800,f20bb86add8fb165d7a0618b9b8bcc7c4b1302c190184cacbf27e4a92a3ddcd0
4W4G_RA,2015-10-21,2891,351c2d4e7aa40f00c08c309e9278f138f4ed9513285f167b4baae6e97125d675
4W4G_YA,2015-10-21,2875,89744bfd6b0b46f33a80e65cde74b3dd81292abcec29c884920774e0dfdad72a
4W90_C,2014-10-15,119,7070267c849290a1e64bd24c473ba8752be38d56746a5bb3065117c2473dae45
4W92_C,2014-10-22,119,7070267c849290a1e64bd24c473ba8752be38d56746a5bb3065117c2473dae45
4WC2_B,2015-04-15,75,bc2b60eb7b3861d6b1df44e589300a211f297cc5645f00a2572b88bf2f5f1e41
4WC3_B,2015-04-15,76,c5ca40ec6c6b4ab4aba104041ec3863a36955f5c400d0558fcb904fe4c9c6de0
4WCE_X,2015-10-21,2708,9180cbc995486d57dc9dc5cbef8ec8b8fb585463178ae72b9aa6214f02315e31
4WF1_CA,2014-11-05,1539,84babca4e4add8972c5b91f588dbce9c5e46c597e37c4c2d83d5361838b88cc9
4WF9_X,2015-10-21,2712,e1662dd9888f6aa8f8c5b6d1778793cc58c3e0091d47d079ce276c7baa24c0a3
4WFA_X,2015-10-21,2711,5fb34e6b38dd4ed050f4308a12c4f72992493a83941e61feae3b573b21965c02
4WFB_X,2015-10-21,2707,8a35b62480917b080275c788ff1e4a1a875464aa73002ae3a6c4f903109ccff1
4WFL_A,2014-10-15,107,106c78e569ce5cc1911ac9470dcfaa86e71535b81f6e2a7d19533d5ba17e4537
4WFM_B,2014-10-15,103,63a8850c773015430a74e0630cee573e100eea4c631ab845a0ff09d76d28bae1
4WFN_X,2015-12-23,2680,3b6b2694ba6f9382677e6efc13747e2f2d9ba18074997140c1c7e4cc9954d898
4WJ3_Q,2014-12-31,76,1913b0fe9a792a688968cce7f1ecde585a4d63b4ed086fca8768a43a85c32a8c
4WPO_AA,2015-01-28,2872,5b5b52f1f060ca15e97c336de418b70295288d45a908ea7a8ea4337dad9d58cd
4WPO_BA,2015-01-28,1497,4bf3deb822dbc6bb3804bbbc057818bb5d5b2f4722f8f93dfa9fccbf61295cda
4WPO_CA,2015-01-28,2868,206875179f35dae2e004e9e6ab48d9650db321d2b2a73a9517ca852ebf077094
4WQ1_14,2015-06-10,2907,2ef320e82459f24efce5b44540fe53ae3f6b040d93b4a0a0041be6886268c3ed
4WQ1_1K,2015-06-10,85,ba627142edf85d3f53dc8572db7182b71d23ab039a629731d8d6e9a6507f1104
4WQ1_1L,2015-06-10,85,ba627142edf85d3f53dc8572db7182b71d23ab039a629731d8d6e9a6507f1104
4WQ1_2K,2015-06-10,77,494c9e7bfc24981da79fc14bd62299d4b8fd3ca8b90c04207ad267fcf9e010a5
4WQ1_3L,2015-06-10,85,ba627142edf85d3f53dc8572db7182b71d23ab039a629731d8d6e9a6507f1104
4WQF_BW,2015-01-28,76,8f304d38480c65a1254057127092e2f589f114c63a6df70f7c36c6f95255ecad
4WQF_CA,2015-01-28,2848,8b3adc3d0d115f8839d60ef434e09bdf034ee05d27bc6a6866abc81856e43c08
4WQR_1L,2015-06-10,76,8f304d38480c65a1254057127092e2f589f114c63a6df70f7c36c6f95255ecad
4WQU_BA,2015-01-28,1495,7a526d5ea2297edf9decce8dd795c0ed78395c982b4aa49ce074a2c6869f4802
4WQY_AA,2015-01-28,2852,e470db1891806f8a19b012988898acd0689f049c8a96a76c029894075ab43b52
4WR6_1G,2015-06-10,1498,b08df767c67965de344626c27fff92d8d021bdc7dfb082045b8e742e938a8eb9
4WR6_1L,2015-06-10,85,ba627142edf85d3f53dc8572db7182b71d23ab039a629731d8d6e9a6507f1104
4WR6_2K,2015-06-10,77,494c9e7bfc24981da79fc14bd62299d4b8fd3ca8b90c04207ad267fcf9e010a5
4WRA_13,2015-06-10,1505,78a3a37316bf81de5cc9ca827b30651800f6987f20a1860865b9064b2f114868
4WRA_1G,2015-06-10,1504,6daac3ec1fa99b09326a21614e799f7b82524a03b0833ab960eb733288ff9f2a
4WRA_1K,2015-06-10,85,ba627142edf85d3f53dc8572db7182b71d23ab039a629731d8d6e9a6507f1104
4WRA_2L,2015-06-10,77,494c9e7bfc24981da79fc14bd62299d4b8fd3ca8b90c04207ad267fcf9e010a5
4WRA_3K,2015-06-10,85,ba627142edf85d3f53dc8572db7182b71d23ab039a629731d8d6e9a6507f1104
4WRA_3L,2015-06-10,85,ba627142edf85d3f53dc8572db7182b71d23ab039a629731d8d6e9a6507f1104
4WRO_1K,2015-06-10,76,8f304d38480c65a1254057127092e2f589f114c63a6df70f7c36c6f95255ecad
4WRO_1L,2015-06-10,76,8f304d38480c65a1254057127092e2f589f114c63a6df70f7c36c6f95255ecad
4WSD_1H,2015-06-10,2912,9124d72c0b6553a57d49ef62059ced49ec1981fecf6b57a7de11271444689405
4WSD_1K,2015-06-10,76,8f304d38480c65a1254057127092e2f589f114c63a6df70f7c36c6f95255ecad
4WSD_3K,2015-06-10,76,8f304d38480c65a1254057127092e2f589f114c63a6df70f7c36c6f95255ecad
4WSD_3L,2015-06-10,76,8f304d38480c65a1254057127092e2f589f114c63a6df70f7c36c6f95255ecad
4WSM_13,2015-06-10,1507,3a97ce1eb79b4bc43c89faa190e9064fac00827b3d74e9ccd3d3ee4b714d929c
4WSM_1G,2015-06-10,1513,95625d1a8f79a4c5113edaf0f0f539afe281832142e1ca33a76063d647019833
4WSM_1L,2015-06-10,87,a2b1fcfac5d5ab93e754740f3108c7fb609a70a4a93ca7314d7b7833aaacd35a
4WSM_2K,2015-06-10,87,a2b1fcfac5d5ab93e754740f3108c7fb609a70a4a93ca7314d7b7833aaacd35a
4WSM_2L,2015-06-10,87,a2b1fcfac5d5ab93e754740f3108c7fb609a70a4a93ca7314d7b7833aaacd35a
4WSM_3K,2015-06-10,87,a2b1fcfac5d5ab93e754740f3108c7fb609a70a4a93ca7314d7b7833aaacd35a
4WSM_3L,2015-06-10,87,a2b1fcfac5d5ab93e754740f3108c7fb609a70a4a93ca7314d7b7833aaacd35a
4WT1_2K,2015-06-10,77,494c9e7bfc24981da79fc14bd62299d4b8fd3ca8b90c04207ad267fcf9e010a5
4WT8_D1,2015-01-21,2807,63ab39ffd02034cd61aa5e13da97398b260c0188263da44aba1d31e8f7e938a4
4WT8_DV,2015-01-21,55,224c95c388c6ea0b1d6d3f0f02a1898bf7eee33ed7aa9e503802e123c785e938
4WU1_13,2015-06-10,1501,d26c315b7c475dc2b13a84847f35bd7a75fcb94bbdc7b43296382e6dd7a56199
4WU1_1G,2015-06-10,1504,ae9a14dfb2320a2fc196e102c5a22125ca92fdcb655ebbcfdd13ebcc5f72a833
4WU1_2L,2015-06-10,85,ba627142edf85d3f53dc8572db7182b71d23ab039a629731d8d6e9a6507f1104
4WZD_13,2015-06-10,1499,3dcecfa3c04dcca3674166e9b03368520647de6643768ce330acc1596831f91a
4WZD_2K,2015-06-10,85,ba627142edf85d3f53dc8572db7182b71d23ab039a629731d8d6e9a6507f1104
4WZJ_VVVV,2015-01-14,68,5c0597088a77468d35b005df5f2a20ff2bae87a1f504dd72f0a9a118561de901
4WZO_13,2015-06-10,1497,f8d9739be5d80eb61ecf732f18fc46f1a3f095819a83579f7689962cb7208d6b
4WZO_14,2015-06-10,2877,20ed43fcdaed6fc371bf922bd9c9dd40f3f99fc4ebb5a7cd9e40b7774ea956f9
4WZO_1H,2015-06-10,2902,0482fd2c14a2c75d99998f296768f03bd47ad2bc9ab52bfb2b829b1fc533df8d
4WZO_1K,2015-06-10,77,494c9e7bfc24981da79fc14bd62299d4b8fd3ca8b90c04207ad267fcf9e010a5
4WZO_2L,2015-06-10,77,494c9e7bfc24981da79fc14bd62299d4b8fd3ca8b90c04207ad267fcf9e010a5
4WZO_3K,2015-06-10,76,8f304d38480c65a1254057127092e2f589f114c63a6df70f7c36c6f95255ecad
4X0A_B,2015-04-15,73,0f3e0cc38fd9e7e519676740d193fb5b70422fcffc0bf803758ba048fd4d13a3
4X0B_B,2015-04-15,77,f73b3675bc06717288604766f0cbd03fbb9ab0fe0f7a7a847a116558ef2bc805
4X4N_B,2015-02-11,32,7400f1c64e1f99ee1a3ce04254fe592f74822c3e3ba3676e679b5a98b774dce1
4X4N_D,2015-02-11,32,7400f1c64e1f99ee1a3ce04254fe592f74822c3e3ba3676e679b5a98b774dce1
4X4O_B,2015-02-11,34,ebee75c34bbd4cf53c7b382fb04d0dc31a744f991e5ce263fbdb9b672f7d5278
4X4P_D,2015-02-11,36,f56a607ee55f00294c83942d1616cec87e9559ffcb3038aa5a50a21956314381
4X4P_F,2015-02-11,27,656f053e3382002502d741f2f5ddd154b1f558a17377b00851a472f47844946e
4X4P_H,2015-02-11,28,4541e6d41d94c7bd57e8bab881e1db1e3c797d502e86141ad99ae3afd4eacb86
4X4Q_B,2015-02-11,36,f56a607ee55f00294c83942d1616cec87e9559ffcb3038aa5a50a21956314381
4X4Q_D,2015-02-11,36,f56a607ee55f00294c83942d1616cec87e9559ffcb3038aa5a50a21956314381
4X4R_D,2015-02-11,37,753a7f938ff1953b3d66d49bd497319d55b75e5a7782d914ab6418239a332671
4X4S_B,2015-02-11,37,753a7f938ff1953b3d66d49bd497319d55b75e5a7782d914ab6418239a332671
4X4T_B,2015-02-11,34,ebee75c34bbd4cf53c7b382fb04d0dc31a744f991e5ce263fbdb9b672f7d5278
4X4T_D,2015-02-11,34,ebee75c34bbd4cf53c7b382fb04d0dc31a744f991e5ce263fbdb9b672f7d5278
4X4U_B,2015-02-11,37,d9a9cb9d4aa31014e135e038feb281faba2b5aabe1bced09b13c6f6ebaf8ed74
4X4U_D,2015-02-11,37,d9a9cb9d4aa31014e135e038feb281faba2b5aabe1bced09b13c6f6ebaf8ed74
4X4U_G,2015-02-11,37,d9a9cb9d4aa31014e135e038feb281faba2b5aabe1bced09b13c6f6ebaf8ed74
4X4V_B,2015-02-11,37,d9a9cb9d4aa31014e135e038feb281faba2b5aabe1bced09b13c6f6ebaf8ed74
4X4V_D,2015-02-11,37,d9a9cb9d4aa31014e135e038feb281faba2b5aabe1bced09b13c6f6ebaf8ed74
4XEJ_A23S,2015-02-25,2876,74bad57a800f28f4caac52e1a62d57b8ab9a195867c0d41b9a56babceed9684b
4XEJ_B23S,2015-02-25,2876,935846b4964cf8477d00d32af73e078d4f815ed1c2a57a697c0ad0f80c524e06
4XEJ_BIRE,2015-02-25,32,ac7ad08c0a5cf69ef7a203d5cf0336d6312a1c7761c5381c7871ce511ac12a03
4XW7_A,2015-09-09,64,3ad45f7bed06509243666efc1d024abcdd667571c8febcd440940b404741f822
4Y1I_B,2015-04-08,100,f1a9f5208207596146191d42bb45c183461b93982ab2fcda48006b778645380b
4Y1J_A,2015-04-08,100,06ff354c0870f6929ca47639ec63b168ccf0262faaa1205317e641e3b1a1a21c
4Y1M_A,2015-04-08,107,0f3b1de6b9a1a7195b08da9af55e6290304f954e6852197616160b359d0ee704
4Y1M_B,2015-04-08,107,0f3b1de6b9a1a7195b08da9af55e6290304f954e6852197616160b359d0ee704
4Y1N_A,2015-10-14,275,9d12442570b3f90f16713476bb4aa2d8ac2927ee3cfd143ff689f0dbcb9b892d
4Y1N_B,2015-10-14,275,9d12442570b3f90f16713476bb4aa2d8ac2927ee3cfd143ff689f0dbcb9b892d
4Y1O_A,2015-10-14,275,9d12442570b3f90f16713476bb4aa2d8ac2927ee3cfd143ff689f0dbcb9b892d
4Y1O_B,2015-10-14,275,9d12442570b3f90f16713476bb4aa2d8ac2927ee3cfd143ff689f0dbcb9b892d
4Y27_A,2015-11-18,27,ef84716ab732e929d6b5daa79f8adf9bb4d157a50f3f8afa7abbf35283f18da8
4YAZ_A,2015-04-15,84,de78c5931713c1e9476c724573c02e5bc5a9db729f54ed5c7beb8001ef38474a
4YB1_R,2015-04-15,91,863063323fc7540e2b3d1378322e9a2b7c0400fedc2ff1431d4524e374f3821a
4YCO_D,2015-04-22,76,6209ca9eeb8f13803d376d20d94deef321b7c0ed44a9fc869990e81cd918df30
4YCO_E,2015-04-22,76,6209ca9eeb8f13803d376d20d94deef321b7c0ed44a9fc869990e81cd918df30
4YCO_F,2015-04-22,76,6209ca9eeb8f13803d376d20d94deef321b7c0ed44a9fc869990e81cd918df30
4YCP_B,2015-04-22,76,7d48180483ca28b9162a8b751e8fba115912a175b47f1ddafd4777f93607314a
4YHH_A,2015-04-08,1507,3d023bb158e8781286392c35a98eb87c279177e326e3d04a04bd760115ed10b3
4YPB_QV,2015-10-21,77,cc475a9b8a945a883c44e3a620f744e2ab42cccbf51640858b77c11c6d8c16f4
4YVI_C,2015-07-15,74,1d9cfe0a88bc23b093aba65cd329007bbb22d386f97c418b7a772dd42f0da1b9
4YVJ_C,2015-07-15,74,3ebd5c7684ae7f4fe64210ec8f4c5c05b20276cd78fac66215a89b6b02e4886e
4YVK_C,2015-07-15,74,12811271d5cc7bd509ec089e9a6bde36b058647e96821ecc42c6bbd926269254
4YYE_C,2016-01-06,76,8eecdc56ef90644e29d3c5cf62a3c4b092aae4a0539fa5c2167d9d0f5ace6d10
4Z0C_B,2015-10-07,13,477c897f05e7e10690eb40d713875ee0d88e29f4ddb70a59a0521b0d799148d9
4Z31_E,2015-10-14,15,edd7d483f759df55705661278a2a4c6b8d643c2d5634d108025e83b6b67ad6c4
4Z7K_C,2016-04-13,31,2ea9162ca58e86ffb33940a2b1c11299bee0171e90a0947cfea7343bb9e12217
4Z7L_F,2016-04-13,14,8f5d74b47de8f6ddbad74f5c112015dc8f94dccc5edf9381e5dbe88f61fed73f
4ZDO_E,2016-04-20,87,d360898e78fadcb53547400c9b6304f21b6702f321aa49add6dd58c1a7297463
4ZDP_E,2016-04-20,87,d360898e78fadcb53547400c9b6304f21b6702f321aa49add6dd58c1a7297463
4ZER_1A,2015-05-20,2813,1b077c5a57f88a4a19e65753b7baac3511b8d77e138aa95143c474da974f20fe
4ZER_2A,2015-05-20,2858,0d5d7056259b2496156e15a2fe9f7be590c2fe398c70f4a08797662b9bd8b111
4ZLD_B,2015-08-19,17,76fbee022538707db9ba27c79ff38eae1c09942d4daad7a074942802068c9a29
4ZNP_A,2015-08-26,73,3f01b0c61b4aaed43e79d8835749ce830e4797ab6a72eaeb7032aad4d7d75279
4ZNP_B,2015-08-26,73,3f01b0c61b4aaed43e79d8835749ce830e4797ab6a72eaeb7032aad4d7d75279
4ZSN_QA,2016-09-07,1511,f52be2a4ba5a037fcd8a8a2f4e0b4a95f2b345dd0535b0f0ada78f4cdd0583dc
4ZSN_XA,2016-09-07,1508,bfa9097021e7d08c7be88cbe1e93845833d5f659a58c8f16fa94214de2f78955
4ZT9_D,2015-07-08,85,975394a367877c236eacd2937e3e4c2c64c1228dfb5c5fc29191ab67e22f5068
5A17_A,2015-05-06,32,109d72d55d87986996af55a76eac4665e56583b931b1e63bfd21faa1c8003b17
5A2Q_3,2015-07-15,257,5aa716ff33bd887101c348affbf1b44afdd5eb9f558aa60620600c75da593859
5A8L_A,2015-12-02,253,6407bc50beabe9bdddd9df7f5897a24b4f3e670e830eca7d94ac4882d4514c32
5A8L_B,2015-12-02,67,2f294f0e5fc3aaa899d62b8530501e413cd2c0e5c84682581febd2592cd35acb
5A8L_P,2015-12-02,18,a5b62cac286e84082f02cf94a1c3938d58ae87349da07476b6254bb6bca11e30
5AH5_C,2016-02-17,84,a59b9e78625271aea4cd08bbe28f9eac1a975c14e9af86aa4755c9b15a0f7e0d
5AH5_D,2016-02-17,84,a59b9e78625271aea4cd08bbe28f9eac1a975c14e9af86aa4755c9b15a0f7e0d
5AJ4_BA,2015-04-22,1515,b0d116cdb25d8fc6156f89bfcb5ff983db752393760b330cfc2202a4f4e3685a
5AKA_7,2015-03-25,74,483832f172f40aff27c3b07fdfe12967fb5953485417402faf83081b5c7c80b5
5AMQ_C,2015-06-03,10,c6aee10afb09bfccb2f2b6dd423951b05f01bf80a30fa94794375d420ca5a384
5ANC_N,2015-10-21,1162,77278ea57b0c546ac75b2a565e258e9c1277d48103aa9732e5d84bb6efa28258
5AOX_C,2015-11-11,87,7bc482a41c30eb91a2877dadfabac9b512ead81ae9d32010b12f5e9f66fb8071
5APO_5,2015-12-16,3092,a46c306d397f819e7b91690b118fb1d48127d33dafb2ae7cb1535922ae044e9d
5AXM_P,2016-08-03,75,51c84c474afd9e0bd79ddedb589b1b7675f3bbf030b1bd089f4fe7982c83dabb
5AXN_P,2016-08-03,75,51c84c474afd9e0bd79ddedb589b1b7675f3bbf030b1bd089f4fe7982c83dabb
5B2P_B,2016-03-02,94,07a4cece3583736bc21d1a09c12fa7f8da2d44884097f68d7659b3b2d281ae46
5B2Q_B,2016-03-02,94,d8a0beb51e98f3f7df4d3ea8b4b8f0bbd10bad12cbfb6e0a5ebaf57f2d080550
5B2S_A,2016-03-23,81,2169d0e670318f1d2539ae621f0f2aa0a95bd859d6ded39bf5eb9b0b1b836dc1
5B43_B,2016-05-04,43,eb3efbf561912fe495e80659eb44c1cffcc6cdb04a539f6643a19bd736d9f72b
5B63_B,2017-05-31,77,d2de7944af4951f7fbf7ea05978e29477b01ea09b970cafde99829461c28b493
5BJO_E,2017-09-27,36,4b413a46a00c26bb7ca8ee63c710aab5fe39c62f018465beb36f9bedc79c6861
5BTM_A,2015-07-15,55,631b4577f6ea84753da2b5148c5a487ba43f8daf47a6ce1ac84c4033a81c2983
5BTP_B,2015-08-12,75,9b33908d46ed3cc4bd5d210c8722af715b9fca9e8161ec6e08238dfbef3a47e7
5C0X_R,2015-08-05,45,d6a4baa6577fca207cf5a5283d39f82400037c20017e7fa3ca5c8cbd702e77d1
5C7W_C,2015-08-12,67,d03587c8260d6db71200a071ea37909c7150d6d42472e994a51fc37f75c84b82
5CCB_N,2015-11-04,77,4b7e6e9bb5f31d7af6e789e70126dd1ace0737ec8738d3cde8f79526e6e9dd32
5CCX_N,2015-11-04,77,4b7e6e9bb5f31d7af6e789e70126dd1ace0737ec8738d3cde8f79526e6e9dd32
5CD1_M,2015-11-04,77,4b7e6e9bb5f31d7af6e789e70126dd1ace0737ec8738d3cde8f79526e6e9dd32
5CD1_N,2015-11-04,77,4b7e6e9bb5f31d7af6e789e70126dd1ace0737ec8738d3cde8f79526e6e9dd32
5CKK_Y,2016-01-13,44,d3e32ad3eb29e5115578a3b928a0ee89746e901e20a6ac7484efd8b9469aaca0
5CZZ_B,2015-09-02,73,10e13499b1a05bb946b13397f41fc9b5d4016638cbce54b822c33388e2e29f26
5D0A_E,2016-09-28,17,ecdbb347db7104727d0f626857c0ccbda2ffc614aeca13e6e8a5fcb61c31e070
5D0A_F,2016-09-28,17,ecdbb347db7104727d0f626857c0ccbda2ffc614aeca13e6e8a5fcb61c31e070
5D0B_F,2016-09-28,17,f460c36bcdea440ff6abfdd301aeabbe56093af5dc8bd62bc3e844b9d079b581
5D5L_D,2016-08-10,77,51dfdb03eb5ce280f8da0f53089621d024ec649ce2ecae984b27b229bf85cbc2
5D6G_0,2016-09-14,74,00f7a5c40faa0257838abe122c51e2a9cada68e856d2024a6e5119d039103e5a
5D8B_ZC,2015-10-14,2879,da4bf45c54e0869b6cad6586341ce94580abd1a9c5d3497710ed1134fa1fd79f
5DCV_D,2016-07-06,51,a093a13656e4aae6959474053e9cc2ebf6935c0922c6ce9ca596f78ea621039e
5DDO_A,2015-12-23,61,1eab15dbe4b65ed4a7c8180edfacc09ea89ae4d9a13e17084f64e50e0f90f7e9
5DDP_A,2015-12-23,61,004ffe9d552326dbf77ab08c14d129eca02beca9c592b108138cdccfd5c9031d
5DE5_A,2015-09-23,35,9d65fcf35c0ddfb117285497ac854c71ccc82207b281dfaac43f727c9af05453
5DGF_5,2016-12-14,3169,f4ec830223f976bc582ae92b4e8b3dd9880c89b97a4baf2508ad85cc6d0171d8
5DGV_1,2016-12-14,3148,66b9571a811f86fc80df61b3283c2e8187a8a42a935d11c5267f6096ccce07bd
5DGV_5,2016-12-14,3149,61037359152267218db4d1a6f6a6c6f298128159a187b5640c05d99f3eb1eec8
5DH8_A,2015-10-07,48,8a088235582ad9e0b4cf2a5f72cc739eb283ac29c96f57194ecc86dab9a0b337
5DI4_A,2015-10-07,48,47bd1a22b88e0fe1738ac4afaccdba1da4295f6ba23194fb5a114b33cfdf4d7c
5DM7_X,2015-11-11,2780,afb6ed3ae7c0bbaa1f0e6c5bdfa24dd96f97493f2ec62d443991c604e05158ee
5DO4_A,2016-09-14,14,a526ff3073f9b86ca352f723b981ee96028e1c4398447e71871341c56ca1100c
5DOX_2A,2015-12-30,2856,942d9804258027867ccbb1dd6f7df7da1542246ac54751ae47cd6988da83c221
5DOY_1w,2015-12-30,76,8f304d38480c65a1254057127092e2f589f114c63a6df70f7c36c6f95255ecad
5DOY_2w,2015-12-30,76,8f304d38480c65a1254057127092e2f589f114c63a6df70f7c36c6f95255ecad
5DUN_A,2015-10-28,54,cd9ed9c229f6d12fd9fccf34b9181baec85003f01422e74be6a34493a99a82e5
5E08_N,2016-09-21,12,fb07cf7d4143ec423f6a5d0de3010ec09910a59bde2f269254a8b71e9baa3799
5E54_A,2016-11-23,71,6fc065ccaac1fc481819950f7a1aec52f521bceb2400fb3569de930d11a0547e
5E6M_C,2016-07-20,74,f3986db28052c6eaaac443d9af802ecd9f4d9fdb523ec71924e5d9b128acd301
5E7K_1G,2016-01-27,1507,da34438b302557eb4bc4bbfb3768d51e17ad802f908c73b97522fd92f8797db8
5E7K_1K,2016-01-27,75,bfc48628a6c8a146637dc3ebab297748ab823e5b5ad95afa741632bd0630c25e
5E7K_3L,2016-01-27,76,87ca17862c63487980fabcc3cf2501f38c4c74d75c381fc4e4ba29683c0d026b
5E81_14,2016-01-27,2855,4cedf183029bf7c070d729fea4ed60bb43f344c5b28b13879bae064ec514bf80
5E81_1H,2016-01-27,2885,0e0da83a0b6757ce3d6d4e0598ebb00c6156c26f730384dc90fd04e2bab5e029
5E81_1L,2016-01-27,76,87ca17862c63487980fabcc3cf2501f38c4c74d75c381fc4e4ba29683c0d026b
5E81_3K,2016-01-27,76,87ca17862c63487980fabcc3cf2501f38c4c74d75c381fc4e4ba29683c0d026b
5EL4_14,2016-01-27,2861,e2957d88c7588b76a6456f3a517064db3a4c012266294d7b92592676db99dd1b
5EL4_1L,2016-01-27,76,87ca17862c63487980fabcc3cf2501f38c4c74d75c381fc4e4ba29683c0d026b
5EL4_3L,2016-01-27,76,87ca17862c63487980fabcc3cf2501f38c4c74d75c381fc4e4ba29683c0d026b
5EL5_13,2016-01-27,1493,e4efdd789c69c6f0275272ec9ea4a4598a9fb6e86c32a0a24ace61d6cae3734b
5EL5_1G,2016-01-27,1496,d397c605f1b403f3a3b84d3407a5855ab6d18ce2a31097c242e475adfb45f5e7
5EL5_1H,2016-01-27,2830,e735b418f792eca0f157db367128f4fb3eb13a66428e3aaae211e173de178584
5EL5_1K,2016-01-27,76,87ca17862c63487980fabcc3cf2501f38c4c74d75c381fc4e4ba29683c0d026b
5EL5_1L,2016-01-27,76,87ca17862c63487980fabcc3cf2501f38c4c74d75c381fc4e4ba29683c0d026b
5EL5_3L,2016-01-27,76,87ca17862c63487980fabcc3cf2501f38c4c74d75c381fc4e4ba29683c0d026b
5EL6_1L,2016-01-27,76,87ca17862c63487980fabcc3cf2501f38c4c74d75c381fc4e4ba29683c0d026b
5EL7_1G,2016-01-27,1506,7f3fd051f78dccf0f3a001d4a0356967a7bc1885334c322d00c0227891055f22
5EL7_1H,2016-01-27,2833,9e1138546fc3566f631bbf41ff0f4f466d2c4a4505dd2b782124cdfd13e73ba0
5EL7_3L,2016-01-27,76,87ca17862c63487980fabcc3cf2501f38c4c74d75c381fc4e4ba29683c0d026b
5F5F_B,2016-04-06,20,c78bde2d2a390e173c6b6de860db1fb3962688a8ff88deef82fda71101ffd273
5F5H_D,2016-04-06,22,028cb28420615e41fee2f555b64a8bd42a12a7b5213b59123ae2c94991653955
5F9F_J,2016-01-13,24,7e539ef323800372496a06d7d207b3a41a4213953d0066a4ed6d6090dc2368c9
5F9H_B,2016-01-13,23,460b7f337c25a92ef6f7c718a77f040189be438c922961607287004aac9854bd
5FCJ_5,2016-05-11,3150,36930455ca5565c264c4575a2b4616d203b6768d08f1ebbeba51d536be398d5e
5FJ0_C,2016-09-28,19,ce7e8b6688ff49624f8d1150e45ae4e9bb7b168bc3eadf30b997f63866697e5c
5FJ1_H,2016-05-25,24,5f8325422e8f29b8647ca9e5ff3b3ba30b9d6d3adf13b5c9c8643f65780f1b37
5FJ4_D,2016-05-25,35,3dd0b8fd11764286c02c2d88154907541bed40fd8aa5ca84e18ea0666391b500
5FJC_A,2016-05-25,94,6ba8c17b8fc9f7700f609f8cdc0dd36c807f0171ecf503be1da24efb00e2759e
5FK1_A,2016-05-25,94,47950b7cc56951a6b8eaa3d9a4c832d0e0c90adde53193d96ac15426b9a5f3a2
5FK2_A,2016-05-25,94,381b919b40b6f14ab01a88c95abbf2584c0c042fb37558de758e0137d6d39995
5FK3_A,2016-05-25,94,eeaff8e8021103680682580d496d41e94ce19a603ed2f1af62bef45223ec68de
5FK4_A,2016-05-25,93,913108987b0084dd25e879138b66c3f0aae09ca7e28b72a06efc2e7f58bb7101
5FK5_A,2016-05-25,94,644f94f26842003b885d274d0246227a4fbae8ef0d6f7e1932aa728f2ceb189d
5FK6_A,2016-05-25,94,08adcd7cc73bb5217aa6f5469f010fc884a74e8c5eda05eee12c1dfff7fe2217
5FKD_A,2016-05-25,94,6061c6e4c04f228daba22a1a4d0c02812e9127b7ef3be147409de310818d8c6f
5FKE_A,2016-05-25,94,6495a9541f65d784236be9b6e90af69f0713c2aa8c14602a7eb59a25ff9e17cb
5FKF_A,2016-05-25,94,7299e9d6f11b8261958a3953f9e096cdf6c5f12d4bbcedf41c25e84abfa59a85
5FKG_A,2016-05-25,94,94af805ff09def0add8f676457947011f3e4ecc6161354c269bca84a402acd99
5FKH_A,2016-05-25,94,c852e7fa9f65d9b4b8dac44d01855fd55982ec5dddd373f78110630b865e54fa
5FQ5_A,2016-03-23,84,250a3c11ca7236ff1989a22430d442a72e05e87516f7b02acc77c73c843c461a
5G2Y_A,2016-05-04,704,b0940d335d6f8bb65c7f20d797721bd28ae8dd6ad91b5195dd68dd36f68f8f82
5G4T_A,2016-09-28,11,e73f01c65d6224b5661c20bae5333764241631ea8385655c70a6eb73916a5bf0
5G4U_I,2016-09-28,19,29ec8d0cce33b5ce05cfe4abe365bd48e36c1eb3bc2636c5f71327a70710639b
5G4V_B,2016-09-28,19,32b83e9e83034a75084eed587b1219c1b10ef21e1eec7324d3938ef8c2dd0c0b
5GAE_A,2016-01-27,2884,1e4ff892f1148b1cfcf921a77b89c5c51c91c6bd7c5983bf1369c02dd8f929dc
5GAG_1,2016-01-27,113,69cdc16a2f8477790aa4b9adf93ddf0f973ca4220828de073d30dc34bf984147
5GAK_B,2016-02-24,77,eb3b7b0c79383b6761703320f6c953b25376611e73aee9d0ec7ff2557a296b26
5GAM_W,2016-02-03,31,be8123bc8f2d2c0d95c6a38ee38162edd91febae1f35cd4bb1b7bd9c2b09ccd3
5GAN_V,2016-01-27,160,a3d0e32858fa64db54a8e476c23ea7181acde82a65910a13b4af98d96ac2145c
5GAN_W,2016-01-27,80,be7930d97eeda2c68837e4293c15ffeee9e6f17190ce884963a37e39d7f16752
5GAO_V,2016-01-27,96,df0ac7ac860671e91d20dfcb6a1ecf65002851b931c9d10dcd3323df63e5e494
5GAP_U,2016-01-27,214,b8338b9f8bf8d3bce735a50ff2b28d53001b2b6582fae77d3205c82394436398
5GAP_V,2016-01-27,67,1b69ff7ce673472dad1b88626fc827babad79c0a00bde32d1d2588a19efa259a
5GAP_W,2016-01-27,112,e59c3193799e1f2eba9f1d068c3a70ce2895e5447a65f5eab07cf076a24b9bae
5GM6_L,2016-09-21,66,54f246871d18766a6a202ee9d94876e6321ab689f5adf6aa8b1c5703f618750e
5GMK_L,2016-08-17,127,71708b6bb1fd8efa3c4495965bb6707f9c83ee2bc6899f9dbe7d5918aff989cf
5H1S_A,2017-02-01,2799,5ce73d30d7a4016f2b585b64601cb182bbe429de0c2e067be809a0bc5bc50afd
5H1S_B,2017-02-01,121,2ee557eafd7ee244eb72763009bb391ce68b22e18330c3ad83605d2bfd6ca9aa
5H4P_1,2017-01-25,3091,3bdf0c37bec68d76c28d1cec759fdd4acb680b0fada31541b1043446bd187d26
5H5U_5,2017-01-25,76,52a1e61473775f1b9db88184a93a183d603d7ce7ace955e62642c9f9ca4d574a
5H5U_h,2017-01-25,1534,8436a12a3cf3ab5614335d8f32d30838b6ef92e1cb924cb961244420260e9283
5H9F_L,2016-02-17,61,c0fc3d1ba1e2d360f7f9c379547eacbc10eb7d6e02d4a7241c2764713bf797a9
5HAU_2a,2016-04-06,1501,21cb6c053596356f3792dc281ead9e0aa0489044f18b732736eefd2cc1db9a3c
5HCQ_1A,2016-04-06,2746,35268538479616cde447e21b7a33e3f129ff5a6d2e519b447e4afb6713f091d2
5HCR_2A,2016-04-06,2790,c54fd548209ab88b973ec2d6f6fb7a00e68aa35302be42dc0e68e58262e18f93
5HCR_2a,2016-04-06,1483,dc57384e012d47ab2d26814d582eb475043acbea1bd48ff1ccd80a13c2e51230
5HD1_1a,2016-04-06,1477,b4b1cdb97f4bd1992e2f96f08b7669283468bff88fa370f806fcfbd1c35752b4
5HKV_X,2017-05-03,2695,8dec8c3bd56c2dc6f380a4ea6a6bb84f49fb3d8f01e3a58338566b51ec456f40
5HL7_X,2016-12-21,2705,ec8c736fdffc60791bdada6a702041f70a5bada129dc734b60985bd3ebdc1d2c
5HLF_E,2016-02-10,33,4da970cd8a61d90bb80ccc70dcc5d5d5e4123fd4c8a03528c7f7318180e99e6e
5HR6_C,2016-04-13,68,24647fb872772e1d7534f6c4d350495585b5cec24e9e0704955e328041422ba5
5HR6_D,2016-04-13,68,24647fb872772e1d7534f6c4d350495585b5cec24e9e0704955e328041422ba5
5HR7_D,2016-04-13,76,fe0c4ffc0c0d1c06c8c460d594a52233bdfa77293de33bca6ca03f7f8b045c08
5HRT_B,2016-04-06,25,46c62ff3aae47479cdfe6be737e67fc36c58ede21386a926004262775aa67a23
5HSW_B,2017-02-01,18,11b09d45fe51cbb862cac46524a673e4258ebb1edffcb8b883e2885800e1ffaa
5IB7_13,2016-05-25,1499,500e6dbd634acfe575e9c0f28ba60dc7a5e49d5f62db3ab4c6669ed8c84e21c1
5IB7_14,2016-05-25,2826,9c74911da50bda63788f729d06db796b43814dd41f71b0ea4e3f442c4512d1bd
5IB7_1G,2016-05-25,1508,b21c51ddf3e3648ff810d8d089cf1b0a56b591bfb9ddedc14e9b3e4329b25e91
5IB7_1H,2016-05-25,2860,cbdceab923e1fce2c424e4a02d92fc381d452ef1a8852dea139e9211f2ac518b
5IB7_1K,2016-05-25,76,87ca17862c63487980fabcc3cf2501f38c4c74d75c381fc4e4ba29683c0d026b
5IB7_1L,2016-05-25,76,87ca17862c63487980fabcc3cf2501f38c4c74d75c381fc4e4ba29683c0d026b
5IB8_13,2016-05-25,1500,4ef5bca85a7a98c1fe26ef40a7fd367947f2d16800fed3194e0f7d886445cbe4
5IB8_14,2016-05-25,2825,9799ba841bf02b068acdf3a2c4be416bf6474f67ae2645c3fbbdd0207b8f0296
5IB8_1H,2016-05-25,2831,c30218152609c23737c7e17e50ba7514f6ddc831f607efb799e20d8a6c5f6b2c
5IB8_1K,2016-05-25,76,87ca17862c63487980fabcc3cf2501f38c4c74d75c381fc4e4ba29683c0d026b
5IB8_1L,2016-05-25,76,87ca17862c63487980fabcc3cf2501f38c4c74d75c381fc4e4ba29683c0d026b
5IB8_3L,2016-05-25,76,87ca17862c63487980fabcc3cf2501f38c4c74d75c381fc4e4ba29683c0d026b
5IBB_13,2016-05-25,1496,bbb304c674fa205472c9c9bc6c44de3c87dc261b5af485a766ffca66c2b896c7
5IBB_14,2016-05-25,2810,946a22d3a63b759c84689a83f2a832fc1714dae5ec135a2300c650cf8b271cef
5IBB_1G,2016-05-25,1506,b502b59eb31a74ee0c777bf44c8ca658d818c844e6a2577ffdb71ac60b11ffbd
5IBB_1H,2016-05-25,2841,79fffb9d50b5578cb6708c4520b32b0fe42a41c7a2232a45ba03ad7417ec403a
5IBB_1K,2016-05-25,76,305b03a9cec4400a09c73a28c0d73097761974fe0fab1aa16eac7e2b7b7f1f3d
5IBB_1L,2016-05-25,76,305b03a9cec4400a09c73a28c0d73097761974fe0fab1aa16eac7e2b7b7f1f3d
5IBB_2L,2016-05-25,77,494c9e7bfc24981da79fc14bd62299d4b8fd3ca8b90c04207ad267fcf9e010a5
5IBB_3K,2016-05-25,76,305b03a9cec4400a09c73a28c0d73097761974fe0fab1aa16eac7e2b7b7f1f3d
5IBB_3L,2016-05-25,76,305b03a9cec4400a09c73a28c0d73097761974fe0fab1aa16eac7e2b7b7f1f3d
5IEM_A,2016-11-02,57,5600b1992dd4e3d5ec7910eaf627166c40d6d29b4a8fcc9265a5fce73e03f678
5IMR_D,2016-05-18,2889,de1e8d663911b84df45bc8eb9ec9c6dbce3c826053c0ef0ad8a38e924e7e79e7
5IQR_5,2016-05-04,78,cf467a5f7987313266bc6ea4fb6ebdc6c98d95d2b5138cc7a3e406df79c1ca15
5IQR_6,2016-05-04,76,8f304d38480c65a1254057127092e2f589f114c63a6df70f7c36c6f95255ecad
5IT7_4,2016-05-18,190,73a3d8b1b0c14cd6bdb51e01058d4787df0763cd3a9b54daf9215ed44ebbae75
5IT7_5,2016-05-18,3270,dda2602795262efa0411e40753cf538dc0066d722d94d6eced58df7ee5ca9eec
5IT9_i,2016-05-18,192,68bec16e88d20ae74e1b1262da7f99a3af8494ffb9255dbf5cdd82341b6db0d3
5IWA_A,2016-04-27,1509,bd29e42dacb5f5f8adc833f9b264d4b175457da0796d99b861fe1ff7ac86a79d
5J02_A,2016-12-14,418,5fd2977032d13f14b3b1e90e2ee8dca6923813f348c9da3a55b32f6c29162df1
5J4D_FB,2016-05-18,1495,2cab845ed67ceb2790083fb44ec453ebf7b7fbdacd6eceba81c6583074b45427
5J4D_IA,2016-05-18,77,cc475a9b8a945a883c44e3a620f744e2ab42cccbf51640858b77c11c6d8c16f4
5J7L_AA,2016-07-27,1523,722ad2e4fddbcc6e86845d9df0ecac47c582dc21dfc0730fb35a43f7350a7cdb
5J7L_CA,2016-07-27,2875,3eb5f5e4d224e1298a3236e654d1103592b70b6c17eb7ac5c499e36672e186c9
5J7L_DA,2016-07-27,2873,a1896418251ffe35e288fc0da49054fabb3c4ec673c2748073fe4a6b16848277
5J88_AA,2016-07-06,1523,d829dfab5c6ed35e56ee8dad42e3b0ab5825047b5ab51d89c2f67aaa51dd0fe9
5J88_BA,2016-07-06,1522,216f28cd9390918bf53963d5b5690e5dfc8489af77a78c51acf82a840b58bd66
5J8B_A,2016-05-25,2874,0e45758b1ef8b97368b8a17b8428b93c4601b96d5f059633e35600c58cfe7675
5J8B_y,2016-05-25,76,8f304d38480c65a1254057127092e2f589f114c63a6df70f7c36c6f95255ecad
5J91_BA,2016-07-06,1522,d25db39baa548656b8b54929edc6d356177e4d2d2fa676d4f9e5e79baa425bd3
5JB3_4,2016-11-30,76,3807a59848c2f38d10a01c82e8be960380bdd0d2de2f1442d846a8874ad51f8d
5JBG_X,2016-06-01,26,72d0f5b9309937e69c0bc485abb8da0267eada9443b53d30368dd84169169b2e
5JBH_4,2016-12-07,76,3807a59848c2f38d10a01c82e8be960380bdd0d2de2f1442d846a8874ad51f8d
5JC9_BA,2016-07-06,1522,10d8a5e7ee97664f1ed792ab7b5c68b748ca2623f59fa880285681357c254629
5JCS_x,2016-11-16,3394,d0dcde13729b2fcb38a70341bb30e6f35fff63c2bdcef23d48cf1467b585ba95
5JEA_R,2016-07-13,27,47082762c806330c524175c16943133f2be680eba9d0999c8546dcae7a14c971
5JPQ_2,2016-07-27,852,8c8333e44f41706f9143639cd0f667a0cd02868ca6464e732a0a1ea8c7c7a7f5
5JPQ_3,2016-07-27,274,14bea91335d468f9bf567ecaed73b54ab6a447513cae8543a065f6d96b4a6d76
5JTE_AW,2016-07-20,74,5624e3d2c16501d2c943bc9d7a6da4524e7e73aaa3689f229e4b80bcb9a0ef45
5JTE_AY,2016-07-20,65,046fcbab0dbe1985b62250d22b9520322f31b65c4a23b0ad90af100b413ec141
5JU8_AX,2016-07-20,77,eb3b7b0c79383b6761703320f6c953b25376611e73aee9d0ec7ff2557a296b26
5JUS_B,2016-10-05,3309,be5057ec02172ffb6f7209567f410acd5abe99d75146d55a5569bc19310565ae
5JUS_C,2016-10-05,158,6c17d19279593e8dc0449230f7d88a7729158aadfb002f2c3fdcea4f02a24a34
5JUT_EC,2016-10-05,201,95417790422a4d3a560f2319cb7ea16ff01f71d2186715d6e2268e3c2ef56f00
5JUU_B,2016-10-05,3307,6b74eb31c996007712ef6fbc5527200543b06524c553229bcb7cb6f777206d2b
5JVG_X,2016-11-09,2710,388b8c047b378c5a83a0ee84d85073fe86b3782c31c7c60cbe1e11fd518040a5
5JVH_X,2016-11-09,2658,8d0e71099017507a78addb4a5a0a00e2e443cb64200bf9a1bdd049a2dd1f78b9
5JVH_Y,2016-11-09,123,4bf59f7c5c7b887448086d2e44c381b1c934a46778fd5aff49431b0a57e22fcd
5K0Y_A,2016-07-13,1776,ae30255ef618bf4fc6424bea16086f7bb1ef368e2a413e97a0466af5ce9ab22a
5K36_L,2016-11-02,17,34cdf8921a8eaab740ca61d89e32c6aef150890fde7705b7d3b28141879f65f1
5K7D_A,2016-07-13,47,6bf685f8c1afdbfb1cc4870354d6593e7e55b849fec70591a46f5a80de1bb2c8
5KCR_1A,2016-08-17,2873,9b83bb8aa0ca1102b994099631bb4b4e92ecff903f70f803dcef2c4c142019e0
5KCR_1x,2016-08-17,87,a2b1fcfac5d5ab93e754740f3108c7fb609a70a4a93ca7314d7b7833aaacd35a
5KCS_1x,2016-08-17,77,2959e322384464469e46bdbd6e76fae34c8b9aa17a74d319b00454b90ce2c191
5KH8_A,2017-07-19,47,693f144da1664a5568e366b252339dac4dae713aabe67e246166fe4566171814
5KK5_B,2016-08-10,45,654c491274a3e09df1548780d920796e1be3ceeeb742aafd55901abc8b08e610
5KMZ_A,2016-10-12,31,b4fe86910232352eb08ba5ce460baa0078ce576d20a709d450ca63d94b1df847
5KPY_A,2017-01-11,71,e1532ce688220d2631c0d1733e672fa3944db7271d50b7f988caf5c7b3100c91
5KQE_A,2016-08-24,36,2af832d6a7c98019cad63cd37137c94a984804896cf08ddf743168bcacd2a4d1
5KTJ_A,2016-10-05,50,2c2977226956dd9072ed68f424913af62b391000f928e743654e4fcecbba8e19
5L1Z_N,2016-10-26,23,9c68030ce6700b27a5e13f6a26137bb855e9b35177567bb790a01ec8779c7d1e
5L2L_D,2016-12-21,12,4768ed2363dfea00ced6066f4e237a893e5b0737d1d595ad0b95e311cb95f188
5L2L_H,2016-12-21,12,4768ed2363dfea00ced6066f4e237a893e5b0737d1d595ad0b95e311cb95f188
5L3P_A,2016-07-20,2866,0c1842bd38f94537ccea20a9877437791f69c0c1dad8b8fcdcbb6151e98c1b1a
5L3P_y,2016-07-20,73,fbe5d8390bc89f8dc5780694d0c999001f711e5443707f3be0714ad20d84c8ce
5L4O_A,2017-03-01,77,1b3054a4b9b764b357542be893bccab21f75803e8b986a9dd5632b70ef4061cc
5LI0_a,2016-12-28,1547,b1b3c5a19840b8f8ba94c8bdd11c34f173bd56568d210f73c68eb11e6c26fabf
5LJ3_I,2016-08-03,33,df1f352afd08a2dbf44ba5b8c9fbb06283fa6679abf1a212be4732c818bcbbf6
5LJ3_V,2016-08-03,112,e59c3193799e1f2eba9f1d068c3a70ce2895e5447a65f5eab07cf076a24b9bae
5LJ3_Z,2016-08-03,171,7c70afa5eb51efebc34a79054fa21bbe936ebc1d5c37c063f5501b67898071c0
5LKS_L5,2017-04-26,3776,fbaabfa04eb9f3895cf6ec72c1fb125121df9714a14f24ce4ed0feae5ff983e2
5LL6_2,2017-04-12,1325,ffbeb2733329b41cbb4090c57648fe4b1a1d209d64eb6e5eabf1e083750bc2db
5LM7_G,2017-04-05,30,2952aa34dbab2d747ebb23bda2469f0b61480d06a7ff6ccc137e8c649243eccd
5LM7_R,2017-04-05,30,2952aa34dbab2d747ebb23bda2469f0b61480d06a7ff6ccc137e8c649243eccd
5LMS_A,2016-10-05,1514,b70438e3c3f35032ee21306b093d92573c733521f1653b27c291cb4de86e9b1f
5LMU_Z,2016-10-05,77,cc475a9b8a945a883c44e3a620f744e2ab42cccbf51640858b77c11c6d8c16f4
5LQW_2,2016-10-05,81,aea805b7ec5a728882bfa43d7bd1f0a80ca7e354e2dbe52e7b7227e86ac47efb
5LSN_A,2017-09-20,29,2853c88950a19656df079e66c4160d2b250b6f6c2195920726f8abb1e2f90a02
5LWJ_A,2016-12-14,34,cce2b0497aefc6a0b21b07f9634b8faa48cbb298855b09cb182dec86276f787d
5LYU_B,2017-01-25,58,4637b9d1751ac0a7128246ce81d04f793a7232809c098d5d2e13afef46330e6e
5LYV_B,2017-01-25,57,5600b1992dd4e3d5ec7910eaf627166c40d6d29b4a8fcc9265a5fce73e03f678
5LZC_y,2016-11-23,95,6374a12dbabcd0fbc152574ae020c78eb95cfc3015e85c156313802e0454aecf
5LZD_x,2016-11-23,48,40543b47790fe891025b510ab05d370985c622ff3d8b670eb6717b4fba9ca0e2
5LZE_A,2016-11-23,2876,3762c3c2cc4ae25d3bc302f563187179f921fcb95419afc75d3537625c590fac
5LZF_a,2016-11-23,1528,a948cb970561c86d17780d97da7f069dfe0407057a6d692ec2c246804fc25b49
5LZV_2,2016-11-30,76,9cc82343d121fb63b7ebd540fa3b0d2a995c259d6e31f97d730e077996f26c17
5M0H_A,2017-01-18,42,75c084ada4814632055d75401afe592fbed9107ea20fd15f10108a9fe1831027
5M0I_F,2017-01-18,28,5615fc1dd63489fdad90fc251ad6c51834cafdd945e58cc104e2c42599ff1841
5M1J_14,2017-01-18,3295,c8b4b34a54a2c5d64a9b307b91dd8fe9fcca350e73978bd15101603bb12fd106
5M3H_V,2016-12-21,16,2873f5b7ecc4984a72c9033e838bfec0da8a2d4d22c243ce2bcb308b1c784c21
5M73_A,2016-12-07,145,d320a527810b92e47abc240c6e73f6a409ec5e0fe3685dcb1a8e629d573ef64d
5MC6_2,2017-01-18,1767,06c530b7efcca5523e6c7ed9120ac2c7dc4558188f33aeca5d6102f65a7ce642
5MC6_BQ,2017-01-18,3165,991733869672e55536180fb0b513b5b7f0bc19f04f04be793909c79919c2f7d1
5MDV_5,2016-12-14,70,7c9a0a302a90198f4ce37110c07838f529c91bdf61bedbb85811aedc00f40d31
5MGA_B,2017-06-21,40,560dfd61edc378ae0c6d4b4f02358cee86ffeb4aebe2d57b3b8beffe76fb4f4b
5MGP_A,2016-12-14,2900,61e6ff884b8b2c56f79502607c57c11d0bc32b68dc269ce9b22e8f0f2c11567e
5ML7_A,2017-12-20,96,20890527ff12aab566a388050f461f3ce5afc44b75d5950bc2b186e150f368f4
5MLC_A,2016-12-28,2750,8dec622712268cafaa7b2c92162df04ce709f8e4bcb82c35234a8694261b0288
5MLC_B,2016-12-28,121,2ee557eafd7ee244eb72763009bb391ce68b22e18330c3ad83605d2bfd6ca9aa
5MLC_C,2016-12-28,103,b1abc03e7aee5b340a8154652a4763b75b53ef25a7a25233510783ef154659ef
5MMI_B,2017-01-11,121,2ee557eafd7ee244eb72763009bb391ce68b22e18330c3ad83605d2bfd6ca9aa
5MMM_A,2017-01-11,2798,a73539c558a12f8a31647f1feebbfb604bcf5b725e0a79f6bd2208d06cc1847b
5MMM_W,2017-01-11,106,dc9edfb70ff55122b4473779edd1962a6bda1d1f9b330ae51ebe29f16d41108e
5MMM_a,2017-01-11,1484,c9bfb2b003e908372f87c7150311da06338771d0d73646b0d3af3bdbe0f09942
5MPS_5,2017-01-18,141,0ea6c69b26c4439d76ecb455e8780e3134660e3024944a8d11a1f6509dcee9b0
5MQ0_2,2017-01-18,155,55ed6f22f36e46147476ffdf1445982a0325ec7d912f212eb76d61cd70848453
5MQ0_6,2017-01-18,112,e59c3193799e1f2eba9f1d068c3a70ce2895e5447a65f5eab07cf076a24b9bae
5MQF_2,2017-03-22,188,1433100b8169f15fa72fee6f5a1a7852066b4364a1a4f9cb55c288b1b99e5db8
5MQF_6,2017-03-22,106,013a2cfcdf41ad18643d7bc453de31a486ae4bf70909afc1356c281fd42c797d
5MRC_aa,2017-02-15,1501,c24f6e71be32f8bdfb2b00522fb5503560d134d699761097f843bb4e695a2f10
5MRE_A,2017-02-15,2709,a87b553205359de5b83d772f37ff2332209f01fabcc70248947e7bbfa82adf16
5MRE_bb,2017-02-15,76,95ff70d52316b6842423245124a645d059137241dadcad08095df5b620ea3dab
5MS0_R,2017-05-03,29,f24071c944d5367e110606a445cdca4a183a4bb9ad4e209c484a17242ecb025d
5MSF_R,1998-11-11,18,9b7f8a7564274016906881bbfc6abec7e43fe4af972ad2faf272e9b0f2a45d3c
5MSF_S,1998-11-11,18,9b7f8a7564274016906881bbfc6abec7e43fe4af972ad2faf272e9b0f2a45d3c
5MYJ_AA,2017-10-11,1535,e8f001f61c7a91011f4ddccde9f6d0737e16b3f978c7a032c372878fcf66c87a
5MYJ_BA,2017-10-11,2897,7090f1e36995c24df3c5d7aca0cac0aa657ba4cbfeed195d41c986ad0268707c
5MYJ_BB,2017-10-11,115,b2125987cd01a8b19b3939e94c93db6b953988884e3828a2cb1f67c6db24e9e8
5N5C_A,2018-03-14,19,42432f8b174a78147a00ca26554fc40a05e5cf68949366f07738c0fd0f30c39a
5NCO_1,2017-05-24,104,64ea82548c5aef4042dd76a025dc556f807b70ea9e826164b060a7e633078ded
5NCO_A,2017-05-24,2883,d2935ec103073e6dc12642572b52ff3d348edbe8323f22fbea6eabc06e7c5a36
5ND8_A,2017-06-28,2912,9c2727d0847658dce5c6fe528051cac41b15774b5a18fea154dce68eacad4145
5ND8_a,2017-06-28,1542,5012d6d208f454c419dfc421b877be18f81054bf45c6c33e9c165a3e1311b68d
5ND9_A,2017-06-28,2914,b023f0457ad17a259cf3113bd97db338380ea0b932912b2da7faf4c4d1ac4c23
5ND9_B,2017-06-28,114,6ef5f8e4affe7178b7ba792ce6029ec8de5dab02179907bc23496c07670941ca
5ND9_a,2017-06-28,1541,e64d76b8e89f3f6dc5c83fe4f1d0ec888c200b18b647d0063f5766017680eeed
5NDG_1,2017-12-13,3078,3e41511b98f9b5960048c4188cfa33cfa9a176990197c2d828230515970152e0
5NDG_2,2017-12-13,1688,7b335a89231cb900253985029cb357fa527e6e770052bebae53b741d3783373d
5NDG_6,2017-12-13,1700,e5c5a2ce2d07c22c3762f997f48727d533e7c4a7ad97b9f47f374bead473da9a
5NDH_A,2017-05-31,15,5ff1bb31e3eb84c1328fe100cc2af9bce3feddcf7379a5c88867ccaff55606ea
5NDI_B,2017-05-31,20,addee994f68a4dc84f3c1140c03e9f32e0490c5843e729baf1742014d3416474
5NDJ_13,2018-05-02,1508,b78bb980bc4f675222a9447936bca4c83fb694103d123153a9420a7317db507d
5NDK_1G,2017-12-13,1513,dffbe41b6141864df2fad117a7e5f66120620e4fbcb69c9454e4408b07639ce5
5NDV_1,2017-12-13,3078,d4b9f80cf8da40dccdfa08fe3032b20d06c1a01c79089d5a2cab1466fa778a53
5NDV_2,2017-12-13,1712,0381e663c648fe15260320b5f5c3beb457484239f4033b8beb8be0bae60ab5c2
5NDV_5,2017-12-13,3087,d3f4d1d937c81a6e4d4be06b7eae739e8154dbdd4ebde489e96339403f015d1d
5NDV_6,2017-12-13,1683,a4bcd0d95565bc47ecd5b290bace82c700b0caef9ab74ae3fb9bda3d7352aba1
5NDW_1,2017-12-13,3090,d0a59830ef83fee34fc84ba39cf55a3a5c0e8e782536d4b9f20963034d5f45ee
5NDW_2,2017-12-13,1770,6faf2aedf66aafaf86d9d05b5257e013ded4ab70696482445682ec48fa128fb5
5NDW_5,2017-12-13,3080,daff03f766c0c2854a77e3047d81007fc7a25167d77ca54668c0ef6c5d1f7c47
5NDW_6,2017-12-13,1736,be614492a02f0eb44b36e90bc5263d02e4b69d3aafeb0a48c525462b2df465d5
5NFV_B,2017-06-14,46,b6d40830c09fbf91df532652f1ca992bbe18eae1cf7056b05709aa63e98bb9f5
5NG6_B,2017-06-14,43,f502595e400e1aed5c16edee96ccc514963e72aabbea79876cb644add35e9f10
5NJT_A,2017-06-14,1544,d968023c402e3a48bd80f6b1accecc2588575d05ada7df946afaf886d23fbc3e
5NJT_U,2017-06-14,2923,3233f51d131edaf9794d67968014535bf70d66dcc879698615207f5f8bb0c560
5NP6_A,2017-06-14,29,619c5f9bb56b8161a35e8fa7f466adff8cc3000a7c830f65b15baf374fafe816
5NP6_Y,2017-06-14,2879,8984293804b382b8e117696612753d7a9b4105e49149fefc63e36440a61617fc
5NQI_A,2017-07-26,27,52af55010da81d0fd12e6554449eb071fb4f7ad56737afaf1ec78de46aa8c10c
5NRG_X,2017-08-09,2710,58de1a2aa28830768ae6668ee6fbbc444e9246a37a22b57868002267e35b7ca6
5NRL_2,2017-05-31,152,2bb60d6215b3549368fac26dc46b56f879f0e570b8f330f097314de2a7c1134c
5NRL_4,2017-05-31,160,a3d0e32858fa64db54a8e476c23ea7181acde82a65910a13b4af98d96ac2145c
5NRL_5,2017-05-31,214,b8338b9f8bf8d3bce735a50ff2b28d53001b2b6582fae77d3205c82394436398
5NRL_6,2017-05-31,112,e59c3193799e1f2eba9f1d068c3a70ce2895e5447a65f5eab07cf076a24b9bae
5NS3_C,2017-12-20,34,1b75e3ebb6baba8300312d29fccdd63171d3d5f35974fe9a257b87d9034b931b
5NS3_D,2017-12-20,34,1b75e3ebb6baba8300312d29fccdd63171d3d5f35974fe9a257b87d9034b931b
5NS4_C,2017-12-20,33,6c915b7c78f02a0121a329ece89a5f0c65ad066949e97dd9da0135be49ecefe2
5NS4_D,2017-12-20,33,6c915b7c78f02a0121a329ece89a5f0c65ad066949e97dd9da0135be49ecefe2
5NWY_M,2017-07-19,75,79a0d98b7a1e9c48a40674864d87ac44ac2d096638305333a4e0111733675641
5NY8_B,2017-10-18,41,8e55c5bb77543ee9978bdfc786e6c3a69d95e911e93966ea78daabb99d2e5bd2
5NZ3_B,2017-10-18,41,8e55c5bb77543ee9978bdfc786e6c3a69d95e911e93966ea78daabb99d2e5bd2
5NZ6_A,2017-10-18,41,9dc281f861e70db4ed6a6ad3030eb6708212a439f350f5fc12914ab9a4466ba3
5O2R_A,2017-07-26,2900,7b1e7a4a7866df422ccc571bb46256ecb700fd9828326d2aad34ed1930c5e8d7
5O2R_x,2017-07-26,77,2959e322384464469e46bdbd6e76fae34c8b9aa17a74d319b00454b90ce2c191
5O5J_W,2017-07-12,19,371b7be526d17e378f594b98b33baa112cba8afa7c9ffa7dd87b82fada0195fd
5O62_B,2017-10-18,41,8e55c5bb77543ee9978bdfc786e6c3a69d95e911e93966ea78daabb99d2e5bd2
5O69_B,2017-10-18,41,8e55c5bb77543ee9978bdfc786e6c3a69d95e911e93966ea78daabb99d2e5bd2
5O7H_A,2017-08-16,43,62483fbe014866d80c96f7a253cd84474a4fb9eec86c863323a3942cc0abe6bc
5O9Z_2,2017-08-16,100,066ab9388e7514cbb55046a8d1521e134918d4ed1f9053841c4abc76953f0ff8
5O9Z_4,2017-08-16,145,f1a5bf8c780a86d51a156affa450f0ea209eb6c3263729aa24c0bdf3aa48a3d0
5O9Z_6,2017-08-16,106,013a2cfcdf41ad18643d7bc453de31a486ae4bf70909afc1356c281fd42c797d
5OA3_1,2017-08-09,75,f2d5249074521e4d4b1cb94b054fdd71b3a30bfa476ab066d0d09341f278e56d
5OA3_2,2017-08-09,1661,2836c1609f1a54afd3ecbd0b06f17666f765b26f75017461886d6e5735844021
5OA3_3,2017-08-09,186,95c24f19334413e87925b5d86a7164c1e0db11b54466b5d210c1dd96071c8ac5
5OB3_A,2017-10-04,69,dd915b70e493f3491bc3735c1713fdb9f888d01a3e3428bed6e1897d764a1bba
5OBM_1,2017-12-13,3100,8f77fc88beb71a4ae2f76c6626e57d8d44a9b4d30b65cb0daf90beec7f1d626c
5OBM_2,2017-12-13,1712,8a2c4a24a00f64ace14ad7b92c07405234b7294536b2f731e6708c623d27eea2
5OBM_4,2017-12-13,158,6c17d19279593e8dc0449230f7d88a7729158aadfb002f2c3fdcea4f02a24a34
5OBM_5,2017-12-13,3134,23c96c2da3aff256a3baf3db51bf88a569833dca931be8e4bde85c521241a6e7
5OBM_6,2017-12-13,1739,ba86f6feffbf190ea8167ee5c11c9c72811c010e66c2cee2ddcac11dff6e3856
5OMW_B,2017-11-15,87,b28fc96171e069fc86abe7a3df49904e5997448cb12a5f25cd84e48daaa840b4
5OMW_E,2017-11-15,87,b28fc96171e069fc86abe7a3df49904e5997448cb12a5f25cd84e48daaa840b4
5ON2_B,2017-11-15,87,b28fc96171e069fc86abe7a3df49904e5997448cb12a5f25cd84e48daaa840b4
5ON2_E,2017-11-15,87,b28fc96171e069fc86abe7a3df49904e5997448cb12a5f25cd84e48daaa840b4
5ON3_E,2017-11-15,87,b28fc96171e069fc86abe7a3df49904e5997448cb12a5f25cd84e48daaa840b4
5ONH_B,2017-11-15,87,b28fc96171e069fc86abe7a3df49904e5997448cb12a5f25cd84e48daaa840b4
5ONH_E,2017-11-15,87,b28fc96171e069fc86abe7a3df49904e5997448cb12a5f25cd84e48daaa840b4
5OOL_A,2017-09-13,1441,08a7ac3a1b582c6c6d30dceca4f8937cd5dac31a2e92409932ff00e5e4b66d65
5OPT_E,2017-11-15,2022,79b067bafcb67c8a26541f0be1b2b7b7fbb8199a475b8f1b8cd3c00be2259442
5OQL_1,2017-10-11,1350,63c3b22e3706168de2a4cab413c79e6798558bf1c77d617b729d9212876cf554
5OSG_2,2017-11-15,88,ea3ab504b916cfd6d1bd7a93a8ffac395305d67e2f185169ef41dc9bafa6ef7c
5SWD_B,2016-11-23,71,6fc065ccaac1fc481819950f7a1aec52f521bceb2400fb3569de930d11a0547e
5T16_O,2017-02-08,34,2677313f1383d90a2492649c7d60afa7d687b5c8175f82b685e88d0831370f18
5T2A_2,2017-01-25,1814,24b86f7ff7f2db9995dea04b0ba1a4d160a7c79d00fd927f61b5049729070f97
5T2A_A,2017-01-25,1603,18d097de6c461a0d8e7b2cf467246291e83103f42056ad10a0e70f2b61834657
5T2A_B,2017-01-25,1064,114abc207d28c2cfcc7a40b468f095af70f92e695aed36f90437c7ca93daa70f
5T2A_C,2017-01-25,262,7727c680cb5cd2a998d998e45cff968c24fe770ae4541e21a9353ad929c0677b
5T2A_E,2017-01-25,213,56d31ac1b454c3fe37121cf270788171a49d7ae2b4bb4588d95953b0c9f0ba4c
5T2A_F,2017-01-25,73,9ff2722a4c7c743ae88c1daa29bf6a01874d7dafa2242e66dad240feb35cb172
5T2A_G,2017-01-25,183,2c74db0e559bafd1ca530f166373991afed9d2a51dc81957a7b2bc8b2803d467
5T2A_H,2017-01-25,127,c6c7cf12f85fd9e616040535caf8133e65ddcda6ce25e5b728e934ab1ed35546
5T5A_A,2017-03-08,62,bb1e36ff85144082f371110907b118834d370528a7edf7b9ad847433f1710c2a
5T5H_A,2016-10-12,1246,28be6cb24c672a87a5d0addf680376874515bdd122763e4eaecfb4bf35f02cd4
5T5H_B,2016-10-12,941,4d15d7f48ae6f8de811224e44b4a8b98c8665e4a879b4ae8cbadeb3dbc126365
5T5H_C,2016-10-12,169,76a64aacea6c4aa4b022b5f54a260736752d2aa1fdf2b6be8a41bac834e406b8
5T5H_D,2016-10-12,118,928ba9999e520c0c18dc43ff93485b0ca339e10c182244ed697d43463450b562
5T5H_E,2016-10-12,146,21d751bae3b414c0f5b3f9ca926c54937de43f2122de7f8b7f4f65b205353c35
5T5H_F,2016-10-12,46,bf1b0d64e5baa6b029106f728a2670d9a3a881b32646468342060618cb82379f
5T5H_G,2016-10-12,123,224c9d4cbfd046c1ea9aee60724056e57af259991b605b1a295c68d3d9011231
5T5H_H,2016-10-12,91,f8186c9acf905745d01ae9d1d408581012b94d15ed035d925b36bdad952eefc5
5T62_A,2017-02-08,3200,ff9ff792d0de5754d141a45602cc20580712e00babd6131eb798f5769800611a
5T6R_A,2017-02-08,3204,823a389173a5d4592dd75a886f88fb628aa2f0d759fabf3cb0272362858a75fd
5T7V_A,2017-05-31,1419,dc1db082b3a5183a12908f3576c2638e6bcd98aeefbc120fcc87f4319067dfa7
5T7V_B,2017-05-31,2768,0c3bca98029fbfbf723fd8fd331f74279aedccd43ffb8f356f9fb330737bcd7d
5T7V_C,2017-05-31,114,0665a97dba0acda01a6172d1e5144bbfcfebf29173d72906592f2e8edfa93425
5T7V_D,2017-05-31,74,6f3f424177a1eec964c2b592cbf7050ff8469890139f74468b6f3624afc8f454
5T83_A,2017-01-11,95,b91d2150475c671466a7ae2ad0ff224bab0abc54367e126009dbf8ff6059ad8c
5TC1_R,2016-12-07,242,7b7c2c7c8db10f25f8b8f753388d488eb3150d0b9d8f9620b5e50e3b68b465b4
5TCU_A,2017-05-24,1464,df158e13e387b3fde4608c398491f41086845954b4bcbc6ea83292375b66712b
5TCU_B,2017-05-24,2755,42032f8e0825072590fb6776fbb24c43a3f4b9cb568c80b7cc3ba56c9cae17c8
5TF6_B,2017-01-11,72,4d47abcbe4c326303b15256b3a4860fed064e7c0c27b6c24b0b63235075f80b1
5TF6_D,2017-01-11,72,4d47abcbe4c326303b15256b3a4860fed064e7c0c27b6c24b0b63235075f80b1
5TGM_2,2017-01-18,1781,e045ad8a83aa154fbe4ffecec44220d331b16b798726183a92f1c4199ddebdf2
5TPY_A,2016-12-14,71,cb81302ab7c2cfdd220debe8abb6b772ec6dd11670b42cf0dbb9088a9e9ba3da
5TZS_0,2016-12-21,364,689de51bbea6af1a27b0108379204cbffa042c0d5eadbdfa737bfdd282648e64
5TZS_1,2016-12-21,515,521ca65a004ff741e4ac60901176bb1ab3c7b40a9e1fb0821af8300ed50d1c3c
5TZS_2,2016-12-21,126,230fb6933b82889b807c833d28d0c8152c396e6d7e32d383a0b100393fb0a979
5TZS_A,2016-12-21,39,b9b515854e040b8de31d85d597aba28db4467fd0a7d6eb77a31005f4a67a8fb3
5TZS_B,2016-12-21,108,724b4b3d3e8ac7588561ca00eec11693f6b85c03bb6b1302d458a7a4ce4b39e4
5TZS_z,2016-12-21,76,6a10b9a8a33d7814ce73679ace5c43657aa6d63169ce215fd85177c77a94147d
5U30_B,2017-01-25,112,48333164f449b79fd9a809d97735cf11a449f930dfc5481600a950c69665977d
5U33_B,2017-01-25,112,48333164f449b79fd9a809d97735cf11a449f930dfc5481600a950c69665977d
5U34_B,2017-01-25,112,48333164f449b79fd9a809d97735cf11a449f930dfc5481600a950c69665977d
5U3G_B,2017-02-01,85,cc802d0903becf7211bbda67e7295514308ebffc174ab05a4057ad67ad2be46f
5U4I_a,2017-01-11,1523,cc18c3e8d7509378b91f09a85b3e87e724836c7c6d6811ba98e1e30aa52d1b59
5U4J_a,2017-01-11,299,e0484202e8c8df2b39dd189bc1034c95484b803cbc16f1d68caa5d8126e4dc02
5U4J_x,2017-01-11,77,a8b8c93e525d95e16a5b1685e97066cbf9d3d9dac8f6d354619db950ffa108e0
5U9F_01,2017-03-22,2903,864738b6ceffd562163e4515bff8778d1db45d8c9fda2c54167661f3be4690c8
5UA3_B,2017-11-22,20,c9ebcfb7ece543c4d5c4fd002b4db241b5f5dc186df384c83e729437aed85f06
5UC6_B,2017-10-11,15,7cbf83a86b1cb2eb8e70bd7565315a41dcf28bd4615bc3b51d9e9dd99f2d9681
5UDZ_V,2017-03-22,25,f3fb9004aad741e2fb88936f40bae0165c5c7c101f3658c18b179460b20f5333
5UDZ_W,2017-03-22,25,f3fb9004aad741e2fb88936f40bae0165c5c7c101f3658c18b179460b20f5333
5UF3_A,2017-05-31,23,cd416fad81f4d620ffb211154dc9526f84cd07d636f35cfd056c1bb3de3d988f
5UQ7_y,2018-03-07,77,494c9e7bfc24981da79fc14bd62299d4b8fd3ca8b90c04207ad267fcf9e010a5
5UQ8_a,2018-03-07,1501,648961db9339aaa8c7ec10abfbee2b02851c2818babbb92b453181de9b19a3cc
5UQ8_x,2018-03-07,55,6dede72f154b038b67161b8a798f669a259e7eaf4e9731af4dc013eba75dfc35
5UX3_A,2018-02-21,22,62281cd91d7bd99856a46db2ed6b8eb0d89aa0805e1eb7def2e30afc770611af
5UYN_Y,2017-06-07,76,87ca17862c63487980fabcc3cf2501f38c4c74d75c381fc4e4ba29683c0d026b
5UZ4_A,2017-04-19,1527,6d392d997bc8a0be5b710b547266e383572903123319bd6631036c3ed222d448
5UZ6_C,2018-02-21,23,20c32be1b4f5f39eb3c4c46aec117af9bda5650eaa65b2160a7b486d3137c71c
5UZ9_M,2017-04-26,60,81c08b206f74c6e680ff34474823ed1f0ed8b8fd2f61dda9415cb723ca5b3e44
5UZA_X,2018-02-28,71,6fc065ccaac1fc481819950f7a1aec52f521bceb2400fb3569de930d11a0547e
5UZZ_A,2017-06-14,31,f01a2d711b40bdaabc4ba0dadbfac53f280dbfa3393ba00e0010bf5ffce0afb5
5V17_A,2017-07-12,41,7a436e9287ab3953cbb913df18c9beb14e80800f50bb0f03cdf3013b32f6ea40
5V3F_A,2017-05-24,31,0c570edc824dc8048e844bcf261261b353e26cde51fc5082022c1a264bade48b
5V3F_B,2017-05-24,31,0c570edc824dc8048e844bcf261261b353e26cde51fc5082022c1a264bade48b
5V3I_A,2017-07-05,186,978e2aa9f469e66b863bf60727431814aa9f489f07871ffd616b51baa921203b
5V6X_C,2017-10-11,72,06baa57c0720aa5af629e4d3ffd1c8157857c1bb94a3674c5032ed00e7336c55
5V7Q_A,2017-09-20,3118,7d4f52f1731561db96bd939a0d5ab2eb21860ad6142fb16abb9ea519102b163b
5V8I_1A,2018-03-28,2851,d222f0565294d60a0b20487f4c0851004dac553d44d1a2c1537881c30433c72a
5V8I_1B,2018-03-28,120,042fd305ecbaf0a74135fc082926f9608e8f75b14b84f7aa596e4215678c6eb6
5V8I_1a,2018-03-28,1488,ed6178bec42113b7c36f72fdabb46d3999a9667f474a8acc5887d6c37235e25a
5V8I_2A,2018-03-28,2847,c9eecabfeb1b02bec6f362f9ab561667a843917fd221d79f1d0d400cee3d2fcc
5V8I_2a,2018-03-28,1492,149be1cbdff666c5412d518376e12accd4681a9422dfd6119dc776b1e51c22b5
5V93_a,2017-09-20,1519,d992011a7978a54e133bc41bd8a30948f491ef289bfa57c02094a8d25e69ca0d
5V9Z_A,2018-02-21,23,bb32132c7d39cc25ee92a6e5c57ac39b337dc2df3d69613bf01c354438911578
5VCI_A,2018-02-21,22,8690a16eb9ae2779f2b43618a8cbded1e9ee0bccb37a8843054477b802b7c15b
5VHE_B,2018-06-13,24,5cd95eda83afc25952f738e6ab13dfeaf4d88b8f1465d232cfd2cafa3b1b7eec
5VJ9_A,2017-06-28,16,0a1df43ca51f264de2bd1d307da8aeeb101a4fb120505597378158a3774bfd3a
5VJB_A,2017-06-28,16,0a1df43ca51f264de2bd1d307da8aeeb101a4fb120505597378158a3774bfd3a
5VOF_A,2018-06-13,17,ea748cdd016f9d5dc1c071b18917dcb751a47f9fd7d583d2bee0964a0040ed55
5VPO_QV,2018-09-26,18,7556d97fe1fce995ff98b749db6058f2b4aaf744c3b0e41190385eacd69b1437
5VPP_QA,2018-09-26,1511,f63d83a2dc888c01f52848a3ecdb6a03584a877432fa0fd8bfd3eaf9ab781a61
5VPP_XA,2018-09-26,1515,a930cbebcc99c56df6c5a3c17fa1d18c1bc8aa830f173eb336206151d68613e4
5VSU_I,2018-05-09,83,6dcd23c95bba89766ac36d6fb56537b023bf9dad41cb186e275bd08e9ffe518c
5VT0_R,2017-11-01,144,2eb41b9878b57000ffbdedbe1f54e985f03bb915390bc02597de089cf05ba4c9
5VW1_C,2017-06-28,85,e46076f854c01756c9ecf914e19faef85736057e6dd4ba7f55a05f98bba4944a
5VZL_B,2017-07-26,118,f50a41f07111d040adab4dcd04b8f9230895bdd490f88307707f5ee80ce710d5
5W1H_B,2017-09-13,52,2c9db443520b53942862ed80be6ccb5ec133a3ef327d9eadf260be36c868906a
5W1I_B,2017-09-13,52,2c9db443520b53942862ed80be6ccb5ec133a3ef327d9eadf260be36c868906a
5W1I_D,2017-09-13,52,2c9db443520b53942862ed80be6ccb5ec133a3ef327d9eadf260be36c868906a
5W4K_1y,2017-08-30,76,8f304d38480c65a1254057127092e2f589f114c63a6df70f7c36c6f95255ecad
5W4K_2y,2017-08-30,76,8f304d38480c65a1254057127092e2f589f114c63a6df70f7c36c6f95255ecad
5WE4_A,2018-04-25,2876,e733000c1d4cdee45c040fba2da746db80124efa891d43c93b794aacf28b46f4
5WFK_w,2018-05-02,77,a8b8c93e525d95e16a5b1685e97066cbf9d3d9dac8f6d354619db950ffa108e0
5WIT_2y,2018-02-14,76,8f304d38480c65a1254057127092e2f589f114c63a6df70f7c36c6f95255ecad
5WLC_L0,2017-09-27,488,a0238b2903c7428dc7afebd85c406dd17dd666d7fb311547a1a315b9ce7a2e4f
5WLC_L1,2017-09-27,1025,23bbe484c268dd4fd8998ca07f4d27abe2b423fecd82ac7a180770668de37826
5WLH_B,2017-09-13,54,6f177fab026728ac0fb2da443aff5bbac2430faa030ce144a83512043e8a3686
5WNP_b,2018-02-21,15,deee024e7a14596a4fdf93ee89be0af7bfce4233d457fd4a7b2d22d94f3c3b97
5WQ1_A,2017-07-05,23,a5782f773b2a8f976e0d4dbed223c01b612482daa12ad22c8fd9f1fef03721c7
5WQE_B,2017-01-25,112,9917e59538bee7b41e50be3d81bec2c4d519a1b231a22d294720f11cf129769e
5WSG_D,2017-01-25,214,b8338b9f8bf8d3bce735a50ff2b28d53001b2b6582fae77d3205c82394436398
5WT1_C,2017-12-13,76,c7e4f95a175b40e678c9508e860ea0b7c164e359ad70e05776d2eb66d4a55a08
5WT1_F,2017-12-13,76,c7e4f95a175b40e678c9508e860ea0b7c164e359ad70e05776d2eb66d4a55a08
5WT3_C,2017-12-13,76,c7e4f95a175b40e678c9508e860ea0b7c164e359ad70e05776d2eb66d4a55a08
5WTI_B,2017-11-01,123,698796ebed1ef3840dc6e7841516e7f7f36e7304f186506de3a557875036dc8f
5WTK_B,2017-02-08,58,e23adcf442e6e6a10f068b93f0ad2e4164e6b571c2d956e002f03196d62667e3
5WWR_D,2017-06-28,75,f1eff9948cefeda123804cd2e43366afe3e2f281b1e8e8974c34aeb66f12e4a0
5WWS_D,2017-06-28,75,f1eff9948cefeda123804cd2e43366afe3e2f281b1e8e8974c34aeb66f12e4a0
5WYJ_3A,2017-03-29,157,49b4d665984c61d61669e7a4f21a96ca6dd28789a57670d3e4849f10ea9053d4
5WYJ_SA,2017-03-29,1115,5122298e439c93c41262f497f4121886453ff5e6f624bef63e0b480433f7b7df
5WYK_5A,2017-03-29,703,c4bbd62072c7e1b0cc2651896e3dffedcacf3699abac8e5238af08c5a83af7b7
5WYK_SA,2017-03-29,1000,f7badfe494634744a9e4ba7cd9dcd62d5e5b09d282fea1097169653ca8798527
5X2G_B,2017-03-29,93,4a376d8265d76977459ac557fc59f33cf323d5d76e23c524e9b5bf56fa6e7578
5X6B_P,2017-12-06,75,a536f7c81698b05a3365ace6590471cb00691fe989a4fc223c4ed003b4f8ca0c
5X8R_a,2017-06-07,1480,82ebbe3b2521a4d01546b52376f1c29d9aa67de71953ee73c7009388d251e2e8
5X8T_A,2017-06-07,2809,f0030e047a28d6a05ffe3fff944ed3840161920d5124bd67b69489989918767a
5X8T_W,2017-06-07,106,dc9edfb70ff55122b4473779edd1962a6bda1d1f9b330ae51ebe29f16d41108e
5XJ2_G,2017-11-01,10,90eefaaf7953d8b2fcdcbab80e50054a8d8ff937e3b1dfe318549229468d236d
5XJC_F,2017-07-05,107,35d163c865022ca3c8322306fe660be86ca299b115056fc771affd5210712004
5XJC_H,2017-07-05,188,1433100b8169f15fa72fee6f5a1a7852066b4364a1a4f9cb55c288b1b99e5db8
5XMA_E,2018-01-24,36,2782669633f4acc2cf324c54843e8a27bc58def204184fdb873f2487b495a53c
5XTM_B,2018-02-07,47,00574fa238ff0899a2428afa402c3d11f25e9b41afea927607e86411b0a0c8db
5XUZ_F,2017-08-09,40,89ad55364fb0ecf08dbbd78a1be2308a03c69582c6d4f307907ab3e583e03566
5XWP_C,2017-09-13,59,ced25b408c5d28185f7ad99edae714c97ffb3f6b5649bd5074b8113463902fa3
5XWY_B,2017-09-13,59,ced25b408c5d28185f7ad99edae714c97ffb3f6b5649bd5074b8113463902fa3
5XXB_1,2017-08-30,3077,4a3c1f815805e886f79ad39a6ff5468595bf4e664be07abece12c699a1a32eb7
5XXB_3,2017-08-30,124,76a7efb6eab5f9c02f735fe3ebcf64b230e7fdce6acda6df0d73a205fe533e68
5XXB_4,2017-08-30,158,68b30bb7977d213ee56a1972ff8297dc59e07703252d27bb23d4be1221fc4607
5XXU_2,2017-08-30,1619,5377db6745ec50e4cebd07c3858549abb348b93f780cb11c3cb5447b180c511e
5XY3_1,2017-08-30,2544,d774b28664683a58fee813ea2302e769895901c96761e4c12989035a21a49d38
5XY3_3,2017-08-30,118,628bee031fc4906b9fcf3c850e4c557bafb36539e053a12a681e277406809f77
5XY3_4,2017-08-30,162,d137dc328c9d5bae85397854e309e2c7e666a6c2977b7bd8d24dbc7eb09e9b9b
5XYI_2,2017-08-30,1490,b4d95227e919f285e7034a2f561f4d14b553e9e01df51eb00cec4527b95cb8b2
5XYM_A,2017-09-27,2665,b9b01813f5233e2364961b86dfafae4e5bd8945c70e9208c22704242dee0045b
5XYM_B,2017-09-27,118,9c87231d05763d1831a3023f899f39bfc82aad71300dda9c67718b3bf01b7d9c
5XYU_A,2017-09-27,1379,ccf8616c2eab57eb914196b9f0d98d288150ecb8cb40d304dbb4d169d97c9f7a
5Y36_B,2017-12-06,99,2f7160dcdb654688f483b26be3a7783e405f8dce2ad719972eb5510527754d5e
5Y58_Z,2017-12-20,30,9318ad27ada6691a7dacb6c728c11e7c896c2462e974ed2f97cf1b689f6b148f
5Y7M_B,2018-02-07,51,dab706bd6b77253d0825efa41d62c94b384019100aca7736b85dc2b134ff65f8
5Y87_D,2017-11-22,50,89153d67de4da1220711c3e1ee33275c770df473647d1195f53e029613ea1ce2
5Y88_D,2018-08-01,112,e59c3193799e1f2eba9f1d068c3a70ce2895e5447a65f5eab07cf076a24b9bae
5Y88_F,2018-08-01,82,6b08a2af3440a2eb7f0d3fbefed20bf1a3ef93fea9a24316ce50d6b3223d2f86
5YDT_5A,2017-11-01,19,3233c48392839e201a38ec8aea5ab90ab36cf05164586988eae12aa2b0ba6172
5YDT_SA,2017-11-01,64,3978e05cfbb514fbe4a876920920258edaa6946107e96d17c365f29373cffb4e
5YLZ_F,2018-07-18,91,71718260154ce722ddcc045fa6c92889cb1abb2850399e72ad67912a38769295
5YYN_D,2018-12-12,77,d2de7944af4951f7fbf7ea05978e29477b01ea09b970cafde99829461c28b493
5Z3G_A,2018-04-11,1501,0772ff827a09789b2c37fcf8c75170fc081ed220fa155b563b4de72d560f6dd8
5Z56_H,2018-09-19,188,1433100b8169f15fa72fee6f5a1a7852066b4364a1a4f9cb55c288b1b99e5db8
5Z57_B,2018-09-19,117,e7d28741c27c02612e722f9447e396cd374364fecd5d24329f439f41af2416c2
5Z58_F,2018-09-19,107,35d163c865022ca3c8322306fe660be86ca299b115056fc771affd5210712004
5ZAL_C,2018-05-09,73,c2cc3cb78dcbcd67d7261c8470e1f56df108326e09f9f1e184aef5a008ab9f37
5ZAM_C,2018-05-09,44,819f671b0731e3fa50553d93da89e20395845859d0d5f4518d4942c01c0fad9c
5ZE2_I,2018-04-25,31,0b81672895b128d884a17e17c476464e05427a3df2e11fb862f0ba81a163844b
5ZE2_J,2018-04-25,31,0c9815a81d99565cf10dd76fb5e0ba013cdeeae0b5bc2461ba1b14e0635f88ec
5ZEB_B,2018-09-26,118,9c87231d05763d1831a3023f899f39bfc82aad71300dda9c67718b3bf01b7d9c
5ZEB_v,2018-09-26,77,a8b8c93e525d95e16a5b1685e97066cbf9d3d9dac8f6d354619db950ffa108e0
5ZET_A,2018-09-26,3102,e565dc809820f0fafdd890c555610e720a048db28443a37a8d7a862e37cbad23
5ZEU_a,2018-09-26,1506,b47c7cdf7eb91f6d06ac996b26fc1dc90dd2981eb2a71d7d7fda67f8b3161c4e
5ZEY_A,2018-09-26,369,6074cc50c2538c8c58e6810f3456ffe106189c09bb130c6f65c02ba4432f8563
5ZLU_DD,2018-08-01,77,35b4711f39920905bd0a4b59fcb055939d80a0f101d42c1c53fcdeb69939a410
5ZLU_G,2018-08-01,1514,db33cca07efa21f748c760843c667a3fefb4bb856532f05a0b66131fe4e59689
5ZLU_V,2018-08-01,2875,9005f5cb4a8de7d43fa79af1df4c37eb39318981ccd0322f41d0f7b5332dbc2f
5ZOF_D,2019-01-30,14,634223519d635da49332f4b1f1a058c660a7c299f3c9f982a3a60776e18cbe86
5ZQ8_D,2018-10-24,12,7a1e8ec1d0f28d91cbcd116c30433c8cfe8d1c0e2f8d090c5cc21d265155ad77
5ZTM_C,2019-03-06,55,bf99f691e50857a85026c845f15eb72113604b7d68e38ccac8ace976953e4b01
5ZW4_D,2018-07-11,17,204d49a2dcf4d187f9a10b35f752934b379782dd8ebe8e1ec143ae31307a0b44
5ZWM_H,2018-08-29,206,6d84e340bb67c8e005b6ad0fa50b5040d00d9d74efffb32196cc469fc0b24645
5ZWM_I,2018-08-29,160,a3d0e32858fa64db54a8e476c23ea7181acde82a65910a13b4af98d96ac2145c
5ZWN_P,2018-08-29,568,dbfde3f863795c860836ea3a6ca15f8f7e1e73bbc665b68aa15c80408491ef30
5ZWO_B,2018-08-29,214,b8338b9f8bf8d3bce735a50ff2b28d53001b2b6582fae77d3205c82394436398
5ZWO_F,2018-08-29,112,796ef417dfbd73774705138e85808b3cde9f8cbd7be19e7f08c3e2d1e80b5893
5ZWO_H,2018-08-29,150,7c34b53ff1cfd7ef21996bc3afe050986fc994c284157f536319e0c021875fdb
6AAS_A,2019-06-05,28,e01a8ebac1ddffe9dc3ef515cc29ac7dda3654a63196d250cbd7c77845419670
6AAU_A,2019-06-05,24,fba93155e7304d84a2b10a4277261ff542b4c372ebba77e3b076f6561bca73ed
6AAY_B,2019-03-13,59,af9b2e23f94329037a87073697cdbf15de8c7826cec2fc1c3303bc52d12121f9
6AEG_A,2019-03-27,100,216feeefd99017532399aaef7344c7301a580ba210ccdaf7317c91a5a93ab433
6AH0_F,2018-11-14,107,35d163c865022ca3c8322306fe660be86ca299b115056fc771affd5210712004
6AH0_I,2018-11-14,144,7abbfecace83442f078fe260893d9b17cb41cb0df8f0859e5c31c530fbccc71d
6AH3_A,2018-10-17,369,4733d5462b00997c50686a2364e49126e5e6680c20b8b76e9dde6e6e3ccab2df
6AH3_T,2018-10-17,80,74be7de2952dafcd97b08fe8f6ffb77fe2929cac133135572a8e08562cb2d2bb
6AHD_F,2018-11-14,107,35d163c865022ca3c8322306fe660be86ca299b115056fc771affd5210712004
6AHD_I,2018-11-14,144,7abbfecace83442f078fe260893d9b17cb41cb0df8f0859e5c31c530fbccc71d
6AHR_A,2018-12-05,341,a7cb747f3c271532931cb40b03ccc4b6973a471f33c9198dfffbf11f81342c7e
6AHU_T,2018-12-05,72,88fa748a669f48b19ae1ebc854db9cfd15e71fe77841e9e7089027bfcc1b5aa2
6ASO_I,2018-05-09,69,d9a56a67c23816189c4532654f9be4d60d6c83e8d305a48fc1a117cb76a14c54
6AWC_A,2017-10-18,1443,d913e79c4d1be40c9e2bcab52ce773c9a427ea4be019f2853f07dcd1ce25c337
6AZ1_1,2017-12-06,1724,d729935e67137796c3c1f36d7aa85b585d534b328533307e07e5e7aa8dc89d59
6AZ1_2,2017-12-06,76,6209ca9eeb8f13803d376d20d94deef321b7c0ed44a9fc869990e81cd918df30
6AZ1_4,2017-12-06,76,6209ca9eeb8f13803d376d20d94deef321b7c0ed44a9fc869990e81cd918df30
6AZ3_1,2017-12-06,1595,72b504a958b997ad5f9e66e2cce90bae91255405907968a553acef3267b0b6d0
6AZ3_2,2017-12-06,1041,61a39f00946ceeb93dfbd041f07ba7e313fad5e19991cd9a915617723dd4ccb7
6AZ3_3,2017-12-06,211,87054d8e7ac9757e959b9f80c348a5e63f2fb54f1b8f59cf0a342b4ddb0a61f1
6AZ3_5,2017-12-06,133,5a7f2acc6dee4e1a58cb96fb796a1559487c14c01f393169d92cb38250dbd767
6AZ3_7,2017-12-06,171,49e5ae442a37a93b59b6dd0c2a042a59931cd7b9816deba2da236879d387de29
6AZ3_8,2017-12-06,118,5f2a51cb264d772239e9c6f444a8b378ed7a281de6acb0ef1452e3b0de94d4e3
6AZ4_A,2018-02-21,32,51159301c29da0317013599b3806f1c9207d11f82c6ad91e56eb9451ee1a77dd
6B3K_R,2017-12-27,83,d075f7a5b0073e809b03157aa5b542f0bfa0f6f6925935a0e54920a9a6837ed9
6B4V_FB,2018-02-07,2869,708cc20ec54197df702b61c28eccd22cf4f2244c48b8133d87a6a2bcd0490fb3
6BHJ_E,2018-10-31,38,41ada0a5ba8370bd4909ab83f238f62e06d1ea0dfd4284e61a1dd902ac8f9bd6
6BK8_2,2018-02-21,135,23e307399f95b1ccc80808abef30898cd69f17eaf09f8e035184aa673ab1be9b
6BK8_5,2018-02-21,103,b6e2683cab8f83462a8369b4362afa0f64934b719a84390c516a784569c26de8
6BK8_6,2018-02-21,112,e59c3193799e1f2eba9f1d068c3a70ce2895e5447a65f5eab07cf076a24b9bae
6BK8_i,2018-02-21,59,7516f476bc121345093322fabc17e8e9a413350a2394e65ee6835a846aa65d52
6BMD_A,2018-02-21,22,e3c5ccfcf932505e98ae831e5b6508bc7b1d7a82389dec15ecbc4c1fbb9521e9
6BUW_QA,2018-11-14,1500,142c81221833c2ad7177c8f0e9811ff05e0fa7517c90482487cb70a79194f67b
6BUW_XA,2018-11-14,1500,0f82bb86fb48193eb3b11695b4d3ee825f304f9b9d4355b2d37e9e05c977891e
6BY1_BA,2019-02-27,1541,6587f7d58f527346bfec308cfbfbcf590869ab1b71f87b741e1aceb9e45afc68
6BY1_CA,2019-02-27,2867,31d8038ca64754e24a3d62a182504c9afc2f94d3136ed017fbdb75739eea6908
6BY1_DA,2019-02-27,2869,52cb004dfc72a466120241c6962cd85b47c18e3b17c40f1e9c0477aa6028e086
6BY4_A,2018-06-13,14,619d665c54bc558cce18befff02b10078907a9b0c59266f0d676354273ddeba3
6BZ6_QA,2018-11-14,1498,3f76442c5759b2eafe611a3abbea20c4cd297cf593d713be6d1c30a5d706f533
6BZ6_XA,2018-11-14,1500,155b77fffd297ff09f6871d614594303f299badfd170903f8090477806acec38
6BZ7_QY,2018-11-14,17,dd0abf7112a7ec52c0899e06a16ea690528e10e09ed3731f0f7540fe144f4752
6BZ8_QA,2018-11-14,1500,6d9af3d96a9e53b5dc8016f3ecb8d179b41e48170363c3995b054523c701ff7c
6BZ8_QY,2018-11-14,17,fcc61f2a37a6fb8d6b35f50d89451f4b3714f9c9dd89e9452539e3f58c8bfd21
6C0F_1,2018-03-14,1357,26e3308a052f1c71f1f32f0ad3e2081a418534e970e3d53d86dafc6993e18fdf
6C27_B,2019-01-09,47,3f1dfcdd53757f36f67078cc9abdd19eb667e9fa32df807d2cf660542779f485
6C4H_A,2018-02-21,619,5028eeba040e33e657bfe05e7daffa86eceaad8ab7e0cf505beef748e7c7c71e
6C4H_x,2018-02-21,12,dc4814c18f342baac821fa50899e21605845b67accc98b62542002abefeda0fa
6C64_D,2018-08-08,36,0bdbf96ead2bceb94db9fe5b026b7364b70e5559c92c1e3704226d6567c1b1da
6C65_B,2018-08-08,36,b658eb685e3ed3679e9cb7618fe322d6da24aa9dbafe3033937a1e6b351a28d3
6C65_C,2018-08-08,35,44800eeb77e8d0d4d10e511d7be5f6c43ef3aa525599092e6bdd75a098652486
6C66_J,2018-06-27,61,f27d070098131ba143ec6351a99047d4f5c8db317b9cf24343186595c6dcaedb
6C6T_A,2018-07-25,29,a0d0fef92ce829b8ba4c0722e33cc6f9764b9f68418457cafeb7b545b3778e3e
6CAE_1y,2018-04-18,68,942316930da9808065d7b621ebb15e513a53688eaea826be5cb7e49cba803d31
6CAR_A,2018-07-25,1497,29a69b96ab6759ea3626c557731b62bc7d4b75081827eb3d565b7fe71fab940f
6CB1_1,2018-03-14,1370,19c8af9f21681d492f29f7d29ee6d42c9b809ff4721d13b0fa4a9dc0e8be5ada
6CB3_A,2018-06-13,101,663273fe60fef543bf089fe2e80ac86bce177098e1c3fa72f96037670a8a81e1
6CC1_A,2018-06-13,101,dc3019dd15d926e77ef4386334b35fe6f214db60cb4c62e34fcba954126f4767
6CC1_B,2018-06-13,101,dc3019dd15d926e77ef4386334b35fe6f214db60cb4c62e34fcba954126f4767
6CC3_A,2018-06-13,101,2c33b933692fb48fa9df0d8cad49df9912679b51b7109d0f6eaead3dc8f708f7
6CC3_B,2018-06-13,101,2c33b933692fb48fa9df0d8cad49df9912679b51b7109d0f6eaead3dc8f708f7
6CCE_O,2018-08-15,57,316ca3ed8fd01838b1006fe6c5480d2a5318680dd65563f5349beca83712fd48
6CFJ_2A,2018-03-07,2789,76b59000ad3efb4a6206aae97c62b896aae8dab17078a2159eae4fc76ea36b95
6CHR_A,2018-11-21,625,c2a58c55c0f1195ae00e50bf13146da8427548448ec8bb1296005a3289de2634
6CIH_A,2018-11-21,621,da8089fcda6eb104b20bd43e46799ab908b2a1a4bf439f91971a87ac38f57638
6CK4_A,2018-06-20,117,911a4a9e2c1c6fef8f7bc6abca55d669ef6bb3af1797ac5460eb34e80854bdd0
6CK4_B,2018-06-20,117,911a4a9e2c1c6fef8f7bc6abca55d669ef6bb3af1797ac5460eb34e80854bdd0
6CK4_C,2018-06-20,117,911a4a9e2c1c6fef8f7bc6abca55d669ef6bb3af1797ac5460eb34e80854bdd0
6CK4_D,2018-06-20,117,911a4a9e2c1c6fef8f7bc6abca55d669ef6bb3af1797ac5460eb34e80854bdd0
6CK5_A,2018-06-20,117,029ad27a08b0db72f0679452473eb9141e9b07df4d1e63a4987989b5a9a5fbe8
6CK5_B,2018-06-20,117,029ad27a08b0db72f0679452473eb9141e9b07df4d1e63a4987989b5a9a5fbe8
6CRO_R,1998-09-18,20,a3fbd2a75ed6291327396b0bf36cf83df8ad57a6aa7eb0299de8255141289fab
6CRO_U,1998-09-18,20,1024d3f3c4e090236b48545213b36469dcee1e74b5e48703ffa3b0ad11a5157f
6CU1_A,2018-10-31,81,b237c64781bc85c22550ccf0ffeec5548af8dc5ff35cfc043be7622f08cd595e
6CYT_N,2018-12-12,20,a573baa2609ced0a9ddc68cd4b031cda7cf973572b635c04dff18b131ce1dc33
6D12_C,2018-06-27,38,f404af25dd7b6fe6cb7743985e70b02101fa831c18eb2ef9fb31e1419be0133b
6D2U_B,2018-12-12,29,009a3155c2070b7e2bc7fe4b01041587c3baab2a9836a546f93403572b2f4f52
6D3P_A,2018-06-20,45,ec37ed220c4565e2d4ac957b47292334682777f4be55bdfa47be9f132554edae
6D6V_B,2018-05-30,159,6bc490d2ccba938bab0fa25e6350b9bc2f7ee7f7017ce4a2ab4fd90daa4b3e28
6D6V_C,2018-05-30,19,4fc7bae13c56d854c78382572ad8e509eaca3cd51964ac234f6fe5735f3d37cd
6D8L_B,2018-07-18,158,83b4fd0b47d667ac97295ff5f6dd40bf3d2a18337e599a09c8358a50ad907317
6D8M_A,2018-07-04,159,41180f3394524aca5f03d66710fcd8bd030db518fd83702a6fbb6a0c6edf5d5c
6D8M_B,2018-07-04,159,41180f3394524aca5f03d66710fcd8bd030db518fd83702a6fbb6a0c6edf5d5c
6D8N_B,2018-07-18,159,b9e13a1f78309752ce79264331147d3773acc3976ea4ebd4e7f1ee2d79c758ed
6D8O_B,2018-07-04,158,73867c3ccff0c71e8900337eecf91cbd045240ec2cda9a7b7a25af6035e05504
6D90_4,2018-06-06,194,db3b3209bf15e26d7b64231ade25c3b61831c7fba6b37652e8c08dc71039ef4e
6D9J_4,2018-06-06,190,77f8ea1eb4ada33af014d54b9491fa4122d02a2fa6fede4e17eb54b1e4a9832f
6D9J_5,2018-06-06,3594,2190086843bc6ddfd0aaa144d90606e759d81a375a9d3dee0ba301b4947aeff5
6DB9_R,2018-11-14,60,796279bebf6dce97a518066a23f41688f44f6815074effd07c19f276f5e8ae9d
6DCB_B,2018-12-19,36,f200fd9e29fab436f9cfed7473251e949d19bb9d66cc9bde817ee6c1aed7d759
6DDD_1,2019-03-20,2646,ce24264dbd50ed0dbf5647308917ba00ee9a416f6af5df6226aeca97937dec76
6DDG_2,2019-03-20,115,afc2e3a1512629e2bc1e04829f2cb2329c7c7926578fe2574e517aa5f8ad4994
6DLR_A,2018-11-14,107,2acb1345eb259905224200541d75c0ddb5e143207353120a0fea00d6901e8c85
6DLT_A,2018-11-14,107,2acb1345eb259905224200541d75c0ddb5e143207353120a0fea00d6901e8c85
6DMC_B,2018-11-14,102,4f50dca931f6f4c4e822903c9cf6879ef112c016e4dc27bba9cd7f01753dd579
6DN1_X,2018-09-05,54,1f42c7b1af9857be1a48cb75d970d0ab0b87c292c75df9e250caa1aeb397f2ed
6DN1_Z,2018-09-05,57,ec78ed4d2c5b12c1f6c6dbc3d1f2e0e615fe4d7dbc0709828a10fdd967989cec
6DN2_X,2018-09-05,54,d51a50adf2790e4d79a4c8a982def7bc2b9a5f5a61d8196361c218f940f4d990
6DNC_B,2018-07-04,2903,6ba69a710992fba07c7d861b8c9a6bc78b913b654749d3102dfa198639079dd0
6DTD_C,2019-02-20,37,ade7208e54dc35e34d55cffe98b088ac0e3ee913e280fded80096235709ceef7
6DTI_X,2019-04-24,17,e1f82133515329827a9bd1c7fce27d49093efcc3e9d5ebeb0169df3721e22bce
6DU4_B,2018-09-26,29,65ebc28d605746cea3f35b3de47a12c493d1ecfd5ce64d1b43c5105a6b343548
6DU5_B,2018-09-26,27,73790e20078bf8fa9262621698d2e5e81ddf3818b422d3d7d80403bb580820c5
6DVK_H,2019-06-26,95,956da9e358de5f17c12deca3c46165d20e324ffd73bed05ba11debcbc18a4ee1
6DZK_A,2018-09-19,1511,c01078f294bd0c018212228fe6a6e70cc436b8bbb71a4e75cd95e8ee516da5eb
6E1T_A,2019-04-10,33,16116600dc9e48ace4ab4c915d073cffe8d908dc8b9ca29ebaa21451981208d3
6E53_E,2019-03-27,23,57a9cfacf4c26a15bd62767822fb6b82c57978d773141e69433520b3824be645
6E80_A,2019-07-31,36,4b413a46a00c26bb7ca8ee63c710aab5fe39c62f018465beb36f9bedc79c6861
6E81_A,2019-07-31,36,4b413a46a00c26bb7ca8ee63c710aab5fe39c62f018465beb36f9bedc79c6861
6E82_A,2019-07-31,36,3175289d6b77f0438b15e90e1e6ada2f2679055a74c3804338e2bb44a0c5f211
6E8S_B,2019-04-17,38,997597deb95164d39de35e1b67954a512363cc4a1c9f78c06be564ef32a6b228
6E8T_B,2019-04-17,36,7007ff2c3355ec35df81b2038c910b5c4e958538e26e8da7b7d50f4c62b7254f
6E8T_D,2019-04-17,36,7007ff2c3355ec35df81b2038c910b5c4e958538e26e8da7b7d50f4c62b7254f
6E8U_B,2019-04-17,37,8fec838937617b7777cb2eebfab0a924874e504776946f8c7f7535b71c4c3be2
6E9E_B,2018-10-03,51,a157a5a823c22f2268db35594466ca619b3b93c7f3940d0ac5384c5be8a51301
6E9F_B,2018-10-03,52,1f69270d1de33c53900e4ae1ae82bbb72e5490c14163e1a7e9aa3d323a45d5a7
6ELZ_1,2017-12-27,2457,4e9f8d543582b19ab69b5cc01b078a29f8e4b3d009e675166db8f69b8b5e3923
6EM1_1,2017-12-27,1785,64b9879e493e6de273a402a25ddfcbcbaf66fcd08b27f737c16564475ca6ac7d
6EM3_1,2017-12-27,1250,5fbf798f3082e7917729675105fed53c2ca49e429cc6aab346c80e3fa62d742e
6EM4_1,2017-12-27,1556,bec256de800b6ccc3123d0bd021f188cc37a0621f2b13625bc30b5bc97bfea03
6EM5_1,2017-12-27,2438,706305c93c5e4e1b8d50e51f770136573f9eee713a5d4d492dd6f138dfd0b901
6EML_2,2017-11-29,1675,d72c14288da0b742d44d39d342afb7d2f4cb887705c7220949b69a8f26ddde22
6ENF_A,2017-11-22,2807,055367c24f12224e41d23600ad73de2fd8a521dcf1ee77dc2979cda64cc4a493
6ENJ_A,2017-11-22,2871,e7b78b896140af659354f731e9b0ea318b500138f85cec12f7622533455d7725
6ERG_M,2018-10-17,32,a83cdf7d4cd7acf0df91dbf7d379606596f1a8a355c4f9409ec5b03891306d56
6ERG_R,2018-10-17,31,b3819cf4fb052cf02b03eb5d404e986d6be3c39f87a597492caed3a220461291
6ERH_F,2018-10-17,32,9285b3957c4fe0211c3f2d1776725940ba4ed51098a1fd8b2781a1dcae4db80d
6ERI_AA,2018-04-18,2696,d8434d237e9cb16811b6921ca7c6444b0f81eff5ad621643bddc7a41e72b7a02
6ERI_Ax,2018-04-18,118,b659bc96ec09d59cfa05aa84bcb3e0d558c4f4faf673e7c64614346895ac4a86
6ERI_BA,2018-04-18,1481,17619ed7bd64468118e48d97286a06c955a135ec20e3759d630c585905ef0fee
6EVJ_V,2017-12-13,16,2873f5b7ecc4984a72c9033e838bfec0da8a2d4d22c243ce2bcb308b1c784c21
6EXN_2,2018-01-17,136,74b9cf2f051ab61a675832eda670e3694c68de7ac478dea066235d11abde89b6
6EXN_5,2018-01-17,179,bae2ecd60931ce0f044527b480ed8aa5cc47712160af302660d65266ed2b9b01
6EXN_I,2018-01-17,39,6a626d406637000f34147b0f563c7c6174e98dcf54284ddca71650fc2ee6b5a0
6EZ0_A,2018-01-03,27,775d70bcc0acaf681f93254f56d4449c27b6fe6b2eb8ef11d5ad559a6080cb0b
6F4G_C,2018-06-20,25,e15843ab944800d260881531a3f4ed1971b5ac44e0503b5086be444e16cc4311
6F4H_B,2018-06-20,22,f277fba502714acc7bf54649d8b012a5c39f292a05bd40a822e2669924136f2c
6FAI_2,2018-02-28,1775,edd2b5f54be169d06987c28f3643996ae9a404fb542dc387b71bb61467a09d6e
6FF7_2,2019-03-13,188,1433100b8169f15fa72fee6f5a1a7852066b4364a1a4f9cb55c288b1b99e5db8
6FF7_5,2019-03-13,116,f2bedaee5e4b10d7bf712b0a7da95b6ccf2bef5789a5e1b0dc62e1fb509acc6f
6FF7_6,2019-03-13,107,35d163c865022ca3c8322306fe660be86ca299b115056fc771affd5210712004
6FFR_A,2018-09-26,22,3d9a709743abdec840f7b5d0f44ee97dd01dfb784f1337a11f25a02242da8f26
6FLQ_R,2018-03-21,21,ccb4f25138b0dad0851b72c57db32486c01881a21a9cb652d7bc29327feddd9d
6FQ3_B,2018-05-09,13,0da8850cefce106c55139aabebb542d392f1e00229555376120cf5aa90d84e10
6FQL_B,2018-05-09,13,a40360f24cc3a7126b64fb84d99da145d8e30b9e67d031898a92d685b81d1f32
6FRK_1,2018-03-28,299,0c7f658f0ba7823880608b9e820e43fcf5b0acdc8eace03def538318b07c6843
6FRK_2,2018-03-28,76,928873f8fa5dd4362cae231fc869c406964787eca27197c9f026fdb46d97222a
6FT6_2,2018-03-28,162,7cf2db082f3805a161fcdaeb2398198d463e071148999535c41395c421019a04
6FTI_u,2018-03-21,3662,da67014f53574c78d190807b1ba4bb839b47b0185e0d2221d4cbf3d8a3539a57
6FXC_AA,2018-03-21,2905,997b21045e17f8cfb33e6f4d5436a5b739f3d1e694e3774380530814238ccc30
6FYX_2,2018-12-05,1768,2c13685dfd83963f8176c640e4c48643a954c95018f31114eabde3aa92323e96
6FZ0_A,2018-07-04,53,0203022f3909b9ca2e4ba4ea006cac630e92773807003e8119588f8439fdc708
6G18_2,2018-06-06,1658,b77c91ede81903ca3310fa2a06ce1cdb3f2e04a54d93c81662e80d829f3a81df
6G4S_2,2018-06-06,1613,6a01b55ddbe18258f7b7d78bafcb40b5e48cd22682fd734b795ebfcbf5995f32
6G4W_2,2018-06-06,1563,d1542c8da67f32c96bed4735650a34378e5e2f72d3a3f9fbea9b221ef8dbe491
6G51_2,2018-06-06,1659,78aec93e8a22d456e8fb02a29c06e9c316d797f654181e62b60e7b62087e86b8
6G5I_2,2018-06-06,1657,17f3698729b64e6c128efb2ce609af06bea0b9b98f8b2a93f8b824f41122602a
6G63_B,2018-10-03,23,3b81e33f9c48f0c065f761ce56f081f8a3056fff39c20e96dc4314b3f74ed6a0
6G7Z_A,2018-12-05,132,88f0a9493b4add86a0a26db4464c5a2e3a65cd36b8e72be0455d1abdfb3de200
6G7Z_B,2018-12-05,54,ec924f8fe3240284ef95268db95d53626c20ca21e581bb596ae3604ccce0589f
6G90_1,2018-08-22,325,9dc19fe8f4eb77ed91e162670812661e67cf214c4891970386b7e0916ee2a457
6G90_2,2018-08-22,143,c6c6ee95a415e72449e1bfa239ea1b3b0e8947c6c92d39c4445530a6f3e895a3
6GAW_BA,2018-08-22,1549,ea4c8742bb04aa2e132a771cc7132194f83303a3ea3c7606ca01a63d65fb2df7
6GB2_BB,2018-08-08,73,b0d65d1a5331f5c6e6519844686a7d2cb36bb7dc41af7ced4522702a9a0e6999
6GBM_A,2019-02-20,23,1270f7c77111595e1f8a1b05d9ecae06cdc36e815140773268a79e3a4be6b058
6GBZ_A,2018-06-20,2789,b377629e8e12c64fa3911b8ad3d557e511f2221242620fa5cf1271c13abe6b41
6GC0_A,2018-06-20,2729,47a49a3f96b12f02570af73da1f3c2cb197a9c10e54ad1e12c45cea19a7b21f1
6GC4_A,2018-07-04,2586,14c32fcedb30b7e38924c7e1506143e909241322061f4c1f5635a1cf9047b1e3
6GC6_A,2018-07-04,2092,9ae1d0cf19e5eae008b3717e47b85abca8d1d5c3d2b05a1e4e0f71d786b4bc36
6GC7_A,2018-06-20,1901,e89a80086ff40eb4b5a7fa4837e8311d2de5e8cf7f5b8d0ac9d9d8a4fad4685a
6GOV_R,2019-02-13,66,c2abb3d94cff0a66246285d5a2e502f72e36a876ae15ad5a08aec6ab0150b711
6GQ1_2,2018-07-11,1776,4a5b36e29643af276c0071a0139e16af299c69c50ac2d314626f5ce005c841d5
6GQB_1,2018-07-11,3223,63a5af23270f40476dbe9a1343a39bb14937def392e0958fdf9948b16610cecf
6GSJ_14,2018-07-04,2811,9fe0390f25bf3b895211dfbf22978bcd516abcc49a508233aae8b39689eed86e
6GSJ_1G,2018-07-04,1490,2bcdeb5c90f5437c7011afa45d0c17ea948208a133944f0dce0169c5ceb194e3
6GSJ_1H,2018-07-04,2850,dfbe5ae1c273dfaa3efeb7ffc2c433f29f7eb3b745bcfae18da4c9ab19e02b94
6GSJ_3L,2018-07-04,76,1abff7b886952b08ebc3948274e6e2f55d3e81b6c2a049029fd094c4c0f10616
6GSK_16,2018-07-04,122,948682cc3e670688aa02bca1f013b8afa5f1e644df7d0de14f2f39972546ceba
6GSK_1H,2018-07-04,2811,b65d2bb1808dc9ae0f1ab986676e87f6c673c31165459045d7a8d3b8aecbc04d
6GSK_1L,2018-07-04,76,c246de6f2b68522f16cf06ca4dcc39735d1b4888fd7b345ac72e1410d0936a57
6GSK_2L,2018-07-04,77,cc475a9b8a945a883c44e3a620f744e2ab42cccbf51640858b77c11c6d8c16f4
6GSK_3K,2018-07-04,76,1abff7b886952b08ebc3948274e6e2f55d3e81b6c2a049029fd094c4c0f10616
6GSL_13,2018-07-04,1512,9421ad8b63f6c3e9da36f2b17f3876defb81419673b95dc9cf0bde50e4adcb01
6GSL_14,2018-07-04,2895,7481a6a5d53c2e4201076f48f45f79b2815260b72c1bf61157fa1fee1cff3dae
6GSL_1G,2018-07-04,1509,e07fbcc0a7375663617a959f0e940f47e5dad54c4a675321b9b18069a6f7f85c
6GSL_1H,2018-07-04,2895,e909eb0e3ba8f3c1c2dd869db6fbd9f618ab003d94ae5fcd11a26c05ddd43791
6GSL_1K,2018-07-04,79,2740bc32e0d0cec6332ae222c8a5099637de4daadd2d3049d9be9880d1f87581
6GSL_1L,2018-07-04,79,2740bc32e0d0cec6332ae222c8a5099637de4daadd2d3049d9be9880d1f87581
6GSL_3K,2018-07-04,77,9b999da5190d4cb98135fe24faea8018ab726e9538e270f5bfd01cca8f26e857
6GSL_3L,2018-07-04,77,9b999da5190d4cb98135fe24faea8018ab726e9538e270f5bfd01cca8f26e857
6GSM_1,2019-07-31,76,5d07fdcbc09369ebafd6ab3c3965ba9f2c7458f80bf31002ec690820a0149ac9
6GSN_1,2019-06-26,75,7f68f1a313f0086845eed239ca199a5f1774d8db523be88c17dc5f576f1968d6
6GSN_2,2019-06-26,1798,43d781490973355fe019ceb00d927bec45029fd5b2bd1180eaaf06a5c3ef3c1d
6GTC_B,2018-12-19,43,a32770dcc23e345c90839fe063ec2798c5c929f8ca9fc0f0e1170cf59ffa8701
6GTF_B,2018-12-19,43,a32770dcc23e345c90839fe063ec2798c5c929f8ca9fc0f0e1170cf59ffa8701
6GTG_B,2018-12-19,43,a32770dcc23e345c90839fe063ec2798c5c929f8ca9fc0f0e1170cf59ffa8701
6GXM_A,2018-08-22,2896,a30b1ed14b7ed67af53d3c308f3c0856c13d3bb1fcf8cec1fb5fb9255724b6c0
6GXN_A,2018-08-15,2895,7cef67d2bb64fd68da4c74fcb32bb20764f48f34fd1409bd3ef440e902006183
6GYV_A,2018-08-22,192,a0c552e212a8279dddcbc61d3957ba1b45f5076cba367533a697f0fd05a49f7b
6GZ4_Bw,2018-12-05,76,2de619f905fffb3b3945ea43566f0d81a3e23d31ff689be4e66a10c72c7ebd7c
6GZR_A,2019-07-17,48,be5fa2eaf52c9178ae8bb5cd29f33bb25da14f41b3479f273e5dc715b29463e3
6H0R_A,2019-04-17,31,fc28f7102d948e8320ddee70b0f66d09f8af58f85a7dfdbd433d9ebfaf5d75c7
6H1K_A,2018-10-17,28,5f3299a5973877baefa25c4f8896176a0259bbdafe11d40aad16a7612e14784a
6H4N_a,2018-09-05,1534,a21179dc10c7dd7898f826a177a8901aaca6fe41a32d5e3b9653f54b0f32e894
6H58_w,2018-09-05,77,ad7f18d7611822a99a4f4c0a12e19c41f07c1d669b3552c1b080ba429e198415
6H9H_D,2018-09-26,26,737b4ff316f49d16ff979599bdd38377cb4d7dcf145b5a92d037778e5bbe640b
6H9H_E,2018-09-26,26,737b4ff316f49d16ff979599bdd38377cb4d7dcf145b5a92d037778e5bbe640b
6H9I_C,2018-09-26,25,144e3927808d236f0e3d4dd35e37af78fca52b5e22aa33b9c571c488f65c5f0d
6HA8_x,2018-08-29,75,3fff3e89fdcc5aee12f9398a0e7e5ba106f2203f4f2bd0ef975724d912acd119
6HAG_A,2019-01-09,43,fa3b186cdf4584b6b0b4740907c124ca235a68970468256650f5bdba501c2cce
6HBX_A,2019-02-20,18,28b398fea2552a661e69b2bd6a2871eb7a820361b0a5b48c42ddf973d03fe46a
6HCF_52,2018-10-17,3634,c04774009e19b3307eb409d8c4abeed0cd8ded06049a2cdc4b43333f178ed7fd
6HCJ_51,2018-10-17,3635,0f877f45b7bdc81d0789c6aca9d211dc6af4927dfa5a517181a3da80112ef691
6HCJ_A2,2018-10-17,1740,3824d095c1bb3d54b316ec283ca9c84b6712673b5c9394b3e44aec976cb11af8
6HCM_A1,2018-10-17,1732,95e992ba68e9de5ed4cb401645d46c5f9d276fa72a7d565bfc71dadf45cd317f
6HCT_A,2018-10-31,19,e0bd21089a1c968969c2d70c8bff94bf7ad3d7d37b3138876b3e659e7a9c56bf
6HCT_E,2018-10-31,19,e0bd21089a1c968969c2d70c8bff94bf7ad3d7d37b3138876b3e659e7a9c56bf
6HD7_1,2018-12-19,3335,5412a587743aa0a7aa3a508421df3158dcbb5f7bbe2a52f6b6fcdc130b03c67f
6HD7_A,2018-12-19,76,87ca17862c63487980fabcc3cf2501f38c4c74d75c381fc4e4ba29683c0d026b
6HHQ_A,2019-02-20,1781,466e659fd8c2344890a1b57e7afb8c28adea91a9a6f5905ca89320e2d706ec5f
6HHQ_sR,2019-02-20,1783,911bc4ca9516e31bf67e164223b3d7e3a47be5bbe1c48924fe38c833e4cc63f2
6HIW_CA,2018-09-26,621,3262646247be580757b87fb0ac54bd3afafb5d70ee372d6967bcd9089f658f65
6HIX_AA,2018-09-26,591,fbf5a387b2573a411cba2267f8029d38ac34acf4892e3ca41e80da38fb5d5d4f
6HIY_CA,2018-09-26,478,ad82557da244b76d5d1e71421bec117d2fd2429f01951512ec2d629c4bb0b65f
6HRM_1,2018-12-19,4417,2b059ee79795dd02255af6a3fc07e3cc9cc8211789bca35e6a2376c794886420
6HTQ_A,2019-10-23,2887,61fb9126675b3643bf09dff778c0263a2472fa11b05f4d679fd900b938d87f69
6HTQ_u,2019-10-23,76,15c822703c869a9e64dd655b25347d8b260fb8241ea3b2d53813798752fb98d2
6HTQ_w,2019-10-23,75,b921a97eafa100a5e4deac0fc26e3838b20d4551a1c174bcff27fa5ba2c7d8c6
6HYK_A,2019-04-24,31,1c2cdf2bdd4653870ac450538a5aad4eaaa5fcf2d9cfa2196095b738495d6368
6I1K_B,2019-01-23,40,6a85ead6369c1e0bfa20bf1fce9f5a89eb8c75c10d347fffdf8404923b8af207
6I7O_YS,2019-01-16,157,1a8b9e9eb3eb246b1e6c0e84a952247899c7b65bb5933a4281368e8ebdc17220
6I7O_n,2019-01-16,76,fa9f4c63f11a4134b27bf1604e6368897ac071defd62fbbe6c928f2a909c4279
6I7V_CA,2018-12-05,2898,e1a25fb11f02b67ad218d839d64abc3477cbaf1f681ad1b10ac38e2d8852b04b
6I9R_A,2020-07-08,1497,438f82060171b9d75207c96c25fe673f51ebf9fbf31454f17a85f609502b4fee
6I9R_B,2020-07-08,69,e82563784ff53386edee166fe91163b37b286286d9ac623dffb3a3815c982c62
6ICZ_B,2019-03-13,117,e7d28741c27c02612e722f9447e396cd374364fecd5d24329f439f41af2416c2
6ID0_B,2019-03-13,117,e7d28741c27c02612e722f9447e396cd374364fecd5d24329f439f41af2416c2
6ID0_H,2019-03-13,188,1433100b8169f15fa72fee6f5a1a7852066b4364a1a4f9cb55c288b1b99e5db8
6ID1_H,2019-03-13,188,1433100b8169f15fa72fee6f5a1a7852066b4364a1a4f9cb55c288b1b99e5db8
6IFO_C,2019-01-23,99,8b59a9bc26af922ba27165e283e9f7c8e84f7ff89a40a7d0f91cf263ede5aecd
6IFO_D,2019-01-23,99,8b59a9bc26af922ba27165e283e9f7c8e84f7ff89a40a7d0f91cf263ede5aecd
6IK9_E,2019-01-30,33,f6b2cb93b236e91a7090e77ab53987541b36a0bb7b12b4ad20609a70d5559a17
6IP5_zu,2019-05-29,75,54ab576a8bd4008b9e21e574e03d09dc7069cb7a387dc5a004a1d5627bc7948e
6IP8_1A,2019-05-29,3667,70414e7bbd40c4a367e9b8a3e3538972e717d5d306c2566e790379fbebc72ef9
6IP8_zz,2019-05-29,290,bd9994b026792d7edb84bb96fcfdfbd83da88c6daa22d8d47803c5f0e14ade79
6IV6_G,2019-04-10,59,6b70bc071cf232864b31bb7dcf89e5f93198bd7d5764d3701481678fcc6cd55f
6IV8_B,2019-06-19,51,ff916b8c6de63bec6c94b2be655cfdce1421308042f2826b925f64c669a62f91
6IV8_D,2019-06-19,53,73ac82cc4030885cabeb24c356d13b58ee7468a94e849ec9b4136405e4e65dd3
6IV9_B,2019-06-19,50,1e9500553ac6be5614013b1af1f3105339a2c96716756c7f252798afbd97d6c9
6IZP_A,2019-12-25,29,e2fab9440ee82df2e98aa5c15004c6d0a183b58f195cc5d831b4b8c43855a486
6J6G_L,2019-04-24,208,86f823ae67e188fdf2c52ddb15d4967d44ea125483e337a08c6147d3c27b734d
6J6H_L,2019-04-24,209,afcf7210d30605e9a3ca22df1c48aaa1e566e56bccb59f5975dfa08fc2b714f2
6J6N_L,2019-04-24,205,15b249a4ef3a5d7221abf33c9c1245ded7e3485b752d8e2cb04bc618513ee1ed
6J6Q_D,2019-04-24,214,b8338b9f8bf8d3bce735a50ff2b28d53001b2b6582fae77d3205c82394436398
6J6Q_E,2019-04-24,112,e59c3193799e1f2eba9f1d068c3a70ce2895e5447a65f5eab07cf076a24b9bae
6J6Q_L,2019-04-24,210,e6bc88d0bf86d736ad3321374a1fa62b2826b3c023d6182df831144dbdde4f8e
6JDG_G,2019-12-11,13,449bd43e5672020e0814d1c0566da2022758ec5f31cc1012ce6cb9934ca3bf97
6JDQ_B,2019-11-06,135,b56015b36db5e520c2fec1618bdc37bad8f88a771aafb0d53580b71814d520c8
6JDV_B,2019-11-06,147,1bdf75ced985e4cbbb116346649f55fd3301a6da2c30bc008960cd0de66fa5b3
6JE3_B,2019-11-06,135,b56015b36db5e520c2fec1618bdc37bad8f88a771aafb0d53580b71814d520c8
6JE4_F,2019-11-06,135,b56015b36db5e520c2fec1618bdc37bad8f88a771aafb0d53580b71814d520c8
6JE4_L,2019-11-06,135,b56015b36db5e520c2fec1618bdc37bad8f88a771aafb0d53580b71814d520c8
6JE4_P,2019-11-06,135,b56015b36db5e520c2fec1618bdc37bad8f88a771aafb0d53580b71814d520c8
6JE9_B,2019-11-06,135,b56015b36db5e520c2fec1618bdc37bad8f88a771aafb0d53580b71814d520c8
6JE9_D,2019-11-06,135,b56015b36db5e520c2fec1618bdc37bad8f88a771aafb0d53580b71814d520c8
6JFU_B,2019-11-06,135,b56015b36db5e520c2fec1618bdc37bad8f88a771aafb0d53580b71814d520c8
6JOO_B,2019-04-17,96,ff2fe38f3481319028ca633ccf30146c14618607d4786267fb48d74128464397
6JQ5_A,2019-06-12,82,392d069b9b8aebe1be5afc14f23470bb731970f69e378ac9e7123871386689bf
6JQ5_B,2019-06-12,82,392d069b9b8aebe1be5afc14f23470bb731970f69e378ac9e7123871386689bf
6JQ6_U,2019-06-12,81,cb6f3d687671543d0412589fd664f3de4672a68e77b19a97a80261a6e93e6d95
6JXM_B,2019-08-21,97,6187e7a2c284630a06cb8a7c07476404819ea4901490fa45caed8b6ed889e653
6K0B_V,2019-06-19,83,217fe1cdb907bc8b0d08f39765d5c45f35f44ef039bbe85d6afbb61a88d9480b
6K0B_Y,2019-06-19,258,1de1f4596262356e080e146ccb65213c03e1e0d11771c47f5095630bbe12cbd3
6K3Z_A,2019-09-25,83,d4a5a77a8039e31383a78106e8f6ee4ccd523c1f0322ae2ed1f93245da883724
6K4P_A,2019-09-25,84,138c2ee621cff8e297de37fbbf78fbbfe358cad802e81b5337287b51cbd0f0b8
6K4U_A,2019-09-25,83,d4a5a77a8039e31383a78106e8f6ee4ccd523c1f0322ae2ed1f93245da883724
6K84_A,2020-04-01,25,96feb99be4f814ddd91d7f2cb0f26d034a9a231833c7e05769730fca81a6a6a0
6KC7_B,2019-11-06,135,b56015b36db5e520c2fec1618bdc37bad8f88a771aafb0d53580b71814d520c8
6KDN_F,2020-03-04,36,f8133a32389150f73db6439362a1989c596e7f8adb7f4a4f32f6fccc2b2653dc
6KDO_F,2020-03-04,36,e09d90c7ab0e4934991b1022e4edf9efb4184cb00f5598aca169bd997cab15ad
6KE6_5A,2020-08-05,522,7bbc834c2201d3532bb826c32c3e4b0cc16f60eba4c6fad323845ba491df63d7
6KE6_SA,2020-08-05,1310,ffac89bfb73c7e6c4e53d107d827b29dc59701dfaaecff74779d0b4cc0d6f74b
6KLB_G,2019-09-11,42,6a9ab0f26628266b5291ff63ce30309b7e0f0235670c6274cafaf272f47ba7ec
6KUP_V,2019-10-02,15,0265ba0caeada546d74ee37d5d0a6bf213e576942ca2a98d462a744cc5d82829
6KUV_V,2019-10-02,15,0e60324df8ef19bc5c6ebe32eeb4cbd257580822c7eaf287db7c04d6069c61db
6KWQ_B,2019-12-11,31,40cf74bc688c6961ac1378358cc0e0e3d9318e041c1f61aca680ba119304bcca
6KWR_B,2019-12-11,31,40cf74bc688c6961ac1378358cc0e0e3d9318e041c1f61aca680ba119304bcca
6KYV_G,2020-09-23,22,4576e5a34eeb99cef08794a0d496ee46de8adc3bf2f1de77d39f5b1a33462ae0
6LAU_B,2020-01-01,55,003390e3ae5f1faf29ff2f4ab599c31df87497fb405a5f43a31da01cef599def
6LAX_B,2020-01-01,55,596cd6f711f0c7c1a82036e8d10d790adfeb725519b8e0e0592b585ecfae7099
6LAZ_B,2020-01-01,55,003390e3ae5f1faf29ff2f4ab599c31df87497fb405a5f43a31da01cef599def
6LKQ_t,2020-05-06,2850,f1af0719cfbdbae5b99bf781018d8a468e3bc4289fc973b54579077013f28221
6LNC_M,2020-02-19,60,8e80a1f4c7e9338ddf22e61366b47b5413d7708743add81e32d6d0d6baf7bcb6
6LQM_2,2020-08-26,3433,4337c4345cf76bed371e908209e96ecd209f331ce7ecc02152fc6d45cbc48660
6LQP_5A,2020-09-16,523,90d787a5b75db2b10f09e6bffb3dde7c038f897eb08dbe65853d17d0a9d272c9
6LQP_SA,2020-09-16,1325,4625e7562aa88192863708b23f1672d5c156d7098042610b253bc66d52e9cc5f
6LQQ_5A,2020-09-16,375,c4f595e13df0a934cfd19c2e03d5e3bc7c567e7e8564cfe32ecfc29fec15647e
6LQQ_SA,2020-09-16,1323,db8fedcca422916f07ee8188079c39cbb9a8b1c16225bb0cab98b1247e50dc4f
6LQR_SA,2020-09-16,1283,b9cc4a1b5ac970d43d6dbea75d6fb319a500e787a9e820d7e25b8bf173999058
6LQS_3A,2020-09-16,333,3932187442da8fc473c090d2bc26753265d3fae61b33f92354659f6442b2e1d4
6LQS_5A,2020-09-16,152,6e0e76a21d8f2435b33729e45db3fa4d00fbe1d2ebd637e012f606a322e51df7
6LQS_SA,2020-09-16,1249,4821179d2685af757fcc036ff328d71dc8fc7cf4d2305f9d61d943d893b8f9cd
6LQT_3A,2020-09-16,194,0c1c17e31c00916806c51a804651dbbbc76f2b0494c8353108c967ed7506e444
6LQT_SA,2020-09-16,1155,74bec89ca36d49be24e68cb3514ac5cc2294c16ee2d5eaa422c8a31beb364606
6LQU_3A,2020-09-16,175,a8c6cd7430b0bb829eccdc353e7d725cff06915f5bcb4f01a4e28a0225a12198
6LQU_SA,2020-09-16,1242,6f9a392cd030f72cc48cf4c8de0dc4cb08f1f8a4131e41a918cacfd721c0e560
6LQV_5A,2020-09-16,171,c649b54c67f9324a223ddcfcaf55d59567a5131519eb463bc9c16b38f7d30d25
6LQV_SA,2020-09-16,950,7809f9481793ed771246dd6d2bc484fffc49a4d0480b60133499bf9fc3d01fed
6LSR_2,2020-08-26,3384,6261e8dc00b3dfd04b4c6b4fcf8b6315110ff5ed374620dfd938629e646387bb
6LSS_2,2020-08-26,3383,9162540ed7d3ddb54281e385d49e76d6cee33b6a392bdde01ec48a7e89a10fff
6LT7_C,2021-01-27,50,2ad2e26d29a5f4e51b902c5193b7c7117cb824a970ae116aece7bbe22d4f1cc1
6LTP_B,2020-10-28,56,d16a4b9b9417382dc1595049f813392145c4568d912f66f7589ee164b863550a
6LTR_B,2020-10-28,56,d16a4b9b9417382dc1595049f813392145c4568d912f66f7589ee164b863550a
6LU0_B,2020-10-28,58,a117167437a77d0e695237fa0730b62f7f27e932bcbd87b379232727979939f5
6LU8_2,2020-08-26,3386,85351475fd1ed352d2ad1bb124b1f9781876ce950c72c7ba78d260ff011268b0
6LVR_D,2020-08-12,76,28890de0dd2033379fabebc7165a219d6092ad9bbadc77f4c7528be78963ca0b
6LXD_D,2020-04-15,102,0a14353e11629e657a4d6c964bf5f9107934683e921769b883126e7795710dfe
6M0V_B,2020-09-09,71,da1c55c629b14dc1dc6efead2adcf2b54e30bdde3497a8e85282ec01fca0da83
6M0W_B,2020-09-09,72,39fa48ca434c79381cb23608f3c9e4e9660b6849f25030887ac584a2073c2a98
6M62_1,2020-08-26,2972,af223cf37147d9651b5a1b4555dd9c14833dda69e690b93f6c0e3330cad203b5
6MCE_A,2018-10-31,30,8d4edbf0927dd621026899bf86451c32023256ea6da1e93b444ad9e8db19b304
6MCF_A,2018-10-31,57,82f96fe29c25b9439b49dda69b2d2b7d1b2268f72f0ecb2c1b3cdc6986ab9ba6
6ME0_A,2019-08-14,866,f0aada3595320fb14867dfb2d8d81d94cf79c4614e50b2908eb70f4946eaea8a
6MEC_A,2019-08-14,867,601ad1aa4aa4bf6a9aa12c8597eda1d8a4c04fd017d5b86bf22b0cdb6fa69a28
6MJ0_B,2019-01-09,104,c08aec52fa52ebe78ad4c026a31b91da72493f6f5126ff5faeddcabf9d8d10c1
6MKN_A,2019-04-24,1507,9e57db5ab2b0eac4a4b2b646bb9c356606f4aeaf4082adba67efde023b4365bf
6MPF_A,2019-04-24,1508,6b5e461026403af2f12215be2cf6b5d046bbb4d4e21ba99247cab40e6bcf4458
6MPI_X,2019-04-24,10,973e8758e06074f89985763f3d682da71f8cd964deb587906af67400fc12748e
6MSF_R,1998-07-08,14,8cba2bbb01112774bb95812f87e25fdf4bb983a555b47c4bed61e250ab5346b1
6MSF_S,1998-07-08,14,8cba2bbb01112774bb95812f87e25fdf4bb983a555b47c4bed61e250ab5346b1
6MTB_5,2018-11-21,3497,480f0b55baccd1a7141fb1845aa40fe1e6c0d0533f9d880fcadb5cffc54f3ca2
6MTD_9,2018-11-21,1692,b40c4103b1eed5fbaf39c8b8df32f59e29871e33457c506f3fa3116a8a7d8492
6MTE_8,2018-11-21,151,59162a6216fd22e0e3679e80b829478f3cef3f1c5c211db9b474a6a3c0f5c727
6MWN_A,2019-08-14,92,6b6e7328e1b2e819a9f193f8ace175c496e58564056f3a40335543a47fa63a41
6MXQ_A,2020-05-06,49,e5f6d6203a6eddd735e5d76a6965cea7d370ac78df497fbeacce64c1e255c9bb
6N1D_A16S,2019-04-03,1517,85532d92b14cb35d645a6697e3c72e64b672f4146cfb5f1cccde21bebf313ba6
6N1D_A23S,2019-04-03,2879,bb558596a27ad7e21927396b151bac9cbc73604a645c400a5cda4eb11c1250f0
6N2V_A,2019-10-02,99,eb9aede4fec5abe5cb2ab8e35d6e1d4841873218611a62950936679c2c939cdc
6N5K_A,2019-11-27,125,fcb7b85e068b8c04b9f3415de03ef78b1acfd672629b1cfe89282785b44fc279
6N5N_A,2019-11-27,125,c1469ea0081c4b4c3ccfbdc0c5ff20e779fab5fb29cef8c16ab65aecba581138
6N5O_A,2019-11-27,126,f5b484dc6867b6315a5dbd3c8be6126800e3ea955fcdc07cbc2c8854ba46e6d3
6N5P_A,2019-11-27,127,ddb1f134210808b8cfb22bd9df3e9851d3d35810710c813fee3758527b193a01
6N5Q_A,2019-11-27,128,efee820629ae4ff9f023b6002fa01e41c181ba4c2cda8178454bbd87e41f6fbf
6N5S_A,2019-11-27,123,7b61bb90bb7546e7c40afba079a1a4ddd953e0a775579310426b2cdc8189f1fa
6N5T_A,2019-11-27,126,63b0597636db529385dd763763dae6c6d841c691bebdb2acea5b82c9333728cc
6N7R_R,2019-09-18,568,dbfde3f863795c860836ea3a6ca15f8f7e1e73bbc665b68aa15c80408491ef30
6N7R_r,2019-09-18,63,f080d5798f737ea1e97bfc0300bfc2bc4211698d36286e7e5e83a66005bcfb6a
6N7W_T,2019-03-06,45,d0bdd9dd10aa514557aa24f8d0385a986cc1922d60f04dbff89821f8d34f3d6d
6N7X_R,2019-07-24,308,30ae85ba6623a3f02adcc04fa31c1d7fc9d59403150b04efc67c5620e131d1d7
6N8J_1,2019-03-13,3047,b00510c509b6c2d6929b1fedd783be4770013350e4c1368f27b9f1f149ac6e71
6N8L_1,2019-03-13,3201,d057501bc37cf5bc7da3a3d176d99441962b80767e080cd8b6a3f1616ec04d63
6N8M_A,2019-03-13,3203,06ffe854aaa633928b2b79a7339d7df44abd20f54e91bcbd49141fdf5e00491f
6N8O_A,2019-03-13,3201,f44a34cc465345a99b9dbfba9e4d71700c5af7698af5bfca699a0a7031976f6c
6ND4_0,2019-06-19,408,aeed01d887c716683b06ba7e13c4cb9272235ba3998a8d21eb775b60a731d7ac
6ND4_2,2019-06-19,146,038f9449645ddb0d954d232c36ac2dd709f12ee517c6e492c1603208b5fc048a
6NDK_QY,2019-02-27,18,0ddcf942244142ee625126d6936dfcbbf4ac33154a07f101f87affffec56a66f
6NDK_XY,2019-02-27,18,0ddcf942244142ee625126d6936dfcbbf4ac33154a07f101f87affffec56a66f
6NDK_YA,2019-02-27,2859,179f7393b8df6e8e8782fb4270440deec2af1827dd910ceea777572ec4add98d
6NM9_E,2019-06-12,40,89ad55364fb0ecf08dbbd78a1be2308a03c69582c6d4f307907ab3e583e03566
6NOA_A,2020-07-22,56,011f0f191dd76a86935b24eeac0f38212d9920635aaacde0ed932e75393157ea
6NQB_A,2019-06-26,1341,056c2446f34e2fec753216a634fc2f69c47ddec795f4d5d82fd254048fdc1c8b
6NSH_QV,2020-10-14,17,edcd3f2642177d21ccb11641d9cd850ec635bc704d40efbb442e2cc3ef8cbd13
6NSH_XA,2020-10-14,1511,524730748d536692552bb99adb6a7ba549b2fe6f12e2f8bdcbb773ad9a02320d
6NSH_XV,2020-10-14,17,edcd3f2642177d21ccb11641d9cd850ec635bc704d40efbb442e2cc3ef8cbd13
6NTA_RA,2020-10-14,2881,cc42815206885307f2964297c71d77260990e60a30a25aa127cd1bf59973348e
6NU3_AA,2019-04-17,923,7b6f0b7f099121aa11345c2457b9d04fe4444d97f357b8c63f89cc4b0b3bba0a
6NWY_XV,2020-10-14,77,ce894a25215d0927d690893945d3cdc9ccb6e783fec35b77fd3c972b4af79450
6NY1_B,2019-02-27,122,3ea7b7e51bc73d000d8624ee10a6d94ab101ec0c355df8ec07dd786637dfede3
6NY2_B,2019-02-27,122,3ea7b7e51bc73d000d8624ee10a6d94ab101ec0c355df8ec07dd786637dfede3
6NY6_A,2019-08-21,1511,3cd61445b366171c8e8aa7d67a353969c9ebe192857f1891196656efc03825ee
6O0X_B,2019-07-10,102,2e272b4765ce261188bb2193c1de16befbde7cba83e5eb1bb90767dace491abf
6O8W_a,2020-09-23,1523,68870f6ff9ca9df2641cfb7d8ab91c3231755ba14e3495f1a6268b4810d8dc11
6O8X_A,2020-09-23,2898,8fffc3b80edeccb5528683008671663491fba18cdd2f747ad289ad8e80795e79
6O8Y_A,2020-09-23,2897,0d3ff08f5cc1fd846930779b7c6be325a9a090729b978067ebf0e5b2c124fb84
6O8Y_B,2020-09-23,116,5a86a04081b80020550d3f002f1e05345634fb352ca4aca9ebac41cedd7f8c37
6O90_A,2020-09-23,2903,2456f1b4e054ec64de0aa9a9cd5af40f3d73b3fb259408ce939e83f3a88ce684
6O90_a,2020-09-23,1528,1ae25a8080a1410c3fed67a0923b8fc549a5bbc5124d67c838c5621579d91265
6O97_1y,2019-04-17,67,e98dfebaff26074f975026082f9959ecb4285ce278388af2583bdf4091a7fd01
6O9E_F,2019-10-23,33,657e9844d0cf8f417ef575dc386da8c323e5551f243952865babe5437f50b5b9
6OD9_B,2019-07-17,75,9b33908d46ed3cc4bd5d210c8722af715b9fca9e8161ec6e08238dfbef3a47e7
6OF6_QW,2020-06-24,76,efc4a8a5c5413939dc7c352249726e0442e5fe459736e55fb8595079f278b288
6OGF_5,2019-09-25,77,cc475a9b8a945a883c44e3a620f744e2ab42cccbf51640858b77c11c6d8c16f4
6OIG_5,2020-09-30,3243,0211ff429ed675d9b1b35c36fe924e834ef4b290e8895a0acfc42a0e8365e852
6OJ2_QY,2020-06-24,76,6462e7c663a996b20bd14c92632ca4d9b139c32a262e920cdbfeacde07556944
6OJ2_RA,2020-06-24,2882,40a8c5b6227e4e3dd6e7c5e884a683c30f4fc196361e7c08b37e8ecc7323fd22
6OJ2_XW,2020-06-24,76,98fc63592937448d8711ea43a80d70aa18c304aa5002959612ea6e666b4e79a2
6OKK_A,2019-05-22,1608,ba82f354cdf011bdb91ef563fe44d36ea28fbe0f3f5e4fbc14aed19b27944953
6OL3_C,2019-07-03,112,4952f37ed530b0fd706fff59d1cdf397df7a2ee9f83d4c8e98d4f38152a8492d
6OLE_t,2019-06-19,3607,4c7c068cdd2c422f6f5229d34ae123d6d6aae5516cb9762c754b124df779a956
6OLG_A2,2019-06-19,3612,953893bebf0e2dad00e2b6bec2e0f5bf0f294d5ef92e02389f4d8cd1b9a1b715
6OLG_A3,2019-06-19,157,b8999b37ea980c9985d7f7974765f5ac75de3ea4165329960577838ca56e2498
6OLG_B1,2019-06-19,1708,42f4f2a270e4c8c521801cc390379ce4b8c1b47c82b911fc79674281d097f002
6OLI_S2,2019-06-19,1680,f8cc16da29cb916657fc112996ed832f7adf8fe5f2133c9e37e1e02c65061cb3
6OLZ_A2,2019-06-19,3643,6bb6d27e162caed4581e7e7f0d5119a0ddc7197498e9eba71815624ffabe07ce
6OM0_v,2019-06-19,76,0f0085ec47b2d24fc03ff16782af141b82d5f0aaa80eac71038554c66e9a15e0
6OM6_1,2021-02-10,2883,e1082abf8a04bac15bf083c50fa74f78c73d5c5ba6fbb6a220f9fdfec8f230f4
6OM6_5,2021-02-10,76,acb5df56ccbacad4a55c89011db3f6d97b67f0c14e20a001234e2cc920a1dd8e
6OM7_u,2019-06-19,76,06d3b3a475f29260f889a998b7d803fc3c493f018b4a9196bafe6e1d8dbad44f
6OMV_G,2019-06-12,40,89ad55364fb0ecf08dbbd78a1be2308a03c69582c6d4f307907ab3e583e03566
6OPE_XY,2020-06-24,76,5e66e1d461e93e3ce5d8e334b30eab911e3fae664ae4ed57423c3f6b9f0e25b9
6ORD_QY,2020-06-24,76,5e66e1d461e93e3ce5d8e334b30eab911e3fae664ae4ed57423c3f6b9f0e25b9
6OSI_QA,2020-10-14,1511,760a73724b1407c37be9ae017a76074291ceb9858fad87ad170aae1657af908e
6OSI_XV,2020-10-14,77,ce894a25215d0927d690893945d3cdc9ccb6e783fec35b77fd3c972b4af79450
6OSK_5,2019-06-26,76,d38b930615772f52a1e3c9ab422d8bc3feeb651c3aba057e9a098481f7bcc950
6OTR_QA,2019-08-21,1510,2517002c735b3d5954150388ffaec3dfa872de0b72bc2452fe8e60ce7699419f
6OTR_YA,2019-08-21,2878,69d5375b3d1f345230617cbb482aff65b3f32e48e931303523dc6e5e03851d6a
6OXI_XA,2019-08-21,1507,99cdc8a8827036abf38cf2ecebccd2f14bf548b53cc09f120d8154f4d42c5f61
6OZF_D,2019-09-04,11,19e34c3e44f486dfac5a328ce24045531b4793c10660a624c30595ba9701cf78
6P2H_A,2019-10-23,69,1746ce8bac188fac4c237cd9925d9af5397cd570248d96df5db9048d6255dde7
6P4G_1,2019-09-18,253,c698b9c49378f6c76bb5c0669ebda25ea19be879f06e232d39338fc564084f50
6P5A_E,2019-10-30,44,b4ca0cf72b4a6f6d168aacdb5b2f06f1681b7aa5f9a988fe22c01375eaca735e
6P5J_5,2019-09-18,3594,c6e9abe09e46a3b2e800d43b20ddda9fef84ff2c9315bc2dbbb0377819074de5
6P5K_1,2019-09-18,253,c698b9c49378f6c76bb5c0669ebda25ea19be879f06e232d39338fc564084f50
6P5N_1,2019-09-25,251,f94dcae3c3370cb085115008006d9cd9559614a48c86a376ee4b4c9ef0bd54be
6P7M_B,2019-08-21,40,9f8e9e3cc2142f4e598097f82e249fb3bdaa6d7327a19cfd218eaf22417aaf96
6PE2_E,2019-10-30,56,91059ccd48e5c92552cb2216914c0a02bdeea398a7309360cbd8a84f6e3abd38
6PE2_K,2019-10-30,49,d4bf6540e13fbe21c43faa7346862e7b0cd5472cfb5f49ec580ebf0378c3a1f0
6PIF_1,2019-10-02,60,564f1cd66c9ea36f0e56f2d4c3b1ce4d7747d21a142849d381f0498291417bc9
6PJ6_I,2020-01-22,2874,357844a547913291c57d9d87c49348c23796469a600f634635de901d10b3a913
6PK9_A,2020-07-01,20,4be752cdcf6536d7987d3f9d48d756f41d3d9f9aa82637000881b2310beb8981
6PMO_A,2019-11-20,66,23c6c9b656e0a37155b73b1234dda4cab1646289cb7c729353679fdde8926779
6PMO_B,2019-11-20,75,156e66746676330db52f940d17f18768990ae93353bdf54ea68fb2ab1cc72695
6POM_A,2019-11-20,169,819c590244cc890f279c889ea82d1dbe5f3f48b16362af0bceb2ee5a4d32b319
6POM_B,2019-11-20,75,156e66746676330db52f940d17f18768990ae93353bdf54ea68fb2ab1cc72695
6PPF_A,2019-09-18,2471,08b2f4c00081f47af1f46c4972143eb270a325fbdcf42a41f982e99f11898674
6PPK_A,2019-09-18,2658,65e4888d29da60ebd4485f9a06ac59ae292e444eb600886b46610d9c3a9d28f1
6PRV_A,2020-01-08,58,bd27ff13ec72e6fce0931596ed3792d5842c9006be94fa458164bcb27eb88fbf
6PVK_A,2019-09-18,2169,5dc7edcb98f7e72cadf2f12df7fe5e4a81aad48fd2b90c39ca49591fe9c5173d
6Q6R_B,2019-10-16,16,87d33e1190fe336b4ab8959d2adcdcf737d8f1789ac1de4437bad450616158d3
6Q8V_A,2019-07-03,19,ce7e8b6688ff49624f8d1150e45ae4e9bb7b168bc3eadf30b997f63866697e5c
6Q8Y_2,2019-03-13,1767,9cab43e3f05c905fa7e65a1a6ffdc00b94f569047667b20fde5bca7b6cd4b988
6Q8Y_BQ,2019-03-13,3161,f1570fb18bda3f24b0eb377c6218c7afc0e6b232c6e53699dc19603f57dc9c1a
6Q8Y_m,2019-03-13,75,a35c1f56cafc0d8e4bbd5d6b909b46954e37a2e19065662ac7220e39a41b5a04
6Q95_1,2019-02-27,2831,318ea4fddc8633213e2a98260af8e8d4d8656800cfaad222d89d8b35288c8f19
6Q95_4,2019-02-27,349,cd7aad2812ecea32a9e475a0805365c29ef5f0855dfff3a049e209ee662e8f6f
6Q95_8,2019-02-27,76,7752b24ce378b76468eb44f8063befac123840fd12c3a0b3009762f614b66e16
6Q97_4,2019-03-13,363,640c1601bd411bd76bb6dc0d027c687c8fc0ec4527ec5deb3edd332e674f81c4
6Q97_7,2019-03-13,77,5dcc180b4cbc81ceb74d4cf06f47b0b0a73a1d3d6ad021b0d740feeb8fbd3cbc
6Q9A_4,2019-04-17,363,692484d698efe7907d2090ebc807b76925fbcd93b7cbda354baa67b1588cf244
6QCS_V,2019-06-05,14,4b362d45751dda12f129d5f4abd74dfc75c26b59e249121d2138b81ccb094816
6QDV_5,2019-02-20,116,f2bedaee5e4b10d7bf712b0a7da95b6ccf2bef5789a5e1b0dc62e1fb509acc6f
6QDW_b,2020-01-15,2888,db3de44fa56a184ee9604fd278fb81b20bd995b7b6b129089c7f3e9b963b142d
6QKL_N,2019-03-20,1158,77ec5c09f4a7014c8c4f22ab10e3e501b7e04781a942211147886544d0d4b9d4
6QN3_B,2019-06-12,50,bd23fb6c6539b2d9908410e84872dfd1b69058fdf190fcb7c051cf5badacd379
6QNQ_13,2019-06-19,1494,51a18dba32949489b8162e98885fc73f9265488cb4f96af70a70e08051207822
6QNQ_14,2019-06-19,2868,7db6356f08c9df7628d8f8ab68f43a781b892a77f41c1b704f8d2d3cbfe598ba
6QNQ_1G,2019-06-19,1498,6f2f5ef57122a1f9d1dded83e6f1ddf6579ea943a22a665227809ba1c86c3d4d
6QNQ_1H,2019-06-19,2868,abcc5b56b8a0501aac4a3ddffc033d6ea7dd3f1cb2511dfda9444c7db00896e2
6QNQ_1K,2019-06-19,77,cc475a9b8a945a883c44e3a620f744e2ab42cccbf51640858b77c11c6d8c16f4
6QNQ_2K,2019-06-19,77,cc475a9b8a945a883c44e3a620f744e2ab42cccbf51640858b77c11c6d8c16f4
6QNR_13,2019-06-19,1504,f02005d46b7d6fa3f04de0d27a363b3d66185f68ff126752a7ceccc7908b07f9
6QNR_14,2019-06-19,2865,a7f67d36ed6d0c5c13f4f29a592b07b2c2c090a4cb4dce62e8c83350445e8a86
6QNR_1G,2019-06-19,1501,afc0c52376face4296fcf4a3ee7ef722287655763e644aa2ff020b372cdf7f66
6QNR_1H,2019-06-19,2879,668455b04a62fe2573414af50df4d60fa08fb68699147d29b5920e3f29fede06
6QNR_2L,2019-06-19,76,8f304d38480c65a1254057127092e2f589f114c63a6df70f7c36c6f95255ecad
6QNR_5K,2019-06-19,76,8f304d38480c65a1254057127092e2f589f114c63a6df70f7c36c6f95255ecad
6QT0_A,2019-06-26,3164,7aa2865d22db32632e723512731eaab96ed1bcfd44090f10c2ad529a89b4a245
6QUL_A,2019-04-10,2795,536635c3e58075bb7dca44e9c2baf2fc35c0dfb7c6d964a22b49b16f6d76cdef
6QW6_4,2019-04-17,146,ecdfab18dedeb32964e8da672a722b1bde41e23a48fbeb384af55344d6f3de39
6QWL_W,2019-09-04,14,5875cc02db8a42cd4a8311dced9fe559409bcd51e3d238271fa3700f56901ad6
6QX3_D,2019-09-04,15,53701520dc5f7f4a03e5c82393a26c089a5eee1dc9affc0174380290b9060ade
6QX9_2,2019-04-17,188,8c11ec04385bb537a622266203b31b44c17e69762899f9cef6b3d2874d92bfff
6QXE_H,2019-09-04,15,53701520dc5f7f4a03e5c82393a26c089a5eee1dc9affc0174380290b9060ade
6QYZ_C,2019-06-12,120,ceee183f53d37322018adfae769d72c9cc602c0f0c4632d229abfb98b04fbeaa
6QZP_L5,2019-04-24,3696,3f689696d2aa81e60ee0edc0c6ed515830cbb51c02cd2519d2da9c04565f7c97
6QZP_L7,2019-04-24,120,773f1c95d35a438e1698716cd890d73efcfa586a59a6298d3bf7b8d1fbb94877
6QZP_S2,2019-04-24,1707,5631f3acbd063bf302d67ca1dd380a40f82a5f53c8e58ab7a13664df0ccce402
6R47_A,2019-07-03,50,16806e8629ac4b44f7e9b1cb7abfbb423085449292f2e85b8ff75341bd96467e
6R5Q_2,2019-07-10,76,d0222dc714c99c00b9f41f10e0ce35e96c2b3caa372a6a3cdfacefb4fe25eac9
6R5Q_8,2019-07-10,151,59162a6216fd22e0e3679e80b829478f3cef3f1c5c211db9b474a6a3c0f5c727
6R6G_2,2019-07-10,75,8615e7626bbbd11845b577ccb2e4a805787347026f2639a9d84fbf23ae5b4725
6R6G_AF,2019-07-10,206,31cbe471d2ea58d91d8d84bad278cd2cb9c640af39efcd29b5c7466430023eed
6R6G_K,2019-07-10,1698,739e8725d84a6da8c8a09115f57498de325780e3d11224be5ddecb2f7c82262d
6R6P_K,2019-07-10,1698,19dee192873069708c8cd0cc8e70ed51655797469fca5740639ee23b696d0403
6R7Q_3,2019-07-10,75,83fef440e7aebc1a5f3d09fd96b713646ef969a32ffab06b05e4a6b4c274be67
6R84_1,2019-06-26,3316,5939691b739846b542edfac442f558ee19659eba1c95082e98b4ad336d42abb0
6R84_B,2019-06-26,76,43127df1b54ab969a648d32f3f4927ab4c70d22e4c6037ecca9aac9fe8ea01a4
6R86_1,2019-07-31,3260,6d8562f18e5b1c656931ac8e6ecebf7ec02b28b256f11789861ea4050789e4fd
6RBD_2,2019-06-26,1777,25672410bdfb8ed55834177aed8b7b17532e06d27d802a2fb3fd4b5e61859f1f
6RBE_2,2019-06-26,1750,8185ea8ba711e5648b1cd53a2cc4c560d1ee9c5e1dbb010dd356e66db54d9f78
6RFL_U,2019-12-11,72,eb2c7a9898ac273c8a5afd68b7be4fe78b3cc77054731e61bd73a998de741edb
6RI5_A,2019-06-26,3147,d278b8e283cc77844ebea5f1a088bb1bf521919f76be43bc5a791878d817d797
6RJA_D,2019-10-02,78,eb615cee5552cb7f4e07a45b4cfe94f17b486537f0704820085cfe58cf66e2ca
6RM3_L50,2019-07-10,2313,fb7f9afd68cdb297c651b95babf18f94c3af2e2e17384eb5280fd8a39e746749
6RM3_L70,2019-07-10,119,0df58ecbffba9dec060aead6ba8bb9cb1e4f4d292130e578f6fc94d62ab7715c
6RM3_S60,2019-07-10,1231,d918788e8e79b2f4d349917843edc5a094f145cf6fe29ac7b4e7131a6044005d
6RR7_D,2019-09-04,15,4b0bda7b6f18b0fceefcbb67c25c548de5f7e4f9d12c696b6a602babc2fa5589
6RTI_X,2020-06-10,21,2af54d87052ce4c7d36c6ba9814da74106a9e456c2cc314d2fde07bf653371e8
6RXT_C1,2019-08-14,1152,a65a5f7cbdb28bfa8eea2cfbabb4e95616150096409273341e2988eb7c8d377b
6RXU_C2,2019-08-14,230,92c810c3c127b084116369f2a3dd5258afea251dddaeb2ebf53504be2af2c77b
6RXV_C1,2019-08-14,1575,59796c1b6a7aff482da14b478aa4cdf3712e56e46e9c01cd3edff023c7371cf4
6RXX_C1,2019-08-14,1221,b8afe2083ac0390fc7fc69dcd163b80646d82659f2eca72df724f47148e672a0
6RXX_C2,2019-08-14,232,bcb8162c115614ea315e40d4b98606f83d26f5a651e937e879cd8c462e3c9466
6RXY_C1,2019-08-14,1106,576c58d7cf1a680d1961c93916020094f82bcc74f390eecd3d6a8b1d49c60cd9
6RXZ_C1,2019-08-14,1487,5476ebffd62811610a60e0b6195c7c84f7848cd95af0352e4846540fac223eb2
6S05_A,2019-06-26,3146,e3e145519bd3c297244b2f5e162cdf283b56c6e63bcc03ecad4035bc1a9de9e5
6S05_y,2019-06-26,158,6c17d19279593e8dc0449230f7d88a7729158aadfb002f2c3fdcea4f02a24a34
6S0Z_B,2019-08-21,114,0436663bb3c5e30ef5680bdd37852da70c94f4380c82d95b1c7b86ba242dbb4e
6S13_a,2019-08-21,1539,72bddcb7e512ca964d56a5571e4cf8dade35f9ae13f73d48f21edbae618826fc
6S47_BA,2019-07-24,1707,90b5a3ee2013fecdfd6641e923857fe250ee3c4a4d778d01b1dd91834390ea1f
6SDY_B,2020-01-15,34,5d66e0400b3a8930a6893d8f535537966628e2e0cab6fa35c23f9c157e942d69
6SEI_E,2019-09-25,32,367e5a45486f9eb3631a3ea85289aa682e4ae7eecf998195560c2f18b993ce0c
6SG9_CA,2019-09-18,802,303e16f8e7b8c67379c0928ef1cb6e1499e6d80336f6b551f6e81085f3ae42c3
6SGA_CA,2019-09-18,474,d55120d2775e204c1d6aaee58844fe59cb9f11632f03eb94493ed267b8244573
6SGB_CA,2019-09-25,620,5a4dbc632af9d2e7be47f47113c366942b7bd2918797b215f84a85836b18d23c
6SGC_23,2019-12-04,76,197bddb9a15d96ab2b0c3adddec6535fd52e04b251c09ef6694495b0f2411866
6SJ6_A,2020-04-08,2585,632982ac09dc2b8087aa53cc2e5595cba6327baa62a4fd42f57116fb74b75085
6SJ6_B,2020-04-08,115,afc2e3a1512629e2bc1e04829f2cb2329c7c7926578fe2574e517aa5f8ad4994
6SKF_Aa,2020-07-29,1385,b22075016b99985f75e437de874ca4be2aab4b254c9cf672417f1664a785462a
6SKF_BA,2020-07-29,2778,76545aff9b785d09007363bd145f6cda1089a5ebf6214fb396eeb946d7e35410
6SKF_BB,2020-07-29,126,741d13ef3555994342c3708ce4890517bcaef84a0221fed085331369e8bd7eae
6SKG_Aa,2020-07-29,1399,0920fc12a11d352a95959fa08425f6c8290be5053e2c5dadebe29e72181bb937
6SKG_BA,2020-07-29,2853,18c1c05e88ac92edfe0b4e9f2f8a46ab635d75266ced2e996e24fa89f61a12ce
6SNJ_B,2020-10-28,28,9a31bec26b080d3a73165687269f308c2a348625bb97cec9727969618f19ccf8
6SNT_6,2020-03-04,149,0da2f15ae0fd4cc3d345526ffe4120eedb6833a70a5a7272807e6ad687628036
6SPB_A,2019-10-16,2885,9aa35cf666d7a9df4430fcbf9ab3926bacddb96cd83187e9812253fc83092675
6SPC_a,2019-10-16,1519,15b3c0746c76e6c1a7d8068a4c359f4818a60f676c459dba019b2c400c3c5a4d
6SPD_A,2019-10-16,2851,e92a7c4e63c903c8bfd44957b57ab3f0ef7fb66779de24dd84f35a363d972460
6SPD_B,2019-10-16,116,b1fc7d16397665c32266a75d9cdcba4aee414074826e847120b844bf19fb5d9a
6SPF_a,2019-10-23,1390,48925ca6e010ba3dc8a7a349d37d724ab5eae04d50e7f4b2438d57f445c4ca12
6SPG_a,2019-10-16,1526,d3f7c523b923074dc0e451f958a926b4107520898b2ca7491d07a83d837e29c3
6SQN_X,2020-05-13,21,83a32135ca0469dffc0e7dea82b34bc39bfa1848d1501bcac915a81648256e66
6SQN_Y,2020-05-13,21,83a32135ca0469dffc0e7dea82b34bc39bfa1848d1501bcac915a81648256e66
6SQN_Z,2020-05-13,21,83a32135ca0469dffc0e7dea82b34bc39bfa1848d1501bcac915a81648256e66
6SV4_2b,2020-03-04,1758,9901305c8f6be4e5e849edc80c42ca2f0d34de1ed48944972d8851d5c7a54a72
6SV4_YQ,2020-03-04,3127,80f5e5bda456cf1220661a9f59c140e9e74802539bbf987e1c32bb2f3f024795
6SVS_A,2020-01-01,77,8a089c9f7a41fbb9a34041c0a2373f3cd0f4eb01ce1d240d8ebe23286a4f4cc0
6SWA_q,2020-09-30,3612,dca4107f37bd622890ecfe44ca246be7aee35e5cfa3463398e842c7ee5fabe77
6SWC_2,2020-02-19,1454,06af106d3efdd3d024a163ee0c0dc877c05d1bfbc7b4fb609acf3fe7dbd57027
6SWC_4,2020-02-19,76,3807a59848c2f38d10a01c82e8be960380bdd0d2de2f1442d846a8874ad51f8d
6SWD_2,2020-02-19,1012,cc1312d45610342e56c160e7544f9735e6d7b8e05a35b6358fd82f85a33f40e1
6SWE_2,2020-02-19,458,318a20ebe853b8a25f13d81dbe2dc830644474c8d885b68c4d494fe6730927c9
6SWE_4,2020-02-19,18,f80f9926fe78647cdcf093ec6a0c3cfac8968c715c859812274ba4da9fdac7e3
6SXO_L5,2020-02-19,268,4f5f62eec00d57d00e4e11208a5c2b76abce739e7e578aef31870dd5dc1c6a3c
6SY4_C,2020-02-05,43,26ace48259fb239a734f36111fe5de37c2ecec5793d8669786add73c86c2c517
6SY6_D,2020-02-05,39,67e05bd5b9734310a9c573ef48ce66050746e0b14e860f042110874580dbc125
6SZU_V,2020-04-15,44,8073d944a057d35e4da458afb3a7df124d9f4ff86419922f8f4b3389f6c25d87
6T0R_V,2020-04-15,20,0569fb8c98b15bf9d2b8f7253865a3042df7071304645f8b59256081d081b25f
6T0S_V,2020-04-15,45,febafed8700edf0052dad743142c4db205ec01b12e51f854dd003413c339580e
6T0U_V,2020-04-15,23,e5d4b5a48527a236ee8d60cd546b0a7c224b672e760362381481ed71dd408782
6T0W_V,2020-04-15,34,3b79b1336eda83388b666ff3a52a13ae0b921371f1776d4c17739ad4af2d3fa7
6T2C_V,2020-04-15,34,3b79b1336eda83388b666ff3a52a13ae0b921371f1776d4c17739ad4af2d3fa7
6T3K_A,2020-05-13,390,6f49fb68764df30432f8db345956745196c9fc4f96e4bf9fef1f70a877c1e82b
6T3N_A,2020-05-13,398,cedd731aed6cf3164d7456c035b83b425881bb1465be8e74d29026095f2dd8a2
6T3R_A,2020-05-13,390,c93202981f04b7cd721e1d32d84ebe4ca6b26383fd215bc7ac7f727164100503
6T3S_A,2020-05-13,398,1de2a2345f8687766b4dff9376094ae1482df7ae0c4d588db181fa3503cbc68d
6T4Q_5,2019-12-25,30,949d360a4547374f6424dd873a169bdfbe655dbf045c313ea2b764d35bdbd74a
6T7T_7,2019-12-25,76,8617dcf7ab1ae177c67943449b2c06cc3c228c645bd741b3d82c5ba67607403f
6TBV_PTR1,2020-01-01,70,1893dd3a9a665581febdf0fe6e78eac1cafae1500575de21732f64d31f478032
6TF3_A,2020-09-23,52,0c42b5e033599d470b1bf580d2c74f13541033ce31d43f5c35377d42229aba30
6TFH_A,2020-09-23,52,0c42b5e033599d470b1bf580d2c74f13541033ce31d43f5c35377d42229aba30
6TH6_Aa,2020-07-29,1439,98a2a72d030d8cc81c3397220ca08533a922129542eaec2b031e13bfb174ad12
6TH6_BA,2020-07-29,2877,9b30d9d4f233bda9b7d036bad5d1fb4af04337d795646fc89c8964f36ece67fe
6TMF_A,2020-02-12,1485,2b054c801ba067cf29d7c0eb7bce0f23faa7e8a0040c7d2eafae6eb79334732c
6TNN_U,2020-09-30,2930,755d6b152a847693a84d0f8d37e6e49d964f00dbc0385fc60c165ac977210e3c
6TNN_V,2020-09-30,116,2a8b82ed164067e99febe15c9232ab139492c4edbec070172468e6b7f73e264c
6TNU_n,2020-04-22,75,f2d5249074521e4d4b1cb94b054fdd71b3a30bfa476ab066d0d09341f278e56d
6TPQ_U,2020-09-30,2924,67a2deb89dc81ae56bbf3618fbc941ab50238dff937b34b1e5f2213c70ed22f3
6TPQ_V,2020-09-30,123,381df2f9c22730c736b4997fe9c70b7f6fd2cc6326e68e437265d2fae6e007ea
6TQA_G,2020-05-27,21,83233bc33dcece560d71229a908a0686da91d50f1330450a9d791fbadc666716
6TQB_B,2020-05-27,19,a7627df67040647acfa4b32ca79ce189fcbcd1adbefd4144299257adb3b2b527
6TW1_V,2020-04-15,44,8073d944a057d35e4da458afb3a7df124d9f4ff86419922f8f4b3389f6c25d87
6U48_CA,2019-09-18,2875,3cbdbba60e786cc6fcb06d41ca5a542ea73eaaedb18ed4889b0ac4d48127ab00
6U79_A,2020-08-26,37,3899eb689ebb7c7c9b64b76bebf3aa28ad3e8cd8af5800802c3f33ba884c8260
6U7Y_A,2020-12-09,22,2ae9b0b646d16ae9d783f9133195b56f3bf369f0a21fc02a6da0d8146a6855fb
6U7Z_A,2020-12-09,22,1dc6756e164a6f80e18c64023a40afa0ef25a6e3c95bf74884a3f4c8c3342e36
6U82_B,2020-02-19,38,becff6e1b2f74a40a4a1cdd2bdfde8876c2fb5b3428150958c4424db45c2e333
6U8F_A,2020-12-09,22,c03065f24ebd1cdf4e857d184e3cffa9963399a29b37920d008e6d761613f2ef
6U8K_A,2019-12-04,68,ff61befb6cec78f517d749486dad63403e5f3b2ba07cf2474907deb117354665
6UCQ_1a,2019-12-25,1487,9202ce058c3c2810a551d4646186849c013c2930012270bf5610650bb6853902
6UES_A,2019-12-18,119,a626149b1f942a8b6257726d7016f15612fd5f097183106cd3cc7a7bd85ff63b
6UF1_C,2019-12-18,50,adcf89ff6700c50ca3e146e84d3c8e36970601f6f2342d85f31b3e97bd680e21
6UFG_A,2019-11-20,166,b2a7482118699bc206b45bfd6e0f7676d59b5f8b695ed7bda6ec15c15ea7e877
6UFG_B,2019-11-20,77,02b377e450264662523b75ec089354b6267a13cc80d1aecc99837087f948d7cf
6UFH_A,2019-11-20,167,78f3c07cfc6e25ec01c89a1f655f333ba2221583edef52973c3f1f1f6ad09cf7
6UFH_B,2019-11-20,77,02b377e450264662523b75ec089354b6267a13cc80d1aecc99837087f948d7cf
6UFJ_C,2019-12-18,51,b2ce7d8bc2d0fa7d9ffb5cad5a29b512b2d79bcd4910255712f79ecb9b575afb
6UFM_A,2019-12-04,77,5f482d45d7dcefa1ef9c51ee21bf9c0739f45b90d3edb57daf0f110d8a7fe109
6UFM_B,2019-12-04,98,1c2a28d7e00af5ae66f7b9707438ed80d84b4b2651d8c4464c1c85af4b594a57
6UGI_A,2020-01-01,31,904c3bd3a8aaa4db61be55a86b3dc3f8875b615c8d61bfbbad05452cba877de6
6UGJ_A,2020-01-01,31,904c3bd3a8aaa4db61be55a86b3dc3f8875b615c8d61bfbbad05452cba877de6
6UO1_2w,2019-11-27,76,8f304d38480c65a1254057127092e2f589f114c63a6df70f7c36c6f95255ecad
6UZ7_3,2020-01-15,76,8ea80fe01c84a330ee9255656f221d6b654ee4e64d7172a88fd2be3c6ee467d3
6UZ7_5,2020-01-15,3269,33151cbef5a619a45fbb3f3a44003e3698e3fbf7b6f076eb24391cfe18dc7745
6UZ7_8,2020-01-15,210,b73e1116c16e8d206a6b43ad11048ef68e4caba4d5b81aa34272b69ccc585458
6V3B_AN1,2020-02-05,2877,c16893d8c649acd6c5b8bfdfae806a46d9dc22a639509d185c9b0e623ce2a299
6V3B_sN1,2020-02-05,1519,a635c20f33aa51c7afe796c1ce46889ba9f89978ecfd1a71941308272089ac3c
6V5B_D,2020-04-08,105,f59c8ee950080e32fdd583d608ea1914e6393ad418eafca66f958db1641ac60f
6V5C_D,2020-04-08,105,f59c8ee950080e32fdd583d608ea1914e6393ad418eafca66f958db1641ac60f
6V9B_B,2020-05-20,28,363e201669deb4c9cd373a2548561b040277bcca8909491bb6f8c97d2bf50f77
6V9B_D,2020-05-20,28,363e201669deb4c9cd373a2548561b040277bcca8909491bb6f8c97d2bf50f77
6V9Q_K,2020-01-29,61,b895b313a9586a44a60a9b6a59194cc130057bec4e45091fbdaf26df75bdde46
6VAR_A,2020-12-30,61,566d585350ea1f175b8dc9fee7050ce4e5a601a65966548b4e77c4c43fac4713
6VLZ_AA,2020-08-05,954,d2b94b5b000fc64aad918f51ea946ed875af7ed828e55dcdf93661656b5e580b
6VMI_A,2020-08-05,1527,520503a6ca6afc92fcd5f0f001d83eb2af4d9c98edbe37b912f7a8ece801dd86
6VMY_A,2020-06-10,148,5298d0b155ee6d4b338114e652a6752e0c411670cef2a5412a89e77f72b7c577
6VPC_A,2020-07-29,82,827801e6b3b213e374611118157c9f360fa455e9616eb2345fa6468768d8be11
6VRB_B,2020-06-10,52,ba209a15590e956ad6475309cc97965892746fc618a1f200bc4c5d35d6a7f265
6VRC_B,2020-06-10,60,57a0d90f1ed67d3575dc31fd53da731b81cc6fe400fadca675e469ec29ba164d
6VU1_A,2020-04-29,34,8195c1b4740210561eebe39803cdfbe961a3cfbcbccaeaa28f304703295d634c
6VUG_E,2021-02-17,32,a87d355b0cb8517cb20780530937f825a5487c0d39f848852c12b9668017a59b
6VVJ_A,2020-04-29,130,5fe4491f720389c3c940a9110ae5dedbfe09d76adce9eddd7a035f9ac07be7eb
6VWL_1,2020-06-03,1521,547b722f542d1f487f5e1a05cc14e641714e20010f505d8439ff33d5d04ed6ad
6VWM_4,2020-06-03,93,73166ba4c70d7e36c1a11715256de4dfc7bdd51791c4b3303d3f64602bc41ff7
6VWM_5,2020-06-03,76,be8e5d61e8e8867f212c865a02102a23757e563940813390eda0b3156322e6cf
6VWN_1,2020-06-03,1508,088b53604872868fca49a0e058792698bbd211af9b462f9fd4b215f84d7c11b9
6VWN_2,2020-06-03,2833,ea730b43e4ac2bff7d9de4657739288cc0c17bfea2b38b2da6f2161f8c62ad3f
6VWV_B,2020-11-11,71,6fc065ccaac1fc481819950f7a1aec52f521bceb2400fb3569de930d11a0547e
6VYT_a,2020-09-02,2880,28a856bb5b8258fc1a0c3cd1e3c4426c344ddd55313598e46569622e315dacc7
6VYX_D,2020-09-02,1521,534e8c7d75965cbae3e06c7acd57f2d5d9d01c2ba52bc81039eaf5b22329992b
6VYY_D,2020-09-02,1522,32d7f2998e6b328b916a0d5697e7c4757cb490de56efa554c820f14659001d1f
6VZC_A,2020-09-02,28,91b71e94f68211d6a65f9d846c155583edc419d24af9020effd60868fd37bd3b
6W2T_A,2020-04-22,377,1d577c87164f060ce697a52cb69d4bb7b4197a3f232847c78a90325391b0a8d9
6W3M_A,2020-09-23,41,c8650ee63613b82147843f76db5323187672b513428f749501fd527cdfbf42e1
6W5C_B,2020-09-16,59,9fecdef75f9e271bfc6e5a7cd64b9db7053075c742bbc65c24aca7d6ff519648
6W62_B,2020-09-16,30,303f575859b8747ceef619c32f45db5cd4e4b752e3877cc7b2bca50293665c81
6W64_B,2020-09-16,38,29347bd3fbd037eb2a8c75260f40be1850712386f98e88107ed9ce389eb5181f
6W6L_t,2020-09-02,3510,ec69c1363e888d410041ca0f790fb057e1dca0624ec46d6466103ef7d30ff164
6W6L_u,2020-09-02,76,06d3b3a475f29260f889a998b7d803fc3c493f018b4a9196bafe6e1d8dbad44f
6W6P_A,2020-10-14,2739,9aa58f57df2ad4e0560f9a761f4797350a8f81a53834f52f5a8fe1551cdc7303
6W6V_A,2020-07-15,340,4514893d0a716a4d95e17c93d17c2fa334b342f2995519580578bb3ac7bb741f
6W77_A,2020-10-21,1519,c5d48cbb637c45903187e5d235d7df0a4370474453138d555195e7058d16e586
6W7M_A,2020-10-21,1512,e47e7cfc6e445b6a346426ca2b9a387edbfbf02970f18443714d30a05b0138d3
6W7N_A,2020-10-21,1372,eb51f302833705ee410bce26b915d411a90287cf8af407e32667b44729cdfca1
6W7W_2,2020-10-21,871,fff3b05a831193176ac3d4eed6bc9cbe7a62a8482024933c7fdfbd4551ab6d40
6WAZ_D,2020-06-24,31,4a90d29cdf4b691cda185298b45ef02a046071050a167acc0cdd4e5a45c0251c
6WB0_C,2020-06-24,35,3de171a82f7e38b31ccd693f1791d09c56cbf6d39ca4e7a770c4a27e14fbf3d0
6WB2_D,2020-06-24,42,6a8d81d60cf13f748a63c10fbfb962b73396012fb85b4185b859a0c6202e2de1
6WBR_B,2020-11-18,94,4bb2ef8edacdea192677aa7051f49e4b9b6402b7b5f12a063e948b6941fb55f1
6WD8_7,2020-07-08,76,8f304d38480c65a1254057127092e2f589f114c63a6df70f7c36c6f95255ecad
6WDI_7,2020-07-01,76,8f304d38480c65a1254057127092e2f589f114c63a6df70f7c36c6f95255ecad
6WDM_1,2020-07-01,2903,e43cbb282cec5a89f9c87117afd457ede28362fec53ae5329283b2f5e98ac1b6
6WDR_2,2020-09-30,1647,f3cc3a67f49119cadb370043389e8da24d56811d00f43ccc546e643d1fbaf570
6WHI_M,2020-05-13,60,3fdb268ac71ed2c3f8fa6609c26e39abc2047f4eccc75e64f26dd6a204616dfc
6WJR_X,2020-09-02,112,680a777292ddb1de394e61e37acde81e67f4cbc3f673844f0f1cd4a0216eae4f
6WJS_X,2020-09-02,112,680a777292ddb1de394e61e37acde81e67f4cbc3f673844f0f1cd4a0216eae4f
6WKR_H,2021-02-03,314,49c262209bc7840bf20e626559012d0f6d1b3c4eb075fa561ebf70f6e2c81abf
6WLH_B,2021-03-03,29,c7e8f4ce33ec5ad858f7bfef02bd65c49f6232292ae7b51d21997f1780d72df8
6WLJ_A,2020-07-08,130,c390a0cb9a823298dde9494af7a977164dc2e232a2f7b177325759df74fe9918
6WLL_A,2020-07-08,171,3016edeee67362d6be781a62d19a4982b3ad21085fdb616bfcd132a077441523
6WLN_A,2020-07-08,349,4cefdba58dcc0239246560d11a411ca793c4fe10b9f9aae349fb10ca41453cb2
6WLO_A,2020-07-08,338,4abdc8bee25c9a5d18d3f26fcd3fa020e7e72cfd0bce5c891cee7f9cbcda8269
6WLU_A,2020-07-08,231,478fd0c77a17afcb52c8b1fc06fb77d384f8d67d585c41496d7121dca0c8519f
6WNV_4,2020-06-24,3025,69c509279fb09e4a0ebc70143da34bd01cd79453c0a6a3554145c12437b0854f
6WNW_4,2020-06-24,3031,41f058c6f777e970fb53b248bf86af5ab8efaf8c5f1c5a2d94d098a478f59ca2
6WOO_2,2020-09-23,1780,7d9160e20f93b911577a3cdc28e1f8da97df951f15b262edf9e7ec9392bb55fa
6WOO_3,2020-09-23,76,f72577cb83b8598e87453921b5499439da676f515f7fe0f6cad2e09d15a761fc
6WOO_5,2020-09-23,3271,16b2b151eec707b74a60e50ba5f14ba6137ff120827b9eb8352e87fe293c42ee
6WPI_B,2020-05-20,47,ce17a8e2a05d9192a17e0f63a629f03fea0dd00c920b0981fd5920a53f74990b
6WPI_C,2020-05-20,47,ce17a8e2a05d9192a17e0f63a629f03fea0dd00c920b0981fd5920a53f74990b
6WQN_1,2020-06-03,2687,f555430fed2645a3e366f030ba70352dee70829ab6ff2ca15e0c677ea8927604
6WQN_2,2020-06-03,115,ac2699ce436983fbee73077220ff5d19c9614ad27377dd92d86a74c84d299c7c
6WQQ_1,2020-06-03,2698,98075c6bfe781f2a64325372d987e9725a6ac45b4e6615f6103b97026f093472
6WRU_1,2020-06-03,2665,a508b93c897d7032dd52c994bf49188aff7377c44798a3480ca900a776fcac20
6WRU_2,2020-06-03,115,ac2699ce436983fbee73077220ff5d19c9614ad27377dd92d86a74c84d299c7c
6WTL_A,2021-05-05,124,b4bd3b2819f0ba7054ee5859ee4fbd2b6f5f1f4cdfd456e1bc78828299679fe2
6WTR_A,2021-05-05,125,73a7b4cbd591bd43bffb656659e25c3ba60d27dcee12c89d221124a5fd8a619b
6WUA_a,2020-11-04,402,b09849c9cee347aa0305b1ec843459ba5582b797eff201421d2928d8066ff976
6WUB_a,2020-11-04,1121,296d9871505c3db5572b255866227a902f9fe75ec73dea69c381808a8c5a2fb2
6WW6_C,2021-11-24,54,57c3d35c910f332060c2bbfb77d733c483d5c5e421466821e6e0f0eeee4dc141
6WW6_E,2021-11-24,54,57c3d35c910f332060c2bbfb77d733c483d5c5e421466821e6e0f0eeee4dc141
6WW6_F,2021-11-24,54,57c3d35c910f332060c2bbfb77d733c483d5c5e421466821e6e0f0eeee4dc141
6WZR_A,2021-03-24,75,9b33908d46ed3cc4bd5d210c8722af715b9fca9e8161ec6e08238dfbef3a47e7
6WZR_B,2021-03-24,75,9b33908d46ed3cc4bd5d210c8722af715b9fca9e8161ec6e08238dfbef3a47e7
6WZS_A,2021-03-24,75,9b33908d46ed3cc4bd5d210c8722af715b9fca9e8161ec6e08238dfbef3a47e7
6WZS_B,2021-03-24,75,9b33908d46ed3cc4bd5d210c8722af715b9fca9e8161ec6e08238dfbef3a47e7
6X5N_R,2020-07-01,78,cebad5a67b6fbee0102b610bb1b144d273f369848df17129db44efa56e8c585c
6XA1_Bv,2020-10-07,64,7533479b8b624f6c99aa7be81d2e1a7fcbaf608f1c13753a218cd758fe5679a5
6XA1_L5,2020-10-07,3390,5ea78950e00a22ef9d8e742413ee61455af65a607f0d40626fa7fc8812b77e3c
6XA1_L8,2020-10-07,155,0f9734aca91430ad61ad9829d10c43568fbfe3a93d78ceade993def36f34029e
6XA1_S2,2020-10-07,1512,b6a6564bed81bbbb606e7e10f902b0181bd3980a9d92da7a3cbc8bd0d817849b
6XB7_A,2020-09-02,41,5cccc166d3a98b8483f123f11101c901ed8af0c490a9458e82409dee68722ef6
6XH2_D,2020-10-14,27,ed262cd96cdfad2fba5e40c35c68207a1fb215b9b2d7687400a1e7aef2a7a715
6XH3_D,2020-10-14,27,2580c5af42da5ce843d06ba347ecafc1f3ccbd454779bdb4d9df26ddd9477c27
6XHV_1A,2020-12-23,2859,142a0842f24c60dd13455ba2fb6e5dd95fa64cda120dfdaccaf7537cb0588174
6XIQ_2,2020-08-26,1743,ea17a088487344cd0543f3add67704408615bc322a98f1ce950517670671ac47
6XIR_1,2020-08-26,3113,3f66772f7506191ff4061feae4f3949bbace4777c46d87f373e7a0d0b754f5be
6XIR_2,2020-08-26,1708,5ab5712e779b92933b376c0d212d16b1757ed59f790709afe5dec8984ab6b4ed
6XIR_3,2020-08-26,121,0ee4ade122587e067479b9383ad237e8bbb883bfbfe2577591529429844f08f3
6XIR_AZ,2020-08-26,76,28890de0dd2033379fabebc7165a219d6092ad9bbadc77f4c7528be78963ca0b
6XJZ_A,2022-01-19,58,f83567476a85fce5a9f1b44a79a8077bbf13557a7ce009a0f017ebcab0d1d792
6XKN_A,2021-12-29,101,50bc9751fa0da287d5960bde5f1fc9cad038d2e81af68fdc9b2a27fed3ffe6db
6XKO_A,2021-12-29,101,fa3034bbcb1102bfdb5a8bd7d993b23394456be7be6a861eafe32dcf1eb10270
6XMF_C,2021-01-13,122,48f26363c36e904a123c60f35576eb4c8b207ba3a37c7a87f803d8818f13f10e
6XMG_C,2021-01-13,136,9be1be821e76b6c65fd6cc6ee676162a90527a07384ab3ffc6f7de838b6d6ffa
6XRQ_B,2021-07-28,14,89b695737ee499932f5a2521dc82408fdc2676a9a71c9e8e6b00063285e7e581
6XRZ_A,2020-08-19,88,3131936319486b4e63abfd6a2e64f0f87c94e87807a5818211308a7a848a3b13
6XU7_A5,2021-07-28,3707,965893a7df3c8cfc44a55db72f0d7f7042c9a63f8c6a4c396474ef0ac599e00c
6XU7_A7,2021-07-28,120,c351febb3cf800b3790ff927ad3f6dee5ab69e6f41504e099bb25ab677ad6c1a
6XU7_A8,2021-07-28,123,6ad86f0af03c10a24d103087efd67d4e1cc7a65541569e2e49b1a352a9ae0b8e
6XU7_B2,2021-07-28,1936,db0e831d394cb8d11d95bdfed6ebeb3b7f57c154edbb2efa2e4e2a182fd7c708
6XU8_A5,2021-07-28,3703,07c41ba1746eec661ff7cc217f924c110dfb53cd17040389c2596eea35d6f5c0
6XXA_A,2020-05-27,21,83233bc33dcece560d71229a908a0686da91d50f1330450a9d791fbadc666716
6XYW_1,2020-04-15,2842,c9c3aaae8e07882a8cee8e6c546b675051f6f33acde00b7dce425705b73d1110
6XYW_2,2020-04-15,1743,df0831a501a6a5e20166f99526d3bec96141d46ddad9a6bb860e2bd0331f5a29
6XYW_3,2020-04-15,118,64dbf2c5ff5eed1a7ba9d479a2491a5529d45362f87f46472a17aaaa1f9f9676
6XZ7_f,2020-07-22,76,9c0c2e10c2e400972ae227b3d909d08c5d4a8e721142f87962c1da2bd7011a88
6XZB_g2,2020-11-04,76,d3110f590a2bc584594e96e65dfdd4c26396f061a3791e1d5ae7ef539ffc5d50
6XZD_IN1,2020-12-23,20,619ad96f7b9c381f09ed42a611907d4c87d84ad054eaa1b8b16a91659a92f4ff
6XZP_IN1,2020-11-25,49,8bd750ea82c981f1f43d0752fa3d30f7d581d3a960b590dec0a8fa5417525f9b
6XZR_IN1,2020-11-25,19,e79f32600f8f75c1ca4e12a751f70a10706953650a1c02b1da04d04be5ebab74
6Y0G_L5,2020-04-15,3644,373932af01f8e633f044efa6010d71387b989bbfe1c21404067b43e2d01e6e03
6Y0G_S2,2020-04-15,1697,69eb5e800e88396cbc55984584576339beec1bda2348dc41c86b7e27b69405af
6Y0T_B,2021-02-17,27,6d097f5a53e3ddf0f4b84f5e57bfe598dd0dd504a7dd8df546f9547b94a7184f
6Y0Y_A,2021-02-17,27,de1c977b79259917525a14512d3f32d4f4e890442423cbc8b9c579901a8ee1c1
6Y2L_L5,2020-04-15,3613,e62655e796a7b1e0d05713408787bfe326c6dcf64085a617c89ac134ba3b66cd
6Y2L_S2,2020-04-15,1713,0f434f969b244c2af32be31eceb0109e7c6e19c90d5a87fdfa46167b7838a7c7
6Y3G_F,2020-12-30,76,33fae1e5b0a9bd11b3605437d8a5beb366a7cdfad0cc4923cc37c8c2d91c87a8
6Y4B_F,2020-12-30,76,8f304d38480c65a1254057127092e2f589f114c63a6df70f7c36c6f95255ecad
6Y50_2,2020-07-01,188,1433100b8169f15fa72fee6f5a1a7852066b4364a1a4f9cb55c288b1b99e5db8
6Y53_2,2020-06-17,98,dc489d18f6b7326ca4bf0e04c8bafa828bb01899752373c025d1d03885953e68
6Y57_L5,2020-04-15,3574,f4b0a50adc9d34f72c105ea713525a1f944970aa33e2dfd8939bd763c0ba45c2
6Y57_S2,2020-04-15,1658,32a01043e68f491214c4237c59b03c9aac788765d0ea2e05723eca1356cdf1a1
6Y69_A,2020-07-01,2887,e370d75dd750b162c4890b8662d2f1b9672e1718feabd8ca936a42577f43e1b5
6Y69_w,2020-07-01,77,ad7f18d7611822a99a4f4c0a12e19c41f07c1d669b3552c1b080ba429e198415
6Y6X_L5,2020-07-08,3773,c113b6d6f7cb8ae1b63d75ea8fb7d465b93bb9357cfbf3cf2b086db1d2d2d39c
6Y7C_2,2020-03-18,1731,fcb289c049f25392cf5858e90e4bc054f1711cf4932b96390be3595d6d2c1f1a
6YAM_1,2020-04-08,75,70e42ab758cf4ec5e58036c9455bfcc1bdba69d5dfe8e0c7f92a31ff3aa8fd4a
6YAN_2,2020-04-08,1743,5d690430ef6ee4e71df597449d5cfdd398890dd605fd861c17d967e69e4d6245
6YBS_A,2020-09-16,497,74deb6d73baa9af36443468ba7a472dde76e5f7d9759c3415923519233a4c5cb
6YBW_A,2020-09-16,1196,556ee7a3a2f48bdc5f8756b4d350450b4d66ba57d700235a4d4078ba247c46b3
6YDP_AA,2020-07-15,960,b4028d8ab6db9565a95be8fc66cbed1812f5837115e748282b82f6d2ca71a6b8
6YDP_BA,2020-07-15,1544,bbbad683c2e40c53402863a9932c6a06f684e339507ffac3d3defca5a262de52
6YEF_A,2021-01-27,2875,58baee931b1f3999c0d2ebd1dd132910a3808b4cd51f1cb2f321faf79f6c326e
6YEF_a,2021-01-27,1540,c9d88d1d18cc9a70ab786d767a7043372212ea3b389e1ab284385bd384b65fda
6YEF_x,2021-01-27,77,ca26f9c35b7e3e147b0f4a0f82682a2b6236e7f07bcec140d1f62a812299e5af
6YFT_SE,2020-09-02,20,20f2e98457e4f76ed61ae04f3f5f6024943996dda03bcc9760998497cdb5a009
6YL5_I,2020-07-22,35,969cf8d04cf8e4060805a4d8dcc65f168e1c2379753d33ef1e5341f2664e2d72
6YLG_1,2020-07-29,3039,1b9d383d78935a7d25ba4569d94856ea1d010e3c6a0a752c595027e9e99c695e
6YLG_3,2020-07-29,121,03f5f9df0c6c8386fb85e48cd0f0232307753a2a3fd359b76f1c341d79420ef7
6YLH_2,2020-07-29,158,6c17d19279593e8dc0449230f7d88a7729158aadfb002f2c3fdcea4f02a24a34
6YLX_1,2020-07-29,2534,b76132b0f248e29fbf2b1b0ffb0a298d869cc894ce55842e20760107d70de55c
6YLX_6,2020-07-29,65,706b65d67cc7004e77cc0a3c856bb09c22510a1c34124c314ce9ea526d505a51
6YLY_1,2020-07-29,2676,cede5a425f9464821f04a4ced4bfd65205e2dd8e9a0dc30239e93df53490310a
6YMC_A,2022-04-20,26,60030c2af68ccc5a0424039fab16b25509dbf92390d884f8f608d3cf62a47609
6YPU_2,2020-09-16,894,46cd209fb0a414e2c625046864e2e82c5c8179d8dfe61655d71fe428437f56f8
6YPU_4,2020-09-16,146,e66f948437fa84a5a395c5e48a2e98f5bd0df71541420535b0d5d888cbe0772e
6YS3_v,2020-09-30,75,76788ab3b4ba894323fed5d56fa97d419682a04bfc6fdc9ce21b84e60a1d51c0
6YS5_3,2020-09-16,453,36b7fe00cd940b2b03a461616c5f90e81fdc54aa5d4f0a3a7865fef281226497
6YSI_1,2020-09-16,2672,b3b13a3ea8558309860ccb2f800e82bbb551728a9d29e83e0bd6d15cb5e42348
6YSR_A,2020-08-19,2880,00aa12bb507e6f2ee6f73a8410a2559cefa60b9157c5084e5e5df3d57a8b7600
6YTF_7,2020-09-16,77,a8b8c93e525d95e16a5b1685e97066cbf9d3d9dac8f6d354619db950ffa108e0
6YW5_aa,2020-11-11,1435,47c303e46be399b40273948c4ee92ed54fdbc662427311f259b0320031fcf0ad
6YWE_A,2020-11-11,2837,c64afea70ef4bbf1ffb215dd22868eeb12d45820aee608d251bed19c632ca20c
6YWE_bb,2020-11-11,74,a2c48159c1cf627e28c45271c4c73faf2866eb0ef1feb7b98b25bfab1f4728ff
6YWS_A,2020-11-11,2820,77ddf261a02fcf86f54246693028c1b7f66cb3cee50d021e9789f8894fa79d65
6YWV_A,2020-11-11,2529,1a07f266971837b0877657d99b3a8cf09370d7df4490e03a40e7cdbfb11412c9
6YWX_A,2020-11-11,2838,608ec58d4b2563f469b5cd55b2448875836f2951ade57ddd192d4915bf4fe4c3
6YWX_bb,2020-11-11,61,33a97c627398fd83a340fad6c9e8eaa99ce4e4272a4182085c1b2863b3194693
6YWY_A,2020-11-11,2843,2c406151bda32400ff99c056fbe17d72eb30bbc9860466fcb598f46f812a74fe
6YWY_bb,2020-11-11,73,d702f919d67ee2c14fe7c96fc347029280e73807a1e93a69831a332fcd5d211d
6YXX_AA,2020-10-14,904,1c4c1eb8573fc1f8a5998bb20af52654c3bef3cd92956af71efe704abcbf4045
6YXY_AA,2020-10-14,903,6687de467f35166f4f417f33bed4b19908e32bd0911b5a40ab214a7d2f4790e7
6YYM_B,2020-12-23,12,359875ab1a618315096f87c8387be0ea6e6f6311c6b078ebfd8327e93be60f97
6Z1P_Aa,2020-06-24,278,bf5d5803528f6681b28da09aaac08b21bd59cc82c66d56fba2f9bb5180945b26
6Z1P_Ab,2020-06-24,2237,540e0025542065d6be8b2e195b270ad45c07fb24aef198944cf910d5745aed6c
6Z1P_Ba,2020-06-24,196,2a50e310bcef80f1a75858e37d3f3e478793923e3c3f58491db9c39df9ea8bc6
6Z1P_Bb,2020-06-24,1385,df93c488ba6ca2e491257dfb824c1dd365c755520c95be3ec0d92d5511a1e025
6Z6M_CC,2020-07-29,85,e4eb4c4faff8e023ad4315a72043c0b81ddefb0980414b3bb29ab4dc4c2605c1
6Z6M_L5,2020-07-29,3772,1b6b3f694da1f9489680793eb9a0e40a5e6bbb4331ff407421565996a4798b1f
6Z8K_C,2020-07-29,10,e738f890f2b40d03e38dedf23cbc2e6a28ab35d90c32c4c27a04dcf24604a0c4
6ZCE_A,2020-10-07,1719,70ab445282e7b3492fd23f816d749a8a6cda53d2a2741ae6904819f4954d5f33
6ZDP_B,2021-04-28,72,88c76bce1437ee55c264631bfb9bdda248e7f155b3df023a3bece6a6a9f83fcf
6ZDQ_C,2021-04-28,65,b8a4a8e9a402da8b5b2a66cc4c7368197426eab01fda09d84a9d8c86dd528fef
6ZJ3_LA,2020-10-07,163,05c5b0451dc5322a8519c662ab5233b76b41e2d1a2174ec1c3ede6f4c2591ea6
6ZJ3_LB,2020-10-07,133,4b32dd73f28114e37776f25eeae54b96cfc3a82c4b05122f4b5035164a99d030
6ZJ3_LC,2020-10-07,350,bbfcb06278e1dc5ece5825bcafcb727a9da8f2588e5d7824f6b38899e9b31c2f
6ZJ3_LD,2020-10-07,116,e331135c16e99234beae9d41267d996a7c53ede0b1978a017a9b408f4fdbc41e
6ZJ3_LE,2020-10-07,698,a6ebcd0f026d348a937f58bc33c6909823d5f60a6252a59736f0185f9af3c712
6ZJ3_LF,2020-10-07,527,60b4035608fb61c32d031c941f8ad522936238dd4ab027c9a20d8d1d33502396
6ZJ3_LG,2020-10-07,234,b4b4ddde46b6a06c051628ca78412e347c4f938332b187260738aa13d7e2438e
6ZJ3_LH,2020-10-07,744,c384bd89cebad893b63e73a7e9d9d6bc36b121d5b1bbc71c7085a4d328638044
6ZJ3_LI,2020-10-07,617,907ddb4f3cf0c251de66a2bc6aa2a865aedc86a31022427a78265fd4171a9b20
6ZJ3_LJ,2020-10-07,164,d7d86192cf5feecd7029378ccb577135e1f34275b8c0c9ffabae81fc17866e2e
6ZJ3_LK,2020-10-07,64,c197bb1186c50411da9f6bf9234b8babc2726e1d4c6de139c6220184cc4e0df5
6ZJ3_LL,2020-10-07,90,faf7fb6b3987d450bf2a56215dd7d94118dbdd7c5af9bbcfd99a1608cc2c3d2c
6ZJ3_LM,2020-10-07,58,19b7b9bc09c18aa28b45163514b97912386faa104dbf1b5617e82fb7a5c93ab2
6ZJ3_LN,2020-10-07,78,021b6634f0688a625939c3d71293e298a97b78c26afdb8ac8a254d895864983a
6ZJ3_LO,2020-10-07,120,99114a2c39cd014f5f2a901886a5c7a124e3ce12e0c87f88149b7a7ed3d9000a
6ZJ3_S1,2020-10-07,1940,8361d83629eeb455ea0def3c768fbdc102537eb93bbabe6128fb4c9e95ddf68c
6ZJ3_S3,2020-10-07,76,4dd6fb539edd8c64ea7906aa067ef49e13ef07eab5c4e3db793f2a353d6b73e3
6ZJ3_S4,2020-10-07,76,bce5abd22df2aba6f679a5efceb63aa939b01f1093ac50d8a25d1d014b979db1
6ZM5_A,2021-01-13,1534,46af97dbfe1a0cc12e29df0e42ba79a5692a63f713912f1023183c5288a755a5
6ZM5_B,2021-01-13,72,cd70ca90e441c1fbb85632f5980322e66903f2c92ca5eb06a98f1d502a0cde8a
6ZM5_w,2021-01-13,68,60dd07ea59352e3c00bac68cd92fdd91a8a604f5d5a899011887e7b4e1f452da
6ZM6_A,2021-01-13,1531,ac00fde65e7afcd6b340f36ff2119fc68e69559d9526141af4aea4071932215f
6ZM6_AA,2021-01-13,954,9b43596d463b09760d142817fcdea6c4b4da48e4f1e693e6c91d83d49af52d8d
6ZME_L5,2020-08-12,3773,5b501a5e9e696d640ba9c8dd5b8ff6854f6eff768fe58f4554be0f44615f6a77
6ZME_S2,2020-08-12,1740,4f34cad11345c9866fc670a1134f6f8138dd7b08716261b4d7c36f8eb0e841a4
6ZMO_CB,2020-08-19,87,90ec7af17821d024aacd367cde186552fe9c05ae670114c6fffecff9f22130b4
6ZMT_2,2020-08-19,1569,b507b56709b6e9d93ae66b3fc1fff41f54dc22f9e2c5c1c08edb406bfccb939c
6ZMW_A,2020-09-23,1691,f4b755b6762f649e511c1f10bb1ca2fde91d3cc2f5c7429862ff5e7f13d1107e
6ZOJ_2,2020-07-22,1704,7c08ce5017291ac941a43b05a538fb0bc5b86fcc1e05c43a1f4c539f7a20e163
6ZOK_2,2020-07-29,1232,a0b43e127affd5193cf992a7960f0e4231b40e1db8ad528bbd627b1570dc1e6e
6ZOL_2,2020-07-22,472,d389731efdcbb5254a36ed7d36ad1e02812c9c405e755f869cf4536ec84dddb3
6ZP4_1,2020-07-29,75,d89745901f1ac1b2ae1c5424bb41df6094dad78278112dbf569317a37cf9ecdc
6ZP4_2,2020-07-29,1721,09a79c01b92670764fac10aabe11ac96f39362244534b6e45e1a48f0a72ee4ee
6ZQA_D2,2020-09-23,523,d592a282dc6bef009936554fb902634d36640a7d87b8da0d7decf133138cd6a6
6ZQA_D3,2020-09-23,787,dda19643d7a9012eb0330e95bd8a94e75916883ebc4ca98d403139b5f1614fd3
6ZQA_D4,2020-09-23,175,820489670e516de714e4c40d0f07b61596268d22c915b57761d37e50d571db75
6ZQB_D2,2020-09-23,522,482061ffc33e5fa0e27fd172b98b21e4fb6080884bdef932d9f7759350a6de34
6ZQB_D3,2020-09-23,1198,58803d062892c20507d2f93f02196afb5f97541573faf0162c9cbbab32a6c883
6ZQC_D2,2020-09-23,446,5ae4d6fa98ec7e986fc84b6ad3f423fa20e11a94efb17741e841ea701cf88a96
6ZQC_D4,2020-09-23,333,129a69dd1bcd8eb36606d2d5bec0fd2a13cdefa0add57d060c362ea570290c81
6ZQD_D3,2020-09-23,1409,6fc0564d226e679b7310396d666474b17eed5f0d86f53f04e046c3e2d34b9782
6ZQE_D2,2020-09-23,81,b00379abfca09d0174fba0e167de56aca3c7d82c143cca3018f4eea88586d865
6ZQE_D3,2020-09-23,1447,dd8801f477269057ba6ce919d565cb786a83291967354b5ad965e24413496c47
6ZQE_D4,2020-09-23,333,129a69dd1bcd8eb36606d2d5bec0fd2a13cdefa0add57d060c362ea570290c81
6ZQF_D3,2020-09-23,1392,b934df46ca4bf16021e7b5646cb2ee7b398b2510e247984933f81027fad41b7c
6ZQG_D3,2020-09-23,1387,cd159a8da59458ffb75e46f18ff85b615748d36efc47e105bf3e98449dcca168
6ZS9_AA,2020-10-14,951,eb9830334baf641763ddc558982179c540975a79f2bb79104436496afaea4aee
6ZS9_XA,2020-10-14,1501,77d3777e9d541ba78e4b52bb74298f0c94c0321d563fdbcfa075ac477948eab0
6ZSA_XA,2020-10-21,1499,0051b796d76af9ec2d5051a4b2bf8b4defb451f747b66806ebd87b30b51bcf2a
6ZSC_AA,2020-09-16,954,d2b94b5b000fc64aad918f51ea946ed875af7ed828e55dcdf93661656b5e580b
6ZSC_XA,2020-09-16,1500,50f18e871bcf6646aa2ba5bb45e178dfd6fcc37bc70f646b042bb8469be05d93
6ZTL_AW,2020-09-16,77,a8b8c93e525d95e16a5b1685e97066cbf9d3d9dac8f6d354619db950ffa108e0
6ZTL_BA,2020-09-16,2875,551a222001594cd655b9f0d2926fa441f404d7b6aed2ee712aba22a2ff4951ab
6ZTM_BA,2020-09-16,2877,1d8aea5d3631148cda23fb3980fcdacc6fc076ce73bf74714f9e45d6bb9cb089
6ZTN_AA,2020-09-16,1522,d093514b80305956cba4abcc2223f8fa23917dfbe6cb9a8fc0be99571ecd237c
6ZTP_BA,2020-09-16,2876,a57f4026389644550e0e9feeb7ddd6d658d297936e6837f33f5129b6ca077400
6ZU5_L50,2020-11-04,2455,46b397ce8590ee6d135242679190674f7d15bc588bbba6e4a5620760b838e56e
6ZU5_L70,2020-11-04,119,2209ca979765947bde529db01977ba340f07c35512efb17e26e8ea22bb108a77
6ZU5_S60,2020-11-04,1336,5e81f79df9ef23dde9ec5ca142064ece2fbc3354c13a329f839334b4228a08aa
6ZUO_2,2021-05-12,1665,c42f2a410aa5daa28ae9679f9afc61d9a60a098a780c1240eb4221680a09a370
6ZV6_2,2021-05-12,1681,1e18b5d719a073c520df209e2f8968c0eedf0222dc5841502f463bee64f8a768
6ZVI_d,2020-09-09,76,ae93f8e4475b196ffff8c0caa174f2b708d1dad82bbd2140a467cda8b3d0dc7f
6ZVJ_2,2020-10-07,1720,47cd48975bb659b25ddb4b9f5b630d9d87bca2b89b92c1e186e5d05ec93dd459
6ZVK_K3,2020-12-23,1869,85765419876a683114b38cd2b1e485706b3d791e7b75d006c22a888b183958a9
6ZVK_e2,2020-12-23,3920,d8209d223150decefefb740f3e0347f1ff890dd396e8fe51ecff77f985897cd9
6ZXE_2,2020-12-02,1645,52d772e11c92f7ab8e2f1ee689d9d195192910ae4958adc79b99c957c4963fb8
6ZXF_2,2020-12-02,1656,90871ffd7f0d560c64f77a4e59caf7e17f3b54f1418d1d3a34e69958b8f8646b
6ZXG_2,2020-12-02,1577,89328b164f779f7e3557058e6b92c7a5cea709b53049570db8dc5bda7732d433
6ZXZ_C,2020-12-16,26,5c7b766c98afbfe18f8d495e54e1ae835b7401656d21d2bcd99f2b6e6342e6de
6ZYM_5,2020-10-14,116,f2bedaee5e4b10d7bf712b0a7da95b6ccf2bef5789a5e1b0dc62e1fb509acc6f
6ZYM_6,2020-10-14,79,4c612e313941744ad08913ec1727fc2e0e7e2dbf9dd11aea23c746e4f3aab17c
7A01_E1,2020-12-30,153,ca520092ec2d9e3c6007a1509b5a1c22a97a5dbabbd36f9eb295ae5289899624
7A01_K3,2020-12-30,1801,6aa38de5f9296b2b12c0026d1a2506352f9234d5d7b7879483d33224b103b57c
7A01_e2,2020-12-30,3825,875d15cb0d9123c379f3b2dec0fab6188cbc4d3d8772eeefa52bbcc71a9c2920
7A09_2,2020-10-14,1721,32fefe7a2acee58503933bc9f9d4c7fef714769cfb1c5d2f377640003bc90067
7A0R_X,2021-08-18,2730,7d8a45cf6c5555e427ec5333e254a0de62c52364142d1c285747af616b5adcc3
7A0S_X,2021-08-18,2699,60016f44a4360a909ad625b35af77e6144fa82bec2f7102a54c3062ab64feadc
7A5H_A,2020-12-23,1457,6a413cd2558d94846463edf06e93a6933bd564e76c289d4d4ccf87514abe18f0
7A5I_A3,2020-12-23,1485,c76ce52776931aaf1d478dc5647eb48b02f297787bb6d67fe298339b944a6d63
7A5I_B3,2020-12-23,73,273725f07ff78e08f1ad159447923a8c04a5f21aa40620d7f7a78342c5d87bb8
7A5J_A,2020-12-23,1492,4abf3d9e1f884da1b9dfdcbb88cabde6b09186adfec2d5fbf2a1061cd4c7edec
7A5K_24,2020-12-23,73,56dbb78570f85069aa0adb377271672823c0fffe609e48eaf8f462d45944deb8
7A5K_A3,2020-12-23,1503,082d6a1523d384d161f6c4e36e6c636d42f40cfc089234206023f12c72b7eb0f
7A5P_2,2020-10-14,155,72192f64cdba43709cd315d0bd2c4e7469177181b193338a05e4b54107cc32eb
7A5P_5,2020-10-14,40,9102a28a9a5cc1ec24b3e24f839fd47ac09b1a507f5e829d7e3da0e0e92f6c0a
7AAV_5,2020-12-09,116,f2bedaee5e4b10d7bf712b0a7da95b6ccf2bef5789a5e1b0dc62e1fb509acc6f
7AAV_6,2020-12-09,106,013a2cfcdf41ad18643d7bc453de31a486ae4bf70909afc1356c281fd42c797d
7ABF_5,2020-12-09,116,f2bedaee5e4b10d7bf712b0a7da95b6ccf2bef5789a5e1b0dc62e1fb509acc6f
7ABF_6,2020-12-09,106,013a2cfcdf41ad18643d7bc453de31a486ae4bf70909afc1356c281fd42c797d
7ABG_2,2020-12-23,188,1433100b8169f15fa72fee6f5a1a7852066b4364a1a4f9cb55c288b1b99e5db8
7ABG_5,2020-12-23,116,f2bedaee5e4b10d7bf712b0a7da95b6ccf2bef5789a5e1b0dc62e1fb509acc6f
7ABG_6,2020-12-23,106,013a2cfcdf41ad18643d7bc453de31a486ae4bf70909afc1356c281fd42c797d
7ABH_2,2020-12-09,188,1433100b8169f15fa72fee6f5a1a7852066b4364a1a4f9cb55c288b1b99e5db8
7ABI_2,2021-02-10,188,1433100b8169f15fa72fee6f5a1a7852066b4364a1a4f9cb55c288b1b99e5db8
7ABI_6,2021-02-10,106,013a2cfcdf41ad18643d7bc453de31a486ae4bf70909afc1356c281fd42c797d
7ABZ_1,2021-08-18,2882,e9c525bf3d06c4fa530f0161915dd199b977c9d5ddad1d7921b12aeaba565433
7ABZ_2,2021-08-18,1529,f86f2386e277d0efb1ae78ce03d3e79feb25523b88f66631862c52b9d422aedc
7ABZ_4,2021-08-18,363,692484d698efe7907d2090ebc807b76925fbcd93b7cbda354baa67b1588cf244
7ACR_2,2021-08-18,1523,24ceed95598ff287ced4ce5a6366aead378d9f6391db2c69baa6901b4857b314
7ADE_R,2020-11-25,32,07b92cadb052df354cc81c1fcd274db659fd9f571a7754b9ffabb46095655576
7AFD_1,2021-07-07,453,db68d32abbd7618f263dd7cadb9cc13e2aebcbf6fba5ee3b39b8d5ab19911412
7AFI_A,2021-07-07,1061,e4cfc9a29eb9d52b374424a13ff5b0261354e415a15df5c72ae05920db8720a9
7AFL_A,2021-07-07,1049,7d3cc9473a4ee9408e93090858b0cf824123a3d99f55448034c813b2dcea943d
7AFO_A,2021-07-07,968,b6b258c0fb202be374c4746db3401b6f31403fe73ea35b9e8819e3f9b0f940e2
7AIH_1,2021-04-28,1087,22edf600e5552878dfb3275cc994955d00d85ae402830bb1a1a79717df951a02
7AJT_D3,2020-12-30,1327,ec71c8a2e8ee9d00c9fc039629c34df95de9fa85d7bc4d000cb89739d944213b
7AJT_D4,2020-12-30,333,3932187442da8fc473c090d2bc26753265d3fae61b33f92354659f6442b2e1d4
7AJU_D3,2020-12-30,1409,066d10eb00d333cd7ec5b0352bbcf527ca3f382839a97cfbca98f9b32ddd39e5
7AJU_D4,2020-12-30,333,3932187442da8fc473c090d2bc26753265d3fae61b33f92354659f6442b2e1d4
7AM2_1,2021-04-28,797,0a8fa656238a3e5deef5ccab3d9c6bdc5c06e09a34c04804a185a8de59f44ef3
7AM2_R2,2021-04-28,35,ff27682692f7a5e7d260cd9c6abbb33d7ca4214375f405760dd83e7c6ae1b7bb
7ANE_1,2021-06-23,1084,915a6b2d88d2fd7d2aef8f51a199190cd1e171f683b8009aed88b8ab66d86161
7ANE_2,2021-06-23,604,988e10beb1e969dc65327cb4fd20444a3ac36a7b17e4cd245d2a14e292e0a429
7AOI_AA,2020-12-02,758,43c2c3f14bbbd47a950f5e112bfa47c4eb45d1175ef20d802dc8391761b4fcd0
7AOR_2,2021-04-28,470,d03dca1b7a35b8fc12f8aea4abff59178ce8fddeb2600378e3f6da0c75388986
7AOR_A,2021-04-28,143,48e2808f15a3361582ee7018303204c7be6e3680f6253c148d126331ba13359a
7AQC_A,2020-11-25,2820,8b13cd8f1df3c0fe6f08636f65f9c927ef97a7146a3c2e01fa7518d3e1f9aad6
7AQC_T,2020-11-25,76,db525a4ca5ba1661dd048c85f5ba003647e206c6145e1781763c93a17c4ed7df
7AQD_A,2020-11-25,2918,5814e2bf82a28367d28dcb29366a857063975c518c93c0dc62073ab5c084642e
7AS8_2,2020-12-09,76,db525a4ca5ba1661dd048c85f5ba003647e206c6145e1781763c93a17c4ed7df
7AS9_2,2020-12-23,76,db525a4ca5ba1661dd048c85f5ba003647e206c6145e1781763c93a17c4ed7df
7AS9_A,2020-12-23,2812,3b139d6768fe782371d64bdb26d5dc87bc56225930f57a3155bda84fd6fe9b03
7ASA_2,2020-12-23,76,db525a4ca5ba1661dd048c85f5ba003647e206c6145e1781763c93a17c4ed7df
7ASA_A,2020-12-23,82,438f30c5bdc623e0ddbe22ad1e02eca7abbab904dd4e5a16b8dcfc13e20d6cda
7ASE_0,2021-04-14,2150,ed6c4bb234785b09b046a6bd7ce6c8e01344b3c4266244547f8810768f1ac8f0
7ASE_1,2021-04-14,75,44b054db464667604e83781f7dbaa29e097e05108869c853b5e229fc6cdd1202
7ASM_A,2021-11-17,2831,96b8e0e86e745f0f4312514ce16d90414ab5751963441f9528cdb76a00350115
7ASN_A,2021-11-17,2739,22dcd7f8e236c183389ab30627f71a2c120f3ae6ea1fe4aff3e12bc370e01a23
7ASN_B,2021-11-17,106,e0b11684ef0e77b6b33a9cf2e82a0890e82424068c9cf4261da9f82fae5743f1
7ASO_X,2021-11-17,1415,b11610c75521fddfc80edefb38368093a411dcdd818c43cc36c0cb11347fda44
7ASO_Y,2021-11-17,2720,32e6d7b76264999cd3d5059efd847697eaf43676a021889fc626f25a39f10b92
7ASP_X,2021-11-17,1447,046a447fe1d7e3ce84c1c688d6dff1153b63df378be0cd08d5cba1df46c6e286
7ASP_Y,2021-11-17,2723,09763f887035e012b745f937e769b754977300b2ee845788790ba1702cd18a48
7AZY_E,2021-05-19,3161,4273552ab581963bcaeb0d2fca238067e898fd3d87cc934c4370fda4aa3bd871
7B5K_9,2021-05-26,76,f4669093dbf5d13f00f7a9444ad6d32b2f4f61d055ae05dd3e3a245feaf48103
7B5K_a,2021-05-26,1522,83cbea942eac1b750de2cd64bccfb42909708a8f14573a9561fb2f58348d6b10
7B5K_x,2021-05-26,77,d85184e8041ec8492263368ffdc9fafab65c0107a94fa71e1fe2794a25c3b3ec
7B5K_z,2021-05-26,76,550edf9a6b225d6f79d60ee4b6d9fe80bdbb19b7166f894748f7697367011cdb
7B9V_2,2021-03-10,196,cc73d9ff4eea7d8771406b2aab8ea814b5d4bbb07aeef6237834d64dd0edbd08
7B9V_5,2021-03-10,214,b8338b9f8bf8d3bce735a50ff2b28d53001b2b6582fae77d3205c82394436398
7B9V_I,2021-03-10,55,5dbffddcb3afa3e07aff97689475ed462defae4c574c9d3e1f8d02f67633e76c
7BG9_B,2021-04-28,451,2770b3297e79495cf67c907159d8c08c80187d230c3e21b56ac579a5e5ea4c0b
7BGB_B,2021-04-28,92,0d775dce6ce58363ea2a2200c4ab8404d3421ee6ab00697bcae5029a7f7c6bdd
7BGD_a,2021-12-08,1096,28242283ba1472d3e1e2c7d884940c633725f8a35b8bac1a748d0fbbea37778a
7BGE_a,2021-12-08,465,7e310c911008161c4820006d370097d9f078bff72d6bf78afa8d51f54c916590
7BHP_B,2021-02-03,36,f85e4cb1d940d33214dd97ed0b3e38d08dbfba9c416c32fd490e7e34f60e7113
7BL3_A,2021-05-12,2902,281086ceb8e833532c51d6835be388cea144b7ca54ff5eae2c1684cca41b591d
7BL5_A,2021-05-12,2913,9793a89b90fa14bdebc95ee8e0ba5ce975fbe6682faddb632b27e6ce2f96875a
7BOF_A,2021-07-07,1065,cf10f3e23583dff65780be1389716b3cf41297eed18db648c60a62ef8c2362fa
7BOG_A,2021-07-07,1064,1fb068ee4bea12000c36f8ccaf2b78b256e0b60bf619202a6ca0748eaa06746c
7BOH_A,2021-12-08,1517,24bd6eb323a9207082eb32062c976d8b828f6e343daf7b9700b39eae6f7afe40
7BOI_A,2021-07-07,1070,98b6e2952dc02d411b2bb9702294837f3dc3282183c1ff08e60cbf404a8d101e
7BT6_1,2020-10-28,2962,a486128a22e630bab645082b67a56b6a78a6ecaa848da0fd251797afefb8b42d
7BTB_1,2020-10-28,3058,55be65b9de26b7ccf01af7ceab7f576c8f9c56499c51400838acb2c94667ca68
7BV8_A,2020-07-01,2897,a1a799804e4f6376db8b59cfab3f16de916567eca7356fb1c0712a5d29e7fdb3
7C79_A,2020-07-08,340,8d64962d91dede1b01cc4727bdf99fce5a303c7f0cee8717b921f5b7f19703a8
7C7A_A,2020-07-08,340,8d64962d91dede1b01cc4727bdf99fce5a303c7f0cee8717b921f5b7f19703a8
7C7L_C,2020-12-23,116,b5d63515905513f20cf0c96868fb62a17c14c564a7fba1f4097224cc63d40c25
7CHD_I,2020-11-04,77,a8b8c93e525d95e16a5b1685e97066cbf9d3d9dac8f6d354619db950ffa108e0
7CPJ_A,2021-12-08,2876,90a590d6d601cacce363ffa2254af7d7b846c79d4e345d0923f92a4c9aaa548c
7CPJ_a,2021-12-08,1527,3236f7306cf142cafcb2a41c48839d29f354d0aad8afb4d17bc8d2687b1c5292
7CPU_L5,2022-02-02,3539,34f07150d01d83d80860140044f9a64310ab47830a2763c8308e2c4d02e8ea45
7CPU_L8,2022-02-02,158,5acf1284b83dbd871648fdc3d5c8eccae994143a4c0cae49df82d5c665b6dbfd
7CPU_S2,2022-02-02,1656,9c45de232db2d78c981579867caa8c4be86b8b8b7a5c23a5ea160144f5c9671a
7CPV_L5,2022-02-02,3541,d9a4c699d77b22626eb375e7a737d593c3ef53e5fe4656d20226c6ac1e9b84f2
7CPV_S2,2022-02-02,1637,bf7ecb3e997b8354a69f004a79dc2fa7d9a8a3b5e123888e3988ecd15d5dfe88
7D0F_A,2020-09-30,915,2036cc4cc1e9825c8433994e636113130ef9b5bcd9d4effb1268ffd2693bb67a
7D0G_A,2020-09-30,916,d46bc412e0aa067037ef4ada191a5242e98eda901016ff531153f1ddb7caffbf
7D12_A,2021-05-12,20,ca6c11af8ac202e19c9e62f071afffdbc9d69812d7033897ad560afc6807bba9
7D1A_A,2020-10-21,902,bbe6f7ca2333f9fb914a54f800b4add3f5843237fa79cfd3fac1ce34e317b854
7D2L_B,2021-05-19,43,000f8fb9901ac78fb87181d8c4a7e81a6b04db6556f5955742b7a68e2233a3da
7D4I_3A,2021-10-06,333,2d155c9384f6a8461c209977da375d26f9e31b98842c9efe98a3254af2af5fee
7D4I_5A,2021-10-06,118,4f0b77fc909723dbcb6d07b3e09c637962fa288976bd7cbc95ddbf9ce7afd8c6
7D4I_SA,2021-10-06,1337,5bb829a6bfbf199f6312545c6a84a6cd0918c0735a09c39fa46a468999dd7384
7D5S_SA,2021-10-06,859,db5e33b12236b9f6e1ff47e0c47f2991d3d1363d404704bb777ad28c4feaa14c
7D5T_3A,2021-10-06,167,c917226b38d6c441e69bf6796c8519a88cc23052d4eae42c73a95982e7ed0fd3
7D5T_5A,2021-10-06,43,8478ced95ac103f231442a160fc15efaf95f54dceb639559c45040cdc1558e40
7D5T_SA,2021-10-06,1189,bd8adaa8a527c8d87ce82018694f2363444acc50f60444dfdb82b1d6e6310fde
7D63_5A,2021-10-06,192,227eb1498c37593e54c614ff62bf3b79df5ab808bbb788368a8c1d89615bb666
7D63_SA,2021-10-06,1331,bea6ebcb71fbd09e6ceba424f2935740249d17d98ebf92031ae6eb3e73082c3f
7D6Z_3,2021-04-07,77,eb3b7b0c79383b6761703320f6c953b25376611e73aee9d0ec7ff2557a296b26
7D7V_A,2020-11-25,57,fd81226af3dc2758d616d4eaab236595e0b6916f4250ae3193bb69aae200cb16
7D7W_A,2020-11-25,51,1cb24eda5096a47801e2f9ab075e3abe73d95d656080488231e63eef3a2c9e67
7D81_A,2020-11-25,50,0220156db9de808ac264827acbcfdfc3e5f57740b7ea6ac6be5e513af0363b16
7D8C_B,2021-05-19,44,22cbeda701001cab6513c601bb0971f1c4ddd5695512bafcc6de5972025571ae
7D8O_L,2022-01-05,37,ded4660352c8e9fbf4e1ebeb777a47770b64561f5bd4c9f677c4c6b8bcf69d00
7DA7_C,2021-10-20,150,a15bca33108e0a466b4a94a6de64ce34928cac01b58f09f1db8d588e233d5c04
7DAS_C,2021-10-20,66,9b1fe2170b6b78cf59b79483b4cc31584ed6e5b22506dd98bb00c5756f6989f6
7DCO_H,2021-03-17,169,7194a591a1e607ede474c0ce92a412a777c6a328709d4885dade47453d191c83
7DD4_A,2021-06-09,36,9d2c068784c1f1ee3cfe43222b3509e1062649e79c97f22a4709227f0423e96c
7DMQ_B,2021-02-10,58,84281897d0a6ed1a5e6fc7be3b1a84329b65dd06490429b82fb08f984bc45a32
7DUK_A,2022-01-12,1498,a817e62406637bae07a50f1b0191e976d2a417852128746f245ac07209814674
7DVQ_B,2021-03-31,117,e7d28741c27c02612e722f9447e396cd374364fecd5d24329f439f41af2416c2
7DVQ_F,2021-03-31,124,74199ff89e635ec882d2b84a8fe5097258ca2af00c79cade8b35b557740d3c45
7DVQ_H,2021-03-31,150,f67b8c758a86a0fea80ea8c9410fafc63185fd81fec1bd9cae3dc99790c34feb
7DWH_X,2021-10-27,45,4691aad2ba1eed75fa7d17fabbc9819ebb4fbaf16cccde355629d2a4e96f6059
7E8O_X,2022-03-02,85,b6a58372f2fc6dcb36b53ac79fbf1e629529376f355016db73c1b132e4398d6c
7E9I_A,2021-11-17,33,74587d4e5f92cb8e93340faef67356fa1592fa31850000046a6554e92de644d8
7EAF_A,2021-06-02,94,3748b8b80faf2c036fd33683ee60ceea57078bf54a8bf19c22f20de6c606f460
7EAG_A,2021-06-02,19,603fddab5b9cab1a237bf3fa6269fad24a2a174934339e82622ede2671bfe7a8
7EAG_C,2021-06-02,19,603fddab5b9cab1a237bf3fa6269fad24a2a174934339e82622ede2671bfe7a8
7EEM_A,2022-03-23,27,ef84716ab732e929d6b5daa79f8adf9bb4d157a50f3f8afa7abbf35283f18da8
7EEN_B,2022-03-23,17,f47f3e7763fd5ce1d4e97064578f02182a7429f61529dd4836f07097814fb14f
7EEN_D,2022-03-23,16,54902f4c8abe58b9f71bd9eeb0445c3edd85fea17b7360ad09beefd73f3051c4
7EFI_A,2022-03-30,19,ce7e8b6688ff49624f8d1150e45ae4e9bb7b168bc3eadf30b997f63866697e5c
7EI5_A,2022-03-30,35,de70b8d1c3e18477c634bf825727042480ad93d04ea04064e40b12bc74d506d2
7EIA_E,2022-03-30,19,bd4ddab84bb2432035fa630c06243240fbc499a7137bd52211b1f35e5cbf50e8
7ELD_B,2021-08-11,148,fed4181f1f6ea9b79ff65d7230fbc721a7c242b1607e3f18f3d0d5c6b4e9c9f8
7ELE_G,2021-08-11,89,925aedc062a7c47314b5f3f6637745cdbcf2d414255dffccff3f0711d69ec4b4
7ELR_A,2021-06-30,45,e8adc295467371b31fd46cc1fbff0ead4ebab1908e76d34cb6cd1841f7a44b18
7ENI_B,2022-04-20,74,76f3d8d8b85cd75e19aafbe9bcf7cedc6a2b438c8e8c16f9d59290308e7f814b
7ENR_B,2022-04-20,98,c01a1c2df3be61f06c9bbc3453a6817a4f6a4d7d8d8740f2c7805d4469797db8
7EOI_A,2021-11-24,49,ceb7d1956a0ec65eb5b80b0a322f671d289082f5a5fe2d0b1c1b1f8cda61cd71
7EOP_A,2021-11-24,48,ebfd097b6621dc065e521c831618574d7db2bb6f33f95334153c82bdaba4f77b
7EQG_M,2022-03-09,60,3fdb268ac71ed2c3f8fa6609c26e39abc2047f4eccc75e64f26dd6a204616dfc
7EQJ_B,2022-01-19,76,305b03a9cec4400a09c73a28c0d73097761974fe0fab1aa16eac7e2b7b7f1f3d
7EXY_A,2022-03-02,16,64e13621ed4bf63c23106cf29fdba01c53aa17f4b2f076358865041dc3fabb59
7EZ2_N,2021-08-25,392,e6eda6290139297f01080c9107b120aaaacdabd985643baf40ee206efba7bd66
7F36_E,2021-12-22,76,2af42dfab28438539d9cfeb851d53541bc11fdbc2ee87e1b5d97db4f5d1bdf5d
7F36_H,2021-12-22,76,2af42dfab28438539d9cfeb851d53541bc11fdbc2ee87e1b5d97db4f5d1bdf5d
7FHI_A,2021-12-01,20,fcb765b9f5a354ae024360cb8f2e1bea28025bb870fb6a0ea6647374baa6d0e2
7FJ0_A,2021-12-01,20,77bd209f05d27b6e5dbce594cbcda4039a5931a8c3ea865c066508eb71e7663a
7JIL_1,2020-12-02,2742,9252cfa94fb91ee9714f787d6ded11409b2a84171cb2498733d2bf5248bc1be3
7JIL_2,2020-12-02,1475,94ba17c80c4886a8a5a61004da6c244aeffdb2386b198e92989f4ef0ab3ccd66
7JIL_3,2020-12-02,111,17015065c03a25476100e98d27c1731985ad0b53452700da094836e81f57c9d8
7JJF_A,2020-12-23,27,a55e27362061b817d08e7e4cbf3f7af52e878470bc81c468527c4aa2cb0b3c73
7JJU_A,2020-09-09,51,cb106becd2f8e6a844d57c11476f40f7967f8426f1c01e0eedb05907adbc1df8
7JNH_B,2021-01-20,86,4754f0c7327d5d224d5f1f1a944933eedf2fe99a40278c9d33b83f16a7da2e46
7JQC_A,2020-12-02,1697,86368eabfe7e392e73f0af5c5f80bcf539f17d257c8d804406a4bbeb13589133
7JQC_i,2020-12-02,192,68bec16e88d20ae74e1b1262da7f99a3af8494ffb9255dbf5cdd82341b6db0d3
7JQL_1B,2020-08-26,121,32ac355461b57498a1c166a1af8648175a51cf5072d7030e11a55fb690298ca1
7JQQ_O,2021-05-19,117,d0a87cd08200d6e4d4db662842fba1556440ba7b1b96260ea55ce88ade4f8649
7JRR_A,2021-09-08,51,90fdd37cdd2d201ccc9af19ae5e945d6d6d19b1d66ea4acd10ea590be0374127
7JRS_B,2021-09-08,129,cb244636e7a4ddf61e5718e944425aa5204991e75ad79c0c0e4971748efe8ad9
7JRT_A,2021-09-08,134,93070d99649f50f3ac6a5c7453fe66c287704c5b78dec4ea63d3017283601e7b
7JT3_3,2020-11-11,1539,b87c30c08d39862dcfc7c60c797224f439b6c5ba11b6df442a07a6564d09935d
7JT3_5,2020-11-11,77,cc475a9b8a945a883c44e3a620f744e2ab42cccbf51640858b77c11c6d8c16f4
7K00_Y,2020-09-23,76,305b03a9cec4400a09c73a28c0d73097761974fe0fab1aa16eac7e2b7b7f1f3d
7K16_P,2020-10-14,51,abf68a7279415b8fa36cff4fa161bb6a67085a3932ff413eeff2d4b64febc5ee
7K4L_A,2021-09-29,36,74332a48f3e07de617bab7ec809152cf6d5d57c7ad8b0f367cb8f9d5b313abee
7K54_2,2021-07-28,120,facc8c81dbb460ac99bb04c5524b5be60c2836c8a282fc17368badedbdd844cd
7K5I_2,2020-10-14,1665,afbd997411f632ab13f20a67e55a002f756124d2ab417fa66705af3b310f3f01
7K98_C,2021-05-12,77,2eb0e737769ee5770e95877fd8194e42fad58503ec72e743d763059d3c561eb9
7KAB_C,2021-05-12,77,2eb0e737769ee5770e95877fd8194e42fad58503ec72e743d763059d3c561eb9
7KGA_A,2021-06-23,90,9ebaffc4d790a159dbc702e19d158b5a99086b641bafe3a7f4435aa112dcfcd7
7KGA_B,2021-06-23,90,9ebaffc4d790a159dbc702e19d158b5a99086b641bafe3a7f4435aa112dcfcd7
7KGB_A,2022-01-19,3112,6c01c77b5ef6b75877dbef3e2345a9c269029f1993be2abb3c22d9c2da4b382c
7KI3_B,2021-10-06,23,5d06f2d548d88ec8814e54abdad31d47ce57de0a494aecda6b0e0fd26c7f7e2e
7KI3_C,2021-10-06,29,75c4ed254f0cbe88ed1a1fd42395cb73dd93b5e84b84ec9bd62b175c7583a30e
7KI3_F,2021-10-06,29,75c4ed254f0cbe88ed1a1fd42395cb73dd93b5e84b84ec9bd62b175c7583a30e
7KIJ_D,2021-11-17,10,f2415f2a39688d34abe63d622ec29d2312045e1269dc25af2d29ba108b6a80f1
7KJT_A,2020-12-02,76,5b4dec84457829f3e15a66cfd9378b7794e126e492d04243371e9f1bea888bf2
7KJU_A,2020-12-02,76,5b4dec84457829f3e15a66cfd9378b7794e126e492d04243371e9f1bea888bf2
7KKV_B,2021-03-03,60,8ed3f49da92fb275bb4d2b15a2e49af4f042cca29ee3bb5376719c897bd41429
7KVU_G,2022-01-19,83,a2ecf0ca5108803afff611f8bbc2733f76d6420cd4db1e4bdab72297abc3c0d2
7KWG_a,2021-01-27,1552,b408189efc898bf3ba65d8e7386089d46ba6e5ea71fbd931e8a98568ed8f9ed5
7L48_E,2021-06-02,225,646640bafa7b8f957eeebc3280e063f84962f0dfe3097aa62b588a74f960a9f7
7L49_E,2021-06-02,135,0e11f3b9fe9ba4a5f7994f2e54592b9415bbf6d0b21933b429e164861f99e2cb
7LH5_AV,2021-06-02,77,a8b8c93e525d95e16a5b1685e97066cbf9d3d9dac8f6d354619db950ffa108e0
7LH5_CY,2021-06-02,76,8f304d38480c65a1254057127092e2f589f114c63a6df70f7c36c6f95255ecad
7LH5_DA,2021-06-02,2824,1db77c0a70dfb3a1f80060e26f1eebe83dac85599cb5dde71943d316664580a9
7LHD_A,2022-01-26,4217,00fa594a09e5cfef230bc67cb349ca10d793ac71386277066ef9382ee48f157c
7LJ3_C,2021-11-17,75,fa75e5ee6139c940c7892b18d52aeb77afd63dae3237e92037976b1a1439ddf1
7LJY_B,2021-04-14,76,1063d61170d22b4faba12ea34075d0365772f59398a3ee38cdda478b8587f845
7LMB_B,2021-05-12,159,6bc490d2ccba938bab0fa25e6350b9bc2f7ee7f7017ce4a2ab4fd90daa4b3e28
7LRM_F,2022-02-23,33,82da32569d511f8e0dc17bf85d15c9035906b3800f6e7e316f3e6debbae84ee4
7LS1_A2,2021-11-03,3626,41824f5627cfc370902d007ceb0eba0e1c5b7a3d42770011477dbc1f0552a18b
7LS1_m2,2021-11-03,1707,1837a3440157601f9c717139e8ebfdbad79febb03f9c8f379cca1473d7c14eb6
7LS2_A2,2021-11-03,3625,1151443448714878ebb9ef7d8b76710fe80e28a840db07cc25d0861a5e5bf718
7LS2_m2,2021-11-03,1708,2dad2345f39dc997c15f00394aff68c332e9e31363b1b622b6c33e7efaff88d0
7LVA_A,2021-03-17,103,479a449aafe8c0f6b17bd5cf3639e32eaf1a79574d7331785905f3e86b9e90b6
7LYF_A,2021-05-12,139,d6734b7729aee5c26073e9c3ab3386053dcefb1cb47bbb975e4097292adafc9f
7LYG_A,2021-05-12,142,c25b5f9d01f523503883471172a554e0ad7c252b3bc80d1c735365adda7f4b93
7LYJ_A,2021-05-26,66,09d05c6bf4d626f21ae0f452f100ae3e8919e8049bd73bc2bdf40fa1423a83ef
7LYS_B,2021-08-04,45,f5c5c9223024c3eaca03a5064dbca0c4139dc17068924a2a8b72b3cbc8e4589c
7LYT_B,2021-08-04,45,f5c5c9223024c3eaca03a5064dbca0c4139dc17068924a2a8b72b3cbc8e4589c
7M3V_A,2022-03-23,27,ef84716ab732e929d6b5daa79f8adf9bb4d157a50f3f8afa7abbf35283f18da8
7M4V_A,2021-05-19,2717,c0d6038f01235e31de0d0e5ec84df1c7744b0532148ea214bcebf8fedd31e95a
7M4W_A,2021-05-19,2715,2a66ed1c592b0576ad491e02568a4a040709622b34b961a144654fe9e7d1fbf2
7M4W_a,2021-05-19,1519,a78e02cd3c47a9ad2def631d86b7abe1b8c71e217621b3166ebeb4ae7aff513a
7M5O_B,2021-08-04,45,f5c5c9223024c3eaca03a5064dbca0c4139dc17068924a2a8b72b3cbc8e4589c
7MDZ_5,2021-09-01,3541,cf22ab5454e8b53a3982a9f1e7c6afca5dd577e93480fbff94b379fa12af06cd
7MJV_E,2021-09-15,17,2b659aad8379da22671badc7fa14a611d0ce0abc456ff3c3fd79ecf4b2b152e6
7MJX_M,2021-09-15,13,fb25502fee4a3b9c5ce88c90f564b23304507132e83cb342cd08e8a26028f503
7MK1_C,2021-11-03,25,5f4eb565fe9c6c266b61a764008be8b536d57b23b461d19268ec279a19872546
7MLW_F,2022-01-12,128,4d2620b5a067356fce892b330e551eeda9931f75fb7b6cd3956bb753c88ef810
7MLX_R,2021-08-11,65,6867504e62e4d562c3e78f61c32d6f4d8b377086e3674a3a1ae66b56b8e2e916
7MPI_A1,2022-05-11,3096,91830b5bff88908a80e2eaa82dab3d1f51f226775918a924c4d058cc16c19b0b
7MPI_B5,2022-05-11,1757,38159f279173850c2df40cf9fd05def0b1ef77539b741496108f1e906bb716da
7MPJ_A1,2022-05-11,3067,63cccc9b574411a0226ebab9e04f30e8de5eb61d1a26cb6db06923d584588a99
7MPJ_B5,2022-05-11,1744,540bd567ec91485d4477c561a2eedd74006d1dec6bf9900041e9fd558bbf5a9e
7MQ8_L1,2021-09-22,1301,b2d0aad93b9be53f5406331107a2ebf6df9c65876c5c363c7f616aa99143fc91
7MQ8_L2,2021-09-22,217,4a4458d645fb69e58c6b02ec399087f34bd9523061339987068a667bfd9cdd4a
7MQ9_L0,2021-09-22,242,84b7e2caae56ba1630c670c65ca2405ca99a84542060217099df4785380d3ecc
7MQ9_N0,2021-09-22,22,8a5bdb4cc15164126c6ef2668de9dd240d299ce6397a42c95a9411b93d080ed8
7MQA_L1,2021-09-22,1570,ddd6c6100d42acb0b3d1f83466e32e5060c02658d6ff32fcb598cecc302ae382
7MQA_L2,2021-09-22,217,4a4458d645fb69e58c6b02ec399087f34bd9523061339987068a667bfd9cdd4a
7MRL_A,2021-08-11,75,5d97bcad46c9367edbbf1f6b62d566c1e50085750e5415d7ea1e150bdaf559ee
7MSC_a,2022-02-02,1512,8fcee9911723a8e9f79a770cb67e079e08b9a05a78070b36bd81483b39c64726
7MSF_R,1998-11-11,14,cebfeb1ad50bc6074967af1e52ca31066b5ebaf9164b56379c089de6ad6ac7c8
7MSF_S,1998-11-11,14,cebfeb1ad50bc6074967af1e52ca31066b5ebaf9164b56379c089de6ad6ac7c8
7MSH_y,2022-02-02,77,cc475a9b8a945a883c44e3a620f744e2ab42cccbf51640858b77c11c6d8c16f4
7MT2_A,2022-02-02,3115,4af7052b213c057033f349f3cf8639a3a76ce2b6e1f24c84b6e4af6b4834b167
7MT3_A,2022-02-02,3116,22ae51b3f45ec43ac025a28b9cb244182bd6fbf808e6d734761f7baf110ae881
7N1P_23,2021-07-14,2882,5be530e74775e719caa3a64890554695a29eeefd4b70fd30f51225400057dc06
7N1P_Dt,2021-07-14,76,33fae1e5b0a9bd11b3605437d8a5beb366a7cdfad0cc4923cc37c8c2d91c87a8
7N1P_Pt,2021-07-14,76,7f85c9cea3b6fe9133ae9827c49602aa836c3c5cd062d66ed6100fe4819533d6
7N2C_23,2021-07-14,2879,1c0ec1a628ac1f9787bdc02ca0e55636f8e02d6e09b4866e664b8316fa82a509
7N2U_23,2021-07-14,2880,922b40651fd6f4a7d66ae29b88eb346942ce92c2c184058ef1562394ac0c39b1
7N2U_Dt,2021-07-14,76,de905fce8db5b1e41ee2b3dbb68894f02c2bc26d7812c449c4de5800735e1a0c
7N2U_Pt,2021-07-14,76,7f85c9cea3b6fe9133ae9827c49602aa836c3c5cd062d66ed6100fe4819533d6
7N2V_16,2021-07-14,1524,088f17c33548c3dd6e9c1a2a68bcaa45695dad49166e1cb4b6735bf22c284d85
7N2V_23,2021-07-14,2881,ce3df917ec0611a6e7b05a45323394512a864d09e17de0c2f84d2d520371d1a7
7N2V_Pt,2021-07-14,106,433fe89955adc0ddded9678d921a426e34a1459636e3dfb6f75b613346c64db4
7N30_16,2021-07-14,1515,4bbfa2e1fceb08d31a331c0b2feab93636b9df4fb4f35982cba467aa2a02cf05
7N30_23,2021-07-14,2879,4677aeb8cca6121f2fde768804f3be6f042b849b36d1baf5181a124f1dbd98bd
7N31_16,2021-07-14,1522,4ea07cade4a32b892b2cf1d0f6af423e4b12d4a34b88f20b0fcf39cae53cbeb2
7N31_23,2021-07-14,2882,848a3f1a2330e931d8bc52ee76118fcf24dfffb4075b8926a1083875fb13f773
7N3O_B,2021-09-01,265,f986896cad87ca279b9c433054ba2f2bc55c98f932556b80d6f5a50c3b2374be
7N3P_B,2021-09-01,265,f986896cad87ca279b9c433054ba2f2bc55c98f932556b80d6f5a50c3b2374be
7N8B_A1,2022-05-11,3115,241dbff0b954732be495b42cd5870f27ac5a11cce65571fef4580b3763709880
7N8B_B5,2022-05-11,1759,6437d5f90896529a25cae89bb078249abfc2741e5c1522da07c9b62809b5a6bf
7NAS_A,2021-07-07,969,08d7391a96cc90f48162ad14d8db5fe8620dd2fd2c6ff2e7a0efe24408535bc0
7NAT_A,2021-12-08,1422,9209765accff2760b826c62bc4ae890b0b7754129b80933b606ff1fe64fbc9f7
7NAU_A,2021-12-08,1514,ceca48fdce0f3b4347f7dfe7a4a4d7a2346e9beb4ec1bc55b2863f6a2e5d17d0
7NAV_A,2021-12-08,1502,da77cb953b336b514acae41484a673290284067573c9aac9a2be389f74eca817
7NAX_A,2021-12-08,1518,e53f6fe2ee3091e8b441387fdcee540475828140b5f5193b4ee92d71238a7b68
7NBU_a,2022-03-02,2876,e0b96927ec8f4bec42ab807ae9ebaefdc5d0298a273f45e0784397911aaa691e
7NFX_1,2021-06-02,299,d54ab8bd40845995c6bd9044e60cfb2b01df9533ba94fcdf894eed368347ba4d
7NHK_A,2021-05-05,2905,e1620f753e4c2f94da17accd20958f2b60bf62d0884c6bf931529d2311f1c529
7NHK_D,2021-05-05,77,c9e3a7ac28e817a732d5a3d99c8dc9b04f8cb207c8ed047f1a2b81d22d424f59
7NHK_a,2021-05-05,1517,4e616d3155657cfbef580272958c2dc656dbeaa482b0dfc7144984587647247c
7NHL_A,2021-05-05,2914,8c7620d95542eb11ea0bf486cdd3b3518a9c010d81cf26e023dbaf8f38764208
7NHL_D,2021-05-05,76,ee165aefe38d1ebdd4f86677a3c63feb9a103430c8bca017f2c920d539bfeb6a
7NHL_a,2021-05-05,1538,3a2fb5cad91ef83dd77e4d00d4b79d62a98c5441949d0573d047c366766e5139
7NHM_A,2021-05-05,2824,69f165a4660cbc55d70b417689ec90e2432bdaf1ae962521b33d4a594a4fe94f
7NHM_D,2021-05-05,77,1fe896c75533e77debd0b90f0a668a32d1ff199b16981c0d2c0988bb611b3bed
7NHM_a,2021-05-05,1531,2577186de3a7960996b802b22ada067105b73f4c2fad2e5dfd9022631ccae449
7NHN_A,2021-05-05,2908,bb1c1a41be30e35c98a5ea09b641c5ef29a6184251405005c689dc1d63164fa3
7NHN_B,2021-05-05,114,7ef374b303336edd591360c0f53d707bae877f9655f30dd24696710645eabf2d
7NHN_D,2021-05-05,77,ea253ce7fb866e89cd09afc6797df1c5d0be182a7695bd6df96f946d478d09d8
7NHN_a,2021-05-05,1513,9d5f1a8f6cfd974135d3e357dfc8adece281dc18f973a2191a3478027356a8b4
7NIL_D,2021-12-01,15,4b0bda7b6f18b0fceefcbb67c25c548de5f7e4f9d12c696b6a602babc2fa5589
7NQ4_C,2021-08-11,20,1d191e979ed84b8828e74462d4920c9f619b5e476e5c7c1a588019288bbf0ab8
7NRD_S2,2021-04-14,1783,23977fe823322dec7e453b20176fa3cc69be40cd49a23a7f7870578f457bed85
7NSJ_AV,2021-06-02,71,dfbf8fc2072c222d07d837f70d1bec28d8b0b7c1327fa2b4f5e0c71b8c5d3b48
7NSO_A,2021-07-14,2903,c546b77c8aa5eb8164d1ba2e405e98d0f89488d4e6998b202fe5760a3466dff1
7NSP_v,2021-08-11,77,da3cd09d318c8e0c3a3757402c367be8e25b9607141a3392b8418b213d61c8e0
7NSQ_a,2021-07-14,1540,4e7864b74a615804943997f031ac3fbaaf0f92ca751ff1bec3b7e7477358265d
7NWG_33,2021-07-07,75,b99525c0518770e8f92a1bf2e350daf8c1d9206a39d1b5cedd2e95ca34759af0
7NWG_51,2021-07-07,3626,cb0a557a5129ffc9e831d41fcdcbb6ba514d3b5b9285eabb7491f9a27a07fd9c
7NWG_q3,2021-07-07,74,83d7f4a5ab46d41ebbc5f21eb9dd9ca03c01b31572ef6b19ad3a7a111f27e540
7NWW_1,2022-01-19,2881,ac249b43d589902aa3177fea14650b904637dd50867a1a22ae6d4338eca07206
7NWW_z,2022-01-19,88,09409dd85c216281c174cd35fb8480707f33cb214b3b802edd94ea103e371786
7O1A_B8,2021-09-01,77,ce894a25215d0927d690893945d3cdc9ccb6e783fec35b77fd3c972b4af79450
7O1A_BA,2021-09-01,2874,0ab047882db6ee4ccfa7b696e34134733375751590532519442d350d8492262b
7O1C_B8,2021-09-01,77,ce894a25215d0927d690893945d3cdc9ccb6e783fec35b77fd3c972b4af79450
7O5H_A,2021-06-16,964,30b460a17eb1b09c04817c089c8fe59002884d95bfc7bbc05776e942a5842f45
7O7Y_AT,2021-06-02,76,6e2c4a48b3af580ee37ef337f914ef56b4ac14792b984c49cb10d6cb50871b38
7O7Z_AH,2021-06-02,220,abb628559840ff32cc7af045609bf839b2bd98cae593f5c29e6f7cdd44b7bae0
7O80_AI,2021-06-02,76,192ccd7e9bdc4edcc91f28f3d0db2a6616bd02fdbc6f43ac71beff37d84dc68f
7O80_AT,2021-06-02,86,2c077ac7c8621f6dab8162c14a9509cc696c721ae01f8c23d798a74de8efa0d0
7O81_AJ,2021-06-02,76,3ec6edec819253027c15dc84170a1f0ae611444b5b39d209ba6f101cfd9a38e9
7O81_AT,2021-06-02,75,54ab576a8bd4008b9e21e574e03d09dc7069cb7a387dc5a004a1d5627bc7948e
7O9K_A,2021-06-30,1435,a805fb7e06df94f298e45577499c9e7784fdcae9ab6a319e76314f8e9b005084
7O9M_A,2021-06-30,1453,de4158b530700916f4b40df94d73727e59200cea3d294d205b811647633a7a4a
7OAX_B,2021-06-16,52,54116690e728ed5718dff978ab5490d3be69e0fe1cc557b84ad39848c3840942
7OB9_R,2021-12-08,31,c111eaf7113ff6389082bcd3e5319556aa7ff5a9b81a7131f0b471aeaba9bd6b
7OBQ_1,2021-07-21,249,0a4d8ee32af206e039a2aceeda82626dfd75a9f7cb2543847f192685c33354f6
7ODF_F,2021-07-21,43,914ab3455bf6d494b549b9feef4d6ce80bf48006a0247a2d06d8d4f3c276a238
7ODR_A,2021-06-23,1448,22e058b3e476b246824418b99e040d0969eb5aaac4811b101950f5e009d38fee
7ODS_A,2021-06-23,1444,3f75616bc1801c84130512869e4f5486822867ed67c3fd2b4c5a69450ef1b6db
7ODT_A,2021-06-23,1451,ad4de1ef664d8b9c20ab6e602242194e33a977f4c07df194e0d6ee5b9a6dec35
7OE0_A,2021-07-14,1510,5315b5b7c370b91aeb53bc1b696376c84554a2de5d9cd380dd7b5ee3e96d2207
7OF0_A,2021-06-09,1376,b2221b2876e169a81c812b816302fad64fefd0c1cddc40c54a68d8848a822b8c
7OF1_1,2021-11-03,2787,64f28f6c0dad38e1d690bcc77e244471a34e8daf0a3cd0294f9cb065f1f93711
7OF1_3,2021-11-03,121,03f5f9df0c6c8386fb85e48cd0f0232307753a2a3fd359b76f1c341d79420ef7
7OF2_A,2021-06-02,1407,41ef068d498b9ffc5d09d61ae2912290a9afb936fa4ae95a013d1ef8f9a33b10
7OF3_A,2021-05-19,1386,b23e401d73cdfa94faee38c35de5eb37252591922665d49dce5d4c16b2233e18
7OF5_A,2021-06-09,1386,52eb061ec5331f885557f8c0769ef29c8a2d1008443ac1a873eeb678bbcddd3f
7OF6_A,2021-06-09,1460,bdbb7158e22c396c6784c7a84d5ac78bd86df2896973d2baca004e36674261b0
7OF7_A,2021-06-23,1373,c97ff7c2793989f780de631bfa74a47d035d94b7a380668132dcdd968ac17557
7OG4_XA,2021-06-23,1498,6b50a26bf802661ae7bbacbd955d1a0e1940a208ceb78e3052d80f346698075a
7OG4_XB,2021-06-23,72,cd70ca90e441c1fbb85632f5980322e66903f2c92ca5eb06a98f1d502a0cde8a
7OGM_P,2021-07-07,49,d4547b1ee195f73e12ec8c9390bc5e686aa4760aa412cdb1394710788683d6be
7OH3_1,2021-11-03,3013,d0eaa86e9f025a8b651b84ab7679886bd73fb623c947ab0010048d8b5cde89c8
7OH3_2,2021-11-03,158,6c17d19279593e8dc0449230f7d88a7729158aadfb002f2c3fdcea4f02a24a34
7OHP_1,2021-11-03,1567,b58b70f070397dd895b20cc76526845c09b67fb40000783e64b7dc4e3188bc2e
7OHP_2,2021-11-03,158,6c17d19279593e8dc0449230f7d88a7729158aadfb002f2c3fdcea4f02a24a34
7OHQ_1,2021-11-03,3053,99b4b7d7563b5f792ae6c77ab5c3132b1dde1ff82f3407f98fd2a6290fd18b45
7OHR_1,2021-11-10,2373,8632414751344a80c37ce1748ba909577290fa797b7117d5941a464ecc1e3a8f
7OHS_1,2021-11-03,1697,411a69489f8e4b26f8c4f9d0fb38dc1c7df9e864052d338866b51e9fcb8e15e9
7OHS_2,2021-11-03,158,6c17d19279593e8dc0449230f7d88a7729158aadfb002f2c3fdcea4f02a24a34
7OHT_1,2021-11-03,1485,567802c6916d85d0e5eb496a6f42dd3b2ff8b462e80e444f4a74fd1099deda4f
7OHT_3,2021-11-03,121,03f5f9df0c6c8386fb85e48cd0f0232307753a2a3fd359b76f1c341d79420ef7
7OHU_1,2021-11-03,1692,cac4d8ade5b9030ea41a862c803a675d85cbb6428dcde2619ece77c4594a9954
7OHU_2,2021-11-03,158,6c17d19279593e8dc0449230f7d88a7729158aadfb002f2c3fdcea4f02a24a34
7OHV_1,2021-11-03,2141,985989d0b28ae9299f172ffca8231b300bdd00708b32818abb3a4fb51de161f9
7OHV_2,2021-11-03,158,6c17d19279593e8dc0449230f7d88a7729158aadfb002f2c3fdcea4f02a24a34
7OHW_1,2021-11-03,1639,4e8e0b67e1cf3a6bd18985f57d8d5251a3c2bce0663f08412e2b5f2474264c17
7OHW_2,2021-11-03,158,6c17d19279593e8dc0449230f7d88a7729158aadfb002f2c3fdcea4f02a24a34
7OHX_1,2021-11-03,1561,624eb1b255dac0d804601a5239d6feb6d639efe8130ab4eec973dda61653c8e0
7OHX_2,2021-11-03,158,6c17d19279593e8dc0449230f7d88a7729158aadfb002f2c3fdcea4f02a24a34
7OHY_1,2021-11-03,1689,371e9ed45b06b79fe356183d74f27aada2268996ad28c510301d659d5d0c3ae7
7OHY_2,2021-11-03,158,6c17d19279593e8dc0449230f7d88a7729158aadfb002f2c3fdcea4f02a24a34
7OI0_A,2021-07-14,963,a51d25c9be5a04f7029dd5136a16fd17129e69f5ccce33b15eb83bdea2b49c46
7OI6_A,2021-10-13,1208,61e6b860909de2da3497c39c4e51f4c20c4680624183fed805935338e14959f4
7OI7_A,2021-09-15,1054,ccda177c2b43c81e03511f0da69d45bb2ea98fe165ced20c8175adab2ac8ee1b
7OI8_A,2021-09-15,1092,533c9ade6702bb8abeef7de8a9a19dc255d29600f92d10346c2f02545559adac
7OIA_z,2021-09-15,73,ebc32610db9f60e4b46bb698ec6af307b01770ad26cd5f0d37710384b72deab7
7OIC_A,2021-09-15,1383,ed08120d1538b07e602de0013e74dc2d73fa6a520ccec0de1a947ada642c8dac
7OID_A,2021-09-15,1472,e538dda5e8f32cb0be06b80d548392bbfbb13bb37c3869e85483753976b8b3d7
7OII_z,2022-01-19,85,528398141a57c1fca2ca40dd88734e7e6efc5d7f63c7b63130eb5a2ba7fa374c
7OIZ_A,2021-09-15,1509,306d88dd4b9d39d696ecb96bd66030038da87d16ae38a8f48e2ca4a81c017ad9
7OIZ_V,2021-09-15,75,d4c987c154b2e4876b9a91a6ad01ac2ef30a1bf3ba22fbf6499ce4a545f2c1ab
7OJ0_a,2021-09-15,2784,c73ab97ccb2421c7eaecceb58dec0bf58b1e433805d83c167389d6c205a06d93
7OJL_D,2021-12-01,20,4e43b9dfb827f896b9bfec4f4666bffb967db73830615290fec22a8fc41d66bf
7OLC_3,2022-01-26,120,7e14379ca770462eccfb74e7a4e3ec7757d918e2eb0c0509d8fdb529be47944e
7OLD_1,2022-01-26,3192,1cfae6575a531789005621c9b87bfa605de780527cc22182910d8c89a136af51
7OMB_T,2021-10-13,21,b2f206ecdbf31904b09d860a1a0496694af98975f37cca14ca465975717352b8
7ONB_H,2021-08-04,188,1433100b8169f15fa72fee6f5a1a7852066b4364a1a4f9cb55c288b1b99e5db8
7ONU_T,2021-08-11,128,d6200cfd8895e9e1f3f70039db1cd918e6ab2f98fa3f93f40ec81ca33da5471f
7OOD_3,2022-05-25,2879,82e62d8b1089a62f21377b69fa48febf689390ea6f4fdb9c97c78cceb19ba13f
7OPE_2,2021-07-21,76,db525a4ca5ba1661dd048c85f5ba003647e206c6145e1781763c93a17c4ed7df
7OPE_A,2021-07-21,2814,8833e9c754b08127bd8c0bc252fdea6d9d687f51629d6fc72a34d9e68e0eec40
7OQC_1,2021-08-11,568,dbfde3f863795c860836ea3a6ca15f8f7e1e73bbc665b68aa15c80408491ef30
7OQE_2,2021-08-11,143,83f1acc9483a1fb24fadc13980e7865532e8e0723e06d8a0012021d1ee23ded6
7OQE_I,2021-08-11,86,63c4788c0417c63fd669dc383408a1856c008f6e7d22c5468bc49187cd7f2219
7ORI_H,2022-02-16,17,82280b7c07a4125adffe230261244b78d48895be7ff25a03a326eae6515485d2
7ORK_H,2022-02-16,17,82280b7c07a4125adffe230261244b78d48895be7ff25a03a326eae6515485d2
7ORM_H,2022-02-16,17,82280b7c07a4125adffe230261244b78d48895be7ff25a03a326eae6515485d2
7OS0_D,2022-01-19,54,fe9aa0d29410a75f1b2c3f14393c84334594d533b62fd24b256d276934c57ed0
7OSA_18S,2021-12-08,1717,f9e603ea7ecb9cf7ed1ab4382f64a9d5e6562343b85ba52627613d66dd1298b1
7OSA_25S,2021-12-08,3180,5c4e2d6363eada023b4c1fe4dbd212d8081d7cdd6cbf31fae2662e30c6d6c18e
7OSM_18S,2021-12-08,1732,a657dfdc1d30f0b975b25f6db3d49a53d6d43950f6f3716b41e968cc1781607c
7OSM_25S,2021-12-08,3162,bc82a6b28d17009d98b1cd825416b97f359979ab36ff4da31afe694b695831ed
7OTC_A,2022-05-11,2879,03698286a0bc7943da054df422c8d7dc43a44756e4e0c049ad1aeda5e0ba43a5
7OTC_a,2022-05-11,1523,7a120099da9ea0aa17f34017a418fdb8abf715fe97f2e6c1ee6eb6f1ff91800e
7OX7_A,2021-09-15,81,e4de49a08f3c71470dba955ceb63c01a8e02b21a110a3ddbb806ad648e0f5ab3
7OX8_A,2021-09-15,84,d506eeaee0cd2632f15afa8983c6c2c994bb6163cdc5bc8f492276f66277a9f4
7OXA_A,2021-09-15,81,bb34bdb7276c544f18e859c357f2697c8708e555e7693a6a4ad89f7ec1d1f3ba
7OZQ_F,2021-10-27,33,b17a105fff6f01737f1670591b3ccdfad4225394515f7ed39459c88eb2a47e1f
7OZQ_G,2021-10-27,33,b17a105fff6f01737f1670591b3ccdfad4225394515f7ed39459c88eb2a47e1f
7OZW_F,2021-12-08,32,642b53411b062a6edb74fdbf7ac71fee0ab172aa055f314fca7757e63ab83a46
7P0V_B,2022-04-20,24,66a1005c7ac86fcb7ea598ee3aa5b7f442788dd688c7b75214b283ef27a4ceec
7P3K_V,2021-10-27,75,d4c987c154b2e4876b9a91a6ad01ac2ef30a1bf3ba22fbf6499ce4a545f2c1ab
7P48_5,2022-02-02,73,65a83364076648ec1a687a355c5299d7343e3aac866de9671e1e4ece35ab43f2
7P48_A,2022-02-02,2661,092be6d6328c9aebb5977dfd2b492dfa4666a44b469c86990c04b42f524ba551
7P7Q_A,2022-02-23,2897,befbb909f206671e0c00cd0923702a07397207c518e321e62e641658affa32a4
7P7Q_D,2022-02-23,77,c9e3a7ac28e817a732d5a3d99c8dc9b04f8cb207c8ed047f1a2b81d22d424f59
7P7Q_a,2022-02-23,1519,65459f43d51abf8d7ccda1c5668e7571c78eccd940693336952eadd8864e672f
7P7R_A,2022-03-23,2901,98eb9bf7cb627627b487e736987b6b666378d30c0fae96f0a176da6c1b8ae57d
7P7T_B,2022-02-23,116,5a86a04081b80020550d3f002f1e05345634fb352ca4aca9ebac41cedd7f8c37
7P7T_C,2022-02-23,76,4f6ccb4d8eb0c7fda810698ec80320de9db5ec2a63184f5006f3d2b99f49024f
7P7U_A,2022-02-23,2824,013cc7ee1c095e766a9f17d5bb6413ef8be8eae45cfa2ddc7d6e7191108e77a4
7P7U_D,2022-02-23,77,c9e3a7ac28e817a732d5a3d99c8dc9b04f8cb207c8ed047f1a2b81d22d424f59
7P7U_a,2022-02-23,1521,59f5b7eb85d7891af74e035a673c3ee1f7060e7396398f6ab78ae779a848b54e
7PAK_6,2022-05-25,76,644c5e3df6f1da19d4a711ee0866d646c8289cc73704aadea418830abd99d2bd
7PAL_4,2022-05-25,108,3ed917212f4e71e6420c72edfdcf7d7b1e5044e2247f52ff8b9c696606b87c88
7PAS_3,2022-05-25,2878,7cb5bb8069837f75ac1cc127b50b7e80a0ae3378d1f11490766c1626a2c86172
7PAS_8,2022-05-25,76,644c5e3df6f1da19d4a711ee0866d646c8289cc73704aadea418830abd99d2bd
7PD3_A,2021-11-17,1278,61781eb7e615fb782ad7e1406195c257d59c51e572590e212d01420db9251a58
7PD3_B,2021-11-17,69,e82563784ff53386edee166fe91163b37b286286d9ac623dffb3a3815c982c62
7PDU_A,2021-12-15,33,0993373283ca622efe153ef539b325e143d7a0d5e563dd5727f91e93c8e0427b
7PDU_B,2021-12-15,19,e80c78493c2bff538dfc7b27b79befa6195f14110cb08bbafdbc08db0fb45ef3
7PIT_5,2022-05-25,1493,b8be58b1fca1c6559fd383d6cc4fc848beb8a4c59bc4269056271b2593632fa5
7PJS_w,2021-10-20,76,871545b11523c51bd187e0244791a370348d2d00e67536dbe013b312e58632cb
7PJT_B,2021-10-20,120,377cc53522f8e6ba36bf361ed06ab1c9189430fb447e2b7f6d1e5967a725ff9d
7PJW_a,2021-10-20,1529,207cafeba05e515cc67719d6221e678af9628eada93682615f9612c6b0d1d297
7PJX_A,2021-10-20,2880,2a8599f7a5f8617c7561d498f07c1a100cd3c4ff8e8565050023e002199383a9
7PJY_v,2021-10-20,77,a8b8c93e525d95e16a5b1685e97066cbf9d3d9dac8f6d354619db950ffa108e0
7PLA_B,2021-12-01,256,d46c8e13cbdb9be478397b4433006bcc79654959ff0053545da7ef602b643395
7POF_A,2022-03-16,14,4cac05a20bca3f9be28b449912df9cd5811fdadfb9b9dd26f4476feb679408d5
7PUA_CA,2022-03-02,621,246c3b62c15a135c9727f66215e43c3961066a0195a97625e99f8cd3361a72ad
7PUB_CA,2022-05-04,621,246c3b62c15a135c9727f66215e43c3961066a0195a97625e99f8cd3361a72ad
7PWF_2,2022-05-25,1340,c49624b42d052f1816e0ddbd28d0091528b0fb85c5405a3f0354096727829040
7PWG_1,2022-04-20,2426,44cf5cd306f20ce79593d17ac12da0b3beda644e68f4652b5b7d50203656fc61
7PWG_3,2022-04-20,120,ce83cdd0586d6060d458084f0053543a7ab111e5d2cd381836a9eb7e7935cbad
7PWG_4,2022-04-20,139,bbf08d92507de8c4c6843f254e9cc141c1d233273f19de537c6ed32b232091e2
7PWO_1,2022-04-20,2424,244daded7c1c21247a2a00ffb07339ecbbb03c798384964882a1af2fe107add4
7PWO_w2,2022-04-20,14,4624912c82f22a56e8e412bd6700be299e58b9d0653f2e402c38dfe01399e38c
7PZY_10,2022-05-18,16,328a6f2b651113eda4095543ae13ea626565f2d4364f4da4c94fc1234f64f2c7
7Q08_1,2022-05-25,3207,50aa76e875b17c3b29a77559eed699a792dcf18be71ec676139ebe8c6a4abad2
7Q08_3,2022-05-25,121,f6075f391d19420ed377dc54cccda8de45c8461a9c2a45530bbc1a7cc6d15538
7Q0F_4,2022-05-18,158,50086ad504cb8a0c74742f5a57ea9747866289466860a0726a50005bf4c2c609
7Q0R_10,2022-05-25,14,d15da9df625b683caafcc015a2d87a03b26020b92f9106d8673dad637e483c55
7Q0R_A,2022-05-25,1692,a16948d4a3b77fa5f28eabd3399deec7a070666d7db54a3abff1cd01af83bd46
7Q3L_2,2022-03-30,188,1433100b8169f15fa72fee6f5a1a7852066b4364a1a4f9cb55c288b1b99e5db8
7Q4O_2,2022-03-30,188,1433100b8169f15fa72fee6f5a1a7852066b4364a1a4f9cb55c288b1b99e5db8
7Q4P_2,2022-03-30,31,6e30d1abc942a653142c269b6da115c8fe246226f68d43e7267ac5d5969d1f6a
7Q7Z_C,2022-03-23,24,60b4651fb1fb6c4141d81dd7f5454835af69e3b222d8b038040e05e0c25027d1
7QEP_1,2022-02-09,2319,8a2de67e9eaedba7b07cad6551133d09240d32b568331419cb2fe72025c113e5
7QEP_2,2022-02-09,119,0998828cfc8037f18a89667ed91e4e8221050bf2a3d02692dc9b354f4369d375
7QEP_3,2022-02-09,1295,0a6f85c549f4d0f189dbcc9e8b257b6d004aea33ac98257104b0a5119f643b34
7QGN_0,2022-04-27,1532,37612bfaa45262e530c8085bbaa15db4d6ef5e77459cc2776a47bb535289b5b7
7QH4_1,2022-03-16,77,9e87a384722b74100f858bb3b691384616788e65686db2769bf200ae8dce5a6e
7QH6_A,2022-03-02,1133,133beee575f45990111df8142065ef95568c352d343a6299bc4da33fedd7192b
7QH7_A,2022-05-18,1256,1ac349a1264c56ed00dc308c5ba9ef4da476fee57d694fb086ec3d7f0ada9b1c
7QP7_A,2022-05-11,1693,f707e5daf6ceceb3b9d17e49028e6610c83e77c2343ea747f462ae3037b4f7cd
7QV2_a,2022-03-09,1545,f3346d806dbedccbce58d93dee7d1efcf1f59285d70cfbc8cb65552897d549ac
7QV2_x,2022-03-09,77,9e87a384722b74100f858bb3b691384616788e65686db2769bf200ae8dce5a6e
7QV3_V,2022-03-09,2887,1cbd9b8ebc8fd668c86f63f64511f887df48f40ba55138d05744cd90e76df9c5
7QWQ_1,2022-03-16,167,b3f715676c8ed2d2dd26192b6c49c345002db089389cf607017e6bd6ca3d8a80
7QWQ_5,2022-03-16,3493,6f9dc1284cc5dee94695388588756c126cd55d9c5ae144163c435a7ddbc5ff93
7QXA_B,2022-03-02,451,2770b3297e79495cf67c907159d8c08c80187d230c3e21b56ac579a5e5ea4c0b
7R6L_A,2022-05-04,375,1598f19164d623ea3cdbbe1aa43639b18b8fd4f17ab2ea3a62da1c28eb8522bc
7R6M_A,2022-05-04,396,0460692d0f12b690db7a15e91ff9f5e89571e434a522c0a09b37f0f6c2e7a105
7R6N_A,2022-05-04,393,06415abb6ae4c2a975b1ffa878891834b2da49ab65172dc0bd58fd91c115fa8d
7R81_A1,2021-12-01,3123,169dfd0c31ce86a758b2334c6cd8edcfa2db3da6696885a6fa906e44d138e6df
7R81_A2,2021-12-01,1769,b8ebf35c0a4c8b438fa8f1a6f8402c64ccece4368d068c49bb25f7936adc634f
7R81_B1,2021-12-01,120,81dbe081f9c9860fcb3032d8ffa5319f772350418d32a853f0290dfe3be9bc43
7R81_C1,2021-12-01,158,29170cc74534dd71338a9af6c57c9993789c163c106d2e5fdcf5fd18c6602911
7REX_A,2021-12-29,34,ece479b524f9463b6ee1e753cf3ec8aa50c27ce239fff6dc8bafcd8099a0c440
7REX_B,2021-12-29,34,ece479b524f9463b6ee1e753cf3ec8aa50c27ce239fff6dc8bafcd8099a0c440
7REX_C,2021-12-29,34,ece479b524f9463b6ee1e753cf3ec8aa50c27ce239fff6dc8bafcd8099a0c440
7RQ5_A,2022-01-19,19,582495aaa3929aa750424817eb6fb0549511a629df4e861606d95a413a6b4bff
7RQ9_1x,2021-10-13,77,ca26f9c35b7e3e147b0f4a0f82682a2b6236e7f07bcec140d1f62a812299e5af
7RQ9_2A,2021-10-13,2788,ecd8a27337e3bf1b2dfb613a6c0ce3127fa19254f06d66905f12e0a304ec7c4b
7RQ9_2w,2021-10-13,76,41216ae18b5f9a27023c170c17c28d272d0694e2a4614e7f52d531ddef17f5d1
7RR5_A,2021-11-10,76,3b3c87416d96da617ba3cb632a5ab351288584e556420d9de7415d533d981749
7RR5_C1,2021-11-10,3221,2f25911a4ec4d3aaad1a3f06382b8d7b43e432b9f66e100ed5a01f8e57d739eb
7RYH_A,2022-02-02,2673,8ecfcb3d1408ba4d594103c6410445406074eec082f4189101d0e61b9eddf6ff
7S0S_C,2022-03-30,3118,1d49de924dac0e9aa5752be0905411e8c69f20b157e467df7c404e3b4a718567
7S1K_A,2022-01-19,76,a593a52ce931876f387320b077aab4a1f1351877b743ff22667dc7e81fce8c8e
7S36_R,2022-04-20,102,72db1f46000511533c3926d3b840872cc6e8e3983519233ad3c13a6b7b262582
7S37_R,2022-04-20,102,72db1f46000511533c3926d3b840872cc6e8e3983519233ad3c13a6b7b262582
7S38_R,2022-04-20,102,709a3d98ccb986f1bb75511ffa03edb572ce47acd0191f9372b1b97051a3191a
7S3H_R,2022-04-20,102,72db1f46000511533c3926d3b840872cc6e8e3983519233ad3c13a6b7b262582
7S4U_B,2022-03-02,97,5dd80845d9228c3ab5d0a842375bd27615b809512f2c21a5a06be92180b6a505
7S9U_A,2022-03-02,2436,a343c248a284829d4636ab27c3104e40b2e7b16fe450bb28ee2c2a33752462b0
7SAE_A,2022-03-02,2434,736e16b38768550e38e42c6d415cf1f58e5ccb49fca06aaf004e1dc6a346ac40
7SGL_E,2022-01-12,54,cac7cd770f64cc24b24a814b474041594eb7d496f95e6d4c2f666d325e10d108
7SLP_R,2022-03-30,81,f5ef00a1d2d628bc5d5ccc12302863c7667e2fa88c20d4e3520df8d9a4ca5e38
7SLQ_R,2022-03-30,50,7f959e4a42e9e581de6ceec96300ec83aaa33c15cf31022e03b4eb14262c1cf3
7SSG_B,2022-05-25,29,cdc633739117fe68a61627ad113d23437ca8d63c2ff709f58b4031a0fc8f24b1
7ST7_5,2022-02-23,76,90ef6f97660ebc443351df3de5fab3b56c3320d06ff64d651afcd80e5fa17049
7TD7_A,2022-02-16,83,79dc9078a98d9e05e7a644ce8cd19e5a54fe597adc0f6f83a7cd865a4dbfab21
7TDC_A,2022-02-16,83,79dc9078a98d9e05e7a644ce8cd19e5a54fe597adc0f6f83a7cd865a4dbfab21
7TOO_A25S,2022-05-25,3194,af041b0630c8f2335df1f8b7d48e8245bb908801ccd0a8da6fbc4f6ad42bf4ef
7TOQ_A18S,2022-05-25,1690,1f995e0600e7536ee13d202e9c833c7b9f8939c347200dc14231c0415a341935
7TOQ_A25S,2022-05-25,3649,d52fe438f8c9b263b38aa4f38f99deeff2f29c79dc944bf0befec22af61f939b
7TOR_A18S,2022-05-25,1691,bd5e6b0004951ffcaea1a6f47b77066f586bdb68ea5e7481ca3484488a7f5161
7TOR_A28S,2022-05-25,3552,33dbfd346248cbe818c0fe14c625347fb9a067781eee1268fa821280e758d1b8
7TOR_PTRN,2022-05-25,77,cc475a9b8a945a883c44e3a620f744e2ab42cccbf51640858b77c11c6d8c16f4
7TQL_2,2022-04-27,1656,1d43ae285e847aaec28f775e4227e70873fda396e44c149fe3bafd28ce2751b8
7TRD_B,2022-04-20,451,2770b3297e79495cf67c907159d8c08c80187d230c3e21b56ac579a5e5ea4c0b
7TZR_Y,2022-05-25,80,f4d7e73ea2ea7690455566e1bdc377ee2212b8b4d218fa3a39b4cc6676202a59
7TZU_A,2022-05-25,83,79dc9078a98d9e05e7a644ce8cd19e5a54fe597adc0f6f83a7cd865a4dbfab21
7UG7_16,2022-05-18,1504,5972037d817a228b48d1d4c0ba13f7aea707811912c99d4709608a97a33b4703
7UGA_A,2022-04-13,43,e683113e7d6a7cdefe317d45efc021498f5119f75d9b9f2c0a109bc4cd80afda
7V2L_A,2022-04-06,1507,65e23074c20746c5051682541b87f734c141c93054d5f05365666596cddbd06d
7V2M_A,2022-04-06,1486,1117102ff94aaa1865ac8a0f251fa0ae1d77b369e1f5422d22b6b2d5a78106eb
7V2N_A,2022-04-06,1394,b048d454b2016cf8595f4fb10fbc5fc3b5d8651ba03b6c3741bef8f13470742f
7V2O_A,2022-04-06,1487,97ef5d7993984e34e231a3353e3bb05bcd0da58de80a3b0cf8fb82569d87c971
7V2P_A,2022-04-06,1394,cd369d8a496a0fe9e8d69977202a588532e86af3c5ac59e86546fef2f304bab6
7V2Q_A,2022-04-06,1391,56c5ebef5280835ed343d0ff23eeeb10ebacf87948f1e1e23d4795ed2fef0493
7V93_B,2022-04-13,112,568bb58e81a44c953dd1d410684b6cb3bf4847ead28d007a66f870f111218e85
7V94_B,2022-04-13,112,568bb58e81a44c953dd1d410684b6cb3bf4847ead28d007a66f870f111218e85
7V99_R,2022-03-30,451,2770b3297e79495cf67c907159d8c08c80187d230c3e21b56ac579a5e5ea4c0b
7V9A_R,2022-03-30,146,1eaa3cbd68b65b5464f11a9a3d8fb684c30b84cfe7a8c7f1445e6519b211eca2
7V9E_A,2022-03-23,68,f6f351151670bbd54c3ba9a03be1252e76a576500489b8063f7a231edfc7195c
7VNV_A,2022-05-04,61,7f7470d1e9638cbb569302f19b8e09e7a7466da046ce51c9f2a3c8fef91ac4ed
7VNW_B,2022-05-04,64,8694a893c2dd00e7e15a55bb059161ba720ca33e656439bc01585a0a1b4bab5d
7WAZ_D,2022-03-16,122,3ea7b7e51bc73d000d8624ee10a6d94ab101ec0c355df8ec07dd786637dfede3
7WB1_D,2022-03-16,121,f4a7b9ac6ad5a52d1604bc3cd7e1f24d648472d6d272fa12f5563181de26c215
7Z42_H,2022-05-18,13,f48127fcebed9a79aad3f6f8bd7ea8cf14bf4f9d65f3869466c0b6e73a8eb10d
7Z43_RRR,2022-05-11,18,003d38726276fe0add1a3dfd865af3023c36acf5bd1a0276b2983bbfdbcbc29f
