target_id,sequence_cluster,length,bank,candidate_index,setting,raw_reference_index,raw_candidate_tm,candidate_tm_same_reference,c1_rmsd,c1_lddt,c1_lddt_pair,c1_lddt_pairs,sw_rmsd_9,sw_rmsd_15,clash_per_res,bb_dev,rg_err,sharp_kinks,angle_nll,torsion_nll,pair_like_fraction
R1107,seq_2a56598e5142d87d,69,J_5T,0,Raw,0,0.37382,0.37382,8.300039109518671,0.5831108706108706,0.5483425414364641,362,3.0139001505619065,4.199132105576136,0.014492753623188406,1.2658574276382966,0.19213975987063137,0.05970149253731343,0.6989695990346159,0.8189745117673035,0.4927536231884058
R1107,seq_2a56598e5142d87d,69,J_5T,1,Raw,0,0.25264,0.25264,44.24512558895102,0.38295950107011495,0.369475138121547,362,13.312850245490113,22.834841859434693,0.07246376811594203,3.0979416432934856,25.44116053448053,0.07462686567164178,2.036925004956313,0.4791115340348072,0.37681159420289856
R1107,seq_2a56598e5142d87d,69,J_5T,2,Raw,0,0.27554,0.27554,54.533821782626816,0.39316875875379714,0.34185082872928174,362,12.747847746651331,22.251931979689793,0.057971014492753624,3.0550373715961627,31.624446802897644,0.1044776119402985,1.949719410273642,0.669175286277336,0.3188405797101449
R1107,seq_2a56598e5142d87d,69,J_5T,3,Raw,0,0.1995,0.1995,23.585972259594282,0.30046504539790986,0.27140883977900554,362,6.845620335201494,11.078798379294227,0.028985507246376812,1.4917997720818998,2.506535924230434,0.07462686567164178,1.1647240065376443,0.7652308153591668,0.5217391304347826
R1107,seq_2a56598e5142d87d,69,J_5T,4,Raw,0,0.34596,0.34596,18.755169472841157,0.5093788676749035,0.46685082872928174,362,4.228550902008816,6.650201206197883,0.08695652173913043,1.3810523772789178,1.079011897073407,0.1044776119402985,1.051446216784243,0.6209860909454055,0.5797101449275363
R1107,seq_2a56598e5142d87d,69,J_5T,0,John_adaptive,0,0.37382,0.37484,8.308069040427283,0.5615988042458632,0.5317679558011049,362,2.918398466745902,4.130780085996733,0.014492753623188406,0.9171941191112265,0.2239503280928261,0.05970149253731343,0.7023232779045594,0.8435498601608826,0.5217391304347826
R1107,seq_2a56598e5142d87d,69,J_5T,1,John_adaptive,0,0.25264,0.21559,43.48733998777931,0.3793818775356499,0.3680939226519337,362,12.319093771491477,21.730066840517555,0.11594202898550725,2.5670370611077304,25.239233248092773,0.05970149253731343,1.945228053720357,0.614973471761643,0.43478260869565216
R1107,seq_2a56598e5142d87d,69,J_5T,2,John_adaptive,0,0.27554,0.26366,54.19003876565693,0.3511303120957852,0.30386740331491713,362,11.950804800731982,21.380687349674478,0.08695652173913043,2.545859975108699,31.470953762690783,0.07462686567164178,1.9139396791283214,0.8007488437398489,0.34782608695652173
R1107,seq_2a56598e5142d87d,69,J_5T,3,John_adaptive,0,0.1995,0.19889,23.59088166179805,0.2994846127278991,0.27071823204419887,362,6.44241066551679,10.735429858728066,0.028985507246376812,1.0937186366654725,2.6026392025278575,0.05970149253731343,1.1249922701123907,0.8574849163826879,0.463768115942029
R1107,seq_2a56598e5142d87d,69,J_5T,4,John_adaptive,0,0.34596,0.33054,18.67583778526365,0.5054470983099499,0.4613259668508287,362,3.901747235143885,6.493529460458006,0.10144927536231885,0.9969888249014867,1.2022425645184889,0.05970149253731343,1.0050389441217624,0.7180303344108446,0.6376811594202898
R1107,seq_2a56598e5142d87d,69,J_5T,0,John_fixed,0,0.37382,0.37064,8.333326471557898,0.5632891292897688,0.5331491712707183,362,2.9130326513765743,4.133285446715578,0.014492753623188406,0.8331627586853024,0.23480880042190577,0.05970149253731343,0.6845515743390899,0.8438687881680301,0.4927536231884058
R1107,seq_2a56598e5142d87d,69,J_5T,1,John_fixed,0,0.25264,0.20467,43.28837186065407,0.3708320573170317,0.36187845303867405,362,12.063526366346684,21.439214065236047,0.10144927536231885,2.5160523879259973,25.269925543352592,0.05970149253731343,1.9279888137300327,0.6215932982863025,0.4057971014492754
R1107,seq_2a56598e5142d87d,69,J_5T,2,John_fixed,0,0.27554,0.25257,54.1604966432252,0.3374788920584956,0.292817679558011,362,11.781193299246128,21.198298536986133,0.07246376811594203,2.439305710602642,31.517193120135317,0.07462686567164178,1.9172569827791315,0.7701243621901014,0.37681159420289856
R1107,seq_2a56598e5142d87d,69,J_5T,3,John_fixed,0,0.1995,0.19883,23.6088827565651,0.30027695645502545,0.27140883977900554,362,6.415320502658722,10.718807814348175,0.057971014492753624,1.0606754373310716,2.624608448657593,0.05970149253731343,1.1302570604024247,0.8339136056905271,0.463768115942029
R1107,seq_2a56598e5142d87d,69,J_5T,4,John_fixed,0,0.34596,0.33128,18.676957931644647,0.5011104361088378,0.4585635359116022,362,3.887658816052971,6.493816694684964,0.10144927536231885,0.9686591548380965,1.2081519435027914,0.05970149253731343,0.994360642261507,0.7258992934412962,0.6666666666666666
R1107,seq_2a56598e5142d87d,69,J_5T,0,Simple,0,0.37382,0.37311,8.26778232638525,0.5799905760503585,0.5455801104972375,362,2.960923225324355,4.14049683180265,0.014492753623188406,1.0390779707893716,0.202647013266688,0.05970149253731343,0.7221761317122422,0.8248623904397719,0.4927536231884058
R1107,seq_2a56598e5142d87d,69,J_5T,1,Simple,0,0.25264,0.25435,44.22858371350514,0.3926408121101216,0.3770718232044199,362,13.287967065823631,22.811872259157184,0.07246376811594203,3.067328706520463,25.427682270256376,0.07462686567164178,2.0079851009380603,0.4785869502489757,0.37681159420289856
R1107,seq_2a56598e5142d87d,69,J_5T,2,Simple,0,0.27554,0.27323,54.51937762815892,0.39748649717479634,0.34599447513812154,362,12.72518477146108,22.230730564055396,0.057971014492753624,2.9459779689218206,31.609742196870123,0.1044776119402985,1.9734786650984781,0.7132258601374877,0.37681159420289856
R1107,seq_2a56598e5142d87d,69,J_5T,3,Simple,0,0.1995,0.19984,23.572414406328466,0.30691938011311404,0.27624309392265195,362,6.7987138290996105,11.04033682521953,0.028985507246376812,1.366123992933046,2.4959791733432652,0.07462686567164178,1.167936657042292,0.7620087905088249,0.5217391304347826
R1107,seq_2a56598e5142d87d,69,J_5T,4,Simple,0,0.34596,0.34139,18.744307149812073,0.5057509164606352,0.4633977900552486,362,4.17279034831332,6.612789861463201,0.08695652173913043,1.234849856859509,1.0905698218666942,0.08955223880597014,1.0369963033634637,0.588144390632181,0.5507246376811594
R1107,seq_2a56598e5142d87d,69,J_5T,0,Geometry_historical,0,0.37382,0.37437,8.266058043845817,0.5805872519187737,0.5462707182320442,362,2.9567254027262235,4.137302640499709,0.014492753623188406,1.0405873766299703,0.20183611271864876,0.05970149253731343,0.6764169441601174,0.7851867902582839,0.5217391304347826
R1107,seq_2a56598e5142d87d,69,J_5T,1,Geometry_historical,0,0.25264,0.25333,44.21805500526488,0.3918421175774117,0.3756906077348066,362,13.281916331276697,22.80204516511915,0.07246376811594203,3.0559155142727668,25.41058120056158,0.07462686567164178,1.3955876796206208,0.6889378019544208,0.37681159420289856
R1107,seq_2a56598e5142d87d,69,J_5T,2,Geometry_historical,0,0.27554,0.2729,54.504898319894856,0.39293361748604705,0.3411602209944751,362,12.7110843753158,22.219869881918545,0.057971014492753624,2.9341953392066205,31.592592274572723,0.1044776119402985,1.3326684723201165,0.8275703816990957,0.34782608695652173
R1107,seq_2a56598e5142d87d,69,J_5T,3,Geometry_historical,0,0.1995,0.19776,23.564802975504914,0.30646109745374456,0.27624309392265195,362,6.796298128517759,11.036380321229947,0.028985507246376812,1.363251534005958,2.4867401172247483,0.07462686567164178,0.9280222724871959,0.7788543953729342,0.5217391304347826
R1107,seq_2a56598e5142d87d,69,J_5T,4,Geometry_historical,0,0.34596,0.34118,18.74546017013849,0.5071234016646422,0.4654696132596685,362,4.1607211899758605,6.607225240008281,0.10144927536231885,1.2344886900691405,1.0854281018672296,0.08955223880597014,0.8777114218250728,0.576373368090185,0.5507246376811594
R1107,seq_2a56598e5142d87d,69,V3_5T,0,Raw,0,0.38208,0.38208,8.024481377468982,0.6392073012357539,0.6084254143646409,362,2.924259793363639,4.146112086819076,0.014492753623188406,1.2501688662476145,0.17733051355769192,0.05970149253731343,0.7247462483035443,0.8324250258051827,0.5797101449275363
R1107,seq_2a56598e5142d87d,69,V3_5T,1,Raw,0,0.31435,0.31435,28.49879306759915,0.4678135039867776,0.4219613259668508,362,3.1768207330901057,6.404990663019244,0.0,0.8682506753962822,13.53964795741868,0.029850746268656716,0.4318203394245201,0.6267710904683579,0.3188405797101449
R1107,seq_2a56598e5142d87d,69,V3_5T,2,Raw,0,0.3079,0.3079,28.305475873139464,0.4657773959724088,0.4212707182320442,362,3.2304115169028016,6.397928860720867,0.0,0.8833429790551244,13.311464129137022,0.014925373134328358,0.5632340070988718,0.7478875025164754,0.37681159420289856
R1107,seq_2a56598e5142d87d,69,V3_5T,3,Raw,0,0.32768,0.32768,28.490169017659944,0.4738875979684803,0.42679558011049723,362,3.139459542231185,6.391816787376353,0.0,0.8280641991854052,13.596938459090794,0.029850746268656716,0.46500299854323945,0.6294048216445836,0.34782608695652173
R1107,seq_2a56598e5142d87d,69,V3_5T,4,Raw,0,0.3292,0.3292,28.868761487751,0.49481444185728085,0.449585635359116,362,3.1302157422169414,6.36968295966916,0.0,0.8430174500334876,14.09009383338838,0.014925373134328358,0.506645867009808,0.7373453679014997,0.37681159420289856
R1107,seq_2a56598e5142d87d,69,V3_5T,0,John_adaptive,0,0.38208,0.38455,8.050827571761012,0.6041253958932987,0.5780386740331491,362,2.8410243069479715,4.08325590015794,0.014492753623188406,0.8925076174546458,0.12525221002018938,0.05970149253731343,0.6915692758896366,0.8296445007496132,0.6086956521739131
R1107,seq_2a56598e5142d87d,69,V3_5T,1,John_adaptive,0,0.31435,0.31117,28.442035690781974,0.4711318191257451,0.4261049723756906,362,3.1810542362670535,6.3969922864888105,0.0,0.671796945067467,13.489829623216494,0.029850746268656716,0.41793632502155625,0.638569263055221,0.34782608695652173
R1107,seq_2a56598e5142d87d,69,V3_5T,2,John_adaptive,0,0.3079,0.30177,28.247371485587415,0.4731121455625931,0.42955801104972374,362,3.232619321094645,6.3934181912889585,0.0,0.689798532590324,13.251832492849807,0.014925373134328358,0.5166515158214953,0.7556394903501479,0.34782608695652173
R1107,seq_2a56598e5142d87d,69,V3_5T,3,John_adaptive,0,0.32768,0.32433,28.43345262289757,0.483263553132479,0.43715469613259667,362,3.1477961921385655,6.380791479425456,0.0,0.6575486950374926,13.546623813138723,0.014925373134328358,0.44378780859591943,0.6898521723691198,0.37681159420289856
R1107,seq_2a56598e5142d87d,69,V3_5T,4,John_adaptive,0,0.3292,0.32509,28.810148468289807,0.48964418437724067,0.44751381215469616,362,3.1491347267028384,6.374009285334287,0.0,0.6806375662687876,14.031521091878929,0.014925373134328358,0.48075662565805194,0.7172556505987437,0.34782608695652173
R1107,seq_2a56598e5142d87d,69,V3_5T,0,John_fixed,0,0.38208,0.38308,8.0813739635733,0.6020631968202301,0.5738950276243094,362,2.842349025721656,4.0877238241675355,0.014492753623188406,0.8117439868164947,0.10770795860110383,0.05970149253731343,0.6700477164194816,0.8286580268298533,0.5507246376811594
R1107,seq_2a56598e5142d87d,69,V3_5T,1,John_fixed,0,0.31435,0.30912,28.426308855529932,0.4693400018447973,0.42472375690607733,362,3.19061367715634,6.398338119926615,0.0,0.6316954476387237,13.476121967688897,0.029850746268656716,0.42521868284921827,0.6619329699150267,0.34782608695652173
R1107,seq_2a56598e5142d87d,69,V3_5T,2,John_fixed,0,0.3079,0.29943,28.23268340604619,0.4709455520916518,0.4281767955801105,362,3.241507424713298,6.397940062552423,0.0,0.6550795244958101,13.240232267416118,0.014925373134328358,0.50410508848642,0.7619666338708679,0.37681159420289856
R1107,seq_2a56598e5142d87d,69,V3_5T,3,John_fixed,0,0.32768,0.32209,28.42152389840253,0.47782171236455123,0.43439226519337015,362,3.156616261102191,6.384849497879871,0.0,0.6201514290553378,13.536232476164635,0.014925373134328358,0.4379720654151639,0.6955349314405648,0.37681159420289856
R1107,seq_2a56598e5142d87d,69,V3_5T,4,John_fixed,0,0.3292,0.3232,28.797944882546407,0.4892287986357679,0.44751381215469616,362,3.1581566759199715,6.378466498197534,0.0,0.6433855577639399,14.020111396222092,0.014925373134328358,0.4773238791447239,0.7223143389705309,0.37681159420289856
R1107,seq_2a56598e5142d87d,69,V3_5T,0,Simple,0,0.38208,0.38181,7.990114088456907,0.6343504747596819,0.6049723756906077,362,2.8682845895261715,4.086568132609375,0.014492753623188406,1.0232878273457309,0.16584799043592824,0.05970149253731343,0.7438718152636812,0.8434691970006198,0.6086956521739131
R1107,seq_2a56598e5142d87d,69,V3_5T,1,Simple,0,0.31435,0.31561,28.502357730535994,0.46970705126075973,0.4240331491712707,362,3.1695046814925165,6.403917354953813,0.0,0.7130145702618965,13.542873482747446,0.029850746268656716,0.4024801270225185,0.630729548409696,0.34782608695652173
R1107,seq_2a56598e5142d87d,69,V3_5T,2,Simple,0,0.3079,0.30844,28.30948037332617,0.47526451714431245,0.4302486187845304,362,3.224127092613053,6.397712648420296,0.0,0.7342285699748032,13.31427912652481,0.014925373134328358,0.5411138610302223,0.7653698845629154,0.37681159420289856
R1107,seq_2a56598e5142d87d,69,V3_5T,3,Simple,0,0.32768,0.32753,28.493808956178007,0.4711819702628525,0.425414364640884,362,3.1379202806925566,6.394760169578432,0.0,0.6836041353920003,13.600217067240784,0.014925373134328358,0.4402739873843056,0.6691588014819619,0.34782608695652173
R1107,seq_2a56598e5142d87d,69,V3_5T,4,Simple,0,0.3292,0.32842,28.873433079650297,0.49238516823235495,0.4488950276243094,362,3.1317622481275196,6.375611186984206,0.0,0.7123909180129183,14.094837981694553,0.014925373134328358,0.48093827249825366,0.7450787237969109,0.37681159420289856
R1107,seq_2a56598e5142d87d,69,V3_5T,0,Geometry_historical,0,0.38208,0.38257,7.987574356110594,0.6347025984813709,0.6056629834254144,362,2.864232387088065,4.0836439966978615,0.014492753623188406,1.0244270585932982,0.1630376169502128,0.05970149253731343,0.6739519851019141,0.7787748047033405,0.6376811594202898
R1107,seq_2a56598e5142d87d,69,V3_5T,1,Geometry_historical,0,0.31435,0.31638,28.48721347502318,0.4700121205875682,0.42472375690607733,362,3.1636775296758377,6.3984906518244715,0.0,0.7146633852586424,13.52583629122961,0.029850746268656716,0.34395230985347053,0.5629942851916417,0.34782608695652173
R1107,seq_2a56598e5142d87d,69,V3_5T,2,Geometry_historical,0,0.3079,0.30915,28.29576799123643,0.47341710931864384,0.42955801104972374,362,3.2184087784306925,6.393196567260358,0.0,0.7387214783859464,13.297328656842637,0.014925373134328358,0.46476837356270867,0.6593706066054018,0.37681159420289856
R1107,seq_2a56598e5142d87d,69,V3_5T,3,Geometry_historical,0,0.32768,0.32862,28.48171868021685,0.4747555554940465,0.42955801104972374,362,3.1343247725921772,6.39285612242844,0.0,0.6861882641795019,13.584399125309702,0.0,0.3655434006347107,0.566500036099983,0.34782608695652173
R1107,seq_2a56598e5142d87d,69,V3_5T,4,Geometry_historical,0,0.3292,0.33058,28.856630717215715,0.49712838194295994,0.4537292817679558,362,3.1254830114175394,6.368723727831736,0.0,0.716376412503989,14.07570222815096,0.014925373134328358,0.3934867066491695,0.6170335208465726,0.37681159420289856
R1107,seq_2a56598e5142d87d,69,J_3T2D,0,Raw,0,0.37382,0.37382,8.300039109518671,0.5831108706108706,0.5483425414364641,362,3.0139001505619065,4.199132105576136,0.014492753623188406,1.2658574276382966,0.19213975987063137,0.05970149253731343,0.6989695990346159,0.8189745117673035,0.4927536231884058
R1107,seq_2a56598e5142d87d,69,J_3T2D,1,Raw,0,0.25264,0.25264,44.24512558895102,0.38295950107011495,0.369475138121547,362,13.312850245490113,22.834841859434693,0.07246376811594203,3.0979416432934856,25.44116053448053,0.07462686567164178,2.036925004956313,0.4791115340348072,0.37681159420289856
R1107,seq_2a56598e5142d87d,69,J_3T2D,2,Raw,0,0.27554,0.27554,54.533821782626816,0.39316875875379714,0.34185082872928174,362,12.747847746651331,22.251931979689793,0.057971014492753624,3.0550373715961627,31.624446802897644,0.1044776119402985,1.949719410273642,0.669175286277336,0.3188405797101449
R1107,seq_2a56598e5142d87d,69,J_3T2D,3,Raw,0,0.56557,0.56557,3.376323778015129,0.7334004816581543,0.7209944751381215,362,1.6269314403682786,2.107747947799124,0.0,0.8763971786734303,1.1542069397319388,0.029850746268656716,0.3620654263356242,0.7210135595739154,0.6956521739130435
R1107,seq_2a56598e5142d87d,69,J_3T2D,4,Raw,0,0.2334,0.2334,18.331873992240087,0.5974933926900039,0.5732044198895028,362,3.3653885807658943,5.8549446074286795,0.028985507246376812,0.9003588127791362,5.327584221774902,0.04477611940298507,0.6875379831920506,0.9870084106338358,0.7246376811594203
R1107,seq_2a56598e5142d87d,69,J_3T2D,0,John_adaptive,0,0.37382,0.37484,8.308069040427283,0.5615988042458632,0.5317679558011049,362,2.918398466745902,4.130780085996733,0.014492753623188406,0.9171941191112265,0.2239503280928261,0.05970149253731343,0.7023232779045594,0.8435498601608826,0.5217391304347826
R1107,seq_2a56598e5142d87d,69,J_3T2D,1,John_adaptive,0,0.25264,0.21559,43.48733998777931,0.3793818775356499,0.3680939226519337,362,12.319093771491477,21.730066840517555,0.11594202898550725,2.5670370611077304,25.239233248092773,0.05970149253731343,1.945228053720357,0.614973471761643,0.43478260869565216
R1107,seq_2a56598e5142d87d,69,J_3T2D,2,John_adaptive,0,0.27554,0.26366,54.19003876565693,0.3511303120957852,0.30386740331491713,362,11.950804800731982,21.380687349674478,0.08695652173913043,2.545859975108699,31.470953762690783,0.07462686567164178,1.9139396791283214,0.8007488437398489,0.34782608695652173
R1107,seq_2a56598e5142d87d,69,J_3T2D,3,John_adaptive,0,0.56557,0.54237,3.4303457648513724,0.6855099453804698,0.6740331491712708,362,1.6717292915062028,2.1857078066759854,0.0,0.5678733395048241,1.0408314111731372,0.029850746268656716,0.34052650137597573,0.7519657630729812,0.6956521739130435
R1107,seq_2a56598e5142d87d,69,J_3T2D,4,John_adaptive,0,0.2334,0.23121,18.307454913810943,0.602041332140437,0.580110497237569,362,3.3854801354145287,5.88328641026602,0.057971014492753624,0.47342021834975545,5.294904869813568,0.04477611940298507,0.7578198767755084,1.0068603074296885,0.782608695652174
R1107,seq_2a56598e5142d87d,69,J_3T2D,0,John_fixed,0,0.37382,0.37064,8.333326471557898,0.5632891292897688,0.5331491712707183,362,2.9130326513765743,4.133285446715578,0.014492753623188406,0.8331627586853024,0.23480880042190577,0.05970149253731343,0.6845515743390899,0.8438687881680301,0.4927536231884058
R1107,seq_2a56598e5142d87d,69,J_3T2D,1,John_fixed,0,0.25264,0.20467,43.28837186065407,0.3708320573170317,0.36187845303867405,362,12.063526366346684,21.439214065236047,0.10144927536231885,2.5160523879259973,25.269925543352592,0.05970149253731343,1.9279888137300327,0.6215932982863025,0.4057971014492754
R1107,seq_2a56598e5142d87d,69,J_3T2D,2,John_fixed,0,0.27554,0.25257,54.1604966432252,0.3374788920584956,0.292817679558011,362,11.781193299246128,21.198298536986133,0.07246376811594203,2.439305710602642,31.517193120135317,0.07462686567164178,1.9172569827791315,0.7701243621901014,0.37681159420289856
R1107,seq_2a56598e5142d87d,69,J_3T2D,3,John_fixed,0,0.56557,0.55757,3.392134754759363,0.7045020673297526,0.6947513812154696,362,1.6358714286169542,2.1416122023490907,0.0,0.6697004173216153,1.0999786293598142,0.029850746268656716,0.32646434043993355,0.7430664888586724,0.6956521739130435
R1107,seq_2a56598e5142d87d,69,J_3T2D,4,John_fixed,0,0.2334,0.23374,18.32232695014565,0.6117838620955629,0.5883977900552486,362,3.3584680679627095,5.857106505058232,0.057971014492753624,0.6356693823561992,5.315332030440384,0.04477611940298507,0.7197971158853238,1.0003034591552868,0.782608695652174
R1107,seq_2a56598e5142d87d,69,J_3T2D,0,Simple,0,0.37382,0.37311,8.26778232638525,0.5799905760503585,0.5455801104972375,362,2.960923225324355,4.14049683180265,0.014492753623188406,1.0390779707893716,0.202647013266688,0.05970149253731343,0.7221761317122422,0.8248623904397719,0.4927536231884058
R1107,seq_2a56598e5142d87d,69,J_3T2D,1,Simple,0,0.25264,0.25435,44.22858371350514,0.3926408121101216,0.3770718232044199,362,13.287967065823631,22.811872259157184,0.07246376811594203,3.067328706520463,25.427682270256376,0.07462686567164178,2.0079851009380603,0.4785869502489757,0.37681159420289856
R1107,seq_2a56598e5142d87d,69,J_3T2D,2,Simple,0,0.27554,0.27323,54.51937762815892,0.39748649717479634,0.34599447513812154,362,12.72518477146108,22.230730564055396,0.057971014492753624,2.9459779689218206,31.609742196870123,0.1044776119402985,1.9734786650984781,0.7132258601374877,0.37681159420289856
R1107,seq_2a56598e5142d87d,69,J_3T2D,3,Simple,0,0.56557,0.56534,3.365039567416846,0.7306711306951077,0.7216850828729282,362,1.614609377043979,2.0991059546749615,0.0,0.6958849177253289,1.1381337468206283,0.029850746268656716,0.3587863693287154,0.7090684688342486,0.6956521739130435
R1107,seq_2a56598e5142d87d,69,J_3T2D,4,Simple,0,0.2334,0.23824,18.33046326925641,0.6242954044984096,0.5987569060773481,362,3.3158382033511065,5.824416375660025,0.043478260869565216,0.6678361858291921,5.314626670399726,0.04477611940298507,0.6985281790457806,1.004173158297933,0.7536231884057971
R1107,seq_2a56598e5142d87d,69,J_3T2D,0,Geometry_historical,0,0.37382,0.37437,8.266058043845817,0.5805872519187737,0.5462707182320442,362,2.9567254027262235,4.137302640499709,0.014492753623188406,1.0405873766299703,0.20183611271864876,0.05970149253731343,0.6764169441601174,0.7851867902582839,0.5217391304347826
R1107,seq_2a56598e5142d87d,69,J_3T2D,1,Geometry_historical,0,0.25264,0.25333,44.21805500526488,0.3918421175774117,0.3756906077348066,362,13.281916331276697,22.80204516511915,0.07246376811594203,3.0559155142727668,25.41058120056158,0.07462686567164178,1.3955876796206208,0.6889378019544208,0.37681159420289856
R1107,seq_2a56598e5142d87d,69,J_3T2D,2,Geometry_historical,0,0.27554,0.2729,54.504898319894856,0.39293361748604705,0.3411602209944751,362,12.7110843753158,22.219869881918545,0.057971014492753624,2.9341953392066205,31.592592274572723,0.1044776119402985,1.3326684723201165,0.8275703816990957,0.34782608695652173
R1107,seq_2a56598e5142d87d,69,J_3T2D,3,Geometry_historical,0,0.56557,0.56591,3.3622513345111766,0.7239377754243482,0.7168508287292817,362,1.614372783869243,2.0968713725838937,0.0,0.6946942883452151,1.1292525414552266,0.029850746268656716,0.28814751999314897,0.6697479588418779,0.6956521739130435
R1107,seq_2a56598e5142d87d,69,J_3T2D,4,Geometry_historical,0,0.2334,0.23499,18.337406073065555,0.6210953155965945,0.5973756906077348,362,3.30827642788435,5.821726255341312,0.028985507246376812,0.6770481846533033,5.280778264582761,0.04477611940298507,0.5985585327318089,0.8779296135070002,0.7246376811594203
R1107,seq_2a56598e5142d87d,69,V3_3T2D,0,Raw,0,0.38208,0.38208,8.024481377468982,0.6392073012357539,0.6084254143646409,362,2.924259793363639,4.146112086819076,0.014492753623188406,1.2501688662476145,0.17733051355769192,0.05970149253731343,0.7247462483035443,0.8324250258051827,0.5797101449275363
R1107,seq_2a56598e5142d87d,69,V3_3T2D,1,Raw,0,0.31435,0.31435,28.49879306759915,0.4678135039867776,0.4219613259668508,362,3.1768207330901057,6.404990663019244,0.0,0.8682506753962822,13.53964795741868,0.029850746268656716,0.4318203394245201,0.6267710904683579,0.3188405797101449
R1107,seq_2a56598e5142d87d,69,V3_3T2D,2,Raw,0,0.3079,0.3079,28.305475873139464,0.4657773959724088,0.4212707182320442,362,3.2304115169028016,6.397928860720867,0.0,0.8833429790551244,13.311464129137022,0.014925373134328358,0.5632340070988718,0.7478875025164754,0.37681159420289856
R1107,seq_2a56598e5142d87d,69,V3_3T2D,3,Raw,0,0.56557,0.56557,3.376323778015129,0.7334004816581543,0.7209944751381215,362,1.6269314403682786,2.107747947799124,0.0,0.8763971786734303,1.1542069397319388,0.029850746268656716,0.3620654263356242,0.7210135595739154,0.6956521739130435
R1107,seq_2a56598e5142d87d,69,V3_3T2D,4,Raw,0,0.2334,0.2334,18.331873992240087,0.5974933926900039,0.5732044198895028,362,3.3653885807658943,5.8549446074286795,0.028985507246376812,0.9003588127791362,5.327584221774902,0.04477611940298507,0.6875379831920506,0.9870084106338358,0.7246376811594203
R1107,seq_2a56598e5142d87d,69,V3_3T2D,0,John_adaptive,0,0.38208,0.38455,8.050827571761012,0.6041253958932987,0.5780386740331491,362,2.8410243069479715,4.08325590015794,0.014492753623188406,0.8925076174546458,0.12525221002018938,0.05970149253731343,0.6915692758896366,0.8296445007496132,0.6086956521739131
R1107,seq_2a56598e5142d87d,69,V3_3T2D,1,John_adaptive,0,0.31435,0.31117,28.442035690781974,0.4711318191257451,0.4261049723756906,362,3.1810542362670535,6.3969922864888105,0.0,0.671796945067467,13.489829623216494,0.029850746268656716,0.41793632502155625,0.638569263055221,0.34782608695652173
R1107,seq_2a56598e5142d87d,69,V3_3T2D,2,John_adaptive,0,0.3079,0.30177,28.247371485587415,0.4731121455625931,0.42955801104972374,362,3.232619321094645,6.3934181912889585,0.0,0.689798532590324,13.251832492849807,0.014925373134328358,0.5166515158214953,0.7556394903501479,0.34782608695652173
R1107,seq_2a56598e5142d87d,69,V3_3T2D,3,John_adaptive,0,0.56557,0.54237,3.4303457648513724,0.6855099453804698,0.6740331491712708,362,1.6717292915062028,2.1857078066759854,0.0,0.5678733395048241,1.0408314111731372,0.029850746268656716,0.34052650137597573,0.7519657630729812,0.6956521739130435
R1107,seq_2a56598e5142d87d,69,V3_3T2D,4,John_adaptive,0,0.2334,0.23121,18.307454913810943,0.602041332140437,0.580110497237569,362,3.3854801354145287,5.88328641026602,0.057971014492753624,0.47342021834975545,5.294904869813568,0.04477611940298507,0.7578198767755084,1.0068603074296885,0.782608695652174
R1107,seq_2a56598e5142d87d,69,V3_3T2D,0,John_fixed,0,0.38208,0.38308,8.0813739635733,0.6020631968202301,0.5738950276243094,362,2.842349025721656,4.0877238241675355,0.014492753623188406,0.8117439868164947,0.10770795860110383,0.05970149253731343,0.6700477164194816,0.8286580268298533,0.5507246376811594
R1107,seq_2a56598e5142d87d,69,V3_3T2D,1,John_fixed,0,0.31435,0.30912,28.426308855529932,0.4693400018447973,0.42472375690607733,362,3.19061367715634,6.398338119926615,0.0,0.6316954476387237,13.476121967688897,0.029850746268656716,0.42521868284921827,0.6619329699150267,0.34782608695652173
R1107,seq_2a56598e5142d87d,69,V3_3T2D,2,John_fixed,0,0.3079,0.29943,28.23268340604619,0.4709455520916518,0.4281767955801105,362,3.241507424713298,6.397940062552423,0.0,0.6550795244958101,13.240232267416118,0.014925373134328358,0.50410508848642,0.7619666338708679,0.37681159420289856
R1107,seq_2a56598e5142d87d,69,V3_3T2D,3,John_fixed,0,0.56557,0.55757,3.392134754759363,0.7045020673297526,0.6947513812154696,362,1.6358714286169542,2.1416122023490907,0.0,0.6697004173216153,1.0999786293598142,0.029850746268656716,0.32646434043993355,0.7430664888586724,0.6956521739130435
R1107,seq_2a56598e5142d87d,69,V3_3T2D,4,John_fixed,0,0.2334,0.23374,18.32232695014565,0.6117838620955629,0.5883977900552486,362,3.3584680679627095,5.857106505058232,0.057971014492753624,0.6356693823561992,5.315332030440384,0.04477611940298507,0.7197971158853238,1.0003034591552868,0.782608695652174
R1107,seq_2a56598e5142d87d,69,V3_3T2D,0,Simple,0,0.38208,0.38181,7.990114088456907,0.6343504747596819,0.6049723756906077,362,2.8682845895261715,4.086568132609375,0.014492753623188406,1.0232878273457309,0.16584799043592824,0.05970149253731343,0.7438718152636812,0.8434691970006198,0.6086956521739131
R1107,seq_2a56598e5142d87d,69,V3_3T2D,1,Simple,0,0.31435,0.31561,28.502357730535994,0.46970705126075973,0.4240331491712707,362,3.1695046814925165,6.403917354953813,0.0,0.7130145702618965,13.542873482747446,0.029850746268656716,0.4024801270225185,0.630729548409696,0.34782608695652173
R1107,seq_2a56598e5142d87d,69,V3_3T2D,2,Simple,0,0.3079,0.30844,28.30948037332617,0.47526451714431245,0.4302486187845304,362,3.224127092613053,6.397712648420296,0.0,0.7342285699748032,13.31427912652481,0.014925373134328358,0.5411138610302223,0.7653698845629154,0.37681159420289856
R1107,seq_2a56598e5142d87d,69,V3_3T2D,3,Simple,0,0.56557,0.56534,3.365039567416846,0.7306711306951077,0.7216850828729282,362,1.614609377043979,2.0991059546749615,0.0,0.6958849177253289,1.1381337468206283,0.029850746268656716,0.3587863693287154,0.7090684688342486,0.6956521739130435
R1107,seq_2a56598e5142d87d,69,V3_3T2D,4,Simple,0,0.2334,0.23824,18.33046326925641,0.6242954044984096,0.5987569060773481,362,3.3158382033511065,5.824416375660025,0.043478260869565216,0.6678361858291921,5.314626670399726,0.04477611940298507,0.6985281790457806,1.004173158297933,0.7536231884057971
R1107,seq_2a56598e5142d87d,69,V3_3T2D,0,Geometry_historical,0,0.38208,0.38257,7.987574356110594,0.6347025984813709,0.6056629834254144,362,2.864232387088065,4.0836439966978615,0.014492753623188406,1.0244270585932982,0.1630376169502128,0.05970149253731343,0.6739519851019141,0.7787748047033405,0.6376811594202898
R1107,seq_2a56598e5142d87d,69,V3_3T2D,1,Geometry_historical,0,0.31435,0.31638,28.48721347502318,0.4700121205875682,0.42472375690607733,362,3.1636775296758377,6.3984906518244715,0.0,0.7146633852586424,13.52583629122961,0.029850746268656716,0.34395230985347053,0.5629942851916417,0.34782608695652173
R1107,seq_2a56598e5142d87d,69,V3_3T2D,2,Geometry_historical,0,0.3079,0.30915,28.29576799123643,0.47341710931864384,0.42955801104972374,362,3.2184087784306925,6.393196567260358,0.0,0.7387214783859464,13.297328656842637,0.014925373134328358,0.46476837356270867,0.6593706066054018,0.37681159420289856
R1107,seq_2a56598e5142d87d,69,V3_3T2D,3,Geometry_historical,0,0.56557,0.56591,3.3622513345111766,0.7239377754243482,0.7168508287292817,362,1.614372783869243,2.0968713725838937,0.0,0.6946942883452151,1.1292525414552266,0.029850746268656716,0.28814751999314897,0.6697479588418779,0.6956521739130435
R1107,seq_2a56598e5142d87d,69,V3_3T2D,4,Geometry_historical,0,0.2334,0.23499,18.337406073065555,0.6210953155965945,0.5973756906077348,362,3.30827642788435,5.821726255341312,0.028985507246376812,0.6770481846533033,5.280778264582761,0.04477611940298507,0.5985585327318089,0.8779296135070002,0.7246376811594203
R1108,seq_0f7467835a4eb605,69,J_5T,0,Raw,1,0.48873,0.48873,7.663980374911633,0.7121927737488377,0.707492795389049,347,2.50589045290667,3.5611194195769045,0.014492753623188406,1.1376135475931128,0.1669023884066796,0.04477611940298507,0.5905010753745045,0.7935174332281416,0.6086956521739131
R1108,seq_0f7467835a4eb605,69,J_5T,1,Raw,0,0.27892,0.27892,55.45536307583564,0.389847767972768,0.3425925925925926,351,12.89836547913884,22.39930472100532,0.057971014492753624,3.0550373715961627,31.624446802897644,0.1044776119402985,1.949719410273642,0.669175286277336,0.3188405797101449
R1108,seq_0f7467835a4eb605,69,J_5T,2,Raw,0,0.20322,0.20322,44.483071255186765,0.37486891630913377,0.3575498575498576,351,13.405483464796339,23.002085302378322,0.07246376811594203,3.0979416432934856,25.44116053448053,0.07462686567164178,2.036925004956313,0.4791115340348072,0.37681159420289856
R1108,seq_0f7467835a4eb605,69,J_5T,3,Raw,1,0.26396,0.26396,76.2614875349533,0.38424465239396594,0.3559077809798271,347,5.939077610629534,13.023065272818297,0.0,0.3253279230066788,54.467841545816896,0.014925373134328358,1.6742331098997312,0.6970903799692574,0.2608695652173913
R1108,seq_0f7467835a4eb605,69,J_5T,4,Raw,1,0.25733,0.25733,26.183895696664827,0.26633168403763374,0.24855907780979827,347,7.118734577518252,11.732389707782378,0.07246376811594203,1.726913157700006,0.9123585838385537,0.13432835820895522,1.3618103133586839,0.7669431266409678,0.5797101449275363
R1108,seq_0f7467835a4eb605,69,J_5T,0,John_adaptive,1,0.48873,0.47859,7.623507277815632,0.6988648180152758,0.6959654178674352,347,2.384181976264338,3.4302872848431307,0.014492753623188406,0.8436597040350876,0.1968998467559011,0.04477611940298507,0.5728170956729841,0.8257547495231937,0.5797101449275363
R1108,seq_0f7467835a4eb605,69,J_5T,1,John_adaptive,0,0.27892,0.26664,55.07418358234287,0.34507389249237075,0.3041310541310541,351,12.071461973926935,21.48991452183506,0.08695652173913043,2.5458265271339586,31.470962637331574,0.07462686567164178,1.9139525028659907,0.8007496202870907,0.34782608695652173
R1108,seq_0f7467835a4eb605,69,J_5T,2,John_adaptive,0,0.20322,0.20355,43.71494598535899,0.37118219441589,0.3561253561253561,351,12.38654388210201,21.86645000956911,0.10144927536231885,2.5600597987288514,25.240866368978587,0.05970149253731343,1.9188836592744039,0.6046905955569172,0.4057971014492754
R1108,seq_0f7467835a4eb605,69,J_5T,3,John_adaptive,1,0.26396,0.26173,76.26627626026288,0.3877802673426244,0.36023054755043227,347,5.932755685736374,13.01279505443334,0.0,0.30056061352298863,54.47353740397256,0.014925373134328358,1.6756612306822494,0.6987973957667675,0.2608695652173913
R1108,seq_0f7467835a4eb605,69,J_5T,4,John_adaptive,1,0.25733,0.25125,26.305365298307247,0.2866572050925598,0.2665706051873199,347,6.610677775379347,11.346289444793982,0.07246376811594203,1.1505177591471691,0.8152765376790327,0.13432835820895522,1.1868826087414017,0.9275236220396439,0.6086956521739131
R1108,seq_0f7467835a4eb605,69,J_5T,0,John_fixed,1,0.48873,0.47031,7.628791736717757,0.6857495283553637,0.6829971181556196,347,2.369709608226589,3.415247824525934,0.014492753623188406,0.7659469899734368,0.20164727006919136,0.04477611940298507,0.5705017745285798,0.8422763801367867,0.6086956521739131
R1108,seq_0f7467835a4eb605,69,J_5T,1,John_fixed,0,0.27892,0.25466,55.02283548727176,0.33443443633661024,0.2948717948717949,351,11.890132252121811,21.300846964550516,0.07246376811594203,2.439305710602642,31.517193120135317,0.07462686567164178,1.9172569827791315,0.7701243621901014,0.37681159420289856
R1108,seq_0f7467835a4eb605,69,J_5T,2,John_fixed,0,0.20322,0.20618,43.5487941780289,0.36342344752670835,0.3525641025641026,351,12.168082598674415,21.618377459197728,0.10144927536231885,2.5160261300994855,25.269639328076757,0.05970149253731343,1.9275016777086367,0.62157835742286,0.4057971014492754
R1108,seq_0f7467835a4eb605,69,J_5T,3,John_fixed,1,0.26396,0.26423,76.26785725091338,0.3892209160658818,0.361671469740634,347,5.932019969903022,13.0114547028752,0.0,0.29543669026274827,54.47558948107239,0.014925373134328358,1.676664246785312,0.7010028193627575,0.2608695652173913
R1108,seq_0f7467835a4eb605,69,J_5T,4,John_fixed,1,0.25733,0.25133,26.312244128478696,0.2904728339081886,0.27017291066282423,347,6.592088925693774,11.333209515998092,0.08695652173913043,1.1299985571534468,0.8159786663531428,0.11940298507462686,1.1865973314846456,0.9565454782241861,0.6086956521739131
R1108,seq_0f7467835a4eb605,69,J_5T,0,Simple,1,0.48873,0.48952,7.639067187481489,0.7083946569787531,0.7031700288184438,347,2.464418306792796,3.5107399736806624,0.014492753623188406,0.9440081130346705,0.1732585570419154,0.04477611940298507,0.5744241260582089,0.788489138943255,0.5797101449275363
R1108,seq_0f7467835a4eb605,69,J_5T,1,Simple,0,0.27892,0.27741,55.440660428902106,0.38752133534742234,0.344017094017094,351,12.869324597229136,22.373128427486087,0.057971014492753624,2.9459735512060883,31.609741048514174,0.1044776119402985,1.9734776328482317,0.7131838403760428,0.37681159420289856
R1108,seq_0f7467835a4eb605,69,J_5T,2,Simple,0,0.20322,0.20412,44.46670271407454,0.3781718734164386,0.3611111111111111,351,13.381051208168358,22.979149679618406,0.07246376811594203,3.0666815613114538,25.42732730578036,0.07462686567164178,2.0077864577051328,0.4787033190973018,0.37681159420289856
R1108,seq_0f7467835a4eb605,69,J_5T,3,Simple,1,0.26396,0.26338,76.26417556354507,0.38423445727507516,0.3559077809798271,347,5.9403254480896415,13.026102021752482,0.0,0.30286170449383054,54.47053629661218,0.014925373134328358,1.6749417464241956,0.67057618981375,0.2608695652173913
R1108,seq_0f7467835a4eb605,69,J_5T,4,Simple,1,0.25733,0.25169,26.162616966725544,0.27487671187613977,0.25720461095100866,347,7.0455345972402,11.67372469769891,0.07246376811594203,1.5404215907385237,0.8894886033955416,0.13432835820895522,1.3438124217844607,0.7697730468197952,0.5797101449275363
R1108,seq_0f7467835a4eb605,69,J_5T,0,Geometry_historical,1,0.48873,0.48832,7.637076431575173,0.7101476776677007,0.7053314121037464,347,2.458870322571797,3.5074660013477925,0.014492753623188406,0.9471682031485786,0.17227177920098669,0.04477611940298507,0.5323917006411519,0.7346738917073501,0.5797101449275363
R1108,seq_0f7467835a4eb605,69,J_5T,1,Geometry_historical,0,0.27892,0.27787,55.42686367608863,0.38766853617397096,0.3433048433048433,351,12.855240634462358,22.362612743031676,0.057971014492753624,2.9342859739791236,31.59260033111604,0.1044776119402985,1.33324895071978,0.827820248197462,0.34782608695652173
R1108,seq_0f7467835a4eb605,69,J_5T,2,Geometry_historical,0,0.20322,0.20485,44.45645815114143,0.383125132717524,0.36538461538461536,351,13.373129766527155,22.96834405855069,0.07246376811594203,3.0548073568943512,25.409724085301114,0.07462686567164178,1.3835226552435813,0.6897531594171398,0.37681159420289856
R1108,seq_0f7467835a4eb605,69,J_5T,3,Geometry_historical,1,0.26396,0.26837,76.2470798251485,0.3814930662184666,0.3530259365994236,347,5.923736621382161,13.019654331370223,0.0,0.29725886700323817,54.45235679101249,0.014925373134328358,0.9584171052148591,0.5486895781442839,0.2608695652173913
R1108,seq_0f7467835a4eb605,69,J_5T,4,Geometry_historical,1,0.25733,0.25767,26.161018793189072,0.2746150371579434,0.25720461095100866,347,7.0324041226191785,11.661099935059294,0.07246376811594203,1.5365854972194641,0.8872412576672701,0.13432835820895522,1.1603625738156178,0.7063081965435587,0.5797101449275363
R1108,seq_0f7467835a4eb605,69,V3_5T,0,Raw,1,0.49384,0.49384,7.450065201295127,0.7616505321739876,0.7629682997118156,347,2.4248599443647993,3.5509655286059716,0.014492753623188406,1.1760082807434975,0.22106972972738248,0.05970149253731343,0.6292836890221839,0.7226078856645699,0.6086956521739131
R1108,seq_0f7467835a4eb605,69,V3_5T,1,Raw,0,0.30799,0.30799,28.35084812446829,0.4663204699889482,0.4230769230769231,351,3.495652118791117,6.868180581442464,0.0,0.8682506753962822,13.53964795741868,0.029850746268656716,0.4318203394245201,0.6267710904683579,0.3188405797101449
R1108,seq_0f7467835a4eb605,69,V3_5T,2,Raw,0,0.28846,0.28846,28.152396976863855,0.4621881791718748,0.4202279202279202,351,3.5605107027400207,6.8737934224958055,0.0,0.8833429790551244,13.311464129137022,0.014925373134328358,0.5632340070988718,0.7478875025164754,0.37681159420289856
R1108,seq_0f7467835a4eb605,69,V3_5T,3,Raw,0,0.31082,0.31082,28.341975064737444,0.4694735719192241,0.42592592592592593,351,3.462644443989548,6.854846382840891,0.0,0.8280641991854052,13.596938459090794,0.029850746268656716,0.46500299854323945,0.6294048216445836,0.34782608695652173
R1108,seq_0f7467835a4eb605,69,V3_5T,4,Raw,1,0.31829,0.31829,28.612984864889672,0.4941663080965141,0.45677233429394815,347,3.437142346162637,6.8073813845749305,0.0,0.8430174500334876,14.09009383338838,0.014925373134328358,0.506645867009808,0.7373453679014997,0.37681159420289856
R1108,seq_0f7467835a4eb605,69,V3_5T,0,John_adaptive,1,0.49384,0.48557,7.486993935470648,0.7366344758936293,0.7377521613832853,347,2.362351894109064,3.5064765386996974,0.014492753623188406,0.8532286596062617,0.17986266923512417,0.05970149253731343,0.6517265662101628,0.7762846411054011,0.6376811594202898
R1108,seq_0f7467835a4eb605,69,V3_5T,1,John_adaptive,0,0.30799,0.30442,28.28904814992263,0.4729649426660297,0.42948717948717946,351,3.474885311878716,6.825506539797517,0.0,0.6687387081913821,13.488907845517602,0.029850746268656716,0.4197256413435593,0.642661359838827,0.34782608695652173
R1108,seq_0f7467835a4eb605,69,V3_5T,2,John_adaptive,0,0.28846,0.28645,28.08846827586235,0.4672609043532956,0.4252136752136752,351,3.535527740597864,6.8344365372434535,0.0,0.6868635094720487,13.25087042119798,0.014925373134328358,0.5156565962791368,0.7580400856472567,0.34782608695652173
R1108,seq_0f7467835a4eb605,69,V3_5T,3,John_adaptive,0,0.31082,0.31347,28.280212116653487,0.4865900655302829,0.4408831908831909,351,3.449949410869099,6.812836402796917,0.0,0.6575486950374926,13.546623813138723,0.014925373134328358,0.44378780859591943,0.6898521723691198,0.37681159420289856
R1108,seq_0f7467835a4eb605,69,V3_5T,4,John_adaptive,1,0.31829,0.31244,28.55498360180059,0.5001711828513888,0.4603746397694525,347,3.431773269022487,6.78928364362274,0.0,0.6806375662687876,14.031521091878929,0.014925373134328358,0.48075662565805194,0.7172556505987437,0.34782608695652173
R1108,seq_0f7467835a4eb605,69,V3_5T,0,John_fixed,1,0.49384,0.48061,7.529544006985945,0.7174762425048465,0.7168587896253602,347,2.3649864630238633,3.5139340752240376,0.014492753623188406,0.7457797638059142,0.15505719270716867,0.05970149253731343,0.6350035185049923,0.7864850686172997,0.5797101449275363
R1108,seq_0f7467835a4eb605,69,V3_5T,1,John_fixed,0,0.30799,0.30326,28.27317193537382,0.46781601550623275,0.42592592592592593,351,3.4766347456027007,6.818314839469671,0.0,0.6280862636941748,13.475035429700107,0.029850746268656716,0.42734997022831794,0.6669182057395792,0.34782608695652173
R1108,seq_0f7467835a4eb605,69,V3_5T,2,John_fixed,0,0.28846,0.28498,28.072452589917198,0.46934338809338805,0.42806267806267806,351,3.536392296902105,6.830783999183636,0.0,0.6515588978812924,13.23909007805117,0.014925373134328358,0.5032210437408169,0.76491058241434,0.37681159420289856
R1108,seq_0f7467835a4eb605,69,V3_5T,3,John_fixed,0,0.31082,0.3127,28.26760899691956,0.48071035747666185,0.4351851851851852,351,3.449969501029362,6.807463544255442,0.0,0.6201514290553378,13.536232476164635,0.014925373134328358,0.4379720654151639,0.6955349314405648,0.37681159420289856
R1108,seq_0f7467835a4eb605,69,V3_5T,4,John_fixed,1,0.31829,0.31088,28.542989238999304,0.4960907423579048,0.45677233429394815,347,3.4350300297745573,6.788802734566221,0.0,0.6433855577639399,14.020111396222092,0.014925373134328358,0.4773238791447239,0.7223143389705309,0.37681159420289856
R1108,seq_0f7467835a4eb605,69,V3_5T,0,Simple,1,0.49384,0.49383,7.422771029316678,0.7553207148601885,0.7564841498559077,347,2.3752882923220535,3.499081469991091,0.014492753623188406,0.9626421896369118,0.21213322154473246,0.05970149253731343,0.6814299548247629,0.7747804300305617,0.6376811594202898
R1108,seq_0f7467835a4eb605,69,V3_5T,1,Simple,0,0.30799,0.30395,28.35365789379791,0.4682884144840667,0.42450142450142453,351,3.4816779444048134,6.858335961003732,0.0,0.7130145702618965,13.542873482747446,0.029850746268656716,0.4024801270225185,0.630729548409696,0.34782608695652173
R1108,seq_0f7467835a4eb605,69,V3_5T,2,Simple,0,0.28846,0.28882,28.15567565315381,0.4672878952770258,0.42592592592592593,351,3.546512197327044,6.863599337468099,0.0,0.7342285699748032,13.31427912652481,0.014925373134328358,0.5411138610302223,0.7653698845629154,0.37681159420289856
R1108,seq_0f7467835a4eb605,69,V3_5T,3,Simple,0,0.31082,0.3106,28.345005224846027,0.47465657329787764,0.42948717948717946,351,3.4530046359317508,6.847830341580415,0.0,0.6836041353920003,13.600217067240784,0.014925373134328358,0.4402739873843056,0.6691588014819619,0.34782608695652173
R1108,seq_0f7467835a4eb605,69,V3_5T,4,Simple,1,0.31829,0.31699,28.61716790126667,0.49928616122838093,0.4596541786743516,347,3.4294342993637983,6.804379681961605,0.0,0.7123909180129183,14.094837981694553,0.014925373134328358,0.48093827249825366,0.7450787237969109,0.37681159420289856
R1108,seq_0f7467835a4eb605,69,V3_5T,0,Geometry_historical,1,0.49384,0.49448,7.419680930932987,0.7584083409598285,0.7593659942363112,347,2.3697191898105108,3.495834055057035,0.014492753623188406,0.9651021341839372,0.20907729972180533,0.05970149253731343,0.5582100902137945,0.681917479437333,0.6086956521739131
R1108,seq_0f7467835a4eb605,69,V3_5T,1,Geometry_historical,0,0.30799,0.30905,28.339254277752126,0.4694544233946409,0.42735042735042733,351,3.4725975020904905,6.853720876159651,0.0,0.7146633852586424,13.52583629122961,0.029850746268656716,0.34395230985347053,0.5629942851916417,0.34782608695652173
R1108,seq_0f7467835a4eb605,69,V3_5T,2,Geometry_historical,0,0.28846,0.28946,28.142231431758784,0.47105355393398873,0.4301994301994302,351,3.5410445399810406,6.860141758501248,0.0,0.7387214783859464,13.297328656842637,0.014925373134328358,0.46476837356270867,0.6593706066054018,0.37681159420289856
R1108,seq_0f7467835a4eb605,69,V3_5T,3,Geometry_historical,0,0.31082,0.3161,28.333008319939996,0.47691812515182086,0.4323361823361823,351,3.445370414416772,6.844028395019318,0.0,0.6861882641795019,13.584399125309702,0.0,0.3655434006347107,0.566500036099983,0.34782608695652173
R1108,seq_0f7467835a4eb605,69,V3_5T,4,Geometry_historical,1,0.31829,0.3188,28.60067145886828,0.5066976607594458,0.4668587896253602,347,3.4190705163694757,6.796584883768437,0.0,0.716376412503989,14.07570222815096,0.014925373134328358,0.3934867066491695,0.6170335208465726,0.37681159420289856
R1108,seq_0f7467835a4eb605,69,J_3T2D,0,Raw,1,0.48873,0.48873,7.663980374911633,0.7121927737488377,0.707492795389049,347,2.50589045290667,3.5611194195769045,0.014492753623188406,1.1376135475931128,0.1669023884066796,0.04477611940298507,0.5905010753745045,0.7935174332281416,0.6086956521739131
R1108,seq_0f7467835a4eb605,69,J_3T2D,1,Raw,0,0.27892,0.27892,55.45536307583564,0.389847767972768,0.3425925925925926,351,12.89836547913884,22.39930472100532,0.057971014492753624,3.0550373715961627,31.624446802897644,0.1044776119402985,1.949719410273642,0.669175286277336,0.3188405797101449
R1108,seq_0f7467835a4eb605,69,J_3T2D,2,Raw,0,0.20322,0.20322,44.483071255186765,0.37486891630913377,0.3575498575498576,351,13.405483464796339,23.002085302378322,0.07246376811594203,3.0979416432934856,25.44116053448053,0.07462686567164178,2.036925004956313,0.4791115340348072,0.37681159420289856
R1108,seq_0f7467835a4eb605,69,J_3T2D,3,Raw,1,0.60192,0.60192,3.185297915511475,0.7880653618353847,0.7860230547550432,347,1.5404729241845028,1.967761375030048,0.0,0.7854035392580775,0.9232807411542616,0.029850746268656716,0.37961260245112943,0.6502893615199132,0.6376811594202898
R1108,seq_0f7467835a4eb605,69,J_3T2D,4,Raw,0,0.53589,0.53589,4.412865263964208,0.7129906275286709,0.7094017094017094,351,2.0956648169721963,2.818699974353193,0.0,0.9155263062053146,1.1979221438852363,0.029850746268656716,0.4213758968616878,0.6708377357677621,0.7246376811594203
R1108,seq_0f7467835a4eb605,69,J_3T2D,0,John_adaptive,1,0.48873,0.47859,7.623507277815632,0.6988648180152758,0.6959654178674352,347,2.384181976264338,3.4302872848431307,0.014492753623188406,0.8436597040350876,0.1968998467559011,0.04477611940298507,0.5728170956729841,0.8257547495231937,0.5797101449275363
R1108,seq_0f7467835a4eb605,69,J_3T2D,1,John_adaptive,0,0.27892,0.26664,55.07418358234287,0.34507389249237075,0.3041310541310541,351,12.071461973926935,21.48991452183506,0.08695652173913043,2.5458265271339586,31.470962637331574,0.07462686567164178,1.9139525028659907,0.8007496202870907,0.34782608695652173
R1108,seq_0f7467835a4eb605,69,J_3T2D,2,John_adaptive,0,0.20322,0.20355,43.71494598535899,0.37118219441589,0.3561253561253561,351,12.38654388210201,21.86645000956911,0.10144927536231885,2.5600597987288514,25.240866368978587,0.05970149253731343,1.9188836592744039,0.6046905955569172,0.4057971014492754
R1108,seq_0f7467835a4eb605,69,J_3T2D,3,John_adaptive,1,0.60192,0.58572,3.163826989378143,0.7434970281223141,0.7406340057636888,347,1.5546514044616868,1.9473885965214481,0.0,0.5439541753194659,0.8378956724638833,0.04477611940298507,0.4155851609293875,0.7366582849273835,0.7246376811594203
R1108,seq_0f7467835a4eb605,69,J_3T2D,4,John_adaptive,0,0.53589,0.52443,4.389415298579852,0.6960548610005132,0.6894586894586895,351,2.0594537909560398,2.763586235306734,0.0,0.5614484975242291,1.1243741965843697,0.029850746268656716,0.4267587387621969,0.718238443814736,0.6956521739130435
R1108,seq_0f7467835a4eb605,69,J_3T2D,0,John_fixed,1,0.48873,0.47031,7.628791736717757,0.6857495283553637,0.6829971181556196,347,2.369709608226589,3.415247824525934,0.014492753623188406,0.7659469899734368,0.20164727006919136,0.04477611940298507,0.5705017745285798,0.8422763801367867,0.6086956521739131
R1108,seq_0f7467835a4eb605,69,J_3T2D,1,John_fixed,0,0.27892,0.25466,55.02283548727176,0.33443443633661024,0.2948717948717949,351,11.890132252121811,21.300846964550516,0.07246376811594203,2.439305710602642,31.517193120135317,0.07462686567164178,1.9172569827791315,0.7701243621901014,0.37681159420289856
R1108,seq_0f7467835a4eb605,69,J_3T2D,2,John_fixed,0,0.20322,0.20618,43.5487941780289,0.36342344752670835,0.3525641025641026,351,12.168082598674415,21.618377459197728,0.10144927536231885,2.5160261300994855,25.269639328076757,0.05970149253731343,1.9275016777086367,0.62157835742286,0.4057971014492754
R1108,seq_0f7467835a4eb605,69,J_3T2D,3,John_fixed,1,0.60192,0.59426,3.165748260638711,0.7653160234968014,0.7636887608069164,347,1.5453297916753628,1.948556803269843,0.0,0.5968631517055681,0.8676904341461125,0.029850746268656716,0.40487814597570565,0.7214253315015899,0.7246376811594203
R1108,seq_0f7467835a4eb605,69,J_3T2D,4,John_fixed,0,0.53589,0.53113,4.385309458598686,0.7201045985013376,0.7136752136752137,351,2.0490027862368008,2.767834661172362,0.0,0.6480922814355532,1.1560768568235034,0.029850746268656716,0.3970279427009248,0.6849309589686693,0.6666666666666666
R1108,seq_0f7467835a4eb605,69,J_3T2D,0,Simple,1,0.48873,0.48952,7.639067187481489,0.7083946569787531,0.7031700288184438,347,2.464418306792796,3.5107399736806624,0.014492753623188406,0.9440081130346705,0.1732585570419154,0.04477611940298507,0.5744241260582089,0.788489138943255,0.5797101449275363
R1108,seq_0f7467835a4eb605,69,J_3T2D,1,Simple,0,0.27892,0.27741,55.440660428902106,0.38752133534742234,0.344017094017094,351,12.869324597229136,22.373128427486087,0.057971014492753624,2.9459735512060883,31.609741048514174,0.1044776119402985,1.9734776328482317,0.7131838403760428,0.37681159420289856
R1108,seq_0f7467835a4eb605,69,J_3T2D,2,Simple,0,0.20322,0.20412,44.46670271407454,0.3781718734164386,0.3611111111111111,351,13.381051208168358,22.979149679618406,0.07246376811594203,3.0666815613114538,25.42732730578036,0.07462686567164178,2.0077864577051328,0.4787033190973018,0.37681159420289856
R1108,seq_0f7467835a4eb605,69,J_3T2D,3,Simple,1,0.60192,0.60028,3.172428865229915,0.7878663961472887,0.787463976945245,347,1.5312395759556043,1.9503313931782758,0.0,0.6236270254511344,0.9088199766376484,0.029850746268656716,0.38903041159787294,0.6862761212215502,0.6376811594202898
R1108,seq_0f7467835a4eb605,69,J_3T2D,4,Simple,0,0.53589,0.5369,4.377186098088116,0.7291395400091053,0.7257834757834758,351,2.0477281235537217,2.770469538813647,0.0,0.688672204815388,1.1924175489213233,0.029850746268656716,0.4293860341610441,0.692680818695957,0.6956521739130435
R1108,seq_0f7467835a4eb605,69,J_3T2D,0,Geometry_historical,1,0.48873,0.48832,7.637076431575173,0.7101476776677007,0.7053314121037464,347,2.458870322571797,3.5074660013477925,0.014492753623188406,0.9471682031485786,0.17227177920098669,0.04477611940298507,0.5323917006411519,0.7346738917073501,0.5797101449275363
R1108,seq_0f7467835a4eb605,69,J_3T2D,1,Geometry_historical,0,0.27892,0.27787,55.42686367608863,0.38766853617397096,0.3433048433048433,351,12.855240634462358,22.362612743031676,0.057971014492753624,2.9342859739791236,31.59260033111604,0.1044776119402985,1.33324895071978,0.827820248197462,0.34782608695652173
R1108,seq_0f7467835a4eb605,69,J_3T2D,2,Geometry_historical,0,0.20322,0.20485,44.45645815114143,0.383125132717524,0.36538461538461536,351,13.373129766527155,22.96834405855069,0.07246376811594203,3.0548073568943512,25.409724085301114,0.07462686567164178,1.3835226552435813,0.6897531594171398,0.37681159420289856
R1108,seq_0f7467835a4eb605,69,J_3T2D,3,Geometry_historical,1,0.60192,0.60227,3.1627903458461835,0.7888268455631156,0.7881844380403458,347,1.5167889850947052,1.9382530747186786,0.0,0.6332038150628826,0.9035261990407939,0.029850746268656716,0.2977004817579289,0.6177600019617095,0.6086956521739131
R1108,seq_0f7467835a4eb605,69,J_3T2D,4,Geometry_historical,0,0.53589,0.53708,4.371266682138234,0.7307878564672043,0.7272079772079773,351,2.041305739254218,2.764368192076404,0.0,0.6955374860540087,1.1842563412931675,0.029850746268656716,0.3483876026730986,0.611603066073372,0.6666666666666666
R1108,seq_0f7467835a4eb605,69,V3_3T2D,0,Raw,1,0.49384,0.49384,7.450065201295127,0.7616505321739876,0.7629682997118156,347,2.4248599443647993,3.5509655286059716,0.014492753623188406,1.1760082807434975,0.22106972972738248,0.05970149253731343,0.6292836890221839,0.7226078856645699,0.6086956521739131
R1108,seq_0f7467835a4eb605,69,V3_3T2D,1,Raw,0,0.30799,0.30799,28.35084812446829,0.4663204699889482,0.4230769230769231,351,3.495652118791117,6.868180581442464,0.0,0.8682506753962822,13.53964795741868,0.029850746268656716,0.4318203394245201,0.6267710904683579,0.3188405797101449
R1108,seq_0f7467835a4eb605,69,V3_3T2D,2,Raw,0,0.28846,0.28846,28.152396976863855,0.4621881791718748,0.4202279202279202,351,3.5605107027400207,6.8737934224958055,0.0,0.8833429790551244,13.311464129137022,0.014925373134328358,0.5632340070988718,0.7478875025164754,0.37681159420289856
R1108,seq_0f7467835a4eb605,69,V3_3T2D,3,Raw,1,0.60192,0.60192,3.185297915511475,0.7880653618353847,0.7860230547550432,347,1.5404729241845028,1.967761375030048,0.0,0.7854035392580775,0.9232807411542616,0.029850746268656716,0.37961260245112943,0.6502893615199132,0.6376811594202898
R1108,seq_0f7467835a4eb605,69,V3_3T2D,4,Raw,0,0.53589,0.53589,4.412865263964208,0.7129906275286709,0.7094017094017094,351,2.0956648169721963,2.818699974353193,0.0,0.9155263062053146,1.1979221438852363,0.029850746268656716,0.4213758968616878,0.6708377357677621,0.7246376811594203
R1108,seq_0f7467835a4eb605,69,V3_3T2D,0,John_adaptive,1,0.49384,0.48557,7.486993935470648,0.7366344758936293,0.7377521613832853,347,2.362351894109064,3.5064765386996974,0.014492753623188406,0.8532286596062617,0.17986266923512417,0.05970149253731343,0.6517265662101628,0.7762846411054011,0.6376811594202898
R1108,seq_0f7467835a4eb605,69,V3_3T2D,1,John_adaptive,0,0.30799,0.30442,28.28904814992263,0.4729649426660297,0.42948717948717946,351,3.474885311878716,6.825506539797517,0.0,0.6687387081913821,13.488907845517602,0.029850746268656716,0.4197256413435593,0.642661359838827,0.34782608695652173
R1108,seq_0f7467835a4eb605,69,V3_3T2D,2,John_adaptive,0,0.28846,0.28645,28.08846827586235,0.4672609043532956,0.4252136752136752,351,3.535527740597864,6.8344365372434535,0.0,0.6868635094720487,13.25087042119798,0.014925373134328358,0.5156565962791368,0.7580400856472567,0.34782608695652173
R1108,seq_0f7467835a4eb605,69,V3_3T2D,3,John_adaptive,1,0.60192,0.58572,3.163826989378143,0.7434970281223141,0.7406340057636888,347,1.5546514044616868,1.9473885965214481,0.0,0.5439541753194659,0.8378956724638833,0.04477611940298507,0.4155851609293875,0.7366582849273835,0.7246376811594203
R1108,seq_0f7467835a4eb605,69,V3_3T2D,4,John_adaptive,0,0.53589,0.52443,4.389415298579852,0.6960548610005132,0.6894586894586895,351,2.0594537909560398,2.763586235306734,0.0,0.5614484975242291,1.1243741965843697,0.029850746268656716,0.4267587387621969,0.718238443814736,0.6956521739130435
R1108,seq_0f7467835a4eb605,69,V3_3T2D,0,John_fixed,1,0.49384,0.48061,7.529544006985945,0.7174762425048465,0.7168587896253602,347,2.3649864630238633,3.5139340752240376,0.014492753623188406,0.7457797638059142,0.15505719270716867,0.05970149253731343,0.6350035185049923,0.7864850686172997,0.5797101449275363
R1108,seq_0f7467835a4eb605,69,V3_3T2D,1,John_fixed,0,0.30799,0.30326,28.27317193537382,0.46781601550623275,0.42592592592592593,351,3.4766347456027007,6.818314839469671,0.0,0.6280862636941748,13.475035429700107,0.029850746268656716,0.42734997022831794,0.6669182057395792,0.34782608695652173
R1108,seq_0f7467835a4eb605,69,V3_3T2D,2,John_fixed,0,0.28846,0.28498,28.072452589917198,0.46934338809338805,0.42806267806267806,351,3.536392296902105,6.830783999183636,0.0,0.6515588978812924,13.23909007805117,0.014925373134328358,0.5032210437408169,0.76491058241434,0.37681159420289856
R1108,seq_0f7467835a4eb605,69,V3_3T2D,3,John_fixed,1,0.60192,0.59426,3.165748260638711,0.7653160234968014,0.7636887608069164,347,1.5453297916753628,1.948556803269843,0.0,0.5968631517055681,0.8676904341461125,0.029850746268656716,0.40487814597570565,0.7214253315015899,0.7246376811594203
R1108,seq_0f7467835a4eb605,69,V3_3T2D,4,John_fixed,0,0.53589,0.53113,4.385309458598686,0.7201045985013376,0.7136752136752137,351,2.0490027862368008,2.767834661172362,0.0,0.6480922814355532,1.1560768568235034,0.029850746268656716,0.3970279427009248,0.6849309589686693,0.6666666666666666
R1108,seq_0f7467835a4eb605,69,V3_3T2D,0,Simple,1,0.49384,0.49383,7.422771029316678,0.7553207148601885,0.7564841498559077,347,2.3752882923220535,3.499081469991091,0.014492753623188406,0.9626421896369118,0.21213322154473246,0.05970149253731343,0.6814299548247629,0.7747804300305617,0.6376811594202898
R1108,seq_0f7467835a4eb605,69,V3_3T2D,1,Simple,0,0.30799,0.30395,28.35365789379791,0.4682884144840667,0.42450142450142453,351,3.4816779444048134,6.858335961003732,0.0,0.7130145702618965,13.542873482747446,0.029850746268656716,0.4024801270225185,0.630729548409696,0.34782608695652173
R1108,seq_0f7467835a4eb605,69,V3_3T2D,2,Simple,0,0.28846,0.28882,28.15567565315381,0.4672878952770258,0.42592592592592593,351,3.546512197327044,6.863599337468099,0.0,0.7342285699748032,13.31427912652481,0.014925373134328358,0.5411138610302223,0.7653698845629154,0.37681159420289856
R1108,seq_0f7467835a4eb605,69,V3_3T2D,3,Simple,1,0.60192,0.60028,3.172428865229915,0.7878663961472887,0.787463976945245,347,1.5312395759556043,1.9503313931782758,0.0,0.6236270254511344,0.9088199766376484,0.029850746268656716,0.38903041159787294,0.6862761212215502,0.6376811594202898
R1108,seq_0f7467835a4eb605,69,V3_3T2D,4,Simple,0,0.53589,0.5369,4.377186098088116,0.7291395400091053,0.7257834757834758,351,2.0477281235537217,2.770469538813647,0.0,0.688672204815388,1.1924175489213233,0.029850746268656716,0.4293860341610441,0.692680818695957,0.6956521739130435
R1108,seq_0f7467835a4eb605,69,V3_3T2D,0,Geometry_historical,1,0.49384,0.49448,7.419680930932987,0.7584083409598285,0.7593659942363112,347,2.3697191898105108,3.495834055057035,0.014492753623188406,0.9651021341839372,0.20907729972180533,0.05970149253731343,0.5582100902137945,0.681917479437333,0.6086956521739131
R1108,seq_0f7467835a4eb605,69,V3_3T2D,1,Geometry_historical,0,0.30799,0.30905,28.339254277752126,0.4694544233946409,0.42735042735042733,351,3.4725975020904905,6.853720876159651,0.0,0.7146633852586424,13.52583629122961,0.029850746268656716,0.34395230985347053,0.5629942851916417,0.34782608695652173
R1108,seq_0f7467835a4eb605,69,V3_3T2D,2,Geometry_historical,0,0.28846,0.28946,28.142231431758784,0.47105355393398873,0.4301994301994302,351,3.5410445399810406,6.860141758501248,0.0,0.7387214783859464,13.297328656842637,0.014925373134328358,0.46476837356270867,0.6593706066054018,0.37681159420289856
R1108,seq_0f7467835a4eb605,69,V3_3T2D,3,Geometry_historical,1,0.60192,0.60227,3.1627903458461835,0.7888268455631156,0.7881844380403458,347,1.5167889850947052,1.9382530747186786,0.0,0.6332038150628826,0.9035261990407939,0.029850746268656716,0.2977004817579289,0.6177600019617095,0.6086956521739131
R1108,seq_0f7467835a4eb605,69,V3_3T2D,4,Geometry_historical,0,0.53589,0.53708,4.371266682138234,0.7307878564672043,0.7272079772079773,351,2.041305739254218,2.764368192076404,0.0,0.6955374860540087,1.1842563412931675,0.029850746268656716,0.3483876026730986,0.611603066073372,0.6666666666666666
R1116,seq_ab902745838f97e5,157,J_5T,0,Raw,0,0.45228,0.45228,25.20047530223735,0.5267080470402109,0.5298634812286689,879,5.323889662677088,9.617463824680055,0.025477707006369428,1.7409477852188269,15.644726016245478,0.07096774193548387,1.181934173308171,0.7858365193458856,0.5477707006369427
R1116,seq_ab902745838f97e5,157,J_5T,1,Raw,0,0.26766,0.26766,43.07231504718885,0.30075400477950726,0.2821387940841866,879,4.850326526359745,8.712824031824557,0.07643312101910828,1.2324294917278347,2.377656586978304,0.09032258064516129,1.1238625198844032,0.7490358835368129,0.6369426751592356
R1116,seq_ab902745838f97e5,157,J_5T,2,Raw,0,0.24112,0.24112,48.787200482238944,0.2598235381246574,0.24829351535836178,879,6.188920689889851,10.035548140397733,0.006369426751592357,2.2091230981799184,23.900556253863876,0.04516129032258064,0.6189174167769605,0.7409975719139318,0.34394904458598724
R1116,seq_ab902745838f97e5,157,J_5T,3,Raw,0,0.23309,0.23309,43.652303976874855,0.27888916856994156,0.25853242320819114,879,7.668150680629755,11.504591336198388,0.06369426751592357,1.7693539600216024,10.443189442568993,0.09032258064516129,1.5145434614453799,0.6919669501255444,0.4968152866242038
R1116,seq_ab902745838f97e5,157,J_5T,4,Raw,0,0.24962,0.24962,44.91466720323326,0.25198876443581164,0.23435722411831628,879,6.948874009626459,10.6430048802011,0.08280254777070063,1.7927930196280233,4.610206873181468,0.0967741935483871,1.7066923200082758,0.7002534819228491,0.6242038216560509
R1116,seq_ab902745838f97e5,157,J_5T,0,John_adaptive,0,0.45228,0.45933,25.01698276178079,0.5171060635148866,0.518202502844141,879,5.065225762039716,9.324353015245302,0.025477707006369428,1.5278476693936704,15.642140795303419,0.05806451612903226,1.1455217628436516,0.8328000290124734,0.5605095541401274
R1116,seq_ab902745838f97e5,157,J_5T,1,John_adaptive,0,0.26766,0.26719,43.15293026195896,0.29335099603523673,0.2764505119453925,879,4.720304609040081,8.575457368181992,0.09554140127388536,0.9416665850024671,2.4086311678913788,0.07741935483870968,1.095350510189682,0.8176793902974525,0.6369426751592356
R1116,seq_ab902745838f97e5,157,J_5T,2,John_adaptive,0,0.24112,0.24118,48.36433154221686,0.26293897187399917,0.24971558589306028,879,5.629603190621539,9.511553114570066,0.006369426751592357,1.6973400284418467,23.363254818183563,0.03870967741935484,0.6067422623171703,0.755901585307446,0.35668789808917195
R1116,seq_ab902745838f97e5,157,J_5T,3,John_adaptive,0,0.23309,0.21991,43.6844261801228,0.28554471057248204,0.2645051194539249,879,7.0919114927721205,10.969590611896406,0.07006369426751592,1.335834952755004,10.618046266400597,0.06451612903225806,1.3641112961090953,0.8063498324396272,0.4968152866242038
R1116,seq_ab902745838f97e5,157,J_5T,4,John_adaptive,0,0.24962,0.24007,44.64031247317868,0.2544756064486885,0.23890784982935154,879,6.327362481248503,10.05462671267895,0.11464968152866242,1.2899028963691916,4.40773671004159,0.07741935483870968,1.5546509551648786,0.8958406114223749,0.6242038216560509
R1116,seq_ab902745838f97e5,157,J_5T,0,John_fixed,0,0.45228,0.44737,24.867284859461062,0.5056165800008914,0.5034129692832765,879,4.817013700006929,9.025352711334364,0.025477707006369428,1.278043146770877,15.719380089324524,0.06451612903225806,1.105246641856728,0.8754735431098456,0.5477707006369427
R1116,seq_ab902745838f97e5,157,J_5T,1,John_fixed,0,0.26766,0.26316,43.167744057092776,0.29255548006502824,0.27588168373151306,879,4.710757921517821,8.565213063387928,0.10191082802547771,0.9135513924018798,2.4191037643196225,0.07741935483870968,1.0851191592516503,0.8375136841442689,0.6624203821656051
R1116,seq_ab902745838f97e5,157,J_5T,2,John_fixed,0,0.24112,0.24422,48.357267314936344,0.26305058258064407,0.24971558589306028,879,5.6195416359887895,9.502580383929503,0.006369426751592357,1.6866046803954764,23.352881606837435,0.03870967741935484,0.6075711250164849,0.7558547105899367,0.35668789808917195
R1116,seq_ab902745838f97e5,157,J_5T,3,John_fixed,0,0.23309,0.2199,43.68387216413265,0.28524029656943795,0.2642207053469852,879,7.093153423431335,10.970591233121127,0.07643312101910828,1.336514401880316,10.617016788713393,0.06451612903225806,1.3637160911334507,0.8057928542093283,0.4968152866242038
R1116,seq_ab902745838f97e5,157,J_5T,4,John_fixed,0,0.24962,0.24194,44.64152000783197,0.2536111559458548,0.2380546075085324,879,6.334581851385304,10.060306423804006,0.11464968152866242,1.29282928998545,4.408861905279629,0.07741935483870968,1.557687213867696,0.896817394182744,0.6242038216560509
R1116,seq_ab902745838f97e5,157,J_5T,0,Simple,0,0.45228,0.45687,25.188377096952006,0.5270978872632576,0.5278725824800911,879,5.293978037478922,9.590386130740235,0.025477707006369428,1.6438292191477935,15.63761158177573,0.07096774193548387,1.1706976919119638,0.8107465178875541,0.5477707006369427
R1116,seq_ab902745838f97e5,157,J_5T,1,Simple,0,0.26766,0.27575,43.07219556149945,0.3029770208875211,0.2846985210466439,879,4.834523395224888,8.702375239591369,0.07643312101910828,1.1316117882911638,2.3753747796593174,0.09032258064516129,1.1666586893806137,0.7820463976664596,0.6496815286624203
R1116,seq_ab902745838f97e5,157,J_5T,2,Simple,0,0.24112,0.24108,48.77614235732182,0.26690987579216635,0.25483503981797495,879,6.149624098508654,10.006847109588959,0.006369426751592357,2.0470062637318485,23.89153633424472,0.04516129032258064,0.606333319903268,0.7500795004767682,0.33121019108280253
R1116,seq_ab902745838f97e5,157,J_5T,3,Simple,0,0.23309,0.22641,43.64544138089515,0.2837328028115831,0.2633674630261661,879,7.638681755391286,11.476950993147403,0.06369426751592357,1.6739868816909211,10.43606820899695,0.09032258064516129,1.4953624742637184,0.6874495887563375,0.4840764331210191
R1116,seq_ab902745838f97e5,157,J_5T,4,Simple,0,0.24962,0.25121,44.90485028795303,0.25857394755758456,0.23976109215017063,879,6.888765803814964,10.592547238341,0.08280254777070063,1.6488861276350713,4.595675453177726,0.0967741935483871,1.693774085872806,0.7359325553694515,0.6624203821656051
R1116,seq_ab902745838f97e5,157,J_5T,0,Geometry_historical,0,0.45228,0.45417,25.182163563697294,0.529189905185941,0.5298634812286689,879,5.292240902902868,9.593436991972823,0.025477707006369428,1.6446962820744533,15.625055458528358,0.07096774193548387,0.9644301384622751,0.8166670546767238,0.535031847133758
R1116,seq_ab902745838f97e5,157,J_5T,1,Geometry_historical,0,0.26766,0.27209,43.068331619568895,0.30319947982675394,0.28498293515358364,879,4.821946795689181,8.697867851804501,0.07006369426751592,1.1410603011407674,2.3671198249390812,0.09032258064516129,0.8793270052971558,0.6972725481381595,0.6242038216560509
R1116,seq_ab902745838f97e5,157,J_5T,2,Geometry_historical,0,0.24112,0.24164,48.761969795952204,0.2654107021022324,0.25312855517633676,879,6.142218013967748,10.00141829000402,0.006369426751592357,2.0502547153351554,23.871943473360737,0.04516129032258064,0.5295277753684687,0.6967454818969038,0.33121019108280253
R1116,seq_ab902745838f97e5,157,J_5T,3,Geometry_historical,0,0.23309,0.23123,43.63668556895213,0.2858181146098545,0.26507394766780434,879,7.6222776209614755,11.461017109363466,0.06369426751592357,1.6741548036606457,10.41657369740544,0.08387096774193549,1.0962256376176407,0.6916845888016286,0.4840764331210191
R1116,seq_ab902745838f97e5,157,J_5T,4,Geometry_historical,0,0.24962,0.25349,44.891621409616945,0.2583193892689308,0.23976109215017063,879,6.875684175314809,10.579438997869321,0.08280254777070063,1.641509809814004,4.577641011174023,0.0967741935483871,1.2782512236069326,0.8060859060652019,0.6624203821656051
R1116,seq_ab902745838f97e5,157,V3_5T,0,Raw,0,0.43276,0.43276,19.486223451101893,0.4814826507138844,0.4928896473265074,879,3.487142974247656,6.051872989340428,0.28662420382165604,1.632748166380075,10.955592064542962,0.025806451612903226,0.9431828092667573,0.8502229346551136,0.6751592356687898
R1116,seq_ab902745838f97e5,157,V3_5T,1,Raw,0,0.45342,0.45342,21.691329902944275,0.4861784472640358,0.49573378839590443,879,3.923647812480548,6.422965999255458,0.7197452229299363,1.8459533502931968,9.65417148100179,0.04516129032258064,0.8651978894857598,0.843249562141305,0.5987261146496815
R1116,seq_ab902745838f97e5,157,V3_5T,2,Raw,0,0.2484,0.2484,48.56904391417167,0.24876686355973662,0.23492605233219568,879,5.815265985809813,9.843262671240712,0.025477707006369428,1.8821617312465384,24.430694365219537,0.03870967741935484,0.6331916741550802,0.7195875371398432,0.3821656050955414
R1116,seq_ab902745838f97e5,157,V3_5T,3,Raw,0,0.15673,0.15673,68.9464313951828,0.25630456350798997,0.2366325369738339,879,5.588397621808401,9.958699101632385,0.01910828025477707,1.1647887383193556,37.40933487698273,0.06451612903225806,1.0972703268815573,0.7404822011779759,0.25477707006369427
R1116,seq_ab902745838f97e5,157,V3_5T,4,Raw,0,0.21846,0.21846,51.73067074709692,0.23752555322975905,0.22468714448236632,879,5.129090342622934,8.577873421532967,1.0063694267515924,1.733415253705623,12.335625792038613,0.05806451612903226,0.9009297571872719,0.7484254952098841,0.535031847133758
R1116,seq_ab902745838f97e5,157,V3_5T,0,John_adaptive,0,0.43276,0.447,19.484429572991708,0.4913519609602775,0.49943117178612056,879,3.3990294559165517,6.002154077487738,0.21019108280254778,1.276096526338198,10.991628277721397,0.11612903225806452,0.9207838134533544,0.8917455918411357,0.6624203821656051
R1116,seq_ab902745838f97e5,157,V3_5T,1,John_adaptive,0,0.45342,0.45032,21.579305971388646,0.4861788794911973,0.4908987485779295,879,3.800778008691937,6.326028349057383,0.4267515923566879,1.3360304595973491,9.627280895543535,0.2,1.221847209173748,0.988320202828834,0.6242038216560509
R1116,seq_ab902745838f97e5,157,V3_5T,2,John_adaptive,0,0.2484,0.27063,48.47383009144551,0.25409447304872973,0.23890784982935154,879,5.442627816778474,9.511639504272798,0.01910828025477707,1.5111360906367923,24.399245891690235,0.03225806451612903,0.5528523353192762,0.7092516756926596,0.3821656050955414
R1116,seq_ab902745838f97e5,157,V3_5T,3,John_adaptive,0,0.15673,0.15648,68.89378941299788,0.2696257432325515,0.2494311717861206,879,5.44921958586144,9.86167106201936,0.03184713375796178,0.78610523041781,37.36539809749846,0.05806451612903226,1.1797847115910254,0.7917302184343229,0.3057324840764331
R1116,seq_ab902745838f97e5,157,V3_5T,4,John_adaptive,0,0.21846,0.22304,51.73043886242931,0.25604637619887405,0.2420364050056883,879,5.016645413128351,8.495833427149554,0.4585987261146497,0.9174996758218142,12.316023061464712,0.2129032258064516,1.5955144230914147,0.9566556672621054,0.5605095541401274
R1116,seq_ab902745838f97e5,157,V3_5T,0,John_fixed,0,0.43276,0.44413,19.479215560385217,0.4862941623771228,0.492320819112628,879,3.395047847427163,5.9698595369913505,0.19745222929936307,1.0608292552886185,10.985807166794217,0.12903225806451613,1.064953487622926,0.9120786223274963,0.6751592356687898
R1116,seq_ab902745838f97e5,157,V3_5T,1,John_fixed,0,0.45342,0.45542,21.52888552133504,0.48612609141793706,0.4877701934015927,879,3.7814236811244815,6.273224920175452,0.4140127388535032,1.087986862083342,9.613361831208664,0.21935483870967742,1.4541768992928605,1.0132538188961304,0.6369426751592356
R1116,seq_ab902745838f97e5,157,V3_5T,2,John_fixed,0,0.2484,0.24283,48.437638119304076,0.2537206960078321,0.23862343572241182,879,5.328372207306575,9.40122881334929,0.01910828025477707,1.363834346336866,24.389809996714533,0.04516129032258064,0.5916283947697764,0.7059093223333922,0.39490445859872614
R1116,seq_ab902745838f97e5,157,V3_5T,3,John_fixed,0,0.15673,0.15637,68.89466228755715,0.26993483837570187,0.2494311717861206,879,5.453070479948355,9.864442857309756,0.03184713375796178,0.798803274097364,37.36633984123588,0.05806451612903226,1.180281671779552,0.7940175173597307,0.3057324840764331
R1116,seq_ab902745838f97e5,157,V3_5T,4,John_fixed,0,0.21846,0.2216,51.72929236889501,0.2548920590748381,0.24089874857792948,879,5.019270384276798,8.496874836791577,0.4713375796178344,0.9442356182897362,12.318499064786792,0.2129032258064516,1.6289838668284007,0.9579916075975357,0.5732484076433121
R1116,seq_ab902745838f97e5,157,V3_5T,0,Simple,0,0.43276,0.43619,19.468864883092415,0.5022401287832183,0.5113765642775882,879,3.5494547521299507,6.10429540763911,0.17834394904458598,1.0190171837945257,10.942487493249573,0.17419354838709677,1.2185857755282128,0.9429780282342701,0.6751592356687898
R1116,seq_ab902745838f97e5,157,V3_5T,1,Simple,0,0.45342,0.4559,21.631964584400222,0.5070079766981758,0.5108077360637088,879,3.926559930910852,6.421269899712017,0.4012738853503185,1.0284856742054342,9.685471531937033,0.2129032258064516,1.6728698674336966,1.0140413902478413,0.6114649681528662
R1116,seq_ab902745838f97e5,157,V3_5T,2,Simple,0,0.2484,0.25294,48.560300831372864,0.2611807772236371,0.24658703071672355,879,5.819341710234259,9.848278216427534,0.025477707006369428,1.6501996851569243,24.427072612667843,0.06451612903225806,0.6320358394204832,0.73289737777028,0.36942675159235666
R1116,seq_ab902745838f97e5,157,V3_5T,3,Simple,0,0.15673,0.15824,68.9419667242329,0.2668383930126198,0.24772468714448237,879,5.565536877569283,9.931031272964866,0.025477707006369428,0.9307355273563521,37.406347957380056,0.07741935483870968,1.0886780806555827,0.7784045577750136,0.267515923566879
R1116,seq_ab902745838f97e5,157,V3_5T,4,Simple,0,0.21846,0.21671,51.76497954244742,0.26041901011227936,0.24772468714448237,879,5.208603076577905,8.666885533893364,0.5477707006369427,0.8156221472906915,12.35987049700121,0.23225806451612904,1.6122723559852992,0.9300731385574209,0.535031847133758
R1116,seq_ab902745838f97e5,157,V3_5T,0,Geometry_historical,0,0.43276,0.4519,19.48105761068657,0.4927366049894767,0.5031285551763367,879,3.4401338279984834,6.052215131572416,0.1910828025477707,1.329161229751041,10.908421144429191,0.025806451612903226,0.7041234637340855,0.8395047298950666,0.6369426751592356
R1116,seq_ab902745838f97e5,157,V3_5T,1,Geometry_historical,0,0.45342,0.45537,21.670980917756875,0.49245285125913396,0.4985779294653015,879,3.8335373890550164,6.395966826485864,0.3248407643312102,1.3662855893912957,9.664347827981246,0.04516129032258064,0.8272439040910975,0.8859138506759432,0.6242038216560509
R1116,seq_ab902745838f97e5,157,V3_5T,2,Geometry_historical,0,0.2484,0.20655,48.558698615589975,0.25504805928115193,0.24061433447098976,879,5.764163277615635,9.809246282448063,0.025477707006369428,1.7495245260022403,24.41510863677842,0.03870967741935484,0.5170569544169368,0.6608932502821026,0.3821656050955414
R1116,seq_ab902745838f97e5,157,V3_5T,3,Geometry_historical,0,0.15673,0.15609,68.85305996817543,0.2654357228201896,0.24573378839590443,879,5.521952192774979,9.910286334537696,0.01910828025477707,1.0225765693960367,37.28790674169458,0.06451612903225806,0.5999955480406125,0.6884792046957428,0.25477707006369427
R1116,seq_ab902745838f97e5,157,V3_5T,4,Geometry_historical,0,0.21846,0.22738,51.71405935619742,0.26212355561831396,0.2502844141069397,879,5.070928277974655,8.610552054304037,0.3057324840764331,1.0996676458272776,12.326434320968062,0.05161290322580645,0.847144536019203,0.7975796937789124,0.5859872611464968
R1116,seq_ab902745838f97e5,157,J_3T2D,0,Raw,0,0.45228,0.45228,25.20047530223735,0.5267080470402109,0.5298634812286689,879,5.323889662677088,9.617463824680055,0.025477707006369428,1.7409477852188269,15.644726016245478,0.07096774193548387,1.181934173308171,0.7858365193458856,0.5477707006369427
R1116,seq_ab902745838f97e5,157,J_3T2D,1,Raw,0,0.26766,0.26766,43.07231504718885,0.30075400477950726,0.2821387940841866,879,4.850326526359745,8.712824031824557,0.07643312101910828,1.2324294917278347,2.377656586978304,0.09032258064516129,1.1238625198844032,0.7490358835368129,0.6369426751592356
R1116,seq_ab902745838f97e5,157,J_3T2D,2,Raw,0,0.24112,0.24112,48.787200482238944,0.2598235381246574,0.24829351535836178,879,6.188920689889851,10.035548140397733,0.006369426751592357,2.2091230981799184,23.900556253863876,0.04516129032258064,0.6189174167769605,0.7409975719139318,0.34394904458598724
R1116,seq_ab902745838f97e5,157,J_3T2D,3,Raw,0,0.49184,0.49184,8.877765937129444,0.7163900406078874,0.697098976109215,879,1.7776140338715563,2.388349673507777,0.012738853503184714,0.837125297822018,9.291085172546389,0.01935483870967742,0.43861478363971834,0.6017948621129777,0.7515923566878981
R1116,seq_ab902745838f97e5,157,J_3T2D,4,Raw,0,0.51489,0.51489,11.01943347231727,0.7261764225167721,0.7076222980659841,879,1.7691788923474148,2.6333735827737286,0.006369426751592357,0.8673253733989953,9.127401928508199,0.025806451612903226,0.40761910353033165,0.5558528203009404,0.7006369426751592
R1116,seq_ab902745838f97e5,157,J_3T2D,0,John_adaptive,0,0.45228,0.45933,25.01698276178079,0.5171060635148866,0.518202502844141,879,5.065225762039716,9.324353015245302,0.025477707006369428,1.5278476693936704,15.642140795303419,0.05806451612903226,1.1455217628436516,0.8328000290124734,0.5605095541401274
R1116,seq_ab902745838f97e5,157,J_3T2D,1,John_adaptive,0,0.26766,0.26719,43.15293026195896,0.29335099603523673,0.2764505119453925,879,4.720304609040081,8.575457368181992,0.09554140127388536,0.9416665850024671,2.4086311678913788,0.07741935483870968,1.095350510189682,0.8176793902974525,0.6369426751592356
R1116,seq_ab902745838f97e5,157,J_3T2D,2,John_adaptive,0,0.24112,0.24118,48.36433154221686,0.26293897187399917,0.24971558589306028,879,5.629603190621539,9.511553114570066,0.006369426751592357,1.6973400284418467,23.363254818183563,0.03870967741935484,0.6067422623171703,0.755901585307446,0.35668789808917195
R1116,seq_ab902745838f97e5,157,J_3T2D,3,John_adaptive,0,0.49184,0.48265,8.898364388674677,0.656634753901038,0.6368031854379977,879,1.8252679143254393,2.4065175546057,0.012738853503184714,0.528115286618438,9.311367193614139,0.01935483870967742,0.49523121282723814,0.6812068707199579,0.7388535031847133
R1116,seq_ab902745838f97e5,157,J_3T2D,4,John_adaptive,0,0.51489,0.511,11.070702814951067,0.6681596933040997,0.6496018202502845,879,1.8248343725831617,2.671018253116885,0.012738853503184714,0.5628077844938368,9.14185586883292,0.025806451612903226,0.4450924532422778,0.6379653432795054,0.7643312101910829
R1116,seq_ab902745838f97e5,157,J_3T2D,0,John_fixed,0,0.45228,0.44737,24.867284859461062,0.5056165800008914,0.5034129692832765,879,4.817013700006929,9.025352711334364,0.025477707006369428,1.278043146770877,15.719380089324524,0.06451612903225806,1.105246641856728,0.8754735431098456,0.5477707006369427
R1116,seq_ab902745838f97e5,157,J_3T2D,1,John_fixed,0,0.26766,0.26316,43.167744057092776,0.29255548006502824,0.27588168373151306,879,4.710757921517821,8.565213063387928,0.10191082802547771,0.9135513924018798,2.4191037643196225,0.07741935483870968,1.0851191592516503,0.8375136841442689,0.6624203821656051
R1116,seq_ab902745838f97e5,157,J_3T2D,2,John_fixed,0,0.24112,0.24422,48.357267314936344,0.26305058258064407,0.24971558589306028,879,5.6195416359887895,9.502580383929503,0.006369426751592357,1.6866046803954764,23.352881606837435,0.03870967741935484,0.6075711250164849,0.7558547105899367,0.35668789808917195
R1116,seq_ab902745838f97e5,157,J_3T2D,3,John_fixed,0,0.49184,0.48778,8.86351028906021,0.695706440480291,0.6754835039817975,879,1.7846768027557038,2.374619646939043,0.006369426751592357,0.6560081460979348,9.293060555928676,0.012903225806451613,0.46979184362285437,0.6372369346556069,0.7515923566878981
R1116,seq_ab902745838f97e5,157,J_3T2D,4,John_fixed,0,0.51489,0.51511,11.020242812918239,0.7134932472874868,0.6945392491467577,879,1.7775184127725625,2.6283247170207904,0.006369426751592357,0.7015064804525581,9.1279802018813,0.025806451612903226,0.42150072724755394,0.5823848238519058,0.7515923566878981
R1116,seq_ab902745838f97e5,157,J_3T2D,0,Simple,0,0.45228,0.45687,25.188377096952006,0.5270978872632576,0.5278725824800911,879,5.293978037478922,9.590386130740235,0.025477707006369428,1.6438292191477935,15.63761158177573,0.07096774193548387,1.1706976919119638,0.8107465178875541,0.5477707006369427
R1116,seq_ab902745838f97e5,157,J_3T2D,1,Simple,0,0.26766,0.27575,43.07219556149945,0.3029770208875211,0.2846985210466439,879,4.834523395224888,8.702375239591369,0.07643312101910828,1.1316117882911638,2.3753747796593174,0.09032258064516129,1.1666586893806137,0.7820463976664596,0.6496815286624203
R1116,seq_ab902745838f97e5,157,J_3T2D,2,Simple,0,0.24112,0.24108,48.77614235732182,0.26690987579216635,0.25483503981797495,879,6.149624098508654,10.006847109588959,0.006369426751592357,2.0470062637318485,23.89153633424472,0.04516129032258064,0.606333319903268,0.7500795004767682,0.33121019108280253
R1116,seq_ab902745838f97e5,157,J_3T2D,3,Simple,0,0.49184,0.49015,8.894083687197213,0.7214516491928245,0.7007963594994312,879,1.7741081282311226,2.3908012850263427,0.012738853503184714,0.649914133088619,9.30861814901786,0.01935483870967742,0.4570937044848306,0.6355613757204215,0.7515923566878981
R1116,seq_ab902745838f97e5,157,J_3T2D,4,Simple,0,0.51489,0.51495,11.041775018623692,0.7320092232451754,0.7130261660978384,879,1.7560064483700726,2.624585536947253,0.006369426751592357,0.6989039156474554,9.147954076920861,0.025806451612903226,0.4115218167023439,0.5920479052701263,0.7133757961783439
R1116,seq_ab902745838f97e5,157,J_3T2D,0,Geometry_historical,0,0.45228,0.45417,25.182163563697294,0.529189905185941,0.5298634812286689,879,5.292240902902868,9.593436991972823,0.025477707006369428,1.6446962820744533,15.625055458528358,0.07096774193548387,0.9644301384622751,0.8166670546767238,0.535031847133758
R1116,seq_ab902745838f97e5,157,J_3T2D,1,Geometry_historical,0,0.26766,0.27209,43.068331619568895,0.30319947982675394,0.28498293515358364,879,4.821946795689181,8.697867851804501,0.07006369426751592,1.1410603011407674,2.3671198249390812,0.09032258064516129,0.8793270052971558,0.6972725481381595,0.6242038216560509
R1116,seq_ab902745838f97e5,157,J_3T2D,2,Geometry_historical,0,0.24112,0.24164,48.761969795952204,0.2654107021022324,0.25312855517633676,879,6.142218013967748,10.00141829000402,0.006369426751592357,2.0502547153351554,23.871943473360737,0.04516129032258064,0.5295277753684687,0.6967454818969038,0.33121019108280253
R1116,seq_ab902745838f97e5,157,J_3T2D,3,Geometry_historical,0,0.49184,0.49024,8.894130693233341,0.7224362610928841,0.7016496018202503,879,1.7659994549283418,2.3841382329310896,0.012738853503184714,0.6655645326817505,9.27407593240111,0.01935483870967742,0.37603571349339093,0.5320914099763318,0.7388535031847133
R1116,seq_ab902745838f97e5,157,J_3T2D,4,Geometry_historical,0,0.51489,0.53052,11.038914029799994,0.7288755966547248,0.7098976109215017,879,1.7517616631751363,2.619226937482227,0.006369426751592357,0.7111189124474367,9.114668669204264,0.01935483870967742,0.3505116028310247,0.49037341496279274,0.7133757961783439
R1116,seq_ab902745838f97e5,157,V3_3T2D,0,Raw,0,0.43276,0.43276,19.486223451101893,0.4814826507138844,0.4928896473265074,879,3.487142974247656,6.051872989340428,0.28662420382165604,1.632748166380075,10.955592064542962,0.025806451612903226,0.9431828092667573,0.8502229346551136,0.6751592356687898
R1116,seq_ab902745838f97e5,157,V3_3T2D,1,Raw,0,0.45342,0.45342,21.691329902944275,0.4861784472640358,0.49573378839590443,879,3.923647812480548,6.422965999255458,0.7197452229299363,1.8459533502931968,9.65417148100179,0.04516129032258064,0.8651978894857598,0.843249562141305,0.5987261146496815
R1116,seq_ab902745838f97e5,157,V3_3T2D,2,Raw,0,0.2484,0.2484,48.56904391417167,0.24876686355973662,0.23492605233219568,879,5.815265985809813,9.843262671240712,0.025477707006369428,1.8821617312465384,24.430694365219537,0.03870967741935484,0.6331916741550802,0.7195875371398432,0.3821656050955414
R1116,seq_ab902745838f97e5,157,V3_3T2D,3,Raw,0,0.49184,0.49184,8.877765937129444,0.7163900406078874,0.697098976109215,879,1.7776140338715563,2.388349673507777,0.012738853503184714,0.837125297822018,9.291085172546389,0.01935483870967742,0.43861478363971834,0.6017948621129777,0.7515923566878981
R1116,seq_ab902745838f97e5,157,V3_3T2D,4,Raw,0,0.51489,0.51489,11.01943347231727,0.7261764225167721,0.7076222980659841,879,1.7691788923474148,2.6333735827737286,0.006369426751592357,0.8673253733989953,9.127401928508199,0.025806451612903226,0.40761910353033165,0.5558528203009404,0.7006369426751592
R1116,seq_ab902745838f97e5,157,V3_3T2D,0,John_adaptive,0,0.43276,0.447,19.484429572991708,0.4913519609602775,0.49943117178612056,879,3.3990294559165517,6.002154077487738,0.21019108280254778,1.276096526338198,10.991628277721397,0.11612903225806452,0.9207838134533544,0.8917455918411357,0.6624203821656051
R1116,seq_ab902745838f97e5,157,V3_3T2D,1,John_adaptive,0,0.45342,0.45032,21.579305971388646,0.4861788794911973,0.4908987485779295,879,3.800778008691937,6.326028349057383,0.4267515923566879,1.3360304595973491,9.627280895543535,0.2,1.221847209173748,0.988320202828834,0.6242038216560509
R1116,seq_ab902745838f97e5,157,V3_3T2D,2,John_adaptive,0,0.2484,0.27063,48.47383009144551,0.25409447304872973,0.23890784982935154,879,5.442627816778474,9.511639504272798,0.01910828025477707,1.5111360906367923,24.399245891690235,0.03225806451612903,0.5528523353192762,0.7092516756926596,0.3821656050955414
R1116,seq_ab902745838f97e5,157,V3_3T2D,3,John_adaptive,0,0.49184,0.48265,8.898364388674677,0.656634753901038,0.6368031854379977,879,1.8252679143254393,2.4065175546057,0.012738853503184714,0.528115286618438,9.311367193614139,0.01935483870967742,0.49523121282723814,0.6812068707199579,0.7388535031847133
R1116,seq_ab902745838f97e5,157,V3_3T2D,4,John_adaptive,0,0.51489,0.511,11.070702814951067,0.6681596933040997,0.6496018202502845,879,1.8248343725831617,2.671018253116885,0.012738853503184714,0.5628077844938368,9.14185586883292,0.025806451612903226,0.4450924532422778,0.6379653432795054,0.7643312101910829
R1116,seq_ab902745838f97e5,157,V3_3T2D,0,John_fixed,0,0.43276,0.44413,19.479215560385217,0.4862941623771228,0.492320819112628,879,3.395047847427163,5.9698595369913505,0.19745222929936307,1.0608292552886185,10.985807166794217,0.12903225806451613,1.064953487622926,0.9120786223274963,0.6751592356687898
R1116,seq_ab902745838f97e5,157,V3_3T2D,1,John_fixed,0,0.45342,0.45542,21.52888552133504,0.48612609141793706,0.4877701934015927,879,3.7814236811244815,6.273224920175452,0.4140127388535032,1.087986862083342,9.613361831208664,0.21935483870967742,1.4541768992928605,1.0132538188961304,0.6369426751592356
R1116,seq_ab902745838f97e5,157,V3_3T2D,2,John_fixed,0,0.2484,0.24283,48.437638119304076,0.2537206960078321,0.23862343572241182,879,5.328372207306575,9.40122881334929,0.01910828025477707,1.363834346336866,24.389809996714533,0.04516129032258064,0.5916283947697764,0.7059093223333922,0.39490445859872614
R1116,seq_ab902745838f97e5,157,V3_3T2D,3,John_fixed,0,0.49184,0.48778,8.86351028906021,0.695706440480291,0.6754835039817975,879,1.7846768027557038,2.374619646939043,0.006369426751592357,0.6560081460979348,9.293060555928676,0.012903225806451613,0.46979184362285437,0.6372369346556069,0.7515923566878981
R1116,seq_ab902745838f97e5,157,V3_3T2D,4,John_fixed,0,0.51489,0.51511,11.020242812918239,0.7134932472874868,0.6945392491467577,879,1.7775184127725625,2.6283247170207904,0.006369426751592357,0.7015064804525581,9.1279802018813,0.025806451612903226,0.42150072724755394,0.5823848238519058,0.7515923566878981
R1116,seq_ab902745838f97e5,157,V3_3T2D,0,Simple,0,0.43276,0.43619,19.468864883092415,0.5022401287832183,0.5113765642775882,879,3.5494547521299507,6.10429540763911,0.17834394904458598,1.0190171837945257,10.942487493249573,0.17419354838709677,1.2185857755282128,0.9429780282342701,0.6751592356687898
R1116,seq_ab902745838f97e5,157,V3_3T2D,1,Simple,0,0.45342,0.4559,21.631964584400222,0.5070079766981758,0.5108077360637088,879,3.926559930910852,6.421269899712017,0.4012738853503185,1.0284856742054342,9.685471531937033,0.2129032258064516,1.6728698674336966,1.0140413902478413,0.6114649681528662
R1116,seq_ab902745838f97e5,157,V3_3T2D,2,Simple,0,0.2484,0.25294,48.560300831372864,0.2611807772236371,0.24658703071672355,879,5.819341710234259,9.848278216427534,0.025477707006369428,1.6501996851569243,24.427072612667843,0.06451612903225806,0.6320358394204832,0.73289737777028,0.36942675159235666
R1116,seq_ab902745838f97e5,157,V3_3T2D,3,Simple,0,0.49184,0.49015,8.894083687197213,0.7214516491928245,0.7007963594994312,879,1.7741081282311226,2.3908012850263427,0.012738853503184714,0.649914133088619,9.30861814901786,0.01935483870967742,0.4570937044848306,0.6355613757204215,0.7515923566878981
R1116,seq_ab902745838f97e5,157,V3_3T2D,4,Simple,0,0.51489,0.51495,11.041775018623692,0.7320092232451754,0.7130261660978384,879,1.7560064483700726,2.624585536947253,0.006369426751592357,0.6989039156474554,9.147954076920861,0.025806451612903226,0.4115218167023439,0.5920479052701263,0.7133757961783439
R1116,seq_ab902745838f97e5,157,V3_3T2D,0,Geometry_historical,0,0.43276,0.4519,19.48105761068657,0.4927366049894767,0.5031285551763367,879,3.4401338279984834,6.052215131572416,0.1910828025477707,1.329161229751041,10.908421144429191,0.025806451612903226,0.7041234637340855,0.8395047298950666,0.6369426751592356
R1116,seq_ab902745838f97e5,157,V3_3T2D,1,Geometry_historical,0,0.45342,0.45537,21.670980917756875,0.49245285125913396,0.4985779294653015,879,3.8335373890550164,6.395966826485864,0.3248407643312102,1.3662855893912957,9.664347827981246,0.04516129032258064,0.8272439040910975,0.8859138506759432,0.6242038216560509
R1116,seq_ab902745838f97e5,157,V3_3T2D,2,Geometry_historical,0,0.2484,0.20655,48.558698615589975,0.25504805928115193,0.24061433447098976,879,5.764163277615635,9.809246282448063,0.025477707006369428,1.7495245260022403,24.41510863677842,0.03870967741935484,0.5170569544169368,0.6608932502821026,0.3821656050955414
R1116,seq_ab902745838f97e5,157,V3_3T2D,3,Geometry_historical,0,0.49184,0.49024,8.894130693233341,0.7224362610928841,0.7016496018202503,879,1.7659994549283418,2.3841382329310896,0.012738853503184714,0.6655645326817505,9.27407593240111,0.01935483870967742,0.37603571349339093,0.5320914099763318,0.7388535031847133
R1116,seq_ab902745838f97e5,157,V3_3T2D,4,Geometry_historical,0,0.51489,0.53052,11.038914029799994,0.7288755966547248,0.7098976109215017,879,1.7517616631751363,2.619226937482227,0.006369426751592357,0.7111189124474367,9.114668669204264,0.01935483870967742,0.3505116028310247,0.49037341496279274,0.7133757961783439
R1117v2,seq_d00cb7b2e16a5704,30,J_5T,0,Raw,1,0.45269,0.45269,3.859265235292945,0.531291603962573,0.5407894736842105,190,3.410773200666078,3.8573136802175907,0.0,1.1414663110152181,3.983471234800934,0.14285714285714285,0.981090527792939,0.9745078721273299,0.6
R1117v2,seq_d00cb7b2e16a5704,30,J_5T,1,Raw,0,0.41154,0.41154,10.662868138678325,0.33825139309071495,0.3269230769230769,156,5.14822293934166,8.418061294839221,0.0,1.2907519136704153,3.6980716544513736,0.0,0.6493883165375388,0.7540072503916458,0.6
R1117v2,seq_d00cb7b2e16a5704,30,J_5T,2,Raw,0,0.12632,0.12632,22.402736019378516,0.23580139682001733,0.22275641025641027,156,5.709950344170152,11.07517289111918,0.06666666666666667,1.6215207620363754,6.791172143846243,0.10714285714285714,1.2735426988153937,0.39549955253921104,0.13333333333333333
R1117v2,seq_d00cb7b2e16a5704,30,J_5T,3,Raw,0,0.2195,0.2195,26.911336451827594,0.2857373825814972,0.27724358974358976,156,13.464606371409657,23.367640444277324,0.03333333333333333,2.647535635618024,9.086254428600267,0.10714285714285714,1.7724251172941774,0.42407926890243947,0.4
R1117v2,seq_d00cb7b2e16a5704,30,J_5T,4,Raw,0,0.13582,0.13582,29.504352939984088,0.26015604622415767,0.2403846153846154,156,5.2932047939967015,12.226563017490678,0.0,0.5951786389130437,13.472322901596026,0.0,1.2806308934915684,0.6468406550612881,0.06666666666666667
R1117v2,seq_d00cb7b2e16a5704,30,J_5T,0,John_adaptive,1,0.45269,0.41432,3.7762604153816937,0.536410548750238,0.5447368421052632,190,3.2455706706252796,3.7389308869872453,0.0,0.8878574359032116,4.018269717163253,0.14285714285714285,0.9073284149623037,0.9573689959441822,0.6666666666666666
R1117v2,seq_d00cb7b2e16a5704,30,J_5T,1,John_adaptive,0,0.41154,0.36944,10.579816667916964,0.3342119629695541,0.32051282051282054,156,4.987323431519747,8.365975981275682,0.0,1.0430225735112892,3.8869772612591103,0.0,0.6293068064291683,0.7473174222104619,0.6
R1117v2,seq_d00cb7b2e16a5704,30,J_5T,2,John_adaptive,0,0.12632,0.15538,22.490622979343367,0.23942632915825937,0.22435897435897437,156,5.528119159226673,10.966865560652526,0.1,1.1889771421371431,6.87324977008338,0.07142857142857142,1.0590319707931921,0.3872359477945428,0.06666666666666667
R1117v2,seq_d00cb7b2e16a5704,30,J_5T,3,John_adaptive,0,0.2195,0.22424,26.520498695601347,0.2709645268104128,0.2692307692307692,156,11.834403218971795,21.78098798726259,0.03333333333333333,2.1241245304671246,9.00009111638294,0.03571428571428571,1.6872029515613334,0.5092568438123793,0.3333333333333333
R1117v2,seq_d00cb7b2e16a5704,30,J_5T,4,John_adaptive,0,0.13582,0.12375,29.474861256211906,0.2631953990331729,0.24358974358974358,156,5.286727257854468,12.220694289549087,0.0,0.46838567600487174,13.445582331810911,0.0,1.2904572476649043,0.6072918735618985,0.06666666666666667
R1117v2,seq_d00cb7b2e16a5704,30,J_5T,0,John_fixed,1,0.45269,0.35471,3.765271361092247,0.5246384773267423,0.5328947368421053,190,3.173828728977817,3.694554915631283,0.0,0.7975285245360041,4.061119022655408,0.14285714285714285,0.834342534075744,0.9108494079669645,0.6
R1117v2,seq_d00cb7b2e16a5704,30,J_5T,1,John_fixed,0,0.41154,0.38259,10.53536860917527,0.3278686499903606,0.3125,156,4.922288734877447,8.322841702743059,0.0,0.9632420027589429,3.9767605742073346,0.0,0.6043670557704203,0.7943285916530245,0.6
R1117v2,seq_d00cb7b2e16a5704,30,J_5T,2,John_fixed,0,0.12632,0.15617,22.525491616599467,0.2397630022890502,0.22435897435897437,156,5.489354650619369,10.950430066850188,0.06666666666666667,1.113424807656752,6.908502729934575,0.07142857142857142,1.0347096450011926,0.436317242573307,0.06666666666666667
R1117v2,seq_d00cb7b2e16a5704,30,J_5T,3,John_fixed,0,0.2195,0.22396,26.51453610911619,0.2709645268104128,0.2692307692307692,156,11.716134861492861,21.67654764069856,0.1,2.095937098100802,9.013325051540406,0.03571428571428571,1.7192768288269018,0.4675373031683496,0.3333333333333333
R1117v2,seq_d00cb7b2e16a5704,30,J_5T,4,John_fixed,0,0.13582,0.12226,29.47240169029316,0.2612538309858356,0.2419871794871795,156,5.2866962702396485,12.219946268860783,0.0,0.4592880972519547,13.443256565980768,0.0,1.2900576335300047,0.606745505470112,0.06666666666666667
R1117v2,seq_d00cb7b2e16a5704,30,J_5T,0,Simple,1,0.45269,0.43982,3.7996139201122006,0.5355333024663752,0.5447368421052632,190,3.3315278908378683,3.7835187532382086,0.0,0.9657933273193936,3.9995866094529315,0.14285714285714285,0.9187675996357954,0.9439067413714055,0.6
R1117v2,seq_d00cb7b2e16a5704,30,J_5T,1,Simple,0,0.41154,0.39068,10.635374747590317,0.3386304611380522,0.3269230769230769,156,5.105529152248332,8.390227179711461,0.0,1.131487611466286,3.7077214228190414,0.0,0.6396937628138096,0.7445932602632369,0.6
R1117v2,seq_d00cb7b2e16a5704,30,J_5T,2,Simple,0,0.12632,0.15642,22.394423669387564,0.24447143054512369,0.22916666666666666,156,5.688214992915934,11.062088645595146,0.06666666666666667,1.5475123217439724,6.785282197375416,0.10714285714285714,1.248985801299631,0.41671990720827207,0.13333333333333333
R1117v2,seq_d00cb7b2e16a5704,30,J_5T,3,Simple,0,0.2195,0.23062,26.88320387345546,0.28675747626986015,0.27884615384615385,156,13.41202766464425,23.30666930846933,0.03333333333333333,2.608996436915645,9.066018460506665,0.10714285714285714,1.7724011971011093,0.5112666445349263,0.4
R1117v2,seq_d00cb7b2e16a5704,30,J_5T,4,Simple,0,0.13582,0.1343,29.512219647252113,0.2625366891929615,0.24519230769230768,156,5.294142817797872,12.233287844354773,0.0,0.5118662695223963,13.482178148506208,0.0,1.2814568052330795,0.6584539863788242,0.06666666666666667
R1117v2,seq_d00cb7b2e16a5704,30,J_5T,0,Geometry_historical,1,0.45269,0.43456,3.800338976485252,0.5412874123534757,0.5513157894736842,190,3.331203402285799,3.7827921724111286,0.0,0.9608418885643606,3.987470986980167,0.14285714285714285,0.8335848249724822,0.8869985241919742,0.6
R1117v2,seq_d00cb7b2e16a5704,30,J_5T,1,Geometry_historical,0,0.41154,0.39528,10.6390101758223,0.3399973540490627,0.328525641025641,156,5.106655385598717,8.391620446619427,0.0,1.1307873584207147,3.695565815211763,0.0,0.6076334862405547,0.718415295227813,0.6
R1117v2,seq_d00cb7b2e16a5704,30,J_5T,2,Geometry_historical,0,0.12632,0.15511,22.38862262552469,0.24584306414094753,0.23076923076923078,156,5.674091173148018,11.050854982283454,0.06666666666666667,1.546534172965179,6.767569582746223,0.10714285714285714,1.0537737461094534,0.4262066667522551,0.13333333333333333
R1117v2,seq_d00cb7b2e16a5704,30,J_5T,3,Geometry_historical,0,0.2195,0.22542,26.85892278918901,0.2888249328071309,0.28044871794871795,156,13.384093809832057,23.271664389847665,0.03333333333333333,2.6007939263940862,9.04687517347623,0.10714285714285714,1.161609518336937,0.5934172012975897,0.4
R1117v2,seq_d00cb7b2e16a5704,30,J_5T,4,Geometry_historical,0,0.13582,0.13353,29.49012322012882,0.2645971287534011,0.2467948717948718,156,5.293200017097113,12.230960396645557,0.0,0.5037933694115738,13.462177491402954,0.0,0.7076839754430517,0.6444419770812709,0.06666666666666667
R1117v2,seq_d00cb7b2e16a5704,30,V3_5T,0,Raw,0,0.46162,0.46162,8.92187037622635,0.3336671263413494,0.3301282051282051,156,4.291078435492666,6.282094959155546,0.06666666666666667,1.4340998470780097,4.522812091990378,0.03571428571428571,0.6504825461370831,0.9295799519253025,0.6
R1117v2,seq_d00cb7b2e16a5704,30,V3_5T,1,Raw,1,0.4442,0.4442,4.919247279495517,0.4509029255716865,0.4605263157894737,190,3.0887006903480536,3.967191431753757,0.0,0.8494482903810152,4.129807563967672,0.14285714285714285,0.9666707681083332,1.0281983145417901,0.6
R1117v2,seq_d00cb7b2e16a5704,30,V3_5T,2,Raw,0,0.13633,0.13633,45.50011479307681,0.25821970683321605,0.24358974358974358,156,8.702328031898288,19.937373614851957,0.0,1.958856407446676,32.520400443295316,0.0,0.535864688362353,0.5376837630654507,0.0
R1117v2,seq_d00cb7b2e16a5704,30,V3_5T,3,Raw,0,0.12632,0.12632,24.314140601967022,0.2449360122046327,0.23237179487179488,156,4.7243728801769524,10.635171938723293,0.0,0.5769909696317581,9.067807907497691,0.03571428571428571,0.9167207274024741,0.3745582222979254,0.0
R1117v2,seq_d00cb7b2e16a5704,30,V3_5T,4,Raw,0,0.15534,0.15534,23.99057157825923,0.2553517942524253,0.2403846153846154,156,4.22485520608952,9.00708441590644,0.0,0.8707345602826091,9.11656834454644,0.07142857142857142,0.9458150332415084,0.36435210183838257,0.0
R1117v2,seq_d00cb7b2e16a5704,30,V3_5T,0,John_adaptive,0,0.46162,0.44539,8.69684004545384,0.35180065330398747,0.34455128205128205,156,4.025664959013052,6.001014935523193,0.03333333333333333,1.218779550905471,4.4565263118733895,0.03571428571428571,0.576571630254626,0.8682475021469609,0.6
R1117v2,seq_d00cb7b2e16a5704,30,V3_5T,1,John_adaptive,1,0.4442,0.43132,4.885489259012188,0.46560191896616665,0.475,190,3.028871083764543,3.920208480526457,0.0,0.6771986667364707,4.144385888356284,0.14285714285714285,0.995760520730056,1.0358948535899004,0.6666666666666666
R1117v2,seq_d00cb7b2e16a5704,30,V3_5T,2,John_adaptive,0,0.13633,0.15352,45.477321771857085,0.2654267172456027,0.25,156,8.678895971242072,19.897865080266733,0.0,1.5903652770268695,32.06830678560925,0.0,0.522424798630092,0.5207988990266592,0.0
R1117v2,seq_d00cb7b2e16a5704,30,V3_5T,3,John_adaptive,0,0.12632,0.13762,24.282709463170143,0.25236843413790305,0.23717948717948717,156,4.697845870235771,10.606194592201337,0.0,0.45036353940309615,9.018963552403193,0.03571428571428571,0.9070214794728113,0.36882212877110604,0.0
R1117v2,seq_d00cb7b2e16a5704,30,V3_5T,4,John_adaptive,0,0.15534,0.1532,24.074174151374265,0.2544758757208894,0.2419871794871795,156,4.22590271588054,9.047511451600975,0.0,0.5808740262153889,9.194974111426792,0.07142857142857142,0.9707181616535164,0.47247811062268147,0.06666666666666667
R1117v2,seq_d00cb7b2e16a5704,30,V3_5T,0,John_fixed,0,0.46162,0.40462,8.719555300999485,0.35901203910402535,0.35096153846153844,156,3.9962770884214276,5.958960608279669,0.06666666666666667,1.0012794066833646,4.499733024597532,0.07142857142857142,0.8010357446807884,0.9066326392959172,0.6666666666666666
R1117v2,seq_d00cb7b2e16a5704,30,V3_5T,1,John_fixed,1,0.4442,0.39231,4.905625372269798,0.4611869822429355,0.4697368421052632,190,3.038316795164279,3.9516027012422956,0.0,0.6227465591109034,4.188450353075908,0.10714285714285714,1.0460129125054032,1.1162584629582792,0.6666666666666666
R1117v2,seq_d00cb7b2e16a5704,30,V3_5T,2,John_fixed,0,0.13633,0.15439,45.4259799848918,0.26116774761913486,0.24358974358974358,156,8.646676842383785,19.838881450112936,0.0,1.4914977928082116,31.832681665644653,0.0,0.5203857172226087,0.5264250502867482,0.0
R1117v2,seq_d00cb7b2e16a5704,30,V3_5T,3,John_fixed,0,0.12632,0.13566,24.28661659077986,0.2506604381864861,0.23557692307692307,156,4.698106248791631,10.607220129167056,0.0,0.46504983045075887,9.026137311569986,0.03571428571428571,0.9084672142988118,0.36828340801111353,0.0
R1117v2,seq_d00cb7b2e16a5704,30,V3_5T,4,John_fixed,0,0.15534,0.15605,24.041274278511676,0.256824897313332,0.24358974358974358,156,4.214820628822977,9.032654272540004,0.0,0.6324817115475561,9.167472590817766,0.07142857142857142,0.9212161803642868,0.4147271277829518,0.0
R1117v2,seq_d00cb7b2e16a5704,30,V3_5T,0,Simple,0,0.46162,0.4527,8.895468541045934,0.3526417677394845,0.34294871794871795,156,4.3151204439823765,6.229338489290868,0.06666666666666667,1.0634754249732774,4.506707078595307,0.07142857142857142,0.8191545268268123,0.8061535623080239,0.6
R1117v2,seq_d00cb7b2e16a5704,30,V3_5T,1,Simple,1,0.4442,0.44089,4.888947425462894,0.45824815457639817,0.46710526315789475,190,3.0318555617918332,3.9077009233864572,0.0,0.7065184594169257,4.126685739898285,0.14285714285714285,0.9638481781947085,1.01196736294115,0.6
R1117v2,seq_d00cb7b2e16a5704,30,V3_5T,2,Simple,0,0.13633,0.13165,45.49339662323606,0.2610630436385081,0.24519230769230768,156,8.693299966845586,19.93187774411066,0.0,1.8059086821725545,32.511082784912816,0.0,0.5278133115970978,0.5174751047534,0.0
R1117v2,seq_d00cb7b2e16a5704,30,V3_5T,3,Simple,0,0.12632,0.12584,24.321684660943678,0.2505026189080428,0.23557692307692307,156,4.715222785372824,10.631606497202245,0.0,0.5070967280103619,9.076921398922433,0.03571428571428571,0.914028697865664,0.39038803740998956,0.0
R1117v2,seq_d00cb7b2e16a5704,30,V3_5T,4,Simple,0,0.15534,0.1419,24.0018330032478,0.25101740984466037,0.23717948717948717,156,4.2106138221154445,9.005274857306151,0.0,0.7495289400164766,9.115412195900042,0.07142857142857142,0.9438593952463289,0.3342439815132502,0.0
R1117v2,seq_d00cb7b2e16a5704,30,V3_5T,0,Geometry_historical,0,0.46162,0.4468,8.91376516446403,0.33409408103010746,0.3301282051282051,156,4.22756596511778,6.2306242089948825,0.06666666666666667,1.3130938396008547,4.498512035884968,0.0,0.43982498687314997,0.7727649054939223,0.6
R1117v2,seq_d00cb7b2e16a5704,30,V3_5T,1,Geometry_historical,1,0.4442,0.43068,4.896965390621439,0.46059675008282175,0.4697368421052632,190,3.028866834185017,3.9056212797119434,0.0,0.7043407962924538,4.099388707336775,0.14285714285714285,0.7497570101698242,0.9596229340528162,0.5333333333333333
R1117v2,seq_d00cb7b2e16a5704,30,V3_5T,2,Geometry_historical,0,0.13633,0.13549,45.46301303526628,0.2610630436385081,0.24519230769230768,156,8.684956717922944,19.92214093600628,0.0,1.8057891188916808,32.480261406429065,0.0,0.3823814682142506,0.5091549804230809,0.0
R1117v2,seq_d00cb7b2e16a5704,30,V3_5T,3,Geometry_historical,0,0.12632,0.1261,24.2394850118835,0.2519358895847345,0.23717948717948717,156,4.699235758427237,10.597000864930987,0.0,0.5243576935031412,8.997232727748628,0.03571428571428571,0.3803270259989426,0.29283963735671564,0.0
R1117v2,seq_d00cb7b2e16a5704,30,V3_5T,4,Geometry_historical,0,0.15534,0.15897,23.955655452841114,0.2507838377487401,0.23717948717948717,156,4.200038265694565,8.995749663278545,0.0,0.7621694158415542,9.038375586954842,0.07142857142857142,0.43252607138673793,0.36607465973555253,0.0
R1117v2,seq_d00cb7b2e16a5704,30,J_3T2D,0,Raw,1,0.45269,0.45269,3.859265235292945,0.531291603962573,0.5407894736842105,190,3.410773200666078,3.8573136802175907,0.0,1.1414663110152181,3.983471234800934,0.14285714285714285,0.981090527792939,0.9745078721273299,0.6
R1117v2,seq_d00cb7b2e16a5704,30,J_3T2D,1,Raw,0,0.41154,0.41154,10.662868138678325,0.33825139309071495,0.3269230769230769,156,5.14822293934166,8.418061294839221,0.0,1.2907519136704153,3.6980716544513736,0.0,0.6493883165375388,0.7540072503916458,0.6
R1117v2,seq_d00cb7b2e16a5704,30,J_3T2D,2,Raw,0,0.12632,0.12632,22.402736019378516,0.23580139682001733,0.22275641025641027,156,5.709950344170152,11.07517289111918,0.06666666666666667,1.6215207620363754,6.791172143846243,0.10714285714285714,1.2735426988153937,0.39549955253921104,0.13333333333333333
R1117v2,seq_d00cb7b2e16a5704,30,J_3T2D,3,Raw,0,0.27988,0.27988,2.9209572653389237,0.6411529784367811,0.6298076923076923,156,2.5666034456551525,3.012323745360263,0.0,0.8689504009094482,5.067343013610543,0.07142857142857142,0.71482465667046,1.0572306517992438,0.7333333333333333
R1117v2,seq_d00cb7b2e16a5704,30,J_3T2D,4,Raw,1,0.25708,0.25708,3.4440849631462274,0.5615971381114594,0.5657894736842105,190,3.201694004858278,3.590103634591439,0.0,0.9818132510924623,4.661466662990385,0.07142857142857142,0.5890822657177798,0.7876928553112099,0.6666666666666666
R1117v2,seq_d00cb7b2e16a5704,30,J_3T2D,0,John_adaptive,1,0.45269,0.41432,3.7762604153816937,0.536410548750238,0.5447368421052632,190,3.2455706706252796,3.7389308869872453,0.0,0.8878574359032116,4.018269717163253,0.14285714285714285,0.9073284149623037,0.9573689959441822,0.6666666666666666
R1117v2,seq_d00cb7b2e16a5704,30,J_3T2D,1,John_adaptive,0,0.41154,0.36944,10.579816667916964,0.3342119629695541,0.32051282051282054,156,4.987323431519747,8.365975981275682,0.0,1.0430225735112892,3.8869772612591103,0.0,0.6293068064291683,0.7473174222104619,0.6
R1117v2,seq_d00cb7b2e16a5704,30,J_3T2D,2,John_adaptive,0,0.12632,0.15538,22.490622979343367,0.23942632915825937,0.22435897435897437,156,5.528119159226673,10.966865560652526,0.1,1.1889771421371431,6.87324977008338,0.07142857142857142,1.0590319707931921,0.3872359477945428,0.06666666666666667
R1117v2,seq_d00cb7b2e16a5704,30,J_3T2D,3,John_adaptive,0,0.27988,0.26469,2.8856639186734663,0.6325864532982298,0.6217948717948718,156,2.531611307579223,2.9889245497570895,0.0,0.6248738972152266,5.141585426742882,0.07142857142857142,0.8363299433706898,1.0472333961270317,0.7333333333333333
R1117v2,seq_d00cb7b2e16a5704,30,J_3T2D,4,John_adaptive,1,0.25708,0.21924,3.3799452120647158,0.5630367360523472,0.5657894736842105,190,3.0762650393748774,3.4987179403813196,0.0,0.7073455482833453,4.677919120300752,0.03571428571428571,0.617862515241259,0.7888143662005072,0.6666666666666666
R1117v2,seq_d00cb7b2e16a5704,30,J_3T2D,0,John_fixed,1,0.45269,0.35471,3.765271361092247,0.5246384773267423,0.5328947368421053,190,3.173828728977817,3.694554915631283,0.0,0.7975285245360041,4.061119022655408,0.14285714285714285,0.834342534075744,0.9108494079669645,0.6
R1117v2,seq_d00cb7b2e16a5704,30,J_3T2D,1,John_fixed,0,0.41154,0.38259,10.53536860917527,0.3278686499903606,0.3125,156,4.922288734877447,8.322841702743059,0.0,0.9632420027589429,3.9767605742073346,0.0,0.6043670557704203,0.7943285916530245,0.6
R1117v2,seq_d00cb7b2e16a5704,30,J_3T2D,2,John_fixed,0,0.12632,0.15617,22.525491616599467,0.2397630022890502,0.22435897435897437,156,5.489354650619369,10.950430066850188,0.06666666666666667,1.113424807656752,6.908502729934575,0.07142857142857142,1.0347096450011926,0.436317242573307,0.06666666666666667
R1117v2,seq_d00cb7b2e16a5704,30,J_3T2D,3,John_fixed,0,0.27988,0.26781,2.8848039471355014,0.6301917504778305,0.6201923076923077,156,2.5319501566121065,2.9885614593046492,0.0,0.6451553615165447,5.1361457704343625,0.07142857142857142,0.809402896428078,0.9941492319359162,0.6666666666666666
R1117v2,seq_d00cb7b2e16a5704,30,J_3T2D,4,John_fixed,1,0.25708,0.22394,3.368425958841396,0.5710221001483893,0.575,190,3.0822073050732994,3.4984080115864233,0.0,0.741709508502897,4.692367652852697,0.07142857142857142,0.6177974976636103,0.785337978345481,0.6666666666666666
R1117v2,seq_d00cb7b2e16a5704,30,J_3T2D,0,Simple,1,0.45269,0.43982,3.7996139201122006,0.5355333024663752,0.5447368421052632,190,3.3315278908378683,3.7835187532382086,0.0,0.9657933273193936,3.9995866094529315,0.14285714285714285,0.9187675996357954,0.9439067413714055,0.6
R1117v2,seq_d00cb7b2e16a5704,30,J_3T2D,1,Simple,0,0.41154,0.39068,10.635374747590317,0.3386304611380522,0.3269230769230769,156,5.105529152248332,8.390227179711461,0.0,1.131487611466286,3.7077214228190414,0.0,0.6396937628138096,0.7445932602632369,0.6
R1117v2,seq_d00cb7b2e16a5704,30,J_3T2D,2,Simple,0,0.12632,0.15642,22.394423669387564,0.24447143054512369,0.22916666666666666,156,5.688214992915934,11.062088645595146,0.06666666666666667,1.5475123217439724,6.785282197375416,0.10714285714285714,1.248985801299631,0.41671990720827207,0.13333333333333333
R1117v2,seq_d00cb7b2e16a5704,30,J_3T2D,3,Simple,0,0.27988,0.28842,2.90272241997511,0.6408775252938297,0.6282051282051282,156,2.531067268921896,2.987668405547721,0.0,0.6901462089743157,5.045156011049615,0.03571428571428571,0.7463353742463977,1.0787020086585362,0.7333333333333333
R1117v2,seq_d00cb7b2e16a5704,30,J_3T2D,4,Simple,1,0.25708,0.25915,3.402209299448224,0.5737720180738513,0.5763157894736842,190,3.1419427279296928,3.545778037560447,0.0,0.8122349167123438,4.63576572679543,0.07142857142857142,0.5782809100172152,0.8314644971696418,0.6666666666666666
R1117v2,seq_d00cb7b2e16a5704,30,J_3T2D,0,Geometry_historical,1,0.45269,0.43456,3.800338976485252,0.5412874123534757,0.5513157894736842,190,3.331203402285799,3.7827921724111286,0.0,0.9608418885643606,3.987470986980167,0.14285714285714285,0.8335848249724822,0.8869985241919742,0.6
R1117v2,seq_d00cb7b2e16a5704,30,J_3T2D,1,Geometry_historical,0,0.41154,0.39528,10.6390101758223,0.3399973540490627,0.328525641025641,156,5.106655385598717,8.391620446619427,0.0,1.1307873584207147,3.695565815211763,0.0,0.6076334862405547,0.718415295227813,0.6
R1117v2,seq_d00cb7b2e16a5704,30,J_3T2D,2,Geometry_historical,0,0.12632,0.15511,22.38862262552469,0.24584306414094753,0.23076923076923078,156,5.674091173148018,11.050854982283454,0.06666666666666667,1.546534172965179,6.767569582746223,0.10714285714285714,1.0537737461094534,0.4262066667522551,0.13333333333333333
R1117v2,seq_d00cb7b2e16a5704,30,J_3T2D,3,Geometry_historical,0,0.27988,0.29071,2.9040405404322054,0.6459922907577854,0.6330128205128205,156,2.532802837755367,2.9849065575008566,0.0,0.6940117870552159,5.023155801149549,0.07142857142857142,0.7228561159041674,1.0043435559705125,0.7333333333333333
R1117v2,seq_d00cb7b2e16a5704,30,J_3T2D,4,Geometry_historical,1,0.25708,0.26425,3.4046104792503544,0.5690388245199947,0.5723684210526315,190,3.14554884566207,3.5474294406605402,0.0,0.8041872209621537,4.615300222239462,0.07142857142857142,0.5263875842815483,0.7646134557282758,0.6666666666666666
R1117v2,seq_d00cb7b2e16a5704,30,V3_3T2D,0,Raw,0,0.46162,0.46162,8.92187037622635,0.3336671263413494,0.3301282051282051,156,4.291078435492666,6.282094959155546,0.06666666666666667,1.4340998470780097,4.522812091990378,0.03571428571428571,0.6504825461370831,0.9295799519253025,0.6
R1117v2,seq_d00cb7b2e16a5704,30,V3_3T2D,1,Raw,1,0.4442,0.4442,4.919247279495517,0.4509029255716865,0.4605263157894737,190,3.0887006903480536,3.967191431753757,0.0,0.8494482903810152,4.129807563967672,0.14285714285714285,0.9666707681083332,1.0281983145417901,0.6
R1117v2,seq_d00cb7b2e16a5704,30,V3_3T2D,2,Raw,0,0.13633,0.13633,45.50011479307681,0.25821970683321605,0.24358974358974358,156,8.702328031898288,19.937373614851957,0.0,1.958856407446676,32.520400443295316,0.0,0.535864688362353,0.5376837630654507,0.0
R1117v2,seq_d00cb7b2e16a5704,30,V3_3T2D,3,Raw,0,0.27988,0.27988,2.9209572653389237,0.6411529784367811,0.6298076923076923,156,2.5666034456551525,3.012323745360263,0.0,0.8689504009094482,5.067343013610543,0.07142857142857142,0.71482465667046,1.0572306517992438,0.7333333333333333
R1117v2,seq_d00cb7b2e16a5704,30,V3_3T2D,4,Raw,1,0.25708,0.25708,3.4440849631462274,0.5615971381114594,0.5657894736842105,190,3.201694004858278,3.590103634591439,0.0,0.9818132510924623,4.661466662990385,0.07142857142857142,0.5890822657177798,0.7876928553112099,0.6666666666666666
R1117v2,seq_d00cb7b2e16a5704,30,V3_3T2D,0,John_adaptive,0,0.46162,0.44539,8.69684004545384,0.35180065330398747,0.34455128205128205,156,4.025664959013052,6.001014935523193,0.03333333333333333,1.218779550905471,4.4565263118733895,0.03571428571428571,0.576571630254626,0.8682475021469609,0.6
R1117v2,seq_d00cb7b2e16a5704,30,V3_3T2D,1,John_adaptive,1,0.4442,0.43132,4.885489259012188,0.46560191896616665,0.475,190,3.028871083764543,3.920208480526457,0.0,0.6771986667364707,4.144385888356284,0.14285714285714285,0.995760520730056,1.0358948535899004,0.6666666666666666
R1117v2,seq_d00cb7b2e16a5704,30,V3_3T2D,2,John_adaptive,0,0.13633,0.15352,45.477321771857085,0.2654267172456027,0.25,156,8.678895971242072,19.897865080266733,0.0,1.5903652770268695,32.06830678560925,0.0,0.522424798630092,0.5207988990266592,0.0
R1117v2,seq_d00cb7b2e16a5704,30,V3_3T2D,3,John_adaptive,0,0.27988,0.26469,2.8856639186734663,0.6325864532982298,0.6217948717948718,156,2.531611307579223,2.9889245497570895,0.0,0.6248738972152266,5.141585426742882,0.07142857142857142,0.8363299433706898,1.0472333961270317,0.7333333333333333
R1117v2,seq_d00cb7b2e16a5704,30,V3_3T2D,4,John_adaptive,1,0.25708,0.21924,3.3799452120647158,0.5630367360523472,0.5657894736842105,190,3.0762650393748774,3.4987179403813196,0.0,0.7073455482833453,4.677919120300752,0.03571428571428571,0.617862515241259,0.7888143662005072,0.6666666666666666
R1117v2,seq_d00cb7b2e16a5704,30,V3_3T2D,0,John_fixed,0,0.46162,0.40462,8.719555300999485,0.35901203910402535,0.35096153846153844,156,3.9962770884214276,5.958960608279669,0.06666666666666667,1.0012794066833646,4.499733024597532,0.07142857142857142,0.8010357446807884,0.9066326392959172,0.6666666666666666
R1117v2,seq_d00cb7b2e16a5704,30,V3_3T2D,1,John_fixed,1,0.4442,0.39231,4.905625372269798,0.4611869822429355,0.4697368421052632,190,3.038316795164279,3.9516027012422956,0.0,0.6227465591109034,4.188450353075908,0.10714285714285714,1.0460129125054032,1.1162584629582792,0.6666666666666666
R1117v2,seq_d00cb7b2e16a5704,30,V3_3T2D,2,John_fixed,0,0.13633,0.15439,45.4259799848918,0.26116774761913486,0.24358974358974358,156,8.646676842383785,19.838881450112936,0.0,1.4914977928082116,31.832681665644653,0.0,0.5203857172226087,0.5264250502867482,0.0
R1117v2,seq_d00cb7b2e16a5704,30,V3_3T2D,3,John_fixed,0,0.27988,0.26781,2.8848039471355014,0.6301917504778305,0.6201923076923077,156,2.5319501566121065,2.9885614593046492,0.0,0.6451553615165447,5.1361457704343625,0.07142857142857142,0.809402896428078,0.9941492319359162,0.6666666666666666
R1117v2,seq_d00cb7b2e16a5704,30,V3_3T2D,4,John_fixed,1,0.25708,0.22394,3.368425958841396,0.5710221001483893,0.575,190,3.0822073050732994,3.4984080115864233,0.0,0.741709508502897,4.692367652852697,0.07142857142857142,0.6177974976636103,0.785337978345481,0.6666666666666666
R1117v2,seq_d00cb7b2e16a5704,30,V3_3T2D,0,Simple,0,0.46162,0.4527,8.895468541045934,0.3526417677394845,0.34294871794871795,156,4.3151204439823765,6.229338489290868,0.06666666666666667,1.0634754249732774,4.506707078595307,0.07142857142857142,0.8191545268268123,0.8061535623080239,0.6
R1117v2,seq_d00cb7b2e16a5704,30,V3_3T2D,1,Simple,1,0.4442,0.44089,4.888947425462894,0.45824815457639817,0.46710526315789475,190,3.0318555617918332,3.9077009233864572,0.0,0.7065184594169257,4.126685739898285,0.14285714285714285,0.9638481781947085,1.01196736294115,0.6
R1117v2,seq_d00cb7b2e16a5704,30,V3_3T2D,2,Simple,0,0.13633,0.13165,45.49339662323606,0.2610630436385081,0.24519230769230768,156,8.693299966845586,19.93187774411066,0.0,1.8059086821725545,32.511082784912816,0.0,0.5278133115970978,0.5174751047534,0.0
R1117v2,seq_d00cb7b2e16a5704,30,V3_3T2D,3,Simple,0,0.27988,0.28842,2.90272241997511,0.6408775252938297,0.6282051282051282,156,2.531067268921896,2.987668405547721,0.0,0.6901462089743157,5.045156011049615,0.03571428571428571,0.7463353742463977,1.0787020086585362,0.7333333333333333
R1117v2,seq_d00cb7b2e16a5704,30,V3_3T2D,4,Simple,1,0.25708,0.25915,3.402209299448224,0.5737720180738513,0.5763157894736842,190,3.1419427279296928,3.545778037560447,0.0,0.8122349167123438,4.63576572679543,0.07142857142857142,0.5782809100172152,0.8314644971696418,0.6666666666666666
R1117v2,seq_d00cb7b2e16a5704,30,V3_3T2D,0,Geometry_historical,0,0.46162,0.4468,8.91376516446403,0.33409408103010746,0.3301282051282051,156,4.22756596511778,6.2306242089948825,0.06666666666666667,1.3130938396008547,4.498512035884968,0.0,0.43982498687314997,0.7727649054939223,0.6
R1117v2,seq_d00cb7b2e16a5704,30,V3_3T2D,1,Geometry_historical,1,0.4442,0.43068,4.896965390621439,0.46059675008282175,0.4697368421052632,190,3.028866834185017,3.9056212797119434,0.0,0.7043407962924538,4.099388707336775,0.14285714285714285,0.7497570101698242,0.9596229340528162,0.5333333333333333
R1117v2,seq_d00cb7b2e16a5704,30,V3_3T2D,2,Geometry_historical,0,0.13633,0.13549,45.46301303526628,0.2610630436385081,0.24519230769230768,156,8.684956717922944,19.92214093600628,0.0,1.8057891188916808,32.480261406429065,0.0,0.3823814682142506,0.5091549804230809,0.0
R1117v2,seq_d00cb7b2e16a5704,30,V3_3T2D,3,Geometry_historical,0,0.27988,0.29071,2.9040405404322054,0.6459922907577854,0.6330128205128205,156,2.532802837755367,2.9849065575008566,0.0,0.6940117870552159,5.023155801149549,0.07142857142857142,0.7228561159041674,1.0043435559705125,0.7333333333333333
R1117v2,seq_d00cb7b2e16a5704,30,V3_3T2D,4,Geometry_historical,1,0.25708,0.26425,3.4046104792503544,0.5690388245199947,0.5723684210526315,190,3.14554884566207,3.5474294406605402,0.0,0.8041872209621537,4.615300222239462,0.07142857142857142,0.5263875842815483,0.7646134557282758,0.6666666666666666
R1126,seq_c8464c14b2e8bee2,363,J_5T,0,Raw,0,0.16955,0.16955,47.360132112934885,0.2609316695819126,0.24989379779099405,2354,5.586065470611716,9.64103504605732,0.04132231404958678,1.2997263385041358,4.981405519259916,0.09695290858725762,1.045638007840148,0.8699068991613871,0.6336088154269972
R1126,seq_c8464c14b2e8bee2,363,J_5T,1,Raw,0,0.20394,0.20394,63.339868303616896,0.2574985962188518,0.24384027187765506,2354,6.527843795581534,10.959623927925751,0.05234159779614325,1.5723292667604276,39.341468375537225,0.0664819944598338,1.2968216024445267,0.8276420148817349,0.5674931129476584
R1126,seq_c8464c14b2e8bee2,363,J_5T,2,Raw,0,0.14578,0.14578,53.0385806975166,0.2509671006986343,0.24076040781648259,2354,7.954799883376595,12.744344544775336,0.09641873278236915,2.162748459775248,0.42759257522092753,0.10526315789473684,1.5438600254319914,0.8145034401715825,0.6556473829201102
R1126,seq_c8464c14b2e8bee2,363,J_5T,3,Raw,0,0.14101,0.14101,62.58672331094501,0.23506739422043627,0.22493627867459642,2354,5.036160452251075,8.66715937605267,0.0440771349862259,1.156013602515068,31.53644157917538,0.11911357340720222,1.2159213439738856,1.0038172620747685,0.5564738292011019
R1126,seq_c8464c14b2e8bee2,363,J_5T,4,Raw,0,0.16918,0.16918,71.86781629231673,0.23782625444792863,0.22833474936278675,2354,9.562816880695328,15.792690266889908,0.06611570247933884,2.474586897991169,29.709329893799854,0.08033240997229917,1.5011038416519538,0.7091436018083758,0.45179063360881544
R1126,seq_c8464c14b2e8bee2,363,J_5T,0,John_adaptive,0,0.16955,0.17331,47.26841362510358,0.26413570616027426,0.25350467289719625,2354,5.320145433142364,9.413949296227264,0.06336088154269973,0.9378697188124386,5.072310267153057,0.08033240997229917,1.032059323895564,0.8694211528052168,0.6391184573002755
R1126,seq_c8464c14b2e8bee2,363,J_5T,1,John_adaptive,0,0.20394,0.13925,63.3316503856896,0.2598060313006556,0.24564570943075617,2354,6.115614418355757,10.555124819607325,0.06060606060606061,1.1782142649161929,39.40816002115725,0.055401662049861494,1.2506439283719553,0.9291335993447482,0.5950413223140496
R1126,seq_c8464c14b2e8bee2,363,J_5T,2,John_adaptive,0,0.14578,0.14551,53.066107303171535,0.253800797806765,0.2435216652506372,2354,7.2878724284109,12.127990794585289,0.10743801652892562,1.593781950396432,0.6179833494086395,0.0664819944598338,1.4485427030458642,0.935327840833832,0.6721763085399449
R1126,seq_c8464c14b2e8bee2,363,J_5T,3,John_adaptive,0,0.14101,0.16685,62.550523690094614,0.24415396429821346,0.23237043330501275,2354,4.852431597077993,8.529363226909098,0.06336088154269973,0.7576351249634874,31.52017483990658,0.11080332409972299,1.1728586615838115,1.0713250538555312,0.6005509641873278
R1126,seq_c8464c14b2e8bee2,363,J_5T,4,John_adaptive,0,0.16918,0.16471,71.62016697639379,0.2300910526648449,0.22291843670348344,2354,8.755073410256047,14.940959853662319,0.09090909090909091,1.943241295641525,29.840360608861097,0.06371191135734072,1.4075785639021992,0.8480048355525324,0.4462809917355372
R1126,seq_c8464c14b2e8bee2,363,J_5T,0,John_fixed,0,0.16955,0.1733,47.27112656872058,0.2628762925044966,0.2525488530161427,2354,5.32802061142545,9.42040537066839,0.06060606060606061,0.947849800925367,5.070395272347206,0.08033240997229917,1.0346067449596559,0.8703620230386747,0.6446280991735537
R1126,seq_c8464c14b2e8bee2,363,J_5T,1,John_fixed,0,0.20394,0.13933,63.328442019078516,0.25902296837677463,0.24500849617672046,2354,6.132233184442661,10.56989925288885,0.06060606060606061,1.192991909734063,39.40125424181661,0.055401662049861494,1.248346121657519,0.9191695276557431,0.5895316804407713
R1126,seq_c8464c14b2e8bee2,363,J_5T,2,John_fixed,0,0.14578,0.14557,53.05811129557138,0.2532729575674614,0.24330926083262533,2354,7.313859084032275,12.149839106456298,0.12121212121212122,1.619560067494486,0.5940042625576396,0.06925207756232687,1.4715909855316596,0.9290118401758762,0.6721763085399449
R1126,seq_c8464c14b2e8bee2,363,J_5T,3,John_fixed,0,0.14101,0.16683,62.553529092057936,0.24362753354572536,0.231839422259983,2354,4.862937336162196,8.536917129687907,0.06336088154269973,0.7767892499611867,31.522217612268186,0.11080332409972299,1.1831368872500538,1.0755251007032727,0.6060606060606061
R1126,seq_c8464c14b2e8bee2,363,J_5T,4,John_fixed,0,0.16918,0.16419,71.62659562467842,0.2311466962185959,0.22387425658453697,2354,8.799300943113595,14.987714214273312,0.08539944903581267,1.9710852494022182,29.81098002234979,0.06371191135734072,1.4131691632594243,0.8338030101323074,0.45179063360881544
R1126,seq_c8464c14b2e8bee2,363,J_5T,0,Simple,0,0.16955,0.1696,47.354273935497226,0.26271399071234064,0.25191163976210706,2354,5.5377977462612815,9.608049876234853,0.03856749311294766,1.123407499239694,4.98951420189136,0.09141274238227147,1.0356300521375872,0.8701679745293814,0.6391184573002755
R1126,seq_c8464c14b2e8bee2,363,J_5T,1,Simple,0,0.20394,0.1557,63.33676625973457,0.2601603673897303,0.2463891248937978,2354,6.496255057418681,10.935848728586716,0.05234159779614325,1.4398443635170277,39.33860245513892,0.0664819944598338,1.3014579502047126,0.8480807871510583,0.5840220385674931
R1126,seq_c8464c14b2e8bee2,363,J_5T,2,Simple,0,0.14578,0.14596,53.027216971811285,0.25445665599252754,0.24426508071367883,2354,7.897970346391488,12.697102607617778,0.0881542699724518,2.0150379018758944,0.4134065402246492,0.09695290858725762,1.5312704154326278,0.8121482273974174,0.6391184573002755
R1126,seq_c8464c14b2e8bee2,363,J_5T,3,Simple,0,0.14101,0.14205,62.58446481892636,0.24063018312812023,0.22982158028887,2354,4.999275341455509,8.641816554909974,0.05509641873278237,0.9637307963899359,31.534184823301196,0.11911357340720222,1.2099461502124078,1.0133160676970145,0.5509641873278237
R1126,seq_c8464c14b2e8bee2,363,J_5T,4,Simple,0,0.16918,0.17,71.8581858601474,0.23984624560548123,0.2300339847068819,2354,9.514505850741266,15.75351888927069,0.06336088154269973,2.346061057042622,29.699215362945928,0.07756232686980609,1.4891509792366266,0.7293733568615781,0.4462809917355372
R1126,seq_c8464c14b2e8bee2,363,J_5T,0,Geometry_historical,0,0.16955,0.17376,47.36353817294474,0.26381912983400874,0.2529736618521665,2354,5.534087977518949,9.60986565688418,0.03856749311294766,1.1285752200892907,4.968663861405936,0.0886426592797784,0.9342541212571999,0.8004221894206166,0.6391184573002755
R1126,seq_c8464c14b2e8bee2,363,J_5T,1,Geometry_historical,0,0.20394,0.15577,63.32065737125558,0.2613187537699731,0.2477697536108751,2354,6.487196916414723,10.930499772651281,0.049586776859504134,1.443865130939327,39.31836658898042,0.0664819944598338,0.9734416796361296,0.8314673084474776,0.5785123966942148
R1126,seq_c8464c14b2e8bee2,363,J_5T,2,Geometry_historical,0,0.14578,0.14599,53.02768577456096,0.25443717979486963,0.2441588785046729,2354,7.891340531686393,12.692939738656957,0.09366391184573003,2.0115714431161527,0.41219303597049617,0.09418282548476455,1.205968264857618,0.8371953079488902,0.6446280991735537
R1126,seq_c8464c14b2e8bee2,363,J_5T,3,Geometry_historical,0,0.14101,0.14477,62.56856732581146,0.241057418705469,0.23014018691588786,2354,4.990194436115307,8.637662082620091,0.05509641873278237,0.971016470960969,31.51369373943229,0.11911357340720222,1.0123806037494238,0.9723280710018714,0.5674931129476584
R1126,seq_c8464c14b2e8bee2,363,J_5T,4,Geometry_historical,0,0.16918,0.16954,71.84147640063448,0.24094404456920016,0.23109600679694137,2354,9.504678533541354,15.747802948869406,0.06611570247933884,2.338201620840394,29.678711259614282,0.07756232686980609,1.0657142991567978,0.7626393081860202,0.43526170798898073
R1126,seq_c8464c14b2e8bee2,363,V3_5T,0,Raw,0,0.16148,0.16148,46.341343751749555,0.2178180357408156,0.21059898045879355,2354,5.58816479640012,9.243387181592416,0.14049586776859505,1.6764194078402312,0.5696038682561735,0.08587257617728532,1.0224536254189165,0.8739255923081188,0.6391184573002755
R1126,seq_c8464c14b2e8bee2,363,V3_5T,1,Raw,0,0.18237,0.18237,48.093104569120804,0.25165522726026274,0.2412914188615123,2354,5.285971127696534,9.123832334033937,0.024793388429752067,1.2019432672783177,1.300406106979196,0.0664819944598338,0.9816573551673881,0.8661680938805982,0.5730027548209367
R1126,seq_c8464c14b2e8bee2,363,V3_5T,2,Raw,0,0.14464,0.14464,64.79228379815648,0.22075004183149513,0.2107051826677995,2354,5.149991525521237,9.027400338163117,0.1487603305785124,1.452823447750627,33.82820453671439,0.05817174515235457,0.9726671909726914,0.9737490994031998,0.5179063360881543
R1126,seq_c8464c14b2e8bee2,363,V3_5T,3,Raw,0,0.20438,0.20438,61.616597675660174,0.20692915511404508,0.19668649107901445,2354,5.217399098728194,8.369244126601583,0.5482093663911846,1.7994681157715349,43.267101767338666,0.024930747922437674,1.0435801181485986,0.9058576744440008,0.6060606060606061
R1126,seq_c8464c14b2e8bee2,363,V3_5T,4,Raw,0,0.15196,0.15196,53.751179109211606,0.2155734292419951,0.2104927782497876,2354,5.935678225124502,9.835310762190124,0.8512396694214877,2.019990700976124,4.922204344404577,0.05817174515235457,1.1992115364040017,0.8675771012767068,0.6336088154269972
R1126,seq_c8464c14b2e8bee2,363,V3_5T,0,John_adaptive,0,0.16148,0.16541,46.223595522103935,0.22964383278254802,0.2207943925233645,2354,5.323674720307317,9.016689605357637,0.10192837465564739,1.1813988360967442,0.4414669292782776,0.11634349030470914,1.0861776221867154,0.9245126530826044,0.6336088154269972
R1126,seq_c8464c14b2e8bee2,363,V3_5T,1,John_adaptive,0,0.18237,0.18231,48.00493506289178,0.2568785836912463,0.24649532710280375,2354,5.141808905228361,8.998360910377432,0.027548209366391185,0.8772013285619217,1.287445387379556,0.06371191135734072,1.0594833082765354,0.9085471771603465,0.6005509641873278
R1126,seq_c8464c14b2e8bee2,363,V3_5T,2,John_adaptive,0,0.14464,0.14269,64.82407852762299,0.23231950245076016,0.22121920135938827,2354,5.0266190164557605,8.931460479953328,0.09366391184573003,0.9821527647443722,33.85035510486704,0.10803324099722991,1.0814707414997884,1.009760219260897,0.5179063360881543
R1126,seq_c8464c14b2e8bee2,363,V3_5T,3,John_adaptive,0,0.20438,0.20698,61.61297058919732,0.22454803325810915,0.21367884451996602,2354,5.161136288813132,8.300739472569134,0.31955922865013775,1.0414476040450527,43.27514683488695,0.21052631578947367,1.526741846285319,1.1079457362532934,0.628099173553719
R1126,seq_c8464c14b2e8bee2,363,V3_5T,4,John_adaptive,0,0.15196,0.15757,53.7071289484702,0.2367180923023137,0.23035259133389974,2354,5.67332905454298,9.603637809596178,0.39669421487603307,1.1565222929085257,4.907653306131863,0.1883656509695291,1.6399116434515066,1.0327067940497123,0.6776859504132231
R1126,seq_c8464c14b2e8bee2,363,V3_5T,0,John_fixed,0,0.16148,0.16568,46.20880724418523,0.2303797700347615,0.22153780798640613,2354,5.296438686804454,8.99435975104533,0.09366391184573003,1.123201731094378,0.4254434582027997,0.12742382271468145,1.1056777956341168,0.9369714070686422,0.6446280991735537
R1126,seq_c8464c14b2e8bee2,363,V3_5T,1,John_fixed,0,0.18237,0.18392,47.99845614300421,0.25733346083363784,0.24681393372982158,2354,5.134943491486034,8.992422041851881,0.027548209366391185,0.8555814213591292,1.2868648249183394,0.06925207756232687,1.059647574942837,0.9104532568866693,0.6005509641873278
R1126,seq_c8464c14b2e8bee2,363,V3_5T,2,John_fixed,0,0.14464,0.14267,64.82351939481146,0.2320501309653229,0.22090059473237042,2354,5.027816497028925,8.932589171765727,0.09366391184573003,0.9895861613526805,33.84971685558893,0.10803324099722991,1.0806166250408362,1.0086480836356886,0.5179063360881543
R1126,seq_c8464c14b2e8bee2,363,V3_5T,3,John_fixed,0,0.20438,0.20724,61.61588020246631,0.22282033145222438,0.2118734069668649,2354,5.159611669300085,8.30093572514495,0.3305785123966942,1.091929007078128,43.278228595943254,0.2077562326869806,1.5037541151456661,1.1080652954920454,0.6336088154269972
R1126,seq_c8464c14b2e8bee2,363,V3_5T,4,John_fixed,0,0.15196,0.15841,53.70742986466207,0.23438488084376322,0.22833474936278675,2354,5.6925070923234244,9.62158063884309,0.4380165289256198,1.2257627691302717,4.903565044745029,0.18005540166204986,1.657364443319743,1.0453213270388595,0.6666666666666666
R1126,seq_c8464c14b2e8bee2,363,V3_5T,0,Simple,0,0.16148,0.16436,46.34680089858924,0.23278556721904223,0.2223874256584537,2354,5.557206274529568,9.22887191595278,0.07988980716253444,1.2345607745592244,0.5714939543863267,0.1440443213296399,1.2497637416423582,0.9461168649365472,0.650137741046832
R1126,seq_c8464c14b2e8bee2,363,V3_5T,1,Simple,0,0.18237,0.19619,48.07937052206128,0.25408952014821606,0.24320305862361938,2354,5.276614900900122,9.1134361335854,0.030303030303030304,0.962542544300358,1.2818403447690088,0.08033240997229917,1.062131605759419,0.8983512304037252,0.5950413223140496
R1126,seq_c8464c14b2e8bee2,363,V3_5T,2,Simple,0,0.14464,0.14295,64.7723126984887,0.23737660758819185,0.22674171622769754,2354,5.170701987176222,9.035055367546645,0.09641873278236915,0.9801690433401052,33.79731099342924,0.13573407202216067,1.1826965031116239,1.0367047352712306,0.5179063360881543
R1126,seq_c8464c14b2e8bee2,363,V3_5T,3,Simple,0,0.20438,0.19854,61.68224026906353,0.23405473807498647,0.22313084112149534,2354,5.273629489420569,8.395462042515984,0.29476584022038566,0.8995731868735242,43.300627688586296,0.2188365650969529,1.7809925707600847,1.0986603908035981,0.6336088154269972
R1126,seq_c8464c14b2e8bee2,363,V3_5T,4,Simple,0,0.15196,0.15359,53.76428415818706,0.2398448691480404,0.23258283772302463,2354,5.955028197466417,9.83143184869546,0.5206611570247934,1.2239450697440104,4.940738874987211,0.20498614958448755,1.8352263578540484,0.9960338578584857,0.6666666666666666
R1126,seq_c8464c14b2e8bee2,363,V3_5T,0,Geometry_historical,0,0.16148,0.19828,46.33386412295329,0.22552124142762348,0.21707731520815632,2354,5.524758810516595,9.195165439426292,0.06060606060606061,1.415480761035566,0.5548240553763719,0.07756232686980609,0.9611612320511973,0.8625401059168429,0.6611570247933884
R1126,seq_c8464c14b2e8bee2,363,V3_5T,1,Geometry_historical,0,0.18237,0.19994,48.08563427868379,0.25171981717123176,0.24150382327952422,2354,5.240744579243423,9.096763125096638,0.02203856749311295,1.0537278808840895,1.2837042111164365,0.055401662049861494,0.8086283159839996,0.8205039156052701,0.5785123966942148
R1126,seq_c8464c14b2e8bee2,363,V3_5T,2,Geometry_historical,0,0.14464,0.15116,64.77801096962862,0.23044422653279056,0.21983857264231096,2354,5.102846401130739,8.999061573773686,0.05234159779614325,1.1977753757685565,33.806650087512374,0.05817174515235457,0.7295971510955485,0.8963730412916416,0.512396694214876
R1126,seq_c8464c14b2e8bee2,363,V3_5T,3,Geometry_historical,0,0.20438,0.2089,61.5927096364889,0.21905912191399235,0.20836873406966866,2354,5.182387378745511,8.364268638826875,0.2534435261707989,1.3671820169548128,43.22526456476425,0.024930747922437674,0.8546373282363378,0.9120262079632294,0.6170798898071626
R1126,seq_c8464c14b2e8bee2,363,V3_5T,4,Geometry_historical,0,0.15196,0.16678,53.72689195874714,0.22480667022210574,0.21898895497026338,2354,5.848929063575531,9.771990598405441,0.4132231404958678,1.6423716288120407,4.85922589326637,0.05263157894736842,0.9082412640089229,0.823173158319463,0.6336088154269972
R1126,seq_c8464c14b2e8bee2,363,J_3T2D,0,Raw,0,0.16955,0.16955,47.360132112934885,0.2609316695819126,0.24989379779099405,2354,5.586065470611716,9.64103504605732,0.04132231404958678,1.2997263385041358,4.981405519259916,0.09695290858725762,1.045638007840148,0.8699068991613871,0.6336088154269972
R1126,seq_c8464c14b2e8bee2,363,J_3T2D,1,Raw,0,0.20394,0.20394,63.339868303616896,0.2574985962188518,0.24384027187765506,2354,6.527843795581534,10.959623927925751,0.05234159779614325,1.5723292667604276,39.341468375537225,0.0664819944598338,1.2968216024445267,0.8276420148817349,0.5674931129476584
R1126,seq_c8464c14b2e8bee2,363,J_3T2D,2,Raw,0,0.14578,0.14578,53.0385806975166,0.2509671006986343,0.24076040781648259,2354,7.954799883376595,12.744344544775336,0.09641873278236915,2.162748459775248,0.42759257522092753,0.10526315789473684,1.5438600254319914,0.8145034401715825,0.6556473829201102
R1126,seq_c8464c14b2e8bee2,363,J_3T2D,3,Raw,0,0.31068,0.31068,29.381958861875454,0.6149943930434315,0.5964316057774002,2354,2.3316432451479887,3.7306720757016754,0.01928374655647383,0.9021092130153163,9.161668701696769,0.019390581717451522,0.4334294405780447,0.578107872109497,0.7162534435261708
R1126,seq_c8464c14b2e8bee2,363,J_3T2D,4,Raw,0,0.34052,0.34052,37.4410274484637,0.5937688553145999,0.5752973661852167,2354,2.398940635163833,4.0722776071784015,0.008264462809917356,1.0009567162460848,15.299942642103055,0.0221606648199446,0.47134550855424734,0.6182955148583109,0.7382920110192838
R1126,seq_c8464c14b2e8bee2,363,J_3T2D,0,John_adaptive,0,0.16955,0.17331,47.26841362510358,0.26413570616027426,0.25350467289719625,2354,5.320145433142364,9.413949296227264,0.06336088154269973,0.9378697188124386,5.072310267153057,0.08033240997229917,1.032059323895564,0.8694211528052168,0.6391184573002755
R1126,seq_c8464c14b2e8bee2,363,J_3T2D,1,John_adaptive,0,0.20394,0.13925,63.3316503856896,0.2598060313006556,0.24564570943075617,2354,6.115614418355757,10.555124819607325,0.06060606060606061,1.1782142649161929,39.40816002115725,0.055401662049861494,1.2506439283719553,0.9291335993447482,0.5950413223140496
R1126,seq_c8464c14b2e8bee2,363,J_3T2D,2,John_adaptive,0,0.14578,0.14551,53.066107303171535,0.253800797806765,0.2435216652506372,2354,7.2878724284109,12.127990794585289,0.10743801652892562,1.593781950396432,0.6179833494086395,0.0664819944598338,1.4485427030458642,0.935327840833832,0.6721763085399449
R1126,seq_c8464c14b2e8bee2,363,J_3T2D,3,John_adaptive,0,0.31068,0.31165,29.34588154084174,0.5558248382723294,0.5387638062871708,2354,2.432793244198751,3.848548911148358,0.03305785123966942,0.5317466754744115,9.174749238094108,0.027700831024930747,0.5571476455319042,0.693502191081259,0.7327823691460055
R1126,seq_c8464c14b2e8bee2,363,J_3T2D,4,John_adaptive,0,0.34052,0.33796,37.415776572706086,0.5392202418305158,0.522196261682243,2354,2.4840768391202284,4.205977583119211,0.02203856749311295,0.559182607837339,15.305595836530806,0.027700831024930747,0.6164240614143128,0.8049300912501894,0.743801652892562
R1126,seq_c8464c14b2e8bee2,363,J_3T2D,0,John_fixed,0,0.16955,0.1733,47.27112656872058,0.2628762925044966,0.2525488530161427,2354,5.32802061142545,9.42040537066839,0.06060606060606061,0.947849800925367,5.070395272347206,0.08033240997229917,1.0346067449596559,0.8703620230386747,0.6446280991735537
R1126,seq_c8464c14b2e8bee2,363,J_3T2D,1,John_fixed,0,0.20394,0.13933,63.328442019078516,0.25902296837677463,0.24500849617672046,2354,6.132233184442661,10.56989925288885,0.06060606060606061,1.192991909734063,39.40125424181661,0.055401662049861494,1.248346121657519,0.9191695276557431,0.5895316804407713
R1126,seq_c8464c14b2e8bee2,363,J_3T2D,2,John_fixed,0,0.14578,0.14557,53.05811129557138,0.2532729575674614,0.24330926083262533,2354,7.313859084032275,12.149839106456298,0.12121212121212122,1.619560067494486,0.5940042625576396,0.06925207756232687,1.4715909855316596,0.9290118401758762,0.6721763085399449
R1126,seq_c8464c14b2e8bee2,363,J_3T2D,3,John_fixed,0,0.31068,0.31229,29.35076156274141,0.6095828423318289,0.5911214953271028,2354,2.3356277934656773,3.7382136322782187,0.01928374655647383,0.7413098643937663,9.143318546149786,0.019390581717451522,0.4468977596014774,0.609047179305334,0.743801652892562
R1126,seq_c8464c14b2e8bee2,363,J_3T2D,4,John_fixed,0,0.34052,0.3408,37.4125014646037,0.5893019504640884,0.5698810535259133,2354,2.3884541184351176,4.08403146869435,0.01928374655647383,0.8070325778988687,15.288341542627336,0.013850415512465374,0.5198152506649052,0.6698781195186495,0.7878787878787878
R1126,seq_c8464c14b2e8bee2,363,J_3T2D,0,Simple,0,0.16955,0.1696,47.354273935497226,0.26271399071234064,0.25191163976210706,2354,5.5377977462612815,9.608049876234853,0.03856749311294766,1.123407499239694,4.98951420189136,0.09141274238227147,1.0356300521375872,0.8701679745293814,0.6391184573002755
R1126,seq_c8464c14b2e8bee2,363,J_3T2D,1,Simple,0,0.20394,0.1557,63.33676625973457,0.2601603673897303,0.2463891248937978,2354,6.496255057418681,10.935848728586716,0.05234159779614325,1.4398443635170277,39.33860245513892,0.0664819944598338,1.3014579502047126,0.8480807871510583,0.5840220385674931
R1126,seq_c8464c14b2e8bee2,363,J_3T2D,2,Simple,0,0.14578,0.14596,53.027216971811285,0.25445665599252754,0.24426508071367883,2354,7.897970346391488,12.697102607617778,0.0881542699724518,2.0150379018758944,0.4134065402246492,0.09695290858725762,1.5312704154326278,0.8121482273974174,0.6391184573002755
R1126,seq_c8464c14b2e8bee2,363,J_3T2D,3,Simple,0,0.31068,0.31202,29.397644161960052,0.6137705955216167,0.5943075615972813,2354,2.320631088133936,3.7329748002419176,0.02203856749311295,0.6762949075599014,9.18260338259654,0.019390581717451522,0.48328328759040384,0.6345540851394456,0.7107438016528925
R1126,seq_c8464c14b2e8bee2,363,J_3T2D,4,Simple,0,0.34052,0.34087,37.46096666174127,0.6011129445259332,0.5825191163976211,2354,2.3877737419211558,4.082756888453349,0.01928374655647383,0.7410755147823621,15.323002809153081,0.024930747922437674,0.5335307398905113,0.6579511185679533,0.7327823691460055
R1126,seq_c8464c14b2e8bee2,363,J_3T2D,0,Geometry_historical,0,0.16955,0.17376,47.36353817294474,0.26381912983400874,0.2529736618521665,2354,5.534087977518949,9.60986565688418,0.03856749311294766,1.1285752200892907,4.968663861405936,0.0886426592797784,0.9342541212571999,0.8004221894206166,0.6391184573002755
R1126,seq_c8464c14b2e8bee2,363,J_3T2D,1,Geometry_historical,0,0.20394,0.15577,63.32065737125558,0.2613187537699731,0.2477697536108751,2354,6.487196916414723,10.930499772651281,0.049586776859504134,1.443865130939327,39.31836658898042,0.0664819944598338,0.9734416796361296,0.8314673084474776,0.5785123966942148
R1126,seq_c8464c14b2e8bee2,363,J_3T2D,2,Geometry_historical,0,0.14578,0.14599,53.02768577456096,0.25443717979486963,0.2441588785046729,2354,7.891340531686393,12.692939738656957,0.09366391184573003,2.0115714431161527,0.41219303597049617,0.09418282548476455,1.205968264857618,0.8371953079488902,0.6446280991735537
R1126,seq_c8464c14b2e8bee2,363,J_3T2D,3,Geometry_historical,0,0.31068,0.31139,29.36431320273278,0.6174910252533071,0.5975998300764656,2354,2.301940831348047,3.7247840714075156,0.02203856749311295,0.7016382803167261,9.12865027657498,0.01662049861495845,0.3507337612906848,0.5090564747469017,0.7162534435261708
R1126,seq_c8464c14b2e8bee2,363,J_3T2D,4,Geometry_historical,0,0.34052,0.34191,37.41024752793111,0.6022619421617339,0.5837935429056924,2354,2.3749471886342177,4.082130182821861,0.013774104683195593,0.7778436545026227,15.266140501338626,0.019390581717451522,0.3632902269313903,0.500737302618891,0.7272727272727273
R1126,seq_c8464c14b2e8bee2,363,V3_3T2D,0,Raw,0,0.16148,0.16148,46.341343751749555,0.2178180357408156,0.21059898045879355,2354,5.58816479640012,9.243387181592416,0.14049586776859505,1.6764194078402312,0.5696038682561735,0.08587257617728532,1.0224536254189165,0.8739255923081188,0.6391184573002755
R1126,seq_c8464c14b2e8bee2,363,V3_3T2D,1,Raw,0,0.18237,0.18237,48.093104569120804,0.25165522726026274,0.2412914188615123,2354,5.285971127696534,9.123832334033937,0.024793388429752067,1.2019432672783177,1.300406106979196,0.0664819944598338,0.9816573551673881,0.8661680938805982,0.5730027548209367
R1126,seq_c8464c14b2e8bee2,363,V3_3T2D,2,Raw,0,0.14464,0.14464,64.79228379815648,0.22075004183149513,0.2107051826677995,2354,5.149991525521237,9.027400338163117,0.1487603305785124,1.452823447750627,33.82820453671439,0.05817174515235457,0.9726671909726914,0.9737490994031998,0.5179063360881543
R1126,seq_c8464c14b2e8bee2,363,V3_3T2D,3,Raw,0,0.31068,0.31068,29.381958861875454,0.6149943930434315,0.5964316057774002,2354,2.3316432451479887,3.7306720757016754,0.01928374655647383,0.9021092130153163,9.161668701696769,0.019390581717451522,0.4334294405780447,0.578107872109497,0.7162534435261708
R1126,seq_c8464c14b2e8bee2,363,V3_3T2D,4,Raw,0,0.34052,0.34052,37.4410274484637,0.5937688553145999,0.5752973661852167,2354,2.398940635163833,4.0722776071784015,0.008264462809917356,1.0009567162460848,15.299942642103055,0.0221606648199446,0.47134550855424734,0.6182955148583109,0.7382920110192838
R1126,seq_c8464c14b2e8bee2,363,V3_3T2D,0,John_adaptive,0,0.16148,0.16541,46.223595522103935,0.22964383278254802,0.2207943925233645,2354,5.323674720307317,9.016689605357637,0.10192837465564739,1.1813988360967442,0.4414669292782776,0.11634349030470914,1.0861776221867154,0.9245126530826044,0.6336088154269972
R1126,seq_c8464c14b2e8bee2,363,V3_3T2D,1,John_adaptive,0,0.18237,0.18231,48.00493506289178,0.2568785836912463,0.24649532710280375,2354,5.141808905228361,8.998360910377432,0.027548209366391185,0.8772013285619217,1.287445387379556,0.06371191135734072,1.0594833082765354,0.9085471771603465,0.6005509641873278
R1126,seq_c8464c14b2e8bee2,363,V3_3T2D,2,John_adaptive,0,0.14464,0.14269,64.82407852762299,0.23231950245076016,0.22121920135938827,2354,5.0266190164557605,8.931460479953328,0.09366391184573003,0.9821527647443722,33.85035510486704,0.10803324099722991,1.0814707414997884,1.009760219260897,0.5179063360881543
R1126,seq_c8464c14b2e8bee2,363,V3_3T2D,3,John_adaptive,0,0.31068,0.31165,29.34588154084174,0.5558248382723294,0.5387638062871708,2354,2.432793244198751,3.848548911148358,0.03305785123966942,0.5317466754744115,9.174749238094108,0.027700831024930747,0.5571476455319042,0.693502191081259,0.7327823691460055
R1126,seq_c8464c14b2e8bee2,363,V3_3T2D,4,John_adaptive,0,0.34052,0.33796,37.415776572706086,0.5392202418305158,0.522196261682243,2354,2.4840768391202284,4.205977583119211,0.02203856749311295,0.559182607837339,15.305595836530806,0.027700831024930747,0.6164240614143128,0.8049300912501894,0.743801652892562
R1126,seq_c8464c14b2e8bee2,363,V3_3T2D,0,John_fixed,0,0.16148,0.16568,46.20880724418523,0.2303797700347615,0.22153780798640613,2354,5.296438686804454,8.99435975104533,0.09366391184573003,1.123201731094378,0.4254434582027997,0.12742382271468145,1.1056777956341168,0.9369714070686422,0.6446280991735537
R1126,seq_c8464c14b2e8bee2,363,V3_3T2D,1,John_fixed,0,0.18237,0.18392,47.99845614300421,0.25733346083363784,0.24681393372982158,2354,5.134943491486034,8.992422041851881,0.027548209366391185,0.8555814213591292,1.2868648249183394,0.06925207756232687,1.059647574942837,0.9104532568866693,0.6005509641873278
R1126,seq_c8464c14b2e8bee2,363,V3_3T2D,2,John_fixed,0,0.14464,0.14267,64.82351939481146,0.2320501309653229,0.22090059473237042,2354,5.027816497028925,8.932589171765727,0.09366391184573003,0.9895861613526805,33.84971685558893,0.10803324099722991,1.0806166250408362,1.0086480836356886,0.5179063360881543
R1126,seq_c8464c14b2e8bee2,363,V3_3T2D,3,John_fixed,0,0.31068,0.31229,29.35076156274141,0.6095828423318289,0.5911214953271028,2354,2.3356277934656773,3.7382136322782187,0.01928374655647383,0.7413098643937663,9.143318546149786,0.019390581717451522,0.4468977596014774,0.609047179305334,0.743801652892562
R1126,seq_c8464c14b2e8bee2,363,V3_3T2D,4,John_fixed,0,0.34052,0.3408,37.4125014646037,0.5893019504640884,0.5698810535259133,2354,2.3884541184351176,4.08403146869435,0.01928374655647383,0.8070325778988687,15.288341542627336,0.013850415512465374,0.5198152506649052,0.6698781195186495,0.7878787878787878
R1126,seq_c8464c14b2e8bee2,363,V3_3T2D,0,Simple,0,0.16148,0.16436,46.34680089858924,0.23278556721904223,0.2223874256584537,2354,5.557206274529568,9.22887191595278,0.07988980716253444,1.2345607745592244,0.5714939543863267,0.1440443213296399,1.2497637416423582,0.9461168649365472,0.650137741046832
R1126,seq_c8464c14b2e8bee2,363,V3_3T2D,1,Simple,0,0.18237,0.19619,48.07937052206128,0.25408952014821606,0.24320305862361938,2354,5.276614900900122,9.1134361335854,0.030303030303030304,0.962542544300358,1.2818403447690088,0.08033240997229917,1.062131605759419,0.8983512304037252,0.5950413223140496
R1126,seq_c8464c14b2e8bee2,363,V3_3T2D,2,Simple,0,0.14464,0.14295,64.7723126984887,0.23737660758819185,0.22674171622769754,2354,5.170701987176222,9.035055367546645,0.09641873278236915,0.9801690433401052,33.79731099342924,0.13573407202216067,1.1826965031116239,1.0367047352712306,0.5179063360881543
R1126,seq_c8464c14b2e8bee2,363,V3_3T2D,3,Simple,0,0.31068,0.31202,29.397644161960052,0.6137705955216167,0.5943075615972813,2354,2.320631088133936,3.7329748002419176,0.02203856749311295,0.6762949075599014,9.18260338259654,0.019390581717451522,0.48328328759040384,0.6345540851394456,0.7107438016528925
R1126,seq_c8464c14b2e8bee2,363,V3_3T2D,4,Simple,0,0.34052,0.34087,37.46096666174127,0.6011129445259332,0.5825191163976211,2354,2.3877737419211558,4.082756888453349,0.01928374655647383,0.7410755147823621,15.323002809153081,0.024930747922437674,0.5335307398905113,0.6579511185679533,0.7327823691460055
R1126,seq_c8464c14b2e8bee2,363,V3_3T2D,0,Geometry_historical,0,0.16148,0.19828,46.33386412295329,0.22552124142762348,0.21707731520815632,2354,5.524758810516595,9.195165439426292,0.06060606060606061,1.415480761035566,0.5548240553763719,0.07756232686980609,0.9611612320511973,0.8625401059168429,0.6611570247933884
R1126,seq_c8464c14b2e8bee2,363,V3_3T2D,1,Geometry_historical,0,0.18237,0.19994,48.08563427868379,0.25171981717123176,0.24150382327952422,2354,5.240744579243423,9.096763125096638,0.02203856749311295,1.0537278808840895,1.2837042111164365,0.055401662049861494,0.8086283159839996,0.8205039156052701,0.5785123966942148
R1126,seq_c8464c14b2e8bee2,363,V3_3T2D,2,Geometry_historical,0,0.14464,0.15116,64.77801096962862,0.23044422653279056,0.21983857264231096,2354,5.102846401130739,8.999061573773686,0.05234159779614325,1.1977753757685565,33.806650087512374,0.05817174515235457,0.7295971510955485,0.8963730412916416,0.512396694214876
R1126,seq_c8464c14b2e8bee2,363,V3_3T2D,3,Geometry_historical,0,0.31068,0.31139,29.36431320273278,0.6174910252533071,0.5975998300764656,2354,2.301940831348047,3.7247840714075156,0.02203856749311295,0.7016382803167261,9.12865027657498,0.01662049861495845,0.3507337612906848,0.5090564747469017,0.7162534435261708
R1126,seq_c8464c14b2e8bee2,363,V3_3T2D,4,Geometry_historical,0,0.34052,0.34191,37.41024752793111,0.6022619421617339,0.5837935429056924,2354,2.3749471886342177,4.082130182821861,0.013774104683195593,0.7778436545026227,15.266140501338626,0.019390581717451522,0.3632902269313903,0.500737302618891,0.7272727272727273
R1128,seq_f3159d2df289b012,238,J_5T,0,Raw,0,0.15078,0.15078,61.1269395570873,0.2333090375701905,0.22796474358974358,1248,7.274063217426362,12.375827374240767,0.0,2.3538488928150056,26.418253128509633,0.1016949152542373,1.1761669253099372,1.0961078324407905,0.48739495798319327
R1128,seq_f3159d2df289b012,238,J_5T,1,Raw,0,0.13753,0.13753,62.034018653538425,0.2974493370123313,0.28926282051282054,1248,6.350107389547149,10.85122712655919,0.02100840336134454,1.616406015829374,31.13622739175834,0.09322033898305085,1.0167539848498215,0.7296332109739214,0.3277310924369748
R1128,seq_f3159d2df289b012,238,J_5T,2,Raw,0,0.19261,0.19261,46.572117592076715,0.270206538583485,0.2592147435897436,1248,8.175008733779942,13.206066853754633,0.0546218487394958,2.1402567489447843,10.700629352814985,0.1016949152542373,1.708259185723491,0.9584250774993308,0.4789915966386555
R1128,seq_f3159d2df289b012,238,J_5T,3,Raw,0,0.13326,0.13326,75.25110624400237,0.3161303437973297,0.30388621794871795,1248,10.50606599673572,17.10223430684676,0.037815126050420166,3.062685166416272,44.8035342349275,0.07203389830508475,1.6177318739070652,0.5107706805202031,0.33613445378151263
R1128,seq_f3159d2df289b012,238,J_5T,4,Raw,0,0.14202,0.14202,51.76091858079395,0.3035531975542171,0.2956730769230769,1248,7.691160943986378,12.935415144414481,0.01680672268907563,2.1757080405051386,15.388168778124935,0.08898305084745763,0.8962392338506943,0.7296314311225125,0.48739495798319327
R1128,seq_f3159d2df289b012,238,J_5T,0,John_adaptive,0,0.15078,0.15466,61.03564539338624,0.23901643236480113,0.23237179487179488,1248,6.741364351859889,11.917588898959723,0.0,1.6693799955053703,26.28424502005351,0.07627118644067797,1.1017849150934682,1.0577483394401546,0.47058823529411764
R1128,seq_f3159d2df289b012,238,J_5T,1,John_adaptive,0,0.13753,0.14466,61.887735443223264,0.30600123207791274,0.2982772435897436,1248,5.923329737052178,10.458419969010277,0.03361344537815126,1.145732674157548,31.112595485396923,0.07627118644067797,0.9581993724181581,0.8042831514039109,0.35294117647058826
R1128,seq_f3159d2df289b012,238,J_5T,2,John_adaptive,0,0.19261,0.21622,46.43209484902726,0.27522884530886266,0.26221955128205127,1248,7.590370934433972,12.734347990637238,0.06722689075630252,1.573018569314797,10.843664465336857,0.07627118644067797,1.615873106323509,1.0280698206955334,0.4957983193277311
R1128,seq_f3159d2df289b012,238,J_5T,3,John_adaptive,0,0.13326,0.14037,75.3250177633676,0.3043750629622478,0.2932692307692308,1248,9.550631433726599,16.11241574243694,0.046218487394957986,2.3311031900064947,44.90046743968108,0.05084745762711865,1.5021268081828147,0.6195898893219883,0.35294117647058826
R1128,seq_f3159d2df289b012,238,J_5T,4,John_adaptive,0,0.14202,0.20095,51.477765129670715,0.300790771796858,0.29186698717948717,1248,6.974973554696548,12.169635584784698,0.02100840336134454,1.582180253662125,15.00582310438773,0.06779661016949153,0.8572258314646729,0.736139456402458,0.5042016806722689
R1128,seq_f3159d2df289b012,238,J_5T,0,John_fixed,0,0.15078,0.15469,61.035836243072545,0.23863711397077683,0.23197115384615385,1248,6.744361399011716,11.920140081052228,0.0,1.673136014647508,26.284877325730818,0.07627118644067797,1.1021594655489482,1.0577933183984836,0.47058823529411764
R1128,seq_f3159d2df289b012,238,J_5T,1,John_fixed,0,0.13753,0.14466,61.889811548926225,0.3066132149246645,0.2988782051282051,1248,5.932527900764794,10.467031426690047,0.03361344537815126,1.1543923960105769,31.110733878777367,0.07627118644067797,0.9595787197124378,0.8036080759025838,0.35294117647058826
R1128,seq_f3159d2df289b012,238,J_5T,2,John_fixed,0,0.19261,0.21275,46.431485544280775,0.275243055538409,0.26221955128205127,1248,7.601571645923395,12.741703152409821,0.058823529411764705,1.586964102159104,10.835698386652446,0.07627118644067797,1.6107615987819177,1.0323507131683463,0.4957983193277311
R1128,seq_f3159d2df289b012,238,J_5T,3,John_fixed,0,0.13326,0.14029,75.31316782258718,0.305551813657041,0.29447115384615385,1248,9.582423877874936,16.14534573688649,0.05042016806722689,2.3535966952270915,44.88898448874674,0.05084745762711865,1.528617302088525,0.6168315224074843,0.35294117647058826
R1128,seq_f3159d2df289b012,238,J_5T,4,John_fixed,0,0.14202,0.2015,51.49012611415088,0.3003535860045375,0.29146634615384615,1248,7.0014523293825945,12.199018472852618,0.025210084033613446,1.6019012268418302,15.02324974457295,0.06779661016949153,0.8583569696073545,0.7318889184184593,0.4957983193277311
R1128,seq_f3159d2df289b012,238,J_5T,0,Simple,0,0.15078,0.15264,61.1048877564936,0.23880489352946718,0.2325721153846154,1248,7.159846316466535,12.290378358877305,0.0,2.068245166078534,26.394844987893563,0.09322033898305085,1.128287517652197,1.094064445617357,0.4789915966386555
R1128,seq_f3159d2df289b012,238,J_5T,1,Simple,0,0.13753,0.13521,62.02571637691417,0.30565262981306607,0.297275641025641,1248,6.295117629023177,10.809587020110792,0.02100840336134454,1.4352625669525816,31.12931852198082,0.0847457627118644,1.0047660501275895,0.7543301298770576,0.33613445378151263
R1128,seq_f3159d2df289b012,238,J_5T,2,Simple,0,0.19261,0.20086,46.554347027696956,0.27952767962731506,0.26842948717948717,1248,8.104959581477393,13.152995163025546,0.0546218487394958,1.9643792483885427,10.681981880380171,0.09745762711864407,1.7045128715784363,0.9921658203259818,0.4957983193277311
R1128,seq_f3159d2df289b012,238,J_5T,3,Simple,0,0.13326,0.13566,75.23763317977624,0.32125947801306176,0.3092948717948718,1248,10.459988578243344,17.063521065971116,0.037815126050420166,2.9566644503475397,44.791290330974604,0.07203389830508475,1.612156857236035,0.5380024845397262,0.33613445378151263
R1128,seq_f3159d2df289b012,238,J_5T,4,Simple,0,0.14202,0.18767,51.746351785818234,0.3067299577687924,0.2982772435897436,1248,7.622214733353414,12.880372526831632,0.01680672268907563,1.9739070543961523,15.372825548641053,0.0847457627118644,0.8844746270077463,0.7355194683068254,0.4957983193277311
R1128,seq_f3159d2df289b012,238,J_5T,0,Geometry_historical,0,0.15078,0.14292,61.088708653427936,0.2382999800256041,0.23237179487179488,1248,7.151690298675482,12.285113469478947,0.0,2.060793320045634,26.37497761936114,0.09322033898305085,1.0598467438995207,1.0299980012714531,0.4789915966386555
R1128,seq_f3159d2df289b012,238,J_5T,1,Geometry_historical,0,0.13753,0.13795,62.00777694517221,0.30506521347398147,0.296474358974359,1248,6.286890864107569,10.805286020912527,0.01680672268907563,1.4349397712264214,31.10925330888182,0.08050847457627118,0.7827117483078303,0.7278142720857749,0.33613445378151263
R1128,seq_f3159d2df289b012,238,J_5T,2,Geometry_historical,0,0.19261,0.20191,46.541291431596484,0.2801254566168988,0.2688301282051282,1248,8.092289628037886,13.141518939188801,0.0546218487394958,1.9608651563049293,10.66200280439746,0.09745762711864407,1.299651828044866,1.041632279404075,0.48739495798319327
R1128,seq_f3159d2df289b012,238,J_5T,3,Geometry_historical,0,0.13326,0.13589,75.21771927957766,0.32050675705288284,0.30869391025641024,1248,10.456106846274174,17.059701314890898,0.037815126050420166,2.950398160785006,44.77079035778709,0.07203389830508475,1.0853164597238023,0.6211945214666169,0.33613445378151263
R1128,seq_f3159d2df289b012,238,J_5T,4,Geometry_historical,0,0.14202,0.18644,51.732211603304904,0.30793787349027096,0.29967948717948717,1248,7.61513665485317,12.87425108802073,0.01680672268907563,1.9694246253313819,15.352661623639861,0.08050847457627118,0.7470057549482834,0.7306779691675721,0.48739495798319327
R1128,seq_f3159d2df289b012,238,V3_5T,0,Raw,0,0.13558,0.13558,57.87932901995419,0.23545621045621043,0.2265625,1248,6.793123883884213,11.65823942416039,0.05042016806722689,2.081632666536398,25.604798783783153,0.1016949152542373,1.1111468355851295,1.0060455762014673,0.42016806722689076
R1128,seq_f3159d2df289b012,238,V3_5T,1,Raw,0,0.17236,0.17236,46.91993301787895,0.298611120541731,0.2904647435897436,1248,5.30818735071997,9.937505279120197,0.07142857142857142,1.4354152588227276,10.582360415811003,0.05084745762711865,0.807562575294439,0.7125780714520822,0.5042016806722689
R1128,seq_f3159d2df289b012,238,V3_5T,2,Raw,0,0.1332,0.1332,67.06316285164064,0.26919910043751494,0.26221955128205127,1248,5.42163876191325,9.454269958214638,0.542016806722689,1.6981323138303004,34.011925472613086,0.046610169491525424,0.8562301409820516,0.7400435839420242,0.36134453781512604
R1128,seq_f3159d2df289b012,238,V3_5T,3,Raw,0,0.14778,0.14778,50.471073432795706,0.23155115235796772,0.2233573717948718,1248,9.720491000066605,14.643998007372748,0.09243697478991597,3.4545992177044056,8.845892553857816,0.1228813559322034,1.2577946258051562,1.0232434912869068,0.5714285714285714
R1128,seq_f3159d2df289b012,238,V3_5T,4,Raw,0,0.20781,0.20781,50.42041372093272,0.2795079928653211,0.27063301282051283,1248,4.961591288271822,9.005085028371983,0.11764705882352941,1.232236026323847,17.364494997176728,0.0423728813559322,0.9737065640953252,0.90730394325037,0.5294117647058824
R1128,seq_f3159d2df289b012,238,V3_5T,0,John_adaptive,0,0.13558,0.13842,57.713457888425914,0.24724335109746629,0.23697916666666666,1248,6.439820832157843,11.334115108135475,0.03361344537815126,1.5588249919101322,25.483039484156315,0.08898305084745763,1.1010917518417476,1.0287010724346255,0.4117647058823529
R1128,seq_f3159d2df289b012,238,V3_5T,1,John_adaptive,0,0.17236,0.15078,46.981762737661,0.3004331108214573,0.2932692307692308,1248,5.105622852785611,9.776177255952017,0.04201680672268908,1.0173652539467128,10.551018629505421,0.08050847457627118,0.898075880410726,0.741444921336776,0.5126050420168067
R1128,seq_f3159d2df289b012,238,V3_5T,2,John_adaptive,0,0.1332,0.13024,67.06738360663134,0.29082177322800773,0.2826522435897436,1248,5.238517348869262,9.301330303336382,0.2857142857142857,1.0448561815025281,33.99665422956936,0.1228813559322034,1.1587629071646084,0.8246078987121307,0.37815126050420167
R1128,seq_f3159d2df289b012,238,V3_5T,3,John_adaptive,0,0.14778,0.1513,50.127181640885695,0.24260119634718003,0.234375,1248,8.63604736113158,13.47759303942448,0.07983193277310924,2.41934612235239,8.20333256787729,0.13983050847457626,1.3704741829671492,1.0176562567790408,0.5798319327731093
R1128,seq_f3159d2df289b012,238,V3_5T,4,John_adaptive,0,0.20781,0.21564,50.33165025578366,0.29631442526276924,0.2860576923076923,1248,4.88127276665116,8.961534827145877,0.08403361344537816,0.8101866137784816,17.29272677169898,0.09322033898305085,1.1483388981686224,1.0019079191715825,0.5378151260504201
R1128,seq_f3159d2df289b012,238,V3_5T,0,John_fixed,0,0.13558,0.1411,57.674153169256144,0.25130198649801344,0.2405849358974359,1248,6.365678050658831,11.263884248232372,0.029411764705882353,1.4406491702238562,25.451339044063445,0.09322033898305085,1.0891540301510343,1.0307021483830558,0.40336134453781514
R1128,seq_f3159d2df289b012,238,V3_5T,1,John_fixed,0,0.17236,0.14436,46.98535801916853,0.30140474947691953,0.2942708333333333,1248,5.09945975441356,9.767895484184857,0.04201680672268908,0.9949007901813682,10.551146242440076,0.08050847457627118,0.8942532030067595,0.743593182757076,0.5042016806722689
R1128,seq_f3159d2df289b012,238,V3_5T,2,John_fixed,0,0.1332,0.13134,67.06721819893592,0.290810101892807,0.2826522435897436,1248,5.239387551123811,9.30223402575517,0.2857142857142857,1.0499070877203842,33.99663934332192,0.1228813559322034,1.1566025058930287,0.8236025816883645,0.37815126050420167
R1128,seq_f3159d2df289b012,238,V3_5T,3,John_fixed,0,0.14778,0.15241,50.13684319082931,0.24194206905990145,0.23357371794871795,1248,8.664508790708354,13.507899100377927,0.07142857142857142,2.4454508030263433,8.221063280563747,0.13559322033898305,1.3722403503658995,1.025123788604389,0.5798319327731093
R1128,seq_f3159d2df289b012,238,V3_5T,4,John_fixed,0,0.20781,0.2164,50.34022255358356,0.2950515832961458,0.28505608974358976,1248,4.883596292486635,8.958190076349522,0.07563025210084033,0.8446296436803711,17.300472638073295,0.09322033898305085,1.1872448700808667,1.0025749335729763,0.5378151260504201
R1128,seq_f3159d2df289b012,238,V3_5T,0,Simple,0,0.13558,0.13383,57.85079682777873,0.2481555276368054,0.2377804487179487,1248,6.718123139141748,11.610981802820548,0.03361344537815126,1.7233826590397223,25.597226897964028,0.1228813559322034,1.1593345935766015,1.0333621239863489,0.40336134453781514
R1128,seq_f3159d2df289b012,238,V3_5T,1,Simple,0,0.17236,0.13794,46.90795300194666,0.31461903534552443,0.3060897435897436,1248,5.286424338074436,9.922015077883502,0.05042016806722689,1.069453150892077,10.579210745854283,0.09745762711864407,0.9271317464649979,0.7573811611113268,0.5042016806722689
R1128,seq_f3159d2df289b012,238,V3_5T,2,Simple,0,0.1332,0.13298,67.05873537575545,0.2946820279942499,0.2860576923076923,1248,5.433995267571756,9.453440877985148,0.24789915966386555,1.0597682442062681,34.03339551373105,0.1483050847457627,1.2636569074663035,0.8284764444959563,0.3865546218487395
R1128,seq_f3159d2df289b012,238,V3_5T,3,Simple,0,0.14778,0.13375,50.5203116156346,0.24943961464676367,0.2405849358974359,1248,9.670953062418823,14.586939734516838,0.06302521008403361,2.9386460852893603,8.857749154496169,0.17796610169491525,1.4297333281461493,1.0622644010923261,0.5714285714285714
R1128,seq_f3159d2df289b012,238,V3_5T,4,Simple,0,0.20781,0.21338,50.44810027207643,0.30098382850329214,0.2910657051282051,1248,4.980497291599394,9.035576283152487,0.08823529411764706,0.7946705786931088,17.36496003333103,0.11440677966101695,1.2109806972661206,0.9815543990075744,0.5210084033613446
R1128,seq_f3159d2df289b012,238,V3_5T,0,Geometry_historical,0,0.13558,0.13376,57.83865354570646,0.2415127481473873,0.23177083333333334,1248,6.693800785318514,11.591473118219938,0.01680672268907563,1.8087617122578554,25.567098804333533,0.09322033898305085,0.9696686287940354,0.9587330908178022,0.42016806722689076
R1128,seq_f3159d2df289b012,238,V3_5T,1,Geometry_historical,0,0.17236,0.14298,46.901816418415216,0.3042258662686245,0.29607371794871795,1248,5.244274436634987,9.921827081616382,0.01680672268907563,1.2123152224557108,10.555707447971606,0.0423728813559322,0.6428958909048756,0.6556392623046505,0.4957983193277311
R1128,seq_f3159d2df289b012,238,V3_5T,2,Geometry_historical,0,0.1332,0.1331,67.06118534100118,0.28825496124680505,0.2800480769230769,1248,5.335742047754584,9.405817946553183,0.18907563025210083,1.2845661081098005,33.984067395846125,0.038135593220338986,0.6627895975097142,0.744141485948917,0.3949579831932773
R1128,seq_f3159d2df289b012,238,V3_5T,3,Geometry_historical,0,0.14778,0.13388,50.46495669396391,0.23849932944177257,0.2299679487179487,1248,9.614943895330939,14.550265992977886,0.037815126050420166,3.1444716227072544,8.806193693084786,0.1059322033898305,1.0924915355705336,0.9855742050683004,0.5714285714285714
R1128,seq_f3159d2df289b012,238,V3_5T,4,Geometry_historical,0,0.20781,0.20957,50.388533245976724,0.29055498176234706,0.28044871794871795,1248,4.929909300574643,8.992713905671083,0.08823529411764706,1.0164540674464804,17.311878943571664,0.03389830508474576,0.6567453897256533,0.8433281675741532,0.5210084033613446
R1128,seq_f3159d2df289b012,238,J_3T2D,0,Raw,0,0.15078,0.15078,61.1269395570873,0.2333090375701905,0.22796474358974358,1248,7.274063217426362,12.375827374240767,0.0,2.3538488928150056,26.418253128509633,0.1016949152542373,1.1761669253099372,1.0961078324407905,0.48739495798319327
R1128,seq_f3159d2df289b012,238,J_3T2D,1,Raw,0,0.13753,0.13753,62.034018653538425,0.2974493370123313,0.28926282051282054,1248,6.350107389547149,10.85122712655919,0.02100840336134454,1.616406015829374,31.13622739175834,0.09322033898305085,1.0167539848498215,0.7296332109739214,0.3277310924369748
R1128,seq_f3159d2df289b012,238,J_3T2D,2,Raw,0,0.19261,0.19261,46.572117592076715,0.270206538583485,0.2592147435897436,1248,8.175008733779942,13.206066853754633,0.0546218487394958,2.1402567489447843,10.700629352814985,0.1016949152542373,1.708259185723491,0.9584250774993308,0.4789915966386555
R1128,seq_f3159d2df289b012,238,J_3T2D,3,Raw,0,0.98566,0.98566,0.8209633987902379,0.9551294733751171,0.9571314102564102,1248,0.42180728386546357,0.5016802110407805,0.0,0.6930571718668468,2.580457995984112,0.046610169491525424,0.3439833543858467,0.43834549552050006,0.865546218487395
R1128,seq_f3159d2df289b012,238,J_3T2D,4,Raw,0,0.95531,0.95531,1.5157937422694212,0.952823273060081,0.9509214743589743,1248,0.425232165423054,0.5589636510233815,0.0,0.6164474490279892,2.65756541987038,0.046610169491525424,0.34175849436668093,0.4244581436927858,0.8403361344537815
R1128,seq_f3159d2df289b012,238,J_3T2D,0,John_adaptive,0,0.15078,0.15466,61.03564539338624,0.23901643236480113,0.23237179487179488,1248,6.741364351859889,11.917588898959723,0.0,1.6693799955053703,26.28424502005351,0.07627118644067797,1.1017849150934682,1.0577483394401546,0.47058823529411764
R1128,seq_f3159d2df289b012,238,J_3T2D,1,John_adaptive,0,0.13753,0.14466,61.887735443223264,0.30600123207791274,0.2982772435897436,1248,5.923329737052178,10.458419969010277,0.03361344537815126,1.145732674157548,31.112595485396923,0.07627118644067797,0.9581993724181581,0.8042831514039109,0.35294117647058826
R1128,seq_f3159d2df289b012,238,J_3T2D,2,John_adaptive,0,0.19261,0.21622,46.43209484902726,0.27522884530886266,0.26221955128205127,1248,7.590370934433972,12.734347990637238,0.06722689075630252,1.573018569314797,10.843664465336857,0.07627118644067797,1.615873106323509,1.0280698206955334,0.4957983193277311
R1128,seq_f3159d2df289b012,238,J_3T2D,3,John_adaptive,0,0.98566,0.98325,0.8872348760423749,0.9358610680834791,0.9324919871794872,1248,0.4458349100302658,0.5292194796310767,0.0,0.5739177039861898,2.5920801191409453,0.029661016949152543,0.34693653476833225,0.4681552049677717,0.8907563025210085
R1128,seq_f3159d2df289b012,238,J_3T2D,4,John_adaptive,0,0.95531,0.95114,1.5917185200120947,0.9329822167794856,0.9278846153846154,1248,0.47377364188558024,0.6154264731922734,0.0,0.5193482824549206,2.659286470958307,0.038135593220338986,0.34391280447345957,0.451072490946594,0.8991596638655462
R1128,seq_f3159d2df289b012,238,J_3T2D,0,John_fixed,0,0.15078,0.15469,61.035836243072545,0.23863711397077683,0.23197115384615385,1248,6.744361399011716,11.920140081052228,0.0,1.673136014647508,26.284877325730818,0.07627118644067797,1.1021594655489482,1.0577933183984836,0.47058823529411764
R1128,seq_f3159d2df289b012,238,J_3T2D,1,John_fixed,0,0.13753,0.14466,61.889811548926225,0.3066132149246645,0.2988782051282051,1248,5.932527900764794,10.467031426690047,0.03361344537815126,1.1543923960105769,31.110733878777367,0.07627118644067797,0.9595787197124378,0.8036080759025838,0.35294117647058826
R1128,seq_f3159d2df289b012,238,J_3T2D,2,John_fixed,0,0.19261,0.21275,46.431485544280775,0.275243055538409,0.26221955128205127,1248,7.601571645923395,12.741703152409821,0.058823529411764705,1.586964102159104,10.835698386652446,0.07627118644067797,1.6107615987819177,1.0323507131683463,0.4957983193277311
R1128,seq_f3159d2df289b012,238,J_3T2D,3,John_fixed,0,0.98566,0.98371,0.8747016743615688,0.9390159630628613,0.9356971153846154,1248,0.4397079565157479,0.5215827641163654,0.0,0.5860539295866991,2.5904578349241376,0.029661016949152543,0.3463012771430898,0.4657669371742258,0.8823529411764706
R1128,seq_f3159d2df289b012,238,J_3T2D,4,John_fixed,0,0.95531,0.95249,1.5669877440428155,0.9409901829235738,0.9362980769230769,1248,0.459387578651979,0.5963866589619844,0.0,0.5420384856048777,2.65278644708642,0.038135593220338986,0.34347641872179335,0.4457712429986916,0.8991596638655462
R1128,seq_f3159d2df289b012,238,J_3T2D,0,Simple,0,0.15078,0.15264,61.1048877564936,0.23880489352946718,0.2325721153846154,1248,7.159846316466535,12.290378358877305,0.0,2.068245166078534,26.394844987893563,0.09322033898305085,1.128287517652197,1.094064445617357,0.4789915966386555
R1128,seq_f3159d2df289b012,238,J_3T2D,1,Simple,0,0.13753,0.13521,62.02571637691417,0.30565262981306607,0.297275641025641,1248,6.295117629023177,10.809587020110792,0.02100840336134454,1.4352625669525816,31.12931852198082,0.0847457627118644,1.0047660501275895,0.7543301298770576,0.33613445378151263
R1128,seq_f3159d2df289b012,238,J_3T2D,2,Simple,0,0.19261,0.20086,46.554347027696956,0.27952767962731506,0.26842948717948717,1248,8.104959581477393,13.152995163025546,0.0546218487394958,1.9643792483885427,10.681981880380171,0.09745762711864407,1.7045128715784363,0.9921658203259818,0.4957983193277311
R1128,seq_f3159d2df289b012,238,J_3T2D,3,Simple,0,0.98566,0.98584,0.8153107009319971,0.9564200088715041,0.9563301282051282,1248,0.4136836855445818,0.49331005049696014,0.0,0.6029119943839545,2.592892879607497,0.0423728813559322,0.34524022340653027,0.45591310311600475,0.8487394957983193
R1128,seq_f3159d2df289b012,238,J_3T2D,4,Simple,0,0.95531,0.95512,1.5197202729692487,0.9521108721151974,0.9487179487179487,1248,0.4320175025418292,0.5651880269309797,0.0,0.5433935595816061,2.6703570015337377,0.0423728813559322,0.3370942192039778,0.43477175977847443,0.8487394957983193
R1128,seq_f3159d2df289b012,238,J_3T2D,0,Geometry_historical,0,0.15078,0.14292,61.088708653427936,0.2382999800256041,0.23237179487179488,1248,7.151690298675482,12.285113469478947,0.0,2.060793320045634,26.37497761936114,0.09322033898305085,1.0598467438995207,1.0299980012714531,0.4789915966386555
R1128,seq_f3159d2df289b012,238,J_3T2D,1,Geometry_historical,0,0.13753,0.13795,62.00777694517221,0.30506521347398147,0.296474358974359,1248,6.286890864107569,10.805286020912527,0.01680672268907563,1.4349397712264214,31.10925330888182,0.08050847457627118,0.7827117483078303,0.7278142720857749,0.33613445378151263
R1128,seq_f3159d2df289b012,238,J_3T2D,2,Geometry_historical,0,0.19261,0.20191,46.541291431596484,0.2801254566168988,0.2688301282051282,1248,8.092289628037886,13.141518939188801,0.0546218487394958,1.9608651563049293,10.66200280439746,0.09745762711864407,1.299651828044866,1.041632279404075,0.48739495798319327
R1128,seq_f3159d2df289b012,238,J_3T2D,3,Geometry_historical,0,0.98566,0.98585,0.8152436040254163,0.9577127229268233,0.9577323717948718,1248,0.40410753819657325,0.48620474039848716,0.0,0.607598095065831,2.580319906801691,0.0423728813559322,0.29589679449962975,0.3911454545322411,0.8487394957983193
R1128,seq_f3159d2df289b012,238,J_3T2D,4,Geometry_historical,0,0.95531,0.95507,1.520226671896997,0.9537600288812905,0.9503205128205128,1248,0.4259972962293657,0.561079343165808,0.0,0.5480859385709251,2.6565514894764775,0.0423728813559322,0.28384454489159616,0.3764545801754579,0.8403361344537815
R1128,seq_f3159d2df289b012,238,V3_3T2D,0,Raw,0,0.13558,0.13558,57.87932901995419,0.23545621045621043,0.2265625,1248,6.793123883884213,11.65823942416039,0.05042016806722689,2.081632666536398,25.604798783783153,0.1016949152542373,1.1111468355851295,1.0060455762014673,0.42016806722689076
R1128,seq_f3159d2df289b012,238,V3_3T2D,1,Raw,0,0.17236,0.17236,46.91993301787895,0.298611120541731,0.2904647435897436,1248,5.30818735071997,9.937505279120197,0.07142857142857142,1.4354152588227276,10.582360415811003,0.05084745762711865,0.807562575294439,0.7125780714520822,0.5042016806722689
R1128,seq_f3159d2df289b012,238,V3_3T2D,2,Raw,0,0.1332,0.1332,67.06316285164064,0.26919910043751494,0.26221955128205127,1248,5.42163876191325,9.454269958214638,0.542016806722689,1.6981323138303004,34.011925472613086,0.046610169491525424,0.8562301409820516,0.7400435839420242,0.36134453781512604
R1128,seq_f3159d2df289b012,238,V3_3T2D,3,Raw,0,0.98566,0.98566,0.8209633987902379,0.9551294733751171,0.9571314102564102,1248,0.42180728386546357,0.5016802110407805,0.0,0.6930571718668468,2.580457995984112,0.046610169491525424,0.3439833543858467,0.43834549552050006,0.865546218487395
R1128,seq_f3159d2df289b012,238,V3_3T2D,4,Raw,0,0.95531,0.95531,1.5157937422694212,0.952823273060081,0.9509214743589743,1248,0.425232165423054,0.5589636510233815,0.0,0.6164474490279892,2.65756541987038,0.046610169491525424,0.34175849436668093,0.4244581436927858,0.8403361344537815
R1128,seq_f3159d2df289b012,238,V3_3T2D,0,John_adaptive,0,0.13558,0.13842,57.713457888425914,0.24724335109746629,0.23697916666666666,1248,6.439820832157843,11.334115108135475,0.03361344537815126,1.5588249919101322,25.483039484156315,0.08898305084745763,1.1010917518417476,1.0287010724346255,0.4117647058823529
R1128,seq_f3159d2df289b012,238,V3_3T2D,1,John_adaptive,0,0.17236,0.15078,46.981762737661,0.3004331108214573,0.2932692307692308,1248,5.105622852785611,9.776177255952017,0.04201680672268908,1.0173652539467128,10.551018629505421,0.08050847457627118,0.898075880410726,0.741444921336776,0.5126050420168067
R1128,seq_f3159d2df289b012,238,V3_3T2D,2,John_adaptive,0,0.1332,0.13024,67.06738360663134,0.29082177322800773,0.2826522435897436,1248,5.238517348869262,9.301330303336382,0.2857142857142857,1.0448561815025281,33.99665422956936,0.1228813559322034,1.1587629071646084,0.8246078987121307,0.37815126050420167
R1128,seq_f3159d2df289b012,238,V3_3T2D,3,John_adaptive,0,0.98566,0.98325,0.8872348760423749,0.9358610680834791,0.9324919871794872,1248,0.4458349100302658,0.5292194796310767,0.0,0.5739177039861898,2.5920801191409453,0.029661016949152543,0.34693653476833225,0.4681552049677717,0.8907563025210085
R1128,seq_f3159d2df289b012,238,V3_3T2D,4,John_adaptive,0,0.95531,0.95114,1.5917185200120947,0.9329822167794856,0.9278846153846154,1248,0.47377364188558024,0.6154264731922734,0.0,0.5193482824549206,2.659286470958307,0.038135593220338986,0.34391280447345957,0.451072490946594,0.8991596638655462
R1128,seq_f3159d2df289b012,238,V3_3T2D,0,John_fixed,0,0.13558,0.1411,57.674153169256144,0.25130198649801344,0.2405849358974359,1248,6.365678050658831,11.263884248232372,0.029411764705882353,1.4406491702238562,25.451339044063445,0.09322033898305085,1.0891540301510343,1.0307021483830558,0.40336134453781514
R1128,seq_f3159d2df289b012,238,V3_3T2D,1,John_fixed,0,0.17236,0.14436,46.98535801916853,0.30140474947691953,0.2942708333333333,1248,5.09945975441356,9.767895484184857,0.04201680672268908,0.9949007901813682,10.551146242440076,0.08050847457627118,0.8942532030067595,0.743593182757076,0.5042016806722689
R1128,seq_f3159d2df289b012,238,V3_3T2D,2,John_fixed,0,0.1332,0.13134,67.06721819893592,0.290810101892807,0.2826522435897436,1248,5.239387551123811,9.30223402575517,0.2857142857142857,1.0499070877203842,33.99663934332192,0.1228813559322034,1.1566025058930287,0.8236025816883645,0.37815126050420167
R1128,seq_f3159d2df289b012,238,V3_3T2D,3,John_fixed,0,0.98566,0.98371,0.8747016743615688,0.9390159630628613,0.9356971153846154,1248,0.4397079565157479,0.5215827641163654,0.0,0.5860539295866991,2.5904578349241376,0.029661016949152543,0.3463012771430898,0.4657669371742258,0.8823529411764706
R1128,seq_f3159d2df289b012,238,V3_3T2D,4,John_fixed,0,0.95531,0.95249,1.5669877440428155,0.9409901829235738,0.9362980769230769,1248,0.459387578651979,0.5963866589619844,0.0,0.5420384856048777,2.65278644708642,0.038135593220338986,0.34347641872179335,0.4457712429986916,0.8991596638655462
R1128,seq_f3159d2df289b012,238,V3_3T2D,0,Simple,0,0.13558,0.13383,57.85079682777873,0.2481555276368054,0.2377804487179487,1248,6.718123139141748,11.610981802820548,0.03361344537815126,1.7233826590397223,25.597226897964028,0.1228813559322034,1.1593345935766015,1.0333621239863489,0.40336134453781514
R1128,seq_f3159d2df289b012,238,V3_3T2D,1,Simple,0,0.17236,0.13794,46.90795300194666,0.31461903534552443,0.3060897435897436,1248,5.286424338074436,9.922015077883502,0.05042016806722689,1.069453150892077,10.579210745854283,0.09745762711864407,0.9271317464649979,0.7573811611113268,0.5042016806722689
R1128,seq_f3159d2df289b012,238,V3_3T2D,2,Simple,0,0.1332,0.13298,67.05873537575545,0.2946820279942499,0.2860576923076923,1248,5.433995267571756,9.453440877985148,0.24789915966386555,1.0597682442062681,34.03339551373105,0.1483050847457627,1.2636569074663035,0.8284764444959563,0.3865546218487395
R1128,seq_f3159d2df289b012,238,V3_3T2D,3,Simple,0,0.98566,0.98584,0.8153107009319971,0.9564200088715041,0.9563301282051282,1248,0.4136836855445818,0.49331005049696014,0.0,0.6029119943839545,2.592892879607497,0.0423728813559322,0.34524022340653027,0.45591310311600475,0.8487394957983193
R1128,seq_f3159d2df289b012,238,V3_3T2D,4,Simple,0,0.95531,0.95512,1.5197202729692487,0.9521108721151974,0.9487179487179487,1248,0.4320175025418292,0.5651880269309797,0.0,0.5433935595816061,2.6703570015337377,0.0423728813559322,0.3370942192039778,0.43477175977847443,0.8487394957983193
R1128,seq_f3159d2df289b012,238,V3_3T2D,0,Geometry_historical,0,0.13558,0.13376,57.83865354570646,0.2415127481473873,0.23177083333333334,1248,6.693800785318514,11.591473118219938,0.01680672268907563,1.8087617122578554,25.567098804333533,0.09322033898305085,0.9696686287940354,0.9587330908178022,0.42016806722689076
R1128,seq_f3159d2df289b012,238,V3_3T2D,1,Geometry_historical,0,0.17236,0.14298,46.901816418415216,0.3042258662686245,0.29607371794871795,1248,5.244274436634987,9.921827081616382,0.01680672268907563,1.2123152224557108,10.555707447971606,0.0423728813559322,0.6428958909048756,0.6556392623046505,0.4957983193277311
R1128,seq_f3159d2df289b012,238,V3_3T2D,2,Geometry_historical,0,0.1332,0.1331,67.06118534100118,0.28825496124680505,0.2800480769230769,1248,5.335742047754584,9.405817946553183,0.18907563025210083,1.2845661081098005,33.984067395846125,0.038135593220338986,0.6627895975097142,0.744141485948917,0.3949579831932773
R1128,seq_f3159d2df289b012,238,V3_3T2D,3,Geometry_historical,0,0.98566,0.98585,0.8152436040254163,0.9577127229268233,0.9577323717948718,1248,0.40410753819657325,0.48620474039848716,0.0,0.607598095065831,2.580319906801691,0.0423728813559322,0.29589679449962975,0.3911454545322411,0.8487394957983193
R1128,seq_f3159d2df289b012,238,V3_3T2D,4,Geometry_historical,0,0.95531,0.95507,1.520226671896997,0.9537600288812905,0.9503205128205128,1248,0.4259972962293657,0.561079343165808,0.0,0.5480859385709251,2.6565514894764775,0.0423728813559322,0.28384454489159616,0.3764545801754579,0.8403361344537815
R1136,seq_e113e5b915f73e77,374,J_5T,0,Raw,0,0.2049,0.2049,72.08526629555726,0.2671697502471533,0.2531185031185031,2405,6.425774012238188,11.171664613147765,0.029411764705882353,1.4972655402402797,15.509781364351255,0.06182795698924731,1.01703017238257,0.7048451702069095,0.5508021390374331
R1136,seq_e113e5b915f73e77,374,J_5T,1,Raw,0,0.15348,0.15348,58.92797225146654,0.2673484604945033,0.2514553014553014,2405,8.314130796216922,14.033980976957915,0.05614973262032086,2.002237976058449,12.456457598653813,0.056451612903225805,1.5607115210369167,0.8494672273220658,0.5882352941176471
R1136,seq_e113e5b915f73e77,374,J_5T,2,Raw,0,0.13422,0.13422,59.12099535457096,0.24336313019552003,0.23201663201663203,2405,6.058559169081948,10.192199944027589,0.01871657754010695,1.7943533884917646,17.25065680783859,0.10215053763440861,0.8722503603129381,0.8531994403118152,0.42780748663101603
R1136,seq_e113e5b915f73e77,374,J_5T,3,Raw,0,0.13766,0.13766,71.66251520834112,0.2546736459027966,0.2420997920997921,2405,9.788427458021397,15.708083784256521,0.0481283422459893,2.4781141654525696,21.63863992767544,0.08064516129032258,1.5737156502391307,0.7401723019658909,0.47058823529411764
R1136,seq_e113e5b915f73e77,374,J_5T,4,Raw,0,0.17927,0.17927,96.78762777962017,0.2639649549360949,0.2539501039501039,2405,11.440757934865466,19.503994354962728,0.040106951871657755,2.666383085756093,72.40086737105659,0.06720430107526881,1.7165072086203328,0.6133456573804751,0.4385026737967914
R1136,seq_e113e5b915f73e77,374,J_5T,0,John_adaptive,0,0.2049,0.18758,72.25055980956074,0.2649261790414367,0.251039501039501,2405,6.075939417966716,10.823890846859891,0.03208556149732621,1.1598305283346153,15.684531804489701,0.053763440860215055,0.9934258696462644,0.7302546320355642,0.5668449197860963
R1136,seq_e113e5b915f73e77,374,J_5T,1,John_adaptive,0,0.15348,0.14965,59.00371107605789,0.26779666168459065,0.25114345114345116,2405,7.8192554911079934,13.546380056991827,0.06684491978609626,1.5708028261403455,12.776790869188325,0.03494623655913978,1.4758644612396805,0.9164618236588211,0.5882352941176471
R1136,seq_e113e5b915f73e77,374,J_5T,2,John_adaptive,0,0.13422,0.15488,58.97579626221616,0.24583522366655683,0.2344074844074844,2405,5.685899613262495,9.879495555805038,0.02406417112299465,1.2111397152250734,17.218197181184472,0.08064516129032258,0.861928544706873,0.865008225332305,0.45454545454545453
R1136,seq_e113e5b915f73e77,374,J_5T,3,John_adaptive,0,0.13766,0.15388,71.3655939204588,0.24967501269717735,0.23742203742203744,2405,8.953894312819745,14.850125080638039,0.07754010695187166,1.9544678168018064,21.64314106642575,0.06989247311827956,1.5087696301962021,0.8534212668842023,0.47058823529411764
R1136,seq_e113e5b915f73e77,374,J_5T,4,John_adaptive,0,0.17927,0.16889,96.80706001411487,0.26052884711373014,0.2498960498960499,2405,10.509870585643101,18.490263120344107,0.0427807486631016,2.210481008125828,72.81811376594501,0.043010752688172046,1.6352558217910784,0.6910493770753667,0.4385026737967914
R1136,seq_e113e5b915f73e77,374,J_5T,0,John_fixed,0,0.2049,0.18761,72.24809530238552,0.2650793674436815,0.25124740124740125,2405,6.079298173538531,10.827329191249609,0.03208556149732621,1.1623987708812737,15.681661557478293,0.053763440860215055,0.9941431822594955,0.7324815694115981,0.5668449197860963
R1136,seq_e113e5b915f73e77,374,J_5T,1,John_fixed,0,0.15348,0.15428,58.999094269992575,0.2683653439971338,0.2515592515592516,2405,7.826735512106169,13.553844226992412,0.06417112299465241,1.5758377289539949,12.765431551060452,0.03494623655913978,1.4845447767054973,0.9178797424475234,0.5882352941176471
R1136,seq_e113e5b915f73e77,374,J_5T,2,John_fixed,0,0.13422,0.1576,58.98063652168398,0.24512639201951142,0.2336798336798337,2405,5.694870310541509,9.887167420364705,0.02406417112299465,1.224484460369443,17.219431970611957,0.08064516129032258,0.8565095140996748,0.8631134761061526,0.44919786096256686
R1136,seq_e113e5b915f73e77,374,J_5T,3,John_fixed,0,0.13766,0.1563,71.37540526403953,0.24975493183871178,0.23762993762993764,2405,8.982717498167256,14.88051001884813,0.0748663101604278,1.971728093167026,21.633149890236673,0.06989247311827956,1.5014487607027749,0.8452938268279199,0.47593582887700536
R1136,seq_e113e5b915f73e77,374,J_5T,4,John_fixed,0,0.17927,0.17697,96.78502600478944,0.2610119056350713,0.2504158004158004,2405,10.561287317789786,18.547083405934192,0.05080213903743316,2.232525429487474,72.7638185088978,0.043010752688172046,1.6465741608594822,0.6696441124013033,0.42245989304812837
R1136,seq_e113e5b915f73e77,374,J_5T,0,Simple,0,0.2049,0.20295,72.08098053562337,0.2698889380685068,0.2559251559251559,2405,6.386035044133045,11.144746636121692,0.029411764705882353,1.349799893639706,15.505079811155461,0.06182795698924731,1.0079288319310749,0.7048296441445494,0.5561497326203209
R1136,seq_e113e5b915f73e77,374,J_5T,1,Simple,0,0.15348,0.16597,58.91898722516025,0.27341781456919356,0.25706860706860707,2405,8.270389649412126,14.00159212807963,0.058823529411764705,1.8638313093838805,12.447364229906661,0.056451612903225805,1.5545583492287829,0.846449030679749,0.5828877005347594
R1136,seq_e113e5b915f73e77,374,J_5T,2,Simple,0,0.13422,0.16189,59.11096997948078,0.2527599249631851,0.24106029106029106,2405,5.974700405600318,10.133155140456378,0.016042780748663103,1.5308699616820844,17.23913614566917,0.0913978494623656,0.8566423193156643,0.8658223313189528,0.43315508021390375
R1136,seq_e113e5b915f73e77,374,J_5T,3,Simple,0,0.13766,0.15597,71.65306017657477,0.26078996698429846,0.2475051975051975,2405,9.744248518960568,15.673065483513362,0.0481283422459893,2.366725191484268,21.627598886653516,0.08064516129032258,1.570799241701973,0.7652320787201274,0.47058823529411764
R1136,seq_e113e5b915f73e77,374,J_5T,4,Simple,0,0.17927,0.17956,96.77955342934084,0.2655217764624482,0.2553014553014553,2405,11.404867237920271,19.474966606595192,0.040106951871657755,2.5733415168247524,72.39400110213452,0.06720430107526881,1.6940103922869443,0.6034622686238441,0.4117647058823529
R1136,seq_e113e5b915f73e77,374,J_5T,0,Geometry_historical,0,0.2049,0.17751,72.06697933527514,0.27040748857487307,0.2563409563409563,2405,6.3760978581869665,11.138682513589012,0.029411764705882353,1.3509463764166243,15.485283634852763,0.06182795698924731,0.8202433125304025,0.7085396129522095,0.5668449197860963
R1136,seq_e113e5b915f73e77,374,J_5T,1,Geometry_historical,0,0.15348,0.16605,58.90735568683685,0.2735757635778502,0.2573804573804574,2405,8.260446575761094,13.994247102533377,0.06684491978609626,1.8589083461320206,12.427439867370957,0.056451612903225805,1.117683417355981,0.8807721051777584,0.5882352941176471
R1136,seq_e113e5b915f73e77,374,J_5T,2,Geometry_historical,0,0.13422,0.13449,59.09899223476754,0.25359848316981776,0.24168399168399168,2405,5.967711015889024,10.128739424403632,0.01871657754010695,1.5313066728104703,17.219121412743718,0.0913978494623656,0.7907493217316889,0.8277547815370672,0.4385026737967914
R1136,seq_e113e5b915f73e77,374,J_5T,3,Geometry_historical,0,0.13766,0.1463,71.63958116406442,0.26087899113995133,0.2477130977130977,2405,9.73590912812134,15.665781212239684,0.053475935828877004,2.3636652145301573,21.60721913612391,0.07795698924731183,1.1461105567183412,0.8229447410765471,0.46524064171123
R1136,seq_e113e5b915f73e77,374,J_5T,4,Geometry_historical,0,0.17927,0.17964,96.76120490657023,0.2663794729898667,0.256029106029106,2405,11.391388198896069,19.46813949955451,0.040106951871657755,2.5639887235544596,72.37329044729853,0.06182795698924731,1.150217288401336,0.7099347981349783,0.42245989304812837
R1136,seq_e113e5b915f73e77,374,V3_5T,0,Raw,0,0.15057,0.15057,56.437507292978566,0.23158317572574794,0.22016632016632018,2405,5.615623579627226,9.694022268637164,0.1711229946524064,1.8716019195146933,21.914830978066938,0.06720430107526881,0.9292258208984537,0.871774085984667,0.5240641711229946
R1136,seq_e113e5b915f73e77,374,V3_5T,1,Raw,0,0.17505,0.17505,56.17475687189167,0.2329536887268237,0.2238045738045738,2405,5.214507790246866,8.887439700769603,0.14171122994652408,1.4629266065258766,2.223451146525946,0.06720430107526881,0.9774023165955497,0.8812254993474941,0.6256684491978609
R1136,seq_e113e5b915f73e77,374,V3_5T,2,Raw,0,0.23157,0.23157,62.0717843596881,0.2446233162181225,0.23212058212058212,2405,5.034604892385081,9.00367725080467,0.11497326203208556,1.3525264335945297,9.944443261545693,0.02956989247311828,0.8698068087546853,0.7703292326962127,0.6096256684491979
R1136,seq_e113e5b915f73e77,374,V3_5T,3,Raw,0,0.17675,0.17675,41.19204783691448,0.22367538507294324,0.21237006237006237,2405,5.29311111273076,8.642706416045403,0.35294117647058826,1.78781538240942,5.4985914058794165,0.07795698924731183,0.9130566297561347,0.8528351774812714,0.5240641711229946
R1136,seq_e113e5b915f73e77,374,V3_5T,4,Raw,0,0.12986,0.12986,116.31531311853642,0.2142572349369062,0.2024948024948025,2405,6.548998804430769,11.605619320142294,0.15240641711229946,1.6488188163829707,98.05203887155525,0.024193548387096774,1.3302202856226832,0.9453835031845517,0.5026737967914439
R1136,seq_e113e5b915f73e77,374,V3_5T,0,John_adaptive,0,0.15057,0.15115,56.398932692747664,0.23589837307545986,0.224012474012474,2405,5.420605772119015,9.52410230806878,0.11229946524064172,1.3625437966387004,21.898416755638237,0.11290322580645161,0.9963613427608504,0.9223086578871386,0.49732620320855614
R1136,seq_e113e5b915f73e77,374,V3_5T,1,John_adaptive,0,0.17505,0.16105,56.11423329902097,0.24339233605037897,0.2336798336798337,2405,5.059695681357536,8.748801166356518,0.10427807486631016,0.9769066644926492,2.2325480337099677,0.12365591397849462,1.0621713358233362,0.9261430366347525,0.5935828877005348
R1136,seq_e113e5b915f73e77,374,V3_5T,2,John_adaptive,0,0.23157,0.23325,61.98989791452699,0.24811812818922166,0.23534303534303536,2405,4.894579487345836,8.889097738982503,0.07219251336898395,0.9271240611927949,9.85647042448592,0.08602150537634409,0.9522949200961677,0.8295470483592571,0.5882352941176471
R1136,seq_e113e5b915f73e77,374,V3_5T,3,John_adaptive,0,0.17675,0.19555,41.150337059429994,0.23564466443690565,0.22442827442827443,2405,5.186890652245346,8.565988875012271,0.25133689839572193,1.096486960800186,5.447345654727506,0.1774193548387097,1.2113432100721204,0.9857485807276778,0.5828877005347594
R1136,seq_e113e5b915f73e77,374,V3_5T,4,John_adaptive,0,0.12986,0.13375,116.29146443664257,0.22300495309956128,0.2109147609147609,2405,6.243811897928354,11.328957019343031,0.09893048128342247,1.046342763696779,98.063121889055,0.08870967741935484,1.4537873327485815,1.009914327552519,0.49732620320855614
R1136,seq_e113e5b915f73e77,374,V3_5T,0,John_fixed,0,0.15057,0.15452,56.37711071458409,0.23991905628660487,0.22796257796257796,2405,5.3964324305115365,9.5025096958476,0.11497326203208556,1.2698781072179992,21.884612830620263,0.12096774193548387,0.987397139514454,0.9388038683704559,0.4919786096256685
R1136,seq_e113e5b915f73e77,374,V3_5T,1,John_fixed,0,0.17505,0.16104,56.11259400328064,0.24372614819608165,0.233991683991684,2405,5.057235793326561,8.746715996554194,0.10427807486631016,0.9660843373850316,2.2329347349462907,0.12365591397849462,1.0639147370617144,0.9262023234346342,0.5935828877005348
R1136,seq_e113e5b915f73e77,374,V3_5T,2,John_fixed,0,0.23157,0.2332,61.99050270605274,0.24879358221773484,0.23596673596673598,2405,4.89627187816088,8.890491671157875,0.07219251336898395,0.9303181610856641,9.856561253818818,0.08602150537634409,0.9515530933720406,0.8301258152685547,0.5882352941176471
R1136,seq_e113e5b915f73e77,374,V3_5T,3,John_fixed,0,0.17675,0.1962,41.151105460889355,0.23561915550939724,0.22432432432432434,2405,5.1873526513748285,8.566674503621476,0.25668449197860965,1.112420368408403,5.4492290536236325,0.1774193548387097,1.202822114634743,0.9858555753170052,0.5828877005347594
R1136,seq_e113e5b915f73e77,374,V3_5T,4,John_fixed,0,0.12986,0.14459,116.29127789585182,0.2217371500511687,0.20914760914760916,2405,6.28510959179228,11.379578055070153,0.08823529411764706,1.1598411154948682,98.05764534023388,0.08064516129032258,1.4394928523302373,1.021194632272064,0.5240641711229946
R1136,seq_e113e5b915f73e77,374,V3_5T,0,Simple,0,0.15057,0.15453,56.4629828980207,0.2500746312431367,0.2367983367983368,2405,5.619105818569046,9.687313017425238,0.10695187165775401,1.3368298925922761,21.91006318104249,0.16129032258064516,1.1327546331477811,0.9370264343635786,0.5240641711229946
R1136,seq_e113e5b915f73e77,374,V3_5T,1,Simple,0,0.17505,0.17441,56.1644493328773,0.24789343261985994,0.23773388773388773,2405,5.216715069685397,8.887953015029504,0.0962566844919786,0.9690432332291018,2.245241476477915,0.1424731182795699,1.207349201540473,0.9566756074506516,0.6203208556149733
R1136,seq_e113e5b915f73e77,374,V3_5T,2,Simple,0,0.23157,0.23284,62.08184448957517,0.2574499532502102,0.24490644490644492,2405,5.057960391015537,9.036318515678188,0.0748663101604278,0.9108193136918157,9.944672352761842,0.09946236559139784,1.0244617036268655,0.837558477377899,0.6096256684491979
R1136,seq_e113e5b915f73e77,374,V3_5T,3,Simple,0,0.17675,0.19573,41.217478625798314,0.24453808249380035,0.23316008316008316,2405,5.333497395169832,8.685013847692446,0.22727272727272727,0.9679295274182593,5.504949214486871,0.21236559139784947,1.3548450431758627,0.9729613592134518,0.5775401069518716
R1136,seq_e113e5b915f73e77,374,V3_5T,4,Simple,0,0.12986,0.12424,116.28235906441157,0.22780549383842422,0.2156964656964657,2405,6.564766222347334,11.615372825477587,0.10427807486631016,1.1915402779687632,98.02621574790797,0.10752688172043011,1.5504936529187812,1.0108981207344339,0.5187165775401069
R1136,seq_e113e5b915f73e77,374,V3_5T,0,Geometry_historical,0,0.15057,0.15097,56.429462981220446,0.24109112839637475,0.22910602910602912,2405,5.557925452963981,9.67706234208575,0.07219251336898395,1.545935554759067,21.89098077086053,0.06182795698924731,0.7957619754947555,0.8566685798127878,0.5294117647058824
R1136,seq_e113e5b915f73e77,374,V3_5T,1,Geometry_historical,0,0.17505,0.15585,56.17075143186186,0.2408196970874948,0.2314968814968815,2405,5.146237323458533,8.860274417355148,0.06417112299465241,1.2054522079399832,2.22446016199374,0.06182795698924731,0.8293776823668041,0.818144335704238,0.6042780748663101
R1136,seq_e113e5b915f73e77,374,V3_5T,2,Geometry_historical,0,0.23157,0.23287,62.04629128503105,0.24972143917854825,0.23742203742203744,2405,4.987501762828711,8.97776522273649,0.0427807486631016,1.1119056385552635,9.897208846710441,0.02956989247311828,0.6728011505486602,0.7009510656977282,0.6149732620320856
R1136,seq_e113e5b915f73e77,374,V3_5T,3,Geometry_historical,0,0.17675,0.19658,41.187720923440715,0.22936331240577346,0.21798336798336798,2405,5.208137535129321,8.61029253440777,0.17379679144385027,1.3960068826466818,5.475833198298886,0.07258064516129033,0.7327920046684158,0.8264780496425528,0.5454545454545454
R1136,seq_e113e5b915f73e77,374,V3_5T,4,Geometry_historical,0,0.12986,0.12139,116.18597540888392,0.2179926434068599,0.20571725571725571,2405,6.486887122215942,11.578683299632164,0.08288770053475936,1.444883279130185,97.918556569251,0.024193548387096774,0.6712941490377804,0.8432830770292538,0.5080213903743316
R1136,seq_e113e5b915f73e77,374,J_3T2D,0,Raw,0,0.2049,0.2049,72.08526629555726,0.2671697502471533,0.2531185031185031,2405,6.425774012238188,11.171664613147765,0.029411764705882353,1.4972655402402797,15.509781364351255,0.06182795698924731,1.01703017238257,0.7048451702069095,0.5508021390374331
R1136,seq_e113e5b915f73e77,374,J_3T2D,1,Raw,0,0.15348,0.15348,58.92797225146654,0.2673484604945033,0.2514553014553014,2405,8.314130796216922,14.033980976957915,0.05614973262032086,2.002237976058449,12.456457598653813,0.056451612903225805,1.5607115210369167,0.8494672273220658,0.5882352941176471
R1136,seq_e113e5b915f73e77,374,J_3T2D,2,Raw,0,0.13422,0.13422,59.12099535457096,0.24336313019552003,0.23201663201663203,2405,6.058559169081948,10.192199944027589,0.01871657754010695,1.7943533884917646,17.25065680783859,0.10215053763440861,0.8722503603129381,0.8531994403118152,0.42780748663101603
R1136,seq_e113e5b915f73e77,374,J_3T2D,3,Raw,0,0.22722,0.22722,34.443136929041216,0.6125023371966302,0.583056133056133,2405,2.487666196216,4.802804169239511,0.013368983957219251,0.8755566489867342,6.423535472709801,0.01881720430107527,0.3975255460872617,0.5330691883142443,0.839572192513369
R1136,seq_e113e5b915f73e77,374,J_3T2D,4,Raw,0,0.24445,0.24445,48.34973938538857,0.6241861214649421,0.595945945945946,2405,2.5025513441292575,4.691370633265421,0.034759358288770054,0.9231160768502263,5.304112639358053,0.024193548387096774,0.4951500398722899,0.6507043425217488,0.8288770053475936
R1136,seq_e113e5b915f73e77,374,J_3T2D,0,John_adaptive,0,0.2049,0.18758,72.25055980956074,0.2649261790414367,0.251039501039501,2405,6.075939417966716,10.823890846859891,0.03208556149732621,1.1598305283346153,15.684531804489701,0.053763440860215055,0.9934258696462644,0.7302546320355642,0.5668449197860963
R1136,seq_e113e5b915f73e77,374,J_3T2D,1,John_adaptive,0,0.15348,0.14965,59.00371107605789,0.26779666168459065,0.25114345114345116,2405,7.8192554911079934,13.546380056991827,0.06684491978609626,1.5708028261403455,12.776790869188325,0.03494623655913978,1.4758644612396805,0.9164618236588211,0.5882352941176471
R1136,seq_e113e5b915f73e77,374,J_3T2D,2,John_adaptive,0,0.13422,0.15488,58.97579626221616,0.24583522366655683,0.2344074844074844,2405,5.685899613262495,9.879495555805038,0.02406417112299465,1.2111397152250734,17.218197181184472,0.08064516129032258,0.861928544706873,0.865008225332305,0.45454545454545453
R1136,seq_e113e5b915f73e77,374,J_3T2D,3,John_adaptive,0,0.22722,0.24059,34.57860139835114,0.5477055077858493,0.5225571725571726,2405,2.5321483573586203,4.873936290224573,0.0213903743315508,0.5326126697521485,6.559242288239005,0.024193548387096774,0.5841563078787886,0.7465840542997344,0.8021390374331551
R1136,seq_e113e5b915f73e77,374,J_3T2D,4,John_adaptive,0,0.24445,0.24581,48.4046745231595,0.5555199550751515,0.5312889812889813,2405,2.5932904485118202,4.79289359432456,0.0427807486631016,0.5173504660421977,5.2174248677725785,0.01881720430107527,0.6034237689090909,0.7519206476740208,0.8288770053475936
R1136,seq_e113e5b915f73e77,374,J_3T2D,0,John_fixed,0,0.2049,0.18761,72.24809530238552,0.2650793674436815,0.25124740124740125,2405,6.079298173538531,10.827329191249609,0.03208556149732621,1.1623987708812737,15.681661557478293,0.053763440860215055,0.9941431822594955,0.7324815694115981,0.5668449197860963
R1136,seq_e113e5b915f73e77,374,J_3T2D,1,John_fixed,0,0.15348,0.15428,58.999094269992575,0.2683653439971338,0.2515592515592516,2405,7.826735512106169,13.553844226992412,0.06417112299465241,1.5758377289539949,12.765431551060452,0.03494623655913978,1.4845447767054973,0.9178797424475234,0.5882352941176471
R1136,seq_e113e5b915f73e77,374,J_3T2D,2,John_fixed,0,0.13422,0.1576,58.98063652168398,0.24512639201951142,0.2336798336798337,2405,5.694870310541509,9.887167420364705,0.02406417112299465,1.224484460369443,17.219431970611957,0.08064516129032258,0.8565095140996748,0.8631134761061526,0.44919786096256686
R1136,seq_e113e5b915f73e77,374,J_3T2D,3,John_fixed,0,0.22722,0.22841,34.48029743757484,0.6055042073404496,0.5769230769230769,2405,2.475621281825277,4.805296936379667,0.016042780748663103,0.7327432617446296,6.469870501909185,0.021505376344086023,0.4445496742947631,0.5912568780585786,0.8556149732620321
R1136,seq_e113e5b915f73e77,374,J_3T2D,4,John_fixed,0,0.24445,0.24574,48.35830726778194,0.6221585588717431,0.5938669438669438,2405,2.513400688431303,4.709739262387017,0.0374331550802139,0.7472295763245912,5.2809055981954245,0.021505376344086023,0.5110569313742581,0.6706416933668585,0.8181818181818182
R1136,seq_e113e5b915f73e77,374,J_3T2D,0,Simple,0,0.2049,0.20295,72.08098053562337,0.2698889380685068,0.2559251559251559,2405,6.386035044133045,11.144746636121692,0.029411764705882353,1.349799893639706,15.505079811155461,0.06182795698924731,1.0079288319310749,0.7048296441445494,0.5561497326203209
R1136,seq_e113e5b915f73e77,374,J_3T2D,1,Simple,0,0.15348,0.16597,58.91898722516025,0.27341781456919356,0.25706860706860707,2405,8.270389649412126,14.00159212807963,0.058823529411764705,1.8638313093838805,12.447364229906661,0.056451612903225805,1.5545583492287829,0.846449030679749,0.5828877005347594
R1136,seq_e113e5b915f73e77,374,J_3T2D,2,Simple,0,0.13422,0.16189,59.11096997948078,0.2527599249631851,0.24106029106029106,2405,5.974700405600318,10.133155140456378,0.016042780748663103,1.5308699616820844,17.23913614566917,0.0913978494623656,0.8566423193156643,0.8658223313189528,0.43315508021390375
R1136,seq_e113e5b915f73e77,374,J_3T2D,3,Simple,0,0.22722,0.22815,34.471557994015654,0.6183412658545565,0.5887733887733888,2405,2.4986509138042505,4.8273952653585175,0.013368983957219251,0.6941799490748773,6.452996359765621,0.021505376344086023,0.45435483721726133,0.5988790769979134,0.8342245989304813
R1136,seq_e113e5b915f73e77,374,J_3T2D,4,Simple,0,0.24445,0.23694,48.368769643849255,0.6369888212276571,0.6081081081081081,2405,2.5195876945815705,4.712544628104359,0.034759358288770054,0.6646842845350326,5.271644805263264,0.021505376344086023,0.5456083439551381,0.7008849567047104,0.8235294117647058
R1136,seq_e113e5b915f73e77,374,J_3T2D,0,Geometry_historical,0,0.2049,0.17751,72.06697933527514,0.27040748857487307,0.2563409563409563,2405,6.3760978581869665,11.138682513589012,0.029411764705882353,1.3509463764166243,15.485283634852763,0.06182795698924731,0.8202433125304025,0.7085396129522095,0.5668449197860963
R1136,seq_e113e5b915f73e77,374,J_3T2D,1,Geometry_historical,0,0.15348,0.16605,58.90735568683685,0.2735757635778502,0.2573804573804574,2405,8.260446575761094,13.994247102533377,0.06684491978609626,1.8589083461320206,12.427439867370957,0.056451612903225805,1.117683417355981,0.8807721051777584,0.5882352941176471
R1136,seq_e113e5b915f73e77,374,J_3T2D,2,Geometry_historical,0,0.13422,0.13449,59.09899223476754,0.25359848316981776,0.24168399168399168,2405,5.967711015889024,10.128739424403632,0.01871657754010695,1.5313066728104703,17.219121412743718,0.0913978494623656,0.7907493217316889,0.8277547815370672,0.4385026737967914
R1136,seq_e113e5b915f73e77,374,J_3T2D,3,Geometry_historical,0,0.22722,0.22825,34.46823932986884,0.6215069628685538,0.5917879417879418,2405,2.48954483411198,4.827325370105098,0.016042780748663103,0.7221903305340939,6.397765719552531,0.016129032258064516,0.2756915412005794,0.4066995316961922,0.8235294117647058
R1136,seq_e113e5b915f73e77,374,J_3T2D,4,Geometry_historical,0,0.24445,0.2358,48.378137183611265,0.6366514823597882,0.6071725571725571,2405,2.4996091592904297,4.705401393126456,0.034759358288770054,0.6983527641097477,5.210331744423883,0.021505376344086023,0.4031536419275948,0.558527684240679,0.839572192513369
R1136,seq_e113e5b915f73e77,374,V3_3T2D,0,Raw,0,0.15057,0.15057,56.437507292978566,0.23158317572574794,0.22016632016632018,2405,5.615623579627226,9.694022268637164,0.1711229946524064,1.8716019195146933,21.914830978066938,0.06720430107526881,0.9292258208984537,0.871774085984667,0.5240641711229946
R1136,seq_e113e5b915f73e77,374,V3_3T2D,1,Raw,0,0.17505,0.17505,56.17475687189167,0.2329536887268237,0.2238045738045738,2405,5.214507790246866,8.887439700769603,0.14171122994652408,1.4629266065258766,2.223451146525946,0.06720430107526881,0.9774023165955497,0.8812254993474941,0.6256684491978609
R1136,seq_e113e5b915f73e77,374,V3_3T2D,2,Raw,0,0.23157,0.23157,62.0717843596881,0.2446233162181225,0.23212058212058212,2405,5.034604892385081,9.00367725080467,0.11497326203208556,1.3525264335945297,9.944443261545693,0.02956989247311828,0.8698068087546853,0.7703292326962127,0.6096256684491979
R1136,seq_e113e5b915f73e77,374,V3_3T2D,3,Raw,0,0.22722,0.22722,34.443136929041216,0.6125023371966302,0.583056133056133,2405,2.487666196216,4.802804169239511,0.013368983957219251,0.8755566489867342,6.423535472709801,0.01881720430107527,0.3975255460872617,0.5330691883142443,0.839572192513369
R1136,seq_e113e5b915f73e77,374,V3_3T2D,4,Raw,0,0.24445,0.24445,48.34973938538857,0.6241861214649421,0.595945945945946,2405,2.5025513441292575,4.691370633265421,0.034759358288770054,0.9231160768502263,5.304112639358053,0.024193548387096774,0.4951500398722899,0.6507043425217488,0.8288770053475936
R1136,seq_e113e5b915f73e77,374,V3_3T2D,0,John_adaptive,0,0.15057,0.15115,56.398932692747664,0.23589837307545986,0.224012474012474,2405,5.420605772119015,9.52410230806878,0.11229946524064172,1.3625437966387004,21.898416755638237,0.11290322580645161,0.9963613427608504,0.9223086578871386,0.49732620320855614
R1136,seq_e113e5b915f73e77,374,V3_3T2D,1,John_adaptive,0,0.17505,0.16105,56.11423329902097,0.24339233605037897,0.2336798336798337,2405,5.059695681357536,8.748801166356518,0.10427807486631016,0.9769066644926492,2.2325480337099677,0.12365591397849462,1.0621713358233362,0.9261430366347525,0.5935828877005348
R1136,seq_e113e5b915f73e77,374,V3_3T2D,2,John_adaptive,0,0.23157,0.23325,61.98989791452699,0.24811812818922166,0.23534303534303536,2405,4.894579487345836,8.889097738982503,0.07219251336898395,0.9271240611927949,9.85647042448592,0.08602150537634409,0.9522949200961677,0.8295470483592571,0.5882352941176471
R1136,seq_e113e5b915f73e77,374,V3_3T2D,3,John_adaptive,0,0.22722,0.24059,34.57860139835114,0.5477055077858493,0.5225571725571726,2405,2.5321483573586203,4.873936290224573,0.0213903743315508,0.5326126697521485,6.559242288239005,0.024193548387096774,0.5841563078787886,0.7465840542997344,0.8021390374331551
R1136,seq_e113e5b915f73e77,374,V3_3T2D,4,John_adaptive,0,0.24445,0.24581,48.4046745231595,0.5555199550751515,0.5312889812889813,2405,2.5932904485118202,4.79289359432456,0.0427807486631016,0.5173504660421977,5.2174248677725785,0.01881720430107527,0.6034237689090909,0.7519206476740208,0.8288770053475936
R1136,seq_e113e5b915f73e77,374,V3_3T2D,0,John_fixed,0,0.15057,0.15452,56.37711071458409,0.23991905628660487,0.22796257796257796,2405,5.3964324305115365,9.5025096958476,0.11497326203208556,1.2698781072179992,21.884612830620263,0.12096774193548387,0.987397139514454,0.9388038683704559,0.4919786096256685
R1136,seq_e113e5b915f73e77,374,V3_3T2D,1,John_fixed,0,0.17505,0.16104,56.11259400328064,0.24372614819608165,0.233991683991684,2405,5.057235793326561,8.746715996554194,0.10427807486631016,0.9660843373850316,2.2329347349462907,0.12365591397849462,1.0639147370617144,0.9262023234346342,0.5935828877005348
R1136,seq_e113e5b915f73e77,374,V3_3T2D,2,John_fixed,0,0.23157,0.2332,61.99050270605274,0.24879358221773484,0.23596673596673598,2405,4.89627187816088,8.890491671157875,0.07219251336898395,0.9303181610856641,9.856561253818818,0.08602150537634409,0.9515530933720406,0.8301258152685547,0.5882352941176471
R1136,seq_e113e5b915f73e77,374,V3_3T2D,3,John_fixed,0,0.22722,0.22841,34.48029743757484,0.6055042073404496,0.5769230769230769,2405,2.475621281825277,4.805296936379667,0.016042780748663103,0.7327432617446296,6.469870501909185,0.021505376344086023,0.4445496742947631,0.5912568780585786,0.8556149732620321
R1136,seq_e113e5b915f73e77,374,V3_3T2D,4,John_fixed,0,0.24445,0.24574,48.35830726778194,0.6221585588717431,0.5938669438669438,2405,2.513400688431303,4.709739262387017,0.0374331550802139,0.7472295763245912,5.2809055981954245,0.021505376344086023,0.5110569313742581,0.6706416933668585,0.8181818181818182
R1136,seq_e113e5b915f73e77,374,V3_3T2D,0,Simple,0,0.15057,0.15453,56.4629828980207,0.2500746312431367,0.2367983367983368,2405,5.619105818569046,9.687313017425238,0.10695187165775401,1.3368298925922761,21.91006318104249,0.16129032258064516,1.1327546331477811,0.9370264343635786,0.5240641711229946
R1136,seq_e113e5b915f73e77,374,V3_3T2D,1,Simple,0,0.17505,0.17441,56.1644493328773,0.24789343261985994,0.23773388773388773,2405,5.216715069685397,8.887953015029504,0.0962566844919786,0.9690432332291018,2.245241476477915,0.1424731182795699,1.207349201540473,0.9566756074506516,0.6203208556149733
R1136,seq_e113e5b915f73e77,374,V3_3T2D,2,Simple,0,0.23157,0.23284,62.08184448957517,0.2574499532502102,0.24490644490644492,2405,5.057960391015537,9.036318515678188,0.0748663101604278,0.9108193136918157,9.944672352761842,0.09946236559139784,1.0244617036268655,0.837558477377899,0.6096256684491979
R1136,seq_e113e5b915f73e77,374,V3_3T2D,3,Simple,0,0.22722,0.22815,34.471557994015654,0.6183412658545565,0.5887733887733888,2405,2.4986509138042505,4.8273952653585175,0.013368983957219251,0.6941799490748773,6.452996359765621,0.021505376344086023,0.45435483721726133,0.5988790769979134,0.8342245989304813
R1136,seq_e113e5b915f73e77,374,V3_3T2D,4,Simple,0,0.24445,0.23694,48.368769643849255,0.6369888212276571,0.6081081081081081,2405,2.5195876945815705,4.712544628104359,0.034759358288770054,0.6646842845350326,5.271644805263264,0.021505376344086023,0.5456083439551381,0.7008849567047104,0.8235294117647058
R1136,seq_e113e5b915f73e77,374,V3_3T2D,0,Geometry_historical,0,0.15057,0.15097,56.429462981220446,0.24109112839637475,0.22910602910602912,2405,5.557925452963981,9.67706234208575,0.07219251336898395,1.545935554759067,21.89098077086053,0.06182795698924731,0.7957619754947555,0.8566685798127878,0.5294117647058824
R1136,seq_e113e5b915f73e77,374,V3_3T2D,1,Geometry_historical,0,0.17505,0.15585,56.17075143186186,0.2408196970874948,0.2314968814968815,2405,5.146237323458533,8.860274417355148,0.06417112299465241,1.2054522079399832,2.22446016199374,0.06182795698924731,0.8293776823668041,0.818144335704238,0.6042780748663101
R1136,seq_e113e5b915f73e77,374,V3_3T2D,2,Geometry_historical,0,0.23157,0.23287,62.04629128503105,0.24972143917854825,0.23742203742203744,2405,4.987501762828711,8.97776522273649,0.0427807486631016,1.1119056385552635,9.897208846710441,0.02956989247311828,0.6728011505486602,0.7009510656977282,0.6149732620320856
R1136,seq_e113e5b915f73e77,374,V3_3T2D,3,Geometry_historical,0,0.22722,0.22825,34.46823932986884,0.6215069628685538,0.5917879417879418,2405,2.48954483411198,4.827325370105098,0.016042780748663103,0.7221903305340939,6.397765719552531,0.016129032258064516,0.2756915412005794,0.4066995316961922,0.8235294117647058
R1136,seq_e113e5b915f73e77,374,V3_3T2D,4,Geometry_historical,0,0.24445,0.2358,48.378137183611265,0.6366514823597882,0.6071725571725571,2405,2.4996091592904297,4.705401393126456,0.034759358288770054,0.6983527641097477,5.210331744423883,0.021505376344086023,0.4031536419275948,0.558527684240679,0.839572192513369
R1138,seq_10df3cf7b8552761,720,J_5T,0,Raw,1,0.1704,0.1704,55.923432240090754,0.26319243932863806,0.25103825136612024,4575,6.505608936347485,11.266162670734804,0.08888888888888889,1.657023185807375,2.057474247194641,0.08774373259052924,1.295754960172332,0.8331241439828497,0.6416666666666667
R1138,seq_10df3cf7b8552761,720,J_5T,1,Raw,1,0.21747,0.21747,52.424983541305366,0.26538667626806167,0.2548087431693989,4575,5.611034471373279,9.860529643863739,0.025,1.4297088058896146,2.83315505088936,0.0766016713091922,0.8544752525134818,0.8635494397038986,0.5916666666666667
R1138,seq_10df3cf7b8552761,720,J_5T,2,Raw,0,0.17472,0.17472,71.56999728176935,0.27306338147499754,0.2594692798942964,4541,7.035206638805568,11.734595427043017,0.06944444444444445,1.8289202449131583,20.573686316054122,0.10724233983286909,1.4558265616851187,0.8162302626252034,0.5361111111111111
R1138,seq_10df3cf7b8552761,720,J_5T,3,Raw,0,0.1886,0.1886,56.85632372834335,0.2598546398012858,0.24790794979079497,4541,6.344680511883791,10.601365078498906,0.020833333333333332,1.880825787917872,9.23203200863935,0.09749303621169916,0.9262186325308601,0.8887420770867427,0.5111111111111111
R1138,seq_10df3cf7b8552761,720,J_5T,4,Raw,0,0.1809,0.1809,78.08617528101685,0.2725570263310857,0.2590839022241797,4541,8.757238436043387,14.736098000900917,0.08194444444444444,2.1375063524474602,28.15428210295643,0.10306406685236769,1.6527982806849773,0.7412707454851131,0.5333333333333333
R1138,seq_10df3cf7b8552761,720,J_5T,0,John_adaptive,1,0.1704,0.17108,55.97931955917118,0.2681163472782974,0.25601092896174865,4575,6.071312799231009,10.861926325060907,0.11944444444444445,1.2008549074101695,1.9833584029653792,0.0766016713091922,1.2269707253623814,0.9559101293911461,0.6472222222222223
R1138,seq_10df3cf7b8552761,720,J_5T,1,John_adaptive,1,0.21747,0.21573,52.361675855067965,0.27224800549539324,0.2608743169398907,4575,5.320931909231133,9.623624858598038,0.034722222222222224,1.0114717002544693,2.7296182179242052,0.06545961002785515,0.828788642633861,0.8677713802801837,0.6
R1138,seq_10df3cf7b8552761,720,J_5T,2,John_adaptive,0,0.17472,0.17558,71.74451726474597,0.2787250499966538,0.26365338031270646,4541,6.585353928758688,11.279178253510745,0.09027777777777778,1.312938522323063,20.696669269474427,0.08774373259052924,1.3857355417111956,0.8663229415733469,0.525
R1138,seq_10df3cf7b8552761,720,J_5T,3,John_adaptive,0,0.1886,0.18707,56.73966999868171,0.2655073862548231,0.25346839903105045,4541,5.884920379682622,10.173781425847803,0.029166666666666667,1.281671059679437,9.14136140252635,0.07799442896935933,0.8997180585929109,0.9034791875493248,0.5277777777777778
R1138,seq_10df3cf7b8552761,720,J_5T,4,John_adaptive,0,0.1809,0.18573,77.98363544299825,0.27562319062271035,0.2623320854437349,4541,8.119414517994906,14.07936048933228,0.09166666666666666,1.632718680324445,28.379744016928598,0.07938718662952646,1.5548911402286996,0.8541829009454982,0.5472222222222223
R1138,seq_10df3cf7b8552761,720,J_5T,0,John_fixed,1,0.1704,0.16857,55.9751122691037,0.2681963461703367,0.2561748633879781,4575,6.08037520955996,10.870027478443031,0.1125,1.2129902361847764,1.989171222378637,0.0766016713091922,1.224072892355532,0.9465524679157642,0.6416666666666667
R1138,seq_10df3cf7b8552761,720,J_5T,1,John_fixed,1,0.21747,0.21431,52.36461228510546,0.2718259566570889,0.2606010928961749,4575,5.330747873745179,9.631574765510496,0.03611111111111111,1.026357116604507,2.7346890396071757,0.06545961002785515,0.8304166836687791,0.8663300888300512,0.6
R1138,seq_10df3cf7b8552761,720,J_5T,2,John_fixed,0,0.17472,0.17613,71.73019304635444,0.2789752911997136,0.26403875798282317,4541,6.599653021482188,11.29369183599718,0.08611111111111111,1.3326489404248958,20.68515270806357,0.08774373259052924,1.3947239300632654,0.8772086408814608,0.5305555555555556
R1138,seq_10df3cf7b8552761,720,J_5T,3,John_fixed,0,0.1886,0.18852,56.74339962376611,0.265012551512133,0.25313807531380755,4541,5.904783494036131,10.192998682597274,0.027777777777777776,1.3066082546550124,9.144786088017312,0.07799442896935933,0.8957678383200067,0.9033765801509254,0.5277777777777778
R1138,seq_10df3cf7b8552761,720,J_5T,4,John_fixed,0,0.1809,0.18784,77.98265692325334,0.275930669370355,0.2625523012552301,4541,8.150507027168267,14.113130155424658,0.09722222222222222,1.6574174943004718,28.35000642474708,0.07938718662952646,1.5661322090787622,0.8479479901064879,0.5444444444444444
R1138,seq_10df3cf7b8552761,720,J_5T,0,Simple,1,0.1704,0.17018,55.9173533036009,0.2704624394684621,0.25792349726775954,4575,6.457441559203702,11.2320956232951,0.09444444444444444,1.4974802754094483,2.064505562392874,0.08495821727019498,1.2903576389782716,0.8558724821616538,0.65
R1138,seq_10df3cf7b8552761,720,J_5T,1,Simple,1,0.21747,0.21798,52.41871008192267,0.271882621322403,0.26109289617486336,4575,5.556788709500086,9.824416273207472,0.025,1.2303050482920375,2.8270532633787866,0.07103064066852367,0.8461516565916553,0.8625962682090461,0.5888888888888889
R1138,seq_10df3cf7b8552761,720,J_5T,2,Simple,0,0.17472,0.17465,71.56215242334872,0.27901447407393104,0.26469940541730896,4541,6.970325137748694,11.684961495778316,0.06944444444444445,1.641848697636999,20.565645155917636,0.10584958217270195,1.4408074804772157,0.816203016679989,0.5277777777777778
R1138,seq_10df3cf7b8552761,720,J_5T,3,Simple,0,0.1886,0.1916,56.847621237434204,0.2690665222531333,0.25666152829773176,4541,6.27304332053676,10.551342697473093,0.019444444444444445,1.6490891981298363,9.223716723016778,0.08913649025069638,0.9040698261936255,0.8904486592094822,0.5111111111111111
R1138,seq_10df3cf7b8552761,720,J_5T,4,Simple,0,0.1809,0.17901,78.0779473300225,0.2781975308790093,0.2644791896058137,4541,8.704720414577285,14.695416502487417,0.08333333333333333,1.9951619434932453,28.146561381100398,0.09610027855153204,1.6452998682904536,0.7707504780181417,0.5388888888888889
R1138,seq_10df3cf7b8552761,720,J_5T,0,Geometry_historical,1,0.1704,0.16241,55.920990177200785,0.2710628194164701,0.25846994535519124,4575,6.448718963063316,11.230459297938724,0.09722222222222222,1.4971136553389888,2.055612410922464,0.08217270194986072,1.0133182086086312,0.8517934532931756,0.6583333333333333
R1138,seq_10df3cf7b8552761,720,J_5T,1,Geometry_historical,1,0.21747,0.22034,52.413627926477865,0.27237648345382637,0.26163934426229507,4575,5.547672208805451,9.820089157089956,0.025,1.2348727029149458,2.815883734258179,0.07103064066852367,0.755846956245528,0.7937983874133141,0.5888888888888889
R1138,seq_10df3cf7b8552761,720,J_5T,2,Geometry_historical,0,0.17472,0.17018,71.54786125267405,0.2806158859137491,0.26602070028628055,4541,6.960791376280665,11.682210670369043,0.07222222222222222,1.6393103961945048,20.545488082002905,0.0988857938718663,1.1282599359917598,0.850447918242021,0.5333333333333333
R1138,seq_10df3cf7b8552761,720,J_5T,3,Geometry_historical,0,0.1886,0.1914,56.83617014353962,0.2696865721736863,0.25715701387359613,4541,6.264747717905059,10.546750527225981,0.020833333333333332,1.6509841347619068,9.20343955515515,0.08774373259052924,0.806958207277079,0.829828198705492,0.5111111111111111
R1138,seq_10df3cf7b8552761,720,J_5T,4,Geometry_historical,0,0.1809,0.18495,78.0623017779501,0.27869597654692735,0.26497467518167805,4541,8.695041530844234,14.689610885046022,0.08333333333333333,1.9902303367211396,28.126062581606277,0.09331476323119778,1.2058121870354164,0.81822675045913,0.5416666666666666
R1138,seq_10df3cf7b8552761,720,V3_5T,0,Raw,1,0.22428,0.22428,56.86329736525055,0.2614887641768205,0.2455191256830601,4575,5.34619806387923,9.237271454432591,0.3055555555555556,1.6839389653336998,3.2229967453208346,0.057103064066852366,0.9155771851611867,0.8662099082481941,0.6361111111111111
R1138,seq_10df3cf7b8552761,720,V3_5T,1,Raw,1,0.22199,0.22199,57.10198733116857,0.24450631929201974,0.22950819672131148,4575,5.357563449625066,9.3990971405229,0.2902777777777778,1.6552186752838096,3.3677239283189166,0.05988857938718663,0.9258046960288414,0.9042730220711368,0.6333333333333333
R1138,seq_10df3cf7b8552761,720,V3_5T,2,Raw,0,0.17949,0.17949,48.33241970844505,0.24076789289982167,0.23188724950451442,4541,5.518916316498604,9.158780913926861,0.20555555555555555,1.8088336235867166,3.8995495301376195,0.09610027855153204,0.9392906157271251,0.9501182829781494,0.575
R1138,seq_10df3cf7b8552761,720,V3_5T,3,Raw,0,0.17419,0.17419,54.16515319773422,0.2387945220257972,0.22968509138956178,4541,5.161843935413191,9.090855276755068,0.49444444444444446,1.6393489438828845,4.5040606001126235,0.05153203342618384,0.9501295293195202,0.8762750185435022,0.6361111111111111
R1138,seq_10df3cf7b8552761,720,V3_5T,4,Raw,1,0.18917,0.18917,88.50653747062012,0.2432560409519985,0.23278688524590163,4575,5.786305270524202,10.181645972867285,0.1763888888888889,1.5929763612425758,34.72171700179011,0.08356545961002786,1.2368272707539447,0.9494522799124515,0.55
R1138,seq_10df3cf7b8552761,720,V3_5T,0,John_adaptive,1,0.22428,0.22563,56.81352332809926,0.26936302558440395,0.25278688524590165,4575,5.156602963226297,9.063332893364215,0.1638888888888889,1.1823336346640043,3.1647159022713325,0.11142061281337047,1.110917030467694,0.9067878859361278,0.6444444444444445
R1138,seq_10df3cf7b8552761,720,V3_5T,1,John_adaptive,1,0.22199,0.22505,57.035999504276475,0.2554304368527714,0.23950819672131146,4575,5.180756723687588,9.252327501810699,0.17083333333333334,1.1325230526910917,3.328951463044575,0.12395543175487465,1.087294820579713,0.9708049212964457,0.6444444444444445
R1138,seq_10df3cf7b8552761,720,V3_5T,2,John_adaptive,0,0.17949,0.18395,48.26261236303229,0.25381492613261347,0.24300814798502532,4541,5.297428503731031,8.986929407292394,0.12777777777777777,1.2203130128553854,3.857571332222193,0.15181058495821728,1.0699453357327744,0.9955858148477338,0.5833333333333334
R1138,seq_10df3cf7b8552761,720,V3_5T,3,John_adaptive,0,0.17419,0.16167,54.15892696861324,0.25954803767575085,0.2482933274609117,4541,5.057639871743641,9.00369299463953,0.275,0.9853203309224373,4.5292078360890216,0.17548746518105848,1.3938525803714048,1.027611873060847,0.6722222222222223
R1138,seq_10df3cf7b8552761,720,V3_5T,4,John_adaptive,1,0.18917,0.19354,88.47597622111091,0.2621632872655189,0.24950819672131147,4575,5.551123624996343,9.992953787383371,0.12638888888888888,0.9708029306019059,34.683394187146206,0.1309192200557103,1.380953142004958,0.9842454554847244,0.5666666666666667
R1138,seq_10df3cf7b8552761,720,V3_5T,0,John_fixed,1,0.22428,0.22529,56.80320955447216,0.2716780743909227,0.25508196721311477,4575,5.132967935050164,9.039248965473767,0.16666666666666666,1.122448993889296,3.151097927364816,0.11142061281337047,1.10297790104118,0.9116019493376278,0.65
R1138,seq_10df3cf7b8552761,720,V3_5T,1,John_fixed,1,0.22199,0.22571,57.0275157467886,0.2562798906525525,0.24049180327868852,4575,5.16117356927486,9.234671505502087,0.15833333333333333,1.074925330317083,3.325322459855535,0.12256267409470752,1.0854281186677757,0.9708872038179261,0.6388888888888888
R1138,seq_10df3cf7b8552761,720,V3_5T,2,John_fixed,0,0.17949,0.17684,48.25659894615148,0.25415825398653286,0.2432834177493944,4541,5.286024726985492,8.977877081578994,0.125,1.1794589683218346,3.8553790450824863,0.15459610027855153,1.091684705473034,0.9987730577651478,0.5833333333333334
R1138,seq_10df3cf7b8552761,720,V3_5T,3,John_fixed,0,0.17419,0.15796,54.160843616488556,0.2576384165762836,0.2466417088746972,4541,5.0609238357350925,9.006912992826056,0.2777777777777778,1.0270342632098908,4.5254920485888235,0.17688022284122562,1.3809629856571817,1.0300730997098628,0.6777777777777778
R1138,seq_10df3cf7b8552761,720,V3_5T,4,John_fixed,1,0.18917,0.19398,88.48060568986227,0.2604536128735529,0.24797814207650273,4575,5.568614750784291,10.009248808920864,0.12777777777777777,1.0297310448179962,34.6860544383876,0.1309192200557103,1.3741316390011369,0.9886062029240381,0.5666666666666667
R1138,seq_10df3cf7b8552761,720,V3_5T,0,Simple,1,0.22428,0.22397,56.85405836429777,0.27691101701469995,0.2603825136612022,4575,5.330959950828689,9.229118073198999,0.17916666666666667,1.196572704555594,3.2075699155737283,0.12813370473537605,1.2049584002278129,0.942056165929001,0.6666666666666666
R1138,seq_10df3cf7b8552761,720,V3_5T,1,Simple,1,0.22199,0.22248,57.113296965739956,0.25988829812419695,0.2439344262295082,4575,5.355199063793086,9.406557980869557,0.18333333333333332,1.1360317212601925,3.392977269385206,0.1392757660167131,1.1683039907898027,0.9665182008559564,0.6527777777777778
R1138,seq_10df3cf7b8552761,720,V3_5T,2,Simple,0,0.17949,0.18615,48.34697043354591,0.26119127585290947,0.25,4541,5.502753151786732,9.146793877755806,0.13194444444444445,1.2627071456386474,3.911642628376285,0.17270194986072424,1.1699146532786773,1.0220302943643764,0.5777777777777777
R1138,seq_10df3cf7b8552761,720,V3_5T,3,Simple,0,0.17419,0.16812,54.168498362181495,0.26541346937495935,0.25385377670116716,4541,5.2061075466559545,9.130714703715782,0.29444444444444445,0.8866280677229702,4.509568634480615,0.18523676880222842,1.504295034544671,1.0463387902814258,0.6722222222222223
R1138,seq_10df3cf7b8552761,720,V3_5T,4,Simple,1,0.18917,0.19218,88.49676212881289,0.26330895519766134,0.24989071038251365,4575,5.7792159690754215,10.186665977663777,0.12083333333333333,1.131698336120309,34.71814313746172,0.14623955431754876,1.4157306461101609,1.0148835861649859,0.5583333333333333
R1138,seq_10df3cf7b8552761,720,V3_5T,0,Geometry_historical,1,0.22428,0.22472,56.855799009324244,0.267851218442195,0.25131147540983606,4575,5.264854184004265,9.185599261271642,0.15,1.4428194267619439,3.206179915221057,0.05153203342618384,0.7775253127695959,0.8288304503876366,0.6611111111111111
R1138,seq_10df3cf7b8552761,720,V3_5T,1,Geometry_historical,1,0.22199,0.22252,57.09846757707283,0.2526849884091967,0.2369945355191257,4575,5.29963123233876,9.36975927829086,0.11388888888888889,1.3616307013806432,3.3472924202109127,0.055710306406685235,0.822084835663738,0.8515134203203129,0.6555555555555556
R1138,seq_10df3cf7b8552761,720,V3_5T,2,Geometry_historical,0,0.17949,0.18199,48.32807038623275,0.2523437175091324,0.24179696102180137,4541,5.439985479366466,9.119511615598675,0.10694444444444444,1.5103594509578393,3.8891358029383483,0.08774373259052924,0.8151603598562341,0.8971714600171099,0.5722222222222222
R1138,seq_10df3cf7b8552761,720,V3_5T,3,Geometry_historical,0,0.17419,0.17097,54.171760377290035,0.25040067359199414,0.239815018718344,4541,5.096249284722465,9.083180660183512,0.2375,1.2883102067914458,4.458186102765069,0.04596100278551532,0.7949253617667705,0.8422770326960237,0.675
R1138,seq_10df3cf7b8552761,720,V3_5T,4,Geometry_historical,1,0.18917,0.19125,88.40210917680425,0.2542594051897296,0.24278688524590164,4575,5.712586648617611,10.142032022762969,0.10416666666666667,1.342051451110346,34.59694701302317,0.07520891364902507,0.8707995497790548,0.9075578732140086,0.5583333333333333
R1138,seq_10df3cf7b8552761,720,J_3T2D,0,Raw,1,0.1704,0.1704,55.923432240090754,0.26319243932863806,0.25103825136612024,4575,6.505608936347485,11.266162670734804,0.08888888888888889,1.657023185807375,2.057474247194641,0.08774373259052924,1.295754960172332,0.8331241439828497,0.6416666666666667
R1138,seq_10df3cf7b8552761,720,J_3T2D,1,Raw,1,0.21747,0.21747,52.424983541305366,0.26538667626806167,0.2548087431693989,4575,5.611034471373279,9.860529643863739,0.025,1.4297088058896146,2.83315505088936,0.0766016713091922,0.8544752525134818,0.8635494397038986,0.5916666666666667
R1138,seq_10df3cf7b8552761,720,J_3T2D,2,Raw,0,0.17472,0.17472,71.56999728176935,0.27306338147499754,0.2594692798942964,4541,7.035206638805568,11.734595427043017,0.06944444444444445,1.8289202449131583,20.573686316054122,0.10724233983286909,1.4558265616851187,0.8162302626252034,0.5361111111111111
R1138,seq_10df3cf7b8552761,720,J_3T2D,3,Raw,0,0.1886,0.1886,56.85632372834335,0.2598546398012858,0.24790794979079497,4541,6.344680511883791,10.601365078498906,0.020833333333333332,1.880825787917872,9.23203200863935,0.09749303621169916,0.9262186325308601,0.8887420770867427,0.5111111111111111
R1138,seq_10df3cf7b8552761,720,J_3T2D,4,Raw,0,0.1809,0.1809,78.08617528101685,0.2725570263310857,0.2590839022241797,4541,8.757238436043387,14.736098000900917,0.08194444444444444,2.1375063524474602,28.15428210295643,0.10306406685236769,1.6527982806849773,0.7412707454851131,0.5333333333333333
R1138,seq_10df3cf7b8552761,720,J_3T2D,0,John_adaptive,1,0.1704,0.17108,55.97931955917118,0.2681163472782974,0.25601092896174865,4575,6.071312799231009,10.861926325060907,0.11944444444444445,1.2008549074101695,1.9833584029653792,0.0766016713091922,1.2269707253623814,0.9559101293911461,0.6472222222222223
R1138,seq_10df3cf7b8552761,720,J_3T2D,1,John_adaptive,1,0.21747,0.21573,52.361675855067965,0.27224800549539324,0.2608743169398907,4575,5.320931909231133,9.623624858598038,0.034722222222222224,1.0114717002544693,2.7296182179242052,0.06545961002785515,0.828788642633861,0.8677713802801837,0.6
R1138,seq_10df3cf7b8552761,720,J_3T2D,2,John_adaptive,0,0.17472,0.17558,71.74451726474597,0.2787250499966538,0.26365338031270646,4541,6.585353928758688,11.279178253510745,0.09027777777777778,1.312938522323063,20.696669269474427,0.08774373259052924,1.3857355417111956,0.8663229415733469,0.525
R1138,seq_10df3cf7b8552761,720,J_3T2D,3,John_adaptive,0,0.1886,0.18707,56.73966999868171,0.2655073862548231,0.25346839903105045,4541,5.884920379682622,10.173781425847803,0.029166666666666667,1.281671059679437,9.14136140252635,0.07799442896935933,0.8997180585929109,0.9034791875493248,0.5277777777777778
R1138,seq_10df3cf7b8552761,720,J_3T2D,4,John_adaptive,0,0.1809,0.18573,77.98363544299825,0.27562319062271035,0.2623320854437349,4541,8.119414517994906,14.07936048933228,0.09166666666666666,1.632718680324445,28.379744016928598,0.07938718662952646,1.5548911402286996,0.8541829009454982,0.5472222222222223
R1138,seq_10df3cf7b8552761,720,J_3T2D,0,John_fixed,1,0.1704,0.16857,55.9751122691037,0.2681963461703367,0.2561748633879781,4575,6.08037520955996,10.870027478443031,0.1125,1.2129902361847764,1.989171222378637,0.0766016713091922,1.224072892355532,0.9465524679157642,0.6416666666666667
R1138,seq_10df3cf7b8552761,720,J_3T2D,1,John_fixed,1,0.21747,0.21431,52.36461228510546,0.2718259566570889,0.2606010928961749,4575,5.330747873745179,9.631574765510496,0.03611111111111111,1.026357116604507,2.7346890396071757,0.06545961002785515,0.8304166836687791,0.8663300888300512,0.6
R1138,seq_10df3cf7b8552761,720,J_3T2D,2,John_fixed,0,0.17472,0.17613,71.73019304635444,0.2789752911997136,0.26403875798282317,4541,6.599653021482188,11.29369183599718,0.08611111111111111,1.3326489404248958,20.68515270806357,0.08774373259052924,1.3947239300632654,0.8772086408814608,0.5305555555555556
R1138,seq_10df3cf7b8552761,720,J_3T2D,3,John_fixed,0,0.1886,0.18852,56.74339962376611,0.265012551512133,0.25313807531380755,4541,5.904783494036131,10.192998682597274,0.027777777777777776,1.3066082546550124,9.144786088017312,0.07799442896935933,0.8957678383200067,0.9033765801509254,0.5277777777777778
R1138,seq_10df3cf7b8552761,720,J_3T2D,4,John_fixed,0,0.1809,0.18784,77.98265692325334,0.275930669370355,0.2625523012552301,4541,8.150507027168267,14.113130155424658,0.09722222222222222,1.6574174943004718,28.35000642474708,0.07938718662952646,1.5661322090787622,0.8479479901064879,0.5444444444444444
R1138,seq_10df3cf7b8552761,720,J_3T2D,0,Simple,1,0.1704,0.17018,55.9173533036009,0.2704624394684621,0.25792349726775954,4575,6.457441559203702,11.2320956232951,0.09444444444444444,1.4974802754094483,2.064505562392874,0.08495821727019498,1.2903576389782716,0.8558724821616538,0.65
R1138,seq_10df3cf7b8552761,720,J_3T2D,1,Simple,1,0.21747,0.21798,52.41871008192267,0.271882621322403,0.26109289617486336,4575,5.556788709500086,9.824416273207472,0.025,1.2303050482920375,2.8270532633787866,0.07103064066852367,0.8461516565916553,0.8625962682090461,0.5888888888888889
R1138,seq_10df3cf7b8552761,720,J_3T2D,2,Simple,0,0.17472,0.17465,71.56215242334872,0.27901447407393104,0.26469940541730896,4541,6.970325137748694,11.684961495778316,0.06944444444444445,1.641848697636999,20.565645155917636,0.10584958217270195,1.4408074804772157,0.816203016679989,0.5277777777777778
R1138,seq_10df3cf7b8552761,720,J_3T2D,3,Simple,0,0.1886,0.1916,56.847621237434204,0.2690665222531333,0.25666152829773176,4541,6.27304332053676,10.551342697473093,0.019444444444444445,1.6490891981298363,9.223716723016778,0.08913649025069638,0.9040698261936255,0.8904486592094822,0.5111111111111111
R1138,seq_10df3cf7b8552761,720,J_3T2D,4,Simple,0,0.1809,0.17901,78.0779473300225,0.2781975308790093,0.2644791896058137,4541,8.704720414577285,14.695416502487417,0.08333333333333333,1.9951619434932453,28.146561381100398,0.09610027855153204,1.6452998682904536,0.7707504780181417,0.5388888888888889
R1138,seq_10df3cf7b8552761,720,J_3T2D,0,Geometry_historical,1,0.1704,0.16241,55.920990177200785,0.2710628194164701,0.25846994535519124,4575,6.448718963063316,11.230459297938724,0.09722222222222222,1.4971136553389888,2.055612410922464,0.08217270194986072,1.0133182086086312,0.8517934532931756,0.6583333333333333
R1138,seq_10df3cf7b8552761,720,J_3T2D,1,Geometry_historical,1,0.21747,0.22034,52.413627926477865,0.27237648345382637,0.26163934426229507,4575,5.547672208805451,9.820089157089956,0.025,1.2348727029149458,2.815883734258179,0.07103064066852367,0.755846956245528,0.7937983874133141,0.5888888888888889
R1138,seq_10df3cf7b8552761,720,J_3T2D,2,Geometry_historical,0,0.17472,0.17018,71.54786125267405,0.2806158859137491,0.26602070028628055,4541,6.960791376280665,11.682210670369043,0.07222222222222222,1.6393103961945048,20.545488082002905,0.0988857938718663,1.1282599359917598,0.850447918242021,0.5333333333333333
R1138,seq_10df3cf7b8552761,720,J_3T2D,3,Geometry_historical,0,0.1886,0.1914,56.83617014353962,0.2696865721736863,0.25715701387359613,4541,6.264747717905059,10.546750527225981,0.020833333333333332,1.6509841347619068,9.20343955515515,0.08774373259052924,0.806958207277079,0.829828198705492,0.5111111111111111
R1138,seq_10df3cf7b8552761,720,J_3T2D,4,Geometry_historical,0,0.1809,0.18495,78.0623017779501,0.27869597654692735,0.26497467518167805,4541,8.695041530844234,14.689610885046022,0.08333333333333333,1.9902303367211396,28.126062581606277,0.09331476323119778,1.2058121870354164,0.81822675045913,0.5416666666666666
R1138,seq_10df3cf7b8552761,720,V3_3T2D,0,Raw,1,0.22428,0.22428,56.86329736525055,0.2614887641768205,0.2455191256830601,4575,5.34619806387923,9.237271454432591,0.3055555555555556,1.6839389653336998,3.2229967453208346,0.057103064066852366,0.9155771851611867,0.8662099082481941,0.6361111111111111
R1138,seq_10df3cf7b8552761,720,V3_3T2D,1,Raw,1,0.22199,0.22199,57.10198733116857,0.24450631929201974,0.22950819672131148,4575,5.357563449625066,9.3990971405229,0.2902777777777778,1.6552186752838096,3.3677239283189166,0.05988857938718663,0.9258046960288414,0.9042730220711368,0.6333333333333333
R1138,seq_10df3cf7b8552761,720,V3_3T2D,2,Raw,0,0.17949,0.17949,48.33241970844505,0.24076789289982167,0.23188724950451442,4541,5.518916316498604,9.158780913926861,0.20555555555555555,1.8088336235867166,3.8995495301376195,0.09610027855153204,0.9392906157271251,0.9501182829781494,0.575
R1138,seq_10df3cf7b8552761,720,V3_3T2D,3,Raw,0,0.17419,0.17419,54.16515319773422,0.2387945220257972,0.22968509138956178,4541,5.161843935413191,9.090855276755068,0.49444444444444446,1.6393489438828845,4.5040606001126235,0.05153203342618384,0.9501295293195202,0.8762750185435022,0.6361111111111111
R1138,seq_10df3cf7b8552761,720,V3_3T2D,4,Raw,1,0.18917,0.18917,88.50653747062012,0.2432560409519985,0.23278688524590163,4575,5.786305270524202,10.181645972867285,0.1763888888888889,1.5929763612425758,34.72171700179011,0.08356545961002786,1.2368272707539447,0.9494522799124515,0.55
R1138,seq_10df3cf7b8552761,720,V3_3T2D,0,John_adaptive,1,0.22428,0.22563,56.81352332809926,0.26936302558440395,0.25278688524590165,4575,5.156602963226297,9.063332893364215,0.1638888888888889,1.1823336346640043,3.1647159022713325,0.11142061281337047,1.110917030467694,0.9067878859361278,0.6444444444444445
R1138,seq_10df3cf7b8552761,720,V3_3T2D,1,John_adaptive,1,0.22199,0.22505,57.035999504276475,0.2554304368527714,0.23950819672131146,4575,5.180756723687588,9.252327501810699,0.17083333333333334,1.1325230526910917,3.328951463044575,0.12395543175487465,1.087294820579713,0.9708049212964457,0.6444444444444445
R1138,seq_10df3cf7b8552761,720,V3_3T2D,2,John_adaptive,0,0.17949,0.18395,48.26261236303229,0.25381492613261347,0.24300814798502532,4541,5.297428503731031,8.986929407292394,0.12777777777777777,1.2203130128553854,3.857571332222193,0.15181058495821728,1.0699453357327744,0.9955858148477338,0.5833333333333334
R1138,seq_10df3cf7b8552761,720,V3_3T2D,3,John_adaptive,0,0.17419,0.16167,54.15892696861324,0.25954803767575085,0.2482933274609117,4541,5.057639871743641,9.00369299463953,0.275,0.9853203309224373,4.5292078360890216,0.17548746518105848,1.3938525803714048,1.027611873060847,0.6722222222222223
R1138,seq_10df3cf7b8552761,720,V3_3T2D,4,John_adaptive,1,0.18917,0.19354,88.47597622111091,0.2621632872655189,0.24950819672131147,4575,5.551123624996343,9.992953787383371,0.12638888888888888,0.9708029306019059,34.683394187146206,0.1309192200557103,1.380953142004958,0.9842454554847244,0.5666666666666667
R1138,seq_10df3cf7b8552761,720,V3_3T2D,0,John_fixed,1,0.22428,0.22529,56.80320955447216,0.2716780743909227,0.25508196721311477,4575,5.132967935050164,9.039248965473767,0.16666666666666666,1.122448993889296,3.151097927364816,0.11142061281337047,1.10297790104118,0.9116019493376278,0.65
R1138,seq_10df3cf7b8552761,720,V3_3T2D,1,John_fixed,1,0.22199,0.22571,57.0275157467886,0.2562798906525525,0.24049180327868852,4575,5.16117356927486,9.234671505502087,0.15833333333333333,1.074925330317083,3.325322459855535,0.12256267409470752,1.0854281186677757,0.9708872038179261,0.6388888888888888
R1138,seq_10df3cf7b8552761,720,V3_3T2D,2,John_fixed,0,0.17949,0.17684,48.25659894615148,0.25415825398653286,0.2432834177493944,4541,5.286024726985492,8.977877081578994,0.125,1.1794589683218346,3.8553790450824863,0.15459610027855153,1.091684705473034,0.9987730577651478,0.5833333333333334
R1138,seq_10df3cf7b8552761,720,V3_3T2D,3,John_fixed,0,0.17419,0.15796,54.160843616488556,0.2576384165762836,0.2466417088746972,4541,5.0609238357350925,9.006912992826056,0.2777777777777778,1.0270342632098908,4.5254920485888235,0.17688022284122562,1.3809629856571817,1.0300730997098628,0.6777777777777778
R1138,seq_10df3cf7b8552761,720,V3_3T2D,4,John_fixed,1,0.18917,0.19398,88.48060568986227,0.2604536128735529,0.24797814207650273,4575,5.568614750784291,10.009248808920864,0.12777777777777777,1.0297310448179962,34.6860544383876,0.1309192200557103,1.3741316390011369,0.9886062029240381,0.5666666666666667
R1138,seq_10df3cf7b8552761,720,V3_3T2D,0,Simple,1,0.22428,0.22397,56.85405836429777,0.27691101701469995,0.2603825136612022,4575,5.330959950828689,9.229118073198999,0.17916666666666667,1.196572704555594,3.2075699155737283,0.12813370473537605,1.2049584002278129,0.942056165929001,0.6666666666666666
R1138,seq_10df3cf7b8552761,720,V3_3T2D,1,Simple,1,0.22199,0.22248,57.113296965739956,0.25988829812419695,0.2439344262295082,4575,5.355199063793086,9.406557980869557,0.18333333333333332,1.1360317212601925,3.392977269385206,0.1392757660167131,1.1683039907898027,0.9665182008559564,0.6527777777777778
R1138,seq_10df3cf7b8552761,720,V3_3T2D,2,Simple,0,0.17949,0.18615,48.34697043354591,0.26119127585290947,0.25,4541,5.502753151786732,9.146793877755806,0.13194444444444445,1.2627071456386474,3.911642628376285,0.17270194986072424,1.1699146532786773,1.0220302943643764,0.5777777777777777
R1138,seq_10df3cf7b8552761,720,V3_3T2D,3,Simple,0,0.17419,0.16812,54.168498362181495,0.26541346937495935,0.25385377670116716,4541,5.2061075466559545,9.130714703715782,0.29444444444444445,0.8866280677229702,4.509568634480615,0.18523676880222842,1.504295034544671,1.0463387902814258,0.6722222222222223
R1138,seq_10df3cf7b8552761,720,V3_3T2D,4,Simple,1,0.18917,0.19218,88.49676212881289,0.26330895519766134,0.24989071038251365,4575,5.7792159690754215,10.186665977663777,0.12083333333333333,1.131698336120309,34.71814313746172,0.14623955431754876,1.4157306461101609,1.0148835861649859,0.5583333333333333
R1138,seq_10df3cf7b8552761,720,V3_3T2D,0,Geometry_historical,1,0.22428,0.22472,56.855799009324244,0.267851218442195,0.25131147540983606,4575,5.264854184004265,9.185599261271642,0.15,1.4428194267619439,3.206179915221057,0.05153203342618384,0.7775253127695959,0.8288304503876366,0.6611111111111111
R1138,seq_10df3cf7b8552761,720,V3_3T2D,1,Geometry_historical,1,0.22199,0.22252,57.09846757707283,0.2526849884091967,0.2369945355191257,4575,5.29963123233876,9.36975927829086,0.11388888888888889,1.3616307013806432,3.3472924202109127,0.055710306406685235,0.822084835663738,0.8515134203203129,0.6555555555555556
R1138,seq_10df3cf7b8552761,720,V3_3T2D,2,Geometry_historical,0,0.17949,0.18199,48.32807038623275,0.2523437175091324,0.24179696102180137,4541,5.439985479366466,9.119511615598675,0.10694444444444444,1.5103594509578393,3.8891358029383483,0.08774373259052924,0.8151603598562341,0.8971714600171099,0.5722222222222222
R1138,seq_10df3cf7b8552761,720,V3_3T2D,3,Geometry_historical,0,0.17419,0.17097,54.171760377290035,0.25040067359199414,0.239815018718344,4541,5.096249284722465,9.083180660183512,0.2375,1.2883102067914458,4.458186102765069,0.04596100278551532,0.7949253617667705,0.8422770326960237,0.675
R1138,seq_10df3cf7b8552761,720,V3_3T2D,4,Geometry_historical,1,0.18917,0.19125,88.40210917680425,0.2542594051897296,0.24278688524590164,4575,5.712586648617611,10.142032022762969,0.10416666666666667,1.342051451110346,34.59694701302317,0.07520891364902507,0.8707995497790548,0.9075578732140086,0.5583333333333333
R1149,seq_6157861c4fd04fcf,124,J_5T,0,Raw,3,0.30109,0.30109,31.53568118675852,0.33472174090799567,0.3209342560553633,578,5.2265027028268225,9.05335997688984,0.0,1.3433062320593032,1.4866906502851513,0.08196721311475409,0.7003563384942328,0.6771301759329637,0.4838709677419355
R1149,seq_6157861c4fd04fcf,124,J_5T,1,Raw,2,0.13255,0.13255,44.00233758866792,0.2689729811157113,0.2552504038772213,619,11.223054229861658,17.983139767566815,0.03225806451612903,2.8127310894829995,24.896118512319305,0.040983606557377046,1.3845974982498264,0.6681729796592198,0.1774193548387097
R1149,seq_6157861c4fd04fcf,124,J_5T,2,Raw,5,0.25675,0.25675,33.98452307108036,0.42153582304791987,0.4040492957746479,568,6.620342119051025,11.229382589003796,0.056451612903225805,1.6083742271920034,0.6986166141355135,0.05737704918032787,1.2717950537640397,0.6834074181915211,0.5967741935483871
R1149,seq_6157861c4fd04fcf,124,J_5T,3,Raw,2,0.29556,0.29556,20.38174674528169,0.33205023286854407,0.3105815831987076,619,5.1236478962251395,8.426063278818791,0.016129032258064516,1.2293220631356587,7.362694874834311,0.09836065573770492,1.0820656427976179,0.9961429873465111,0.6451612903225806
R1149,seq_6157861c4fd04fcf,124,J_5T,4,Raw,0,0.24327,0.24327,45.685887961769815,0.35661398972890906,0.34628378378378377,592,10.313314327262269,16.418856036677635,0.04838709677419355,2.639221412240897,13.944916679925768,0.10655737704918032,1.9305865157081274,0.7595446738562136,0.532258064516129
R1149,seq_6157861c4fd04fcf,124,J_5T,0,John_adaptive,3,0.30109,0.27259,31.474764118780826,0.3481971560289278,0.33391003460207613,578,4.97933534308668,8.822429274881198,0.008064516129032258,0.9829285958048911,1.3749957205089025,0.06557377049180328,0.6700391279004376,0.6755155813262886,0.5
R1149,seq_6157861c4fd04fcf,124,J_5T,1,John_adaptive,2,0.13255,0.11705,43.33621432729677,0.275788039903908,0.2605008077544427,619,10.375153867866103,17.163642840995525,0.056451612903225805,2.2360754360660122,24.823542310476277,0.03278688524590164,1.3191453889976537,0.73483619204107,0.1774193548387097
R1149,seq_6157861c4fd04fcf,124,J_5T,2,John_adaptive,5,0.25675,0.22775,33.90043876739427,0.42266338332366554,0.40360915492957744,568,6.307066270868299,10.935911361795728,0.07258064516129033,1.2863162632224372,0.7035586739580388,0.03278688524590164,1.2356322648247398,0.8102102915076198,0.6129032258064516
R1149,seq_6157861c4fd04fcf,124,J_5T,3,John_adaptive,2,0.29556,0.26636,20.287158487184758,0.3474896506087207,0.3255250403877221,619,4.914608048178199,8.221891745555473,0.024193548387096774,0.8224999531471497,7.399755590518772,0.06557377049180328,1.0322568349134613,0.9721592763525109,0.6290322580645161
R1149,seq_6157861c4fd04fcf,124,J_5T,4,John_adaptive,0,0.24327,0.21001,45.626988943391915,0.35900857095413546,0.34755067567567566,592,9.233749058786115,15.218961720969219,0.07258064516129033,1.9790357531336382,14.173735764182823,0.07377049180327869,1.8529542250896667,0.8783116461774247,0.5161290322580645
R1149,seq_6157861c4fd04fcf,124,J_5T,0,John_fixed,3,0.30109,0.27295,31.47472583273146,0.3506308614364236,0.3365051903114187,578,4.96040393038481,8.803866357150984,0.008064516129032258,0.961158062289964,1.3702351836589202,0.06557377049180328,0.6721390758597728,0.6707815471245666,0.5
R1149,seq_6157861c4fd04fcf,124,J_5T,1,John_fixed,2,0.13255,0.11677,43.300737138637395,0.27628647180354954,0.26090468497576735,619,10.334668859356574,17.123797635139795,0.056451612903225805,2.2128890114499487,24.829514475888793,0.02459016393442623,1.311620099558002,0.7135387080404106,0.1774193548387097
R1149,seq_6157861c4fd04fcf,124,J_5T,2,John_fixed,5,0.25675,0.22651,33.89651726930624,0.42344030577397507,0.4044894366197183,568,6.2978414184968035,10.929405564569723,0.08064516129032258,1.275850192827024,0.7076588421553609,0.03278688524590164,1.2221862628854485,0.8072819446677809,0.6129032258064516
R1149,seq_6157861c4fd04fcf,124,J_5T,3,John_fixed,2,0.29556,0.26635,20.286680403738515,0.3474896506087207,0.3255250403877221,619,4.916915772995634,8.22431751741227,0.024193548387096774,0.8294271226493078,7.397334239868279,0.06557377049180328,1.0320048223137286,0.9729953118987015,0.6290322580645161
R1149,seq_6157861c4fd04fcf,124,J_5T,4,John_fixed,0,0.24327,0.20899,45.61670521978229,0.3567227519344455,0.3454391891891892,592,9.268542337943673,15.260340360736572,0.07258064516129033,1.9947213372919892,14.151465228171588,0.07377049180327869,1.84325530303406,0.884558458637909,0.532258064516129
R1149,seq_6157861c4fd04fcf,124,J_5T,0,Simple,3,0.30109,0.29979,31.529257537927627,0.3470349941145719,0.33217993079584773,578,5.1706730512708985,9.01509620077591,0.0,1.1488300924338275,1.4768359714903951,0.07377049180327869,0.6827640089393544,0.6875634675776255,0.5
R1149,seq_6157861c4fd04fcf,124,J_5T,1,Simple,2,0.13255,0.10499,43.98247809441721,0.2828860178273128,0.26777059773828754,619,11.180762660779674,17.946186838432205,0.03225806451612903,2.648737715801814,24.878363002743463,0.040983606557377046,1.3768565283137502,0.6908102687252239,0.1774193548387097
R1149,seq_6157861c4fd04fcf,124,J_5T,2,Simple,5,0.25675,0.25689,33.97893539782468,0.42960321208809116,0.41153169014084506,568,6.590638617873152,11.201454015875168,0.056451612903225805,1.510223132387421,0.690658575864628,0.05737704918032787,1.294719444234346,0.6895850190760037,0.5967741935483871
R1149,seq_6157861c4fd04fcf,124,J_5T,3,Simple,2,0.29556,0.28106,20.36970750197609,0.34416372224128383,0.3222940226171244,619,5.07407676649258,8.390942762182537,0.016129032258064516,1.0268178769288223,7.355883074842723,0.09016393442622951,1.0681683235940373,0.98749204848021,0.6290322580645161
R1149,seq_6157861c4fd04fcf,124,J_5T,4,Simple,0,0.24327,0.22606,45.66713228173736,0.36682336480723576,0.35557432432432434,592,10.252193571854225,16.362219652692623,0.04032258064516129,2.5193103557211027,13.92341831378652,0.09836065573770492,1.8903583728152964,0.7882800957538924,0.5161290322580645
R1149,seq_6157861c4fd04fcf,124,J_5T,0,Geometry_historical,3,0.30109,0.30032,31.527750843911928,0.34697746315986355,0.33217993079584773,578,5.16591798352494,9.012659796475049,0.0,1.1489466557886525,1.4714029943605063,0.07377049180327869,0.6210234387087304,0.6423252884881155,0.5
R1149,seq_6157861c4fd04fcf,124,J_5T,1,Geometry_historical,2,0.13255,0.10158,43.967046365140234,0.28382229593092967,0.2689822294022617,619,11.175751878464286,17.936776339394786,0.03225806451612903,2.646562515722443,24.858950145859268,0.040983606557377046,0.9527598031717184,0.8241799129941297,0.1935483870967742
R1149,seq_6157861c4fd04fcf,124,J_5T,2,Geometry_historical,5,0.25675,0.25679,33.98133404162643,0.43078421074892853,0.4128521126760563,568,6.582356985431092,11.192505722286038,0.056451612903225805,1.5136134076069352,0.6883071870549671,0.04918032786885246,0.9511209056297534,0.7496678392283134,0.6129032258064516
R1149,seq_6157861c4fd04fcf,124,J_5T,3,Geometry_historical,2,0.29556,0.29406,20.36245489599779,0.3432251894479123,0.32148626817447495,619,5.066887613932192,8.388046597046158,0.016129032258064516,1.0275764681110002,7.3359381665968115,0.08196721311475409,0.9271202770765371,0.9255738610477572,0.6451612903225806
R1149,seq_6157861c4fd04fcf,124,J_5T,4,Geometry_historical,0,0.24327,0.22682,45.6522256900737,0.3664240161720001,0.35557432432432434,592,10.236668530971302,16.350852212125506,0.04032258064516129,2.5145630737751556,13.903048253387581,0.09836065573770492,1.3756601229177436,0.8606864274343198,0.5161290322580645
R1149,seq_6157861c4fd04fcf,124,V3_5T,0,Raw,7,0.27566,0.27566,36.72098471425588,0.2691533572833976,0.25886824324324326,592,5.151836069802678,9.03037275695225,0.31451612903225806,1.7818315903021344,2.6509175032005423,0.040983606557377046,0.7311646882121031,0.6871143234559997,0.5645161290322581
R1149,seq_6157861c4fd04fcf,124,V3_5T,1,Raw,2,0.22177,0.22177,38.57637372872285,0.2551506771546501,0.2455573505654281,619,5.69731301250207,9.208052707941391,0.3629032258064516,1.7073435034915323,3.1748440081190523,0.09016393442622951,1.0107255128282306,0.8415925279466027,0.46774193548387094
R1149,seq_6157861c4fd04fcf,124,V3_5T,2,Raw,4,0.31673,0.31673,23.449844534255927,0.3862883336421643,0.3769230769230769,585,4.379423792899957,7.500854996799226,0.1935483870967742,1.339496224009334,3.1129837312982964,0.00819672131147541,0.6806962761941716,0.520558175695834,0.532258064516129
R1149,seq_6157861c4fd04fcf,124,V3_5T,3,Raw,2,0.27398,0.27398,28.765011414066578,0.3629523636283598,0.3509693053311793,619,4.860057333884808,7.845826476272217,0.13709677419354838,1.217516673710273,6.389097478764199,0.03278688524590164,0.9942569987595351,0.7713057314728156,0.46774193548387094
R1149,seq_6157861c4fd04fcf,124,V3_5T,4,Raw,2,0.22197,0.22197,30.155251345871292,0.338730092218292,0.3202746365105008,619,4.535771667679941,8.444443572269591,0.008064516129032258,0.9682988031983842,2.991545306185717,0.040983606557377046,0.6074369282234096,0.6671963485079386,0.5967741935483871
R1149,seq_6157861c4fd04fcf,124,V3_5T,0,John_adaptive,7,0.27566,0.24769,36.698608807496576,0.28369567820172653,0.27364864864864863,592,5.066282708625611,8.980148813892336,0.22580645161290322,1.2530729942617969,2.570521159269145,0.1557377049180328,1.105615720765979,0.845936810098729,0.5483870967741935
R1149,seq_6157861c4fd04fcf,124,V3_5T,1,John_adaptive,2,0.22177,0.22616,38.52935073092886,0.2789277417909415,0.26696284329563813,619,5.48166816967838,9.015883527905979,0.1935483870967742,1.087830679474166,3.0739652709453225,0.1721311475409836,1.3222246097189916,0.9417930332187232,0.46774193548387094
R1149,seq_6157861c4fd04fcf,124,V3_5T,2,John_adaptive,4,0.31673,0.32658,23.359384271712504,0.3969685892064924,0.3871794871794872,585,4.24223998974952,7.375984107724841,0.1532258064516129,0.9302623886786135,3.065326821168018,0.09836065573770492,0.8167389007857954,0.6090657195688948,0.532258064516129
R1149,seq_6157861c4fd04fcf,124,V3_5T,3,John_adaptive,2,0.27398,0.26889,28.680735816570746,0.3790122353926908,0.36631663974151857,619,4.832524864668105,7.817509285686444,0.08870967741935484,0.8535688733734506,6.297735201356829,0.08196721311475409,1.1900629860018357,0.8813175265265053,0.5161290322580645
R1149,seq_6157861c4fd04fcf,124,V3_5T,4,John_adaptive,2,0.22197,0.16696,30.13539897758726,0.3548387763209277,0.3364297253634895,619,4.427312472336877,8.371057129149738,0.016129032258064516,0.7459553909754012,3.0215079843186494,0.03278688524590164,0.5819246568423947,0.6675926815131978,0.6451612903225806
R1149,seq_6157861c4fd04fcf,124,V3_5T,0,John_fixed,7,0.27566,0.24299,36.703333364285854,0.28680541288908223,0.2766047297297297,592,5.078218898808237,8.975784978799043,0.23387096774193547,1.1568482958984267,2.5613750266692783,0.18032786885245902,1.2124484913378146,0.8206224628411157,0.5483870967741935
R1149,seq_6157861c4fd04fcf,124,V3_5T,1,John_fixed,2,0.22177,0.22185,38.52672741619457,0.2799118271500269,0.26777059773828754,619,5.473132392893065,9.005295013759431,0.1935483870967742,1.0384481433872021,3.066407099984005,0.1721311475409836,1.3747665213629892,0.944224959650728,0.4838709677419355
R1149,seq_6157861c4fd04fcf,124,V3_5T,2,John_fixed,4,0.31673,0.32705,23.360024384276542,0.3975775009041137,0.38803418803418804,585,4.241139760819754,7.375752941674707,0.1532258064516129,0.9230713253592807,3.0640595599380482,0.09836065573770492,0.8357035780223594,0.6238839240270828,0.5483870967741935
R1149,seq_6157861c4fd04fcf,124,V3_5T,3,John_fixed,2,0.27398,0.26889,28.680735816570746,0.3790122353926908,0.36631663974151857,619,4.832524864668105,7.817509285686444,0.08870967741935484,0.8535688733734506,6.297735201356829,0.08196721311475409,1.1900629860018357,0.8813175265265053,0.5161290322580645
R1149,seq_6157861c4fd04fcf,124,V3_5T,4,John_fixed,2,0.22197,0.16691,30.135542249812996,0.3548540500257175,0.3364297253634895,619,4.4287369098643845,8.372085126834,0.016129032258064516,0.7495431499324507,3.0212031757814515,0.03278688524590164,0.58145898911161,0.6674920068195558,0.6451612903225806
R1149,seq_6157861c4fd04fcf,124,V3_5T,0,Simple,7,0.27566,0.24894,36.67535038455504,0.301885522072014,0.2922297297297297,592,5.227629561449836,9.10283810253742,0.18548387096774194,0.9777919443715558,2.7095249673162947,0.1885245901639344,1.2490064425395986,0.8577843919342837,0.5483870967741935
R1149,seq_6157861c4fd04fcf,124,V3_5T,1,Simple,2,0.22177,0.2273,38.59027388420427,0.2808603454446671,0.2693861066235864,619,5.670387546948152,9.207019442332967,0.1935483870967742,1.149590533596215,3.2011450177250254,0.16393442622950818,1.3410249863652488,0.9686443351782668,0.46774193548387094
R1149,seq_6157861c4fd04fcf,124,V3_5T,2,Simple,4,0.31673,0.31869,23.479644709432947,0.4077685307524017,0.4,585,4.402225190837666,7.5032172173584675,0.0967741935483871,0.8781138635623545,3.1284762978912504,0.10655737704918032,0.8455140695497193,0.5859640170225947,0.5483870967741935
R1149,seq_6157861c4fd04fcf,124,V3_5T,3,Simple,2,0.27398,0.27282,28.817316749442845,0.37636347648503726,0.3638933764135703,619,4.8817188190194365,7.839300590876999,0.07258064516129033,0.8096833952302792,6.390355642356809,0.11475409836065574,1.2373278249646062,0.8568326269213655,0.532258064516129
R1149,seq_6157861c4fd04fcf,124,V3_5T,4,Simple,2,0.22197,0.22024,30.15924705595859,0.3478088774563514,0.3291599353796446,619,4.51069006634671,8.429846217881204,0.016129032258064516,0.8381825896668567,2.9874429395181643,0.040983606557377046,0.5814281233997791,0.6617489553480198,0.6129032258064516
R1149,seq_6157861c4fd04fcf,124,V3_5T,0,Geometry_historical,7,0.27566,0.24515,36.7441813957208,0.2855092935738097,0.2749155405405405,592,5.0931604282141585,9.009449522622758,0.1774193548387097,1.3562630278903611,2.6840947171988248,0.02459016393442623,0.7301235950342223,0.692381974052794,0.5806451612903226
R1149,seq_6157861c4fd04fcf,124,V3_5T,1,Geometry_historical,2,0.22177,0.21142,38.591036931321746,0.2720042944945103,0.26090468497576735,619,5.625509399119998,9.172085233796198,0.10483870967741936,1.3098766457867916,3.179003064471857,0.08196721311475409,0.9253914245151449,0.8819814129326294,0.46774193548387094
R1149,seq_6157861c4fd04fcf,124,V3_5T,2,Geometry_historical,4,0.31673,0.31964,23.488404656581704,0.3994362660189273,0.38974358974358975,585,4.3579890451278205,7.525093348144456,0.0967741935483871,1.05158098730504,3.1328122671614658,0.0,0.46591691445978217,0.4425922230930394,0.5483870967741935
R1149,seq_6157861c4fd04fcf,124,V3_5T,3,Geometry_historical,2,0.27398,0.27397,28.770448529525293,0.37268729155885233,0.3598546042003231,619,4.82483096351399,7.816364447114169,0.06451612903225806,1.0089759031689336,6.313793430257967,0.01639344262295082,0.6290208223278603,0.7036949025703859,0.5
R1149,seq_6157861c4fd04fcf,124,V3_5T,4,Geometry_historical,2,0.22197,0.22053,30.1623972255007,0.34847744332148983,0.3295638126009693,619,4.502431853976153,8.428262866590561,0.016129032258064516,0.8397972242602489,2.974792057265745,0.040983606557377046,0.5063809632285581,0.5952293294867578,0.6129032258064516
R1149,seq_6157861c4fd04fcf,124,J_3T2D,0,Raw,3,0.30109,0.30109,31.53568118675852,0.33472174090799567,0.3209342560553633,578,5.2265027028268225,9.05335997688984,0.0,1.3433062320593032,1.4866906502851513,0.08196721311475409,0.7003563384942328,0.6771301759329637,0.4838709677419355
R1149,seq_6157861c4fd04fcf,124,J_3T2D,1,Raw,2,0.13255,0.13255,44.00233758866792,0.2689729811157113,0.2552504038772213,619,11.223054229861658,17.983139767566815,0.03225806451612903,2.8127310894829995,24.896118512319305,0.040983606557377046,1.3845974982498264,0.6681729796592198,0.1774193548387097
R1149,seq_6157861c4fd04fcf,124,J_3T2D,2,Raw,5,0.25675,0.25675,33.98452307108036,0.42153582304791987,0.4040492957746479,568,6.620342119051025,11.229382589003796,0.056451612903225805,1.6083742271920034,0.6986166141355135,0.05737704918032787,1.2717950537640397,0.6834074181915211,0.5967741935483871
R1149,seq_6157861c4fd04fcf,124,J_3T2D,3,Raw,7,0.57018,0.57018,7.078072728905723,0.7772816257443272,0.7723817567567568,592,1.5387807786463368,2.3272647921119645,0.0,0.7483217075048455,7.181274204484879,0.00819672131147541,0.3649126969495467,0.5122942557908151,0.7580645161290323
R1149,seq_6157861c4fd04fcf,124,J_3T2D,4,Raw,5,0.66446,0.66446,4.2495934366638,0.7711713605614815,0.7834507042253521,568,1.6416462688328695,2.295998115352295,0.0,0.7701119065217791,5.386232160421329,0.02459016393442623,0.42231926684097615,0.5756929116257111,0.7580645161290323
R1149,seq_6157861c4fd04fcf,124,J_3T2D,0,John_adaptive,3,0.30109,0.27259,31.474764118780826,0.3481971560289278,0.33391003460207613,578,4.97933534308668,8.822429274881198,0.008064516129032258,0.9829285958048911,1.3749957205089025,0.06557377049180328,0.6700391279004376,0.6755155813262886,0.5
R1149,seq_6157861c4fd04fcf,124,J_3T2D,1,John_adaptive,2,0.13255,0.11705,43.33621432729677,0.275788039903908,0.2605008077544427,619,10.375153867866103,17.163642840995525,0.056451612903225805,2.2360754360660122,24.823542310476277,0.03278688524590164,1.3191453889976537,0.73483619204107,0.1774193548387097
R1149,seq_6157861c4fd04fcf,124,J_3T2D,2,John_adaptive,5,0.25675,0.22775,33.90043876739427,0.42266338332366554,0.40360915492957744,568,6.307066270868299,10.935911361795728,0.07258064516129033,1.2863162632224372,0.7035586739580388,0.03278688524590164,1.2356322648247398,0.8102102915076198,0.6129032258064516
R1149,seq_6157861c4fd04fcf,124,J_3T2D,3,John_adaptive,7,0.57018,0.57263,7.046028922693116,0.790374835737739,0.7820945945945946,592,1.523979236667134,2.308945987224042,0.0,0.5429821780560763,7.143826462145846,0.0,0.39593001097709885,0.584213794197955,0.7580645161290323
R1149,seq_6157861c4fd04fcf,124,J_3T2D,4,John_adaptive,5,0.66446,0.65218,4.270185347388752,0.7853245768568349,0.7909330985915493,568,1.6684925939075177,2.3445810240495075,0.016129032258064516,0.5313694898951813,5.370333283635155,0.02459016393442623,0.44484666746894164,0.6422145090316173,0.7419354838709677
R1149,seq_6157861c4fd04fcf,124,J_3T2D,0,John_fixed,3,0.30109,0.27295,31.47472583273146,0.3506308614364236,0.3365051903114187,578,4.96040393038481,8.803866357150984,0.008064516129032258,0.961158062289964,1.3702351836589202,0.06557377049180328,0.6721390758597728,0.6707815471245666,0.5
R1149,seq_6157861c4fd04fcf,124,J_3T2D,1,John_fixed,2,0.13255,0.11677,43.300737138637395,0.27628647180354954,0.26090468497576735,619,10.334668859356574,17.123797635139795,0.056451612903225805,2.2128890114499487,24.829514475888793,0.02459016393442623,1.311620099558002,0.7135387080404106,0.1774193548387097
R1149,seq_6157861c4fd04fcf,124,J_3T2D,2,John_fixed,5,0.25675,0.22651,33.89651726930624,0.42344030577397507,0.4044894366197183,568,6.2978414184968035,10.929405564569723,0.08064516129032258,1.275850192827024,0.7076588421553609,0.03278688524590164,1.2221862628854485,0.8072819446677809,0.6129032258064516
R1149,seq_6157861c4fd04fcf,124,J_3T2D,3,John_fixed,7,0.57018,0.57242,7.054048001357842,0.7987956348087396,0.7913851351351351,592,1.5167907558399747,2.305178496200793,0.0,0.6252279465265718,7.151425421893585,0.00819672131147541,0.3580140938142964,0.5406040670039803,0.7580645161290323
R1149,seq_6157861c4fd04fcf,124,J_3T2D,4,John_fixed,5,0.66446,0.66093,4.26896831519092,0.7954342196781712,0.804137323943662,568,1.650606137332724,2.317789453552088,0.008064516129032258,0.6237039430823156,5.36537960938238,0.02459016393442623,0.43879084414778863,0.6050295437580749,0.7258064516129032
R1149,seq_6157861c4fd04fcf,124,J_3T2D,0,Simple,3,0.30109,0.29979,31.529257537927627,0.3470349941145719,0.33217993079584773,578,5.1706730512708985,9.01509620077591,0.0,1.1488300924338275,1.4768359714903951,0.07377049180327869,0.6827640089393544,0.6875634675776255,0.5
R1149,seq_6157861c4fd04fcf,124,J_3T2D,1,Simple,2,0.13255,0.10499,43.98247809441721,0.2828860178273128,0.26777059773828754,619,11.180762660779674,17.946186838432205,0.03225806451612903,2.648737715801814,24.878363002743463,0.040983606557377046,1.3768565283137502,0.6908102687252239,0.1774193548387097
R1149,seq_6157861c4fd04fcf,124,J_3T2D,2,Simple,5,0.25675,0.25689,33.97893539782468,0.42960321208809116,0.41153169014084506,568,6.590638617873152,11.201454015875168,0.056451612903225805,1.510223132387421,0.690658575864628,0.05737704918032787,1.294719444234346,0.6895850190760037,0.5967741935483871
R1149,seq_6157861c4fd04fcf,124,J_3T2D,3,Simple,7,0.57018,0.57197,7.084057040763031,0.790422139464478,0.784206081081081,592,1.5158938575351095,2.3053687581293176,0.0,0.6244648394400407,7.199007868937997,0.00819672131147541,0.36327390677511173,0.5313875673089711,0.7580645161290323
R1149,seq_6157861c4fd04fcf,124,J_3T2D,4,Simple,5,0.66446,0.66639,4.237771242691271,0.7967035680493341,0.8045774647887324,568,1.6194235101995866,2.274289455606365,0.008064516129032258,0.6163437449212994,5.399245980494008,0.02459016393442623,0.4424203313707958,0.6045209395840778,0.7096774193548387
R1149,seq_6157861c4fd04fcf,124,J_3T2D,0,Geometry_historical,3,0.30109,0.30032,31.527750843911928,0.34697746315986355,0.33217993079584773,578,5.16591798352494,9.012659796475049,0.0,1.1489466557886525,1.4714029943605063,0.07377049180327869,0.6210234387087304,0.6423252884881155,0.5
R1149,seq_6157861c4fd04fcf,124,J_3T2D,1,Geometry_historical,2,0.13255,0.10158,43.967046365140234,0.28382229593092967,0.2689822294022617,619,11.175751878464286,17.936776339394786,0.03225806451612903,2.646562515722443,24.858950145859268,0.040983606557377046,0.9527598031717184,0.8241799129941297,0.1935483870967742
R1149,seq_6157861c4fd04fcf,124,J_3T2D,2,Geometry_historical,5,0.25675,0.25679,33.98133404162643,0.43078421074892853,0.4128521126760563,568,6.582356985431092,11.192505722286038,0.056451612903225805,1.5136134076069352,0.6883071870549671,0.04918032786885246,0.9511209056297534,0.7496678392283134,0.6129032258064516
R1149,seq_6157861c4fd04fcf,124,J_3T2D,3,Geometry_historical,7,0.57018,0.5732,7.075953346063515,0.791118379828057,0.7846283783783784,592,1.5016042186827432,2.297094646924041,0.0,0.6395175730079155,7.167368033868051,0.00819672131147541,0.28054999164539884,0.399550241927114,0.7580645161290323
R1149,seq_6157861c4fd04fcf,124,J_3T2D,4,Geometry_historical,5,0.66446,0.66736,4.240133383828164,0.796465130411703,0.8050176056338029,568,1.6034984873972762,2.2677016220075235,0.0,0.6304745261899395,5.365652684778297,0.02459016393442623,0.3550214950026332,0.4840866956022142,0.7580645161290323
R1149,seq_6157861c4fd04fcf,124,V3_3T2D,0,Raw,7,0.27566,0.27566,36.72098471425588,0.2691533572833976,0.25886824324324326,592,5.151836069802678,9.03037275695225,0.31451612903225806,1.7818315903021344,2.6509175032005423,0.040983606557377046,0.7311646882121031,0.6871143234559997,0.5645161290322581
R1149,seq_6157861c4fd04fcf,124,V3_3T2D,1,Raw,2,0.22177,0.22177,38.57637372872285,0.2551506771546501,0.2455573505654281,619,5.69731301250207,9.208052707941391,0.3629032258064516,1.7073435034915323,3.1748440081190523,0.09016393442622951,1.0107255128282306,0.8415925279466027,0.46774193548387094
R1149,seq_6157861c4fd04fcf,124,V3_3T2D,2,Raw,4,0.31673,0.31673,23.449844534255927,0.3862883336421643,0.3769230769230769,585,4.379423792899957,7.500854996799226,0.1935483870967742,1.339496224009334,3.1129837312982964,0.00819672131147541,0.6806962761941716,0.520558175695834,0.532258064516129
R1149,seq_6157861c4fd04fcf,124,V3_3T2D,3,Raw,7,0.57018,0.57018,7.078072728905723,0.7772816257443272,0.7723817567567568,592,1.5387807786463368,2.3272647921119645,0.0,0.7483217075048455,7.181274204484879,0.00819672131147541,0.3649126969495467,0.5122942557908151,0.7580645161290323
R1149,seq_6157861c4fd04fcf,124,V3_3T2D,4,Raw,5,0.66446,0.66446,4.2495934366638,0.7711713605614815,0.7834507042253521,568,1.6416462688328695,2.295998115352295,0.0,0.7701119065217791,5.386232160421329,0.02459016393442623,0.42231926684097615,0.5756929116257111,0.7580645161290323
R1149,seq_6157861c4fd04fcf,124,V3_3T2D,0,John_adaptive,7,0.27566,0.24769,36.698608807496576,0.28369567820172653,0.27364864864864863,592,5.066282708625611,8.980148813892336,0.22580645161290322,1.2530729942617969,2.570521159269145,0.1557377049180328,1.105615720765979,0.845936810098729,0.5483870967741935
R1149,seq_6157861c4fd04fcf,124,V3_3T2D,1,John_adaptive,2,0.22177,0.22616,38.52935073092886,0.2789277417909415,0.26696284329563813,619,5.48166816967838,9.015883527905979,0.1935483870967742,1.087830679474166,3.0739652709453225,0.1721311475409836,1.3222246097189916,0.9417930332187232,0.46774193548387094
R1149,seq_6157861c4fd04fcf,124,V3_3T2D,2,John_adaptive,4,0.31673,0.32658,23.359384271712504,0.3969685892064924,0.3871794871794872,585,4.24223998974952,7.375984107724841,0.1532258064516129,0.9302623886786135,3.065326821168018,0.09836065573770492,0.8167389007857954,0.6090657195688948,0.532258064516129
R1149,seq_6157861c4fd04fcf,124,V3_3T2D,3,John_adaptive,7,0.57018,0.57263,7.046028922693116,0.790374835737739,0.7820945945945946,592,1.523979236667134,2.308945987224042,0.0,0.5429821780560763,7.143826462145846,0.0,0.39593001097709885,0.584213794197955,0.7580645161290323
R1149,seq_6157861c4fd04fcf,124,V3_3T2D,4,John_adaptive,5,0.66446,0.65218,4.270185347388752,0.7853245768568349,0.7909330985915493,568,1.6684925939075177,2.3445810240495075,0.016129032258064516,0.5313694898951813,5.370333283635155,0.02459016393442623,0.44484666746894164,0.6422145090316173,0.7419354838709677
R1149,seq_6157861c4fd04fcf,124,V3_3T2D,0,John_fixed,7,0.27566,0.24299,36.703333364285854,0.28680541288908223,0.2766047297297297,592,5.078218898808237,8.975784978799043,0.23387096774193547,1.1568482958984267,2.5613750266692783,0.18032786885245902,1.2124484913378146,0.8206224628411157,0.5483870967741935
R1149,seq_6157861c4fd04fcf,124,V3_3T2D,1,John_fixed,2,0.22177,0.22185,38.52672741619457,0.2799118271500269,0.26777059773828754,619,5.473132392893065,9.005295013759431,0.1935483870967742,1.0384481433872021,3.066407099984005,0.1721311475409836,1.3747665213629892,0.944224959650728,0.4838709677419355
R1149,seq_6157861c4fd04fcf,124,V3_3T2D,2,John_fixed,4,0.31673,0.32705,23.360024384276542,0.3975775009041137,0.38803418803418804,585,4.241139760819754,7.375752941674707,0.1532258064516129,0.9230713253592807,3.0640595599380482,0.09836065573770492,0.8357035780223594,0.6238839240270828,0.5483870967741935
R1149,seq_6157861c4fd04fcf,124,V3_3T2D,3,John_fixed,7,0.57018,0.57242,7.054048001357842,0.7987956348087396,0.7913851351351351,592,1.5167907558399747,2.305178496200793,0.0,0.6252279465265718,7.151425421893585,0.00819672131147541,0.3580140938142964,0.5406040670039803,0.7580645161290323
R1149,seq_6157861c4fd04fcf,124,V3_3T2D,4,John_fixed,5,0.66446,0.66093,4.26896831519092,0.7954342196781712,0.804137323943662,568,1.650606137332724,2.317789453552088,0.008064516129032258,0.6237039430823156,5.36537960938238,0.02459016393442623,0.43879084414778863,0.6050295437580749,0.7258064516129032
R1149,seq_6157861c4fd04fcf,124,V3_3T2D,0,Simple,7,0.27566,0.24894,36.67535038455504,0.301885522072014,0.2922297297297297,592,5.227629561449836,9.10283810253742,0.18548387096774194,0.9777919443715558,2.7095249673162947,0.1885245901639344,1.2490064425395986,0.8577843919342837,0.5483870967741935
R1149,seq_6157861c4fd04fcf,124,V3_3T2D,1,Simple,2,0.22177,0.2273,38.59027388420427,0.2808603454446671,0.2693861066235864,619,5.670387546948152,9.207019442332967,0.1935483870967742,1.149590533596215,3.2011450177250254,0.16393442622950818,1.3410249863652488,0.9686443351782668,0.46774193548387094
R1149,seq_6157861c4fd04fcf,124,V3_3T2D,2,Simple,4,0.31673,0.31869,23.479644709432947,0.4077685307524017,0.4,585,4.402225190837666,7.5032172173584675,0.0967741935483871,0.8781138635623545,3.1284762978912504,0.10655737704918032,0.8455140695497193,0.5859640170225947,0.5483870967741935
R1149,seq_6157861c4fd04fcf,124,V3_3T2D,3,Simple,7,0.57018,0.57197,7.084057040763031,0.790422139464478,0.784206081081081,592,1.5158938575351095,2.3053687581293176,0.0,0.6244648394400407,7.199007868937997,0.00819672131147541,0.36327390677511173,0.5313875673089711,0.7580645161290323
R1149,seq_6157861c4fd04fcf,124,V3_3T2D,4,Simple,5,0.66446,0.66639,4.237771242691271,0.7967035680493341,0.8045774647887324,568,1.6194235101995866,2.274289455606365,0.008064516129032258,0.6163437449212994,5.399245980494008,0.02459016393442623,0.4424203313707958,0.6045209395840778,0.7096774193548387
R1149,seq_6157861c4fd04fcf,124,V3_3T2D,0,Geometry_historical,7,0.27566,0.24515,36.7441813957208,0.2855092935738097,0.2749155405405405,592,5.0931604282141585,9.009449522622758,0.1774193548387097,1.3562630278903611,2.6840947171988248,0.02459016393442623,0.7301235950342223,0.692381974052794,0.5806451612903226
R1149,seq_6157861c4fd04fcf,124,V3_3T2D,1,Geometry_historical,2,0.22177,0.21142,38.591036931321746,0.2720042944945103,0.26090468497576735,619,5.625509399119998,9.172085233796198,0.10483870967741936,1.3098766457867916,3.179003064471857,0.08196721311475409,0.9253914245151449,0.8819814129326294,0.46774193548387094
R1149,seq_6157861c4fd04fcf,124,V3_3T2D,2,Geometry_historical,4,0.31673,0.31964,23.488404656581704,0.3994362660189273,0.38974358974358975,585,4.3579890451278205,7.525093348144456,0.0967741935483871,1.05158098730504,3.1328122671614658,0.0,0.46591691445978217,0.4425922230930394,0.5483870967741935
R1149,seq_6157861c4fd04fcf,124,V3_3T2D,3,Geometry_historical,7,0.57018,0.5732,7.075953346063515,0.791118379828057,0.7846283783783784,592,1.5016042186827432,2.297094646924041,0.0,0.6395175730079155,7.167368033868051,0.00819672131147541,0.28054999164539884,0.399550241927114,0.7580645161290323
R1149,seq_6157861c4fd04fcf,124,V3_3T2D,4,Geometry_historical,5,0.66446,0.66736,4.240133383828164,0.796465130411703,0.8050176056338029,568,1.6034984873972762,2.2677016220075235,0.0,0.6304745261899395,5.365652684778297,0.02459016393442623,0.3550214950026332,0.4840866956022142,0.7580645161290323
R1156,seq_43da3c4c1f178763,135,J_5T,0,Raw,39,0.24964,0.24964,66.72522502505149,0.3290887481859704,0.31061746987951805,664,12.733001980865343,22.530011783342328,0.037037037037037035,2.6480210633335455,54.513649055537,0.06015037593984962,1.6233234548119946,0.6703782888833412,0.3851851851851852
R1156,seq_43da3c4c1f178763,135,J_5T,1,Raw,4,0.2358,0.2358,44.61268243070943,0.398188499650918,0.3792719167904903,673,8.341387979854147,12.682006919934132,0.06666666666666667,2.304809106199621,20.082840337892424,0.06766917293233082,1.4074665202466876,0.5196430114939492,0.6222222222222222
R1156,seq_43da3c4c1f178763,135,J_5T,2,Raw,38,0.25324,0.25324,43.10295030735732,0.3045503133697578,0.29418429003021146,662,7.551426056395926,12.066694853585778,0.0,2.108558230837122,26.11879211277161,0.07518796992481203,0.5892334822856148,0.7241472901197898,0.34074074074074073
R1156,seq_43da3c4c1f178763,135,J_5T,3,Raw,33,0.22821,0.22821,39.52730133464591,0.30554086073693915,0.29584527220630374,698,4.513588578642424,8.040855330395823,0.0,1.0444766582310765,7.398794975365956,0.09774436090225563,0.7841955104381881,0.8341268489907893,0.4
R1156,seq_43da3c4c1f178763,135,J_5T,4,Raw,26,0.24962,0.24962,44.50172768026137,0.3280346529529536,0.3188040345821326,694,7.840103966409104,13.291929781601908,0.022222222222222223,1.5525461591697465,22.540834369178423,0.03759398496240601,1.5562953573526792,0.7691419777822276,0.45925925925925926
R1156,seq_43da3c4c1f178763,135,J_5T,0,John_adaptive,39,0.24964,0.18166,66.23117169397017,0.3350087849393405,0.31400602409638556,664,11.879116743028497,21.407335641636845,0.02962962962962963,2.2890386963424376,54.342992409862305,0.045112781954887216,1.5735892676311931,0.7649681966010216,0.4148148148148148
R1156,seq_43da3c4c1f178763,135,J_5T,1,John_adaptive,4,0.2358,0.18227,44.646075880966976,0.3847531842098836,0.3655274888558692,673,7.616313098376963,12.046518599766664,0.1037037037037037,1.8501068208385263,20.370115480326202,0.045112781954887216,1.3528586264075684,0.7079502433766603,0.6222222222222222
R1156,seq_43da3c4c1f178763,135,J_5T,2,John_adaptive,38,0.25324,0.25321,42.8405886157257,0.3112686670325559,0.30060422960725075,662,7.030958611841399,11.499693835786704,0.014814814814814815,1.5777854059819887,25.840952457121684,0.06766917293233082,0.6026747230367641,0.7474337591386068,0.34074074074074073
R1156,seq_43da3c4c1f178763,135,J_5T,3,John_adaptive,33,0.22821,0.22686,39.57043953670513,0.33640761970418825,0.3241404011461318,698,4.386325336522897,7.925380690753805,0.0,0.6963619944273797,7.351271064379279,0.09022556390977443,0.7727345981474969,0.8383914546814224,0.4444444444444444
R1156,seq_43da3c4c1f178763,135,J_5T,4,John_adaptive,26,0.24962,0.23428,44.30800912074299,0.33205277217940615,0.3227665706051873,694,7.335670137656754,12.742476403226485,0.02962962962962963,1.1778682920411707,22.419196656473797,0.015037593984962405,1.5057716493477207,0.76993400474117,0.4148148148148148
R1156,seq_43da3c4c1f178763,135,J_5T,0,John_fixed,39,0.24964,0.19678,66.22924133853262,0.33591413473357923,0.3147590361445783,664,11.865964082322872,21.388129749355922,0.037037037037037035,2.2844927264592134,54.34605045941122,0.045112781954887216,1.5834162000663057,0.7579357418430274,0.4148148148148148
R1156,seq_43da3c4c1f178763,135,J_5T,1,John_fixed,4,0.2358,0.18227,44.645889487666516,0.3847531842098836,0.3655274888558692,673,7.61677009764513,12.046889161805318,0.1037037037037037,1.8502901758622643,20.36968532106751,0.045112781954887216,1.3527331349991536,0.7080365737454845,0.6222222222222222
R1156,seq_43da3c4c1f178763,135,J_5T,2,John_fixed,38,0.25324,0.25321,42.84167202487756,0.3112686670325559,0.30060422960725075,662,7.03283975217638,11.501866683265941,0.014814814814814815,1.5794336596432326,25.842244674520156,0.06766917293233082,0.60256474358764,0.747377571137412,0.34074074074074073
R1156,seq_43da3c4c1f178763,135,J_5T,3,John_fixed,33,0.22821,0.22703,39.569407103934076,0.3355778476244162,0.3234240687679083,698,4.388387447958376,7.927527261425063,0.0,0.70298978227693,7.352108898866508,0.09022556390977443,0.7748276997063153,0.8426571444968806,0.4444444444444444
R1156,seq_43da3c4c1f178763,135,J_5T,4,John_fixed,26,0.24962,0.23462,44.3105500351706,0.33207311449141513,0.3227665706051873,694,7.3519691393899675,12.758737118558951,0.022222222222222223,1.188920231818641,22.41962627220779,0.015037593984962405,1.4948441152078507,0.7477121171266496,0.4
R1156,seq_43da3c4c1f178763,135,J_5T,0,Simple,39,0.24964,0.25031,66.71438967298462,0.3360925571342238,0.317394578313253,664,12.706504964593059,22.512581523688294,0.037037037037037035,2.5494560112711127,54.50494640282885,0.06015037593984962,1.6265765283783031,0.7000234052837574,0.4148148148148148
R1156,seq_43da3c4c1f178763,135,J_5T,1,Simple,4,0.2358,0.2364,44.603197059674585,0.4031655467807428,0.3844725111441308,673,8.317302998057784,12.667570953746223,0.07407407407407407,2.2391851429935796,20.076931581718785,0.06766917293233082,1.3999917521011214,0.533839699393019,0.6222222222222222
R1156,seq_43da3c4c1f178763,135,J_5T,2,Simple,38,0.25324,0.25303,43.08860456131295,0.318401526457082,0.3062688821752266,662,7.4798574076543725,12.013769687005487,0.007407407407407408,1.868996547893687,26.10622483782134,0.06766917293233082,0.57421143542341,0.7427188195648875,0.34074074074074073
R1156,seq_43da3c4c1f178763,135,J_5T,3,Simple,33,0.22821,0.22948,39.524878699944296,0.31871607287048465,0.30802292263610315,698,4.4631149073263785,8.002145688555654,0.0,0.8370431112159364,7.394677547123333,0.09774436090225563,0.7911480159180889,0.8460617406915295,0.4148148148148148
R1156,seq_43da3c4c1f178763,135,J_5T,4,Simple,26,0.24962,0.24838,44.49440965854444,0.3327958973669758,0.3238472622478386,694,7.802910511251296,13.264190855857962,0.022222222222222223,1.4428159990765683,22.535062963145936,0.022556390977443608,1.5263613218123704,0.7438168767242597,0.4444444444444444
R1156,seq_43da3c4c1f178763,135,J_5T,0,Geometry_historical,39,0.24964,0.25032,66.69522237008088,0.3358695728140173,0.3170180722891566,664,12.693511073102794,22.505214272936428,0.037037037037037035,2.5465852607932957,54.48435577094112,0.06015037593984962,1.0825765304393091,0.762394653203664,0.3851851851851852
R1156,seq_43da3c4c1f178763,135,J_5T,1,Geometry_historical,4,0.2358,0.23696,44.586256457256816,0.4045055673568746,0.38521545319465084,673,8.312734159090276,12.663311053738886,0.07407407407407407,2.2409953671566614,20.05693806486541,0.06766917293233082,1.0089931040160298,0.6052490582008948,0.6370370370370371
R1156,seq_43da3c4c1f178763,135,J_5T,2,Geometry_historical,38,0.25324,0.25344,43.073156223123995,0.3193017322183988,0.3074018126888218,662,7.474750000462203,12.007181844331292,0.007407407407407408,1.8692427194012358,26.087227840802324,0.07518796992481203,0.49750585092338245,0.7043828637278231,0.34074074074074073
R1156,seq_43da3c4c1f178763,135,J_5T,3,Geometry_historical,33,0.22821,0.23005,39.511392137456816,0.32026024447593077,0.30945558739255014,698,4.452588294379254,7.995869442550887,0.0,0.8424125637261025,7.374827635665678,0.09774436090225563,0.6975549643954501,0.7926591462309971,0.4148148148148148
R1156,seq_43da3c4c1f178763,135,J_5T,4,Geometry_historical,26,0.24962,0.23507,44.47857129842296,0.33315403641384034,0.3238472622478386,694,7.794419674737642,13.259024054948117,0.022222222222222223,1.4372759529323864,22.514502010526858,0.022556390977443608,1.0176252087958189,0.780957387543745,0.4444444444444444
R1156,seq_43da3c4c1f178763,135,V3_5T,0,Raw,18,0.26111,0.26111,44.611488414994234,0.28924395047008566,0.27729885057471265,696,6.894668328723801,11.021497546067199,0.0,2.2004987236997153,24.71189450461323,0.08270676691729323,0.6221324435435851,0.7175560824119376,0.3851851851851852
R1156,seq_43da3c4c1f178763,135,V3_5T,1,Raw,9,0.22224,0.22224,33.57812352040364,0.3119981356092467,0.30592592592592593,675,5.0771750972538525,8.843455629155502,0.014814814814814815,1.2818760087332834,2.8220164166362807,0.09022556390977443,0.9148759199592709,0.8774586298075282,0.4888888888888889
R1156,seq_43da3c4c1f178763,135,V3_5T,2,Raw,2,0.27631,0.27631,29.252803518236934,0.3116892572448128,0.2942073170731707,656,5.266573447493978,8.615098585633772,0.21481481481481482,1.5756018494650041,3.249547366248329,0.06766917293233082,0.9325031221890363,0.8062544271455651,0.6074074074074074
R1156,seq_43da3c4c1f178763,135,V3_5T,3,Raw,38,0.25726,0.25726,29.39436269820989,0.28230394605394604,0.2719033232628399,662,4.957302187292383,8.559954095680052,0.14074074074074075,1.237016999737101,1.7595748099419275,0.045112781954887216,0.770492050042529,0.8229308393633495,0.5481481481481482
R1156,seq_43da3c4c1f178763,135,V3_5T,4,Raw,26,0.19739,0.19739,60.775560966122185,0.24883552631101652,0.2377521613832853,694,7.079675997248792,11.521915785657447,0.24444444444444444,1.8554194273252291,40.57193673186046,0.045112781954887216,1.1526412830433768,0.7913714182458903,0.35555555555555557
R1156,seq_43da3c4c1f178763,135,V3_5T,0,John_adaptive,18,0.26111,0.24684,44.26590196076299,0.29962360251833936,0.28771551724137934,696,6.378115724037865,10.487507986383127,0.014814814814814815,1.6628334408359113,24.449282778199173,0.06766917293233082,0.6006532141069371,0.7585964235303678,0.3851851851851852
R1156,seq_43da3c4c1f178763,135,V3_5T,1,John_adaptive,9,0.22224,0.22512,33.56703556058782,0.34017118683785347,0.3322222222222222,675,4.995451776570231,8.74019214537296,0.022222222222222223,0.913822124321789,2.739646203071189,0.10526315789473684,1.0091465322911493,0.8738116122486359,0.4888888888888889
R1156,seq_43da3c4c1f178763,135,V3_5T,2,John_adaptive,2,0.27631,0.2674,29.326441562456964,0.33277755680533455,0.3155487804878049,656,5.179871237785036,8.544455118871104,0.17037037037037037,1.0782572700191135,3.2566576214030256,0.15037593984962405,1.2662639685902775,0.9467541253399381,0.6370370370370371
R1156,seq_43da3c4c1f178763,135,V3_5T,3,John_adaptive,38,0.25726,0.2616,29.39883584316062,0.2985868246979358,0.2881419939577039,662,4.850906757479711,8.472460016709014,0.0962962962962963,0.8008961881263229,1.7468551094716993,0.09022556390977443,0.8299939970988436,0.8741928804857491,0.5925925925925926
R1156,seq_43da3c4c1f178763,135,V3_5T,4,John_adaptive,26,0.19739,0.1426,60.60867669849201,0.26759179938918504,0.25360230547550433,694,6.788092405004837,11.28314034104683,0.17037037037037037,1.2044655349035203,40.448938905543756,0.12781954887218044,1.3733929264761762,0.8776612975899203,0.35555555555555557
R1156,seq_43da3c4c1f178763,135,V3_5T,0,John_fixed,18,0.26111,0.24685,44.19666464260401,0.30507461336043207,0.29238505747126436,696,6.288676315604457,10.387860459495968,0.014814814814814815,1.5801682064848777,24.396918034758617,0.06766917293233082,0.603010860095711,0.7559080096574999,0.4
R1156,seq_43da3c4c1f178763,135,V3_5T,1,John_fixed,9,0.22224,0.22593,33.57573253099936,0.34207904749571416,0.33296296296296296,675,4.951415711481944,8.709640235121075,0.022222222222222223,0.864244669073914,2.7310140991150966,0.10526315789473684,0.9933377611602217,0.8830055196330369,0.4740740740740741
R1156,seq_43da3c4c1f178763,135,V3_5T,2,John_fixed,2,0.27631,0.26742,29.32197727813188,0.33205008982786766,0.31478658536585363,656,5.180692229904589,8.54591899339901,0.17037037037037037,1.081988954414714,3.254894588656814,0.15037593984962405,1.251623650260604,0.9497100142510619,0.6222222222222222
R1156,seq_43da3c4c1f178763,135,V3_5T,3,John_fixed,38,0.25726,0.26159,29.398346907378166,0.2997479732201954,0.28889728096676737,662,4.852586568091705,8.474691119932194,0.0962962962962963,0.810024384890958,1.7468523759909438,0.09022556390977443,0.8277240839275597,0.8740366042087122,0.5925925925925926
R1156,seq_43da3c4c1f178763,135,V3_5T,4,John_fixed,26,0.19739,0.14253,60.630792833713556,0.26487997236363253,0.25144092219020175,694,6.814096427237622,11.30454408626431,0.17037037037037037,1.2611615805789236,40.466222407882555,0.12030075187969924,1.3494477197674375,0.8671789714476493,0.34074074074074073
R1156,seq_43da3c4c1f178763,135,V3_5T,0,Simple,18,0.26111,0.26376,44.59780282686718,0.30686930502354476,0.2948994252873563,696,6.824077211856826,10.968553522359494,0.0,1.9728372049267227,24.699368524453345,0.07518796992481203,0.5754973233519735,0.7566403568254076,0.37037037037037035
R1156,seq_43da3c4c1f178763,135,V3_5T,1,Simple,9,0.22224,0.2237,33.573351740398806,0.33048212589879256,0.3237037037037037,675,5.05593035008049,8.820497212659207,0.014814814814814815,1.0138973210783828,2.815512114807042,0.10526315789473684,0.9705378459495403,0.8791710671949707,0.4888888888888889
R1156,seq_43da3c4c1f178763,135,V3_5T,2,Simple,2,0.27631,0.27741,29.235575022757203,0.3338462746101635,0.3174542682926829,656,5.300554309222065,8.636907326771365,0.14074074074074075,0.9965246588048701,3.297349509738069,0.18045112781954886,1.1696513857825799,0.953253806324551,0.6074074074074074
R1156,seq_43da3c4c1f178763,135,V3_5T,3,Simple,38,0.25726,0.25947,29.437085746298493,0.3020611692833915,0.290785498489426,662,4.973302022908794,8.554805492592614,0.08888888888888889,0.8037288022710827,1.708566903794022,0.09022556390977443,0.9583715550059592,0.8795160971231456,0.562962962962963
R1156,seq_43da3c4c1f178763,135,V3_5T,4,Simple,26,0.19739,0.15138,60.808317850399526,0.2755928309768179,0.2622478386167147,694,7.097400160740871,11.53369716161141,0.0962962962962963,1.3301675498917864,40.60821704553233,0.14285714285714285,1.4444049861156278,0.8896916507855197,0.35555555555555557
R1156,seq_43da3c4c1f178763,135,V3_5T,0,Geometry_historical,18,0.26111,0.24553,44.58079045842331,0.30612136983116517,0.29454022988505746,696,6.81867118623201,10.960940236268721,0.0,1.9722866114488982,24.679295989603947,0.08270676691729323,0.4922651068367343,0.6986762723717649,0.35555555555555557
R1156,seq_43da3c4c1f178763,135,V3_5T,1,Geometry_historical,9,0.22224,0.21746,33.57122412905492,0.3276249265138154,0.32037037037037036,675,5.0142909673942135,8.798205010021707,0.014814814814814815,1.0831990401952494,2.813543124285477,0.09022556390977443,0.7472139756090025,0.820414581447657,0.4888888888888889
R1156,seq_43da3c4c1f178763,135,V3_5T,2,Geometry_historical,2,0.27631,0.26367,29.280726523441494,0.3243363452391231,0.3071646341463415,656,5.177560633783609,8.606893980537142,0.1111111111111111,1.2256700832239342,3.251881871393529,0.06015037593984962,0.8373721350349693,0.8155659453045169,0.6222222222222222
R1156,seq_43da3c4c1f178763,135,V3_5T,3,Geometry_historical,38,0.25726,0.25697,29.449673274314236,0.29554519554519554,0.28512084592145015,662,4.900024076951978,8.552063128562025,0.044444444444444446,0.9189189923440901,1.6942348151184277,0.03007518796992481,0.6903449107402345,0.7494648727470896,0.562962962962963
R1156,seq_43da3c4c1f178763,135,V3_5T,4,Geometry_historical,26,0.19739,0.14815,60.70365731190427,0.26376113386734307,0.2521613832853026,694,6.998288820025843,11.505704816199586,0.11851851851851852,1.6035905470950071,40.486209939445416,0.045112781954887216,0.6735770651742444,0.750343544132872,0.37037037037037035
R1156,seq_43da3c4c1f178763,135,J_3T2D,0,Raw,39,0.24964,0.24964,66.72522502505149,0.3290887481859704,0.31061746987951805,664,12.733001980865343,22.530011783342328,0.037037037037037035,2.6480210633335455,54.513649055537,0.06015037593984962,1.6233234548119946,0.6703782888833412,0.3851851851851852
R1156,seq_43da3c4c1f178763,135,J_3T2D,1,Raw,4,0.2358,0.2358,44.61268243070943,0.398188499650918,0.3792719167904903,673,8.341387979854147,12.682006919934132,0.06666666666666667,2.304809106199621,20.082840337892424,0.06766917293233082,1.4074665202466876,0.5196430114939492,0.6222222222222222
R1156,seq_43da3c4c1f178763,135,J_3T2D,2,Raw,38,0.25324,0.25324,43.10295030735732,0.3045503133697578,0.29418429003021146,662,7.551426056395926,12.066694853585778,0.0,2.108558230837122,26.11879211277161,0.07518796992481203,0.5892334822856148,0.7241472901197898,0.34074074074074073
R1156,seq_43da3c4c1f178763,135,J_3T2D,3,Raw,36,0.33644,0.33644,16.877804806189403,0.5707097401715994,0.5577195467422096,706,2.997899721645469,5.015613993967835,0.02962962962962963,0.9167259578981648,4.215172467432591,0.03007518796992481,0.5437291007860764,0.6622122169770431,0.7407407407407407
R1156,seq_43da3c4c1f178763,135,J_3T2D,4,Raw,38,0.46997,0.46997,11.619967750186646,0.7332436185213963,0.7288519637462235,662,2.053756688571407,2.9944185619265893,0.0,0.8879685684473743,3.452327279613172,0.03007518796992481,0.3856167768196636,0.5448305364129457,0.725925925925926
R1156,seq_43da3c4c1f178763,135,J_3T2D,0,John_adaptive,39,0.24964,0.18166,66.23117169397017,0.3350087849393405,0.31400602409638556,664,11.879116743028497,21.407335641636845,0.02962962962962963,2.2890386963424376,54.342992409862305,0.045112781954887216,1.5735892676311931,0.7649681966010216,0.4148148148148148
R1156,seq_43da3c4c1f178763,135,J_3T2D,1,John_adaptive,4,0.2358,0.18227,44.646075880966976,0.3847531842098836,0.3655274888558692,673,7.616313098376963,12.046518599766664,0.1037037037037037,1.8501068208385263,20.370115480326202,0.045112781954887216,1.3528586264075684,0.7079502433766603,0.6222222222222222
R1156,seq_43da3c4c1f178763,135,J_3T2D,2,John_adaptive,38,0.25324,0.25321,42.8405886157257,0.3112686670325559,0.30060422960725075,662,7.030958611841399,11.499693835786704,0.014814814814814815,1.5777854059819887,25.840952457121684,0.06766917293233082,0.6026747230367641,0.7474337591386068,0.34074074074074073
R1156,seq_43da3c4c1f178763,135,J_3T2D,3,John_adaptive,36,0.33644,0.32117,16.93685960775164,0.5751645064983557,0.5591359773371105,706,3.0191258265744443,5.07424104383556,0.037037037037037035,0.5643544406624335,4.275104105760992,0.03759398496240601,0.6375210013582805,0.8175260252724194,0.7407407407407407
R1156,seq_43da3c4c1f178763,135,J_3T2D,4,John_adaptive,38,0.46997,0.47651,11.526430256561895,0.7062558532002977,0.6993957703927492,662,2.1292539715372145,3.0364488553645055,0.014814814814814815,0.5598576152107434,3.4752599901308265,0.03759398496240601,0.5270319479067977,0.7123524180087591,0.7851851851851852
R1156,seq_43da3c4c1f178763,135,J_3T2D,0,John_fixed,39,0.24964,0.19678,66.22924133853262,0.33591413473357923,0.3147590361445783,664,11.865964082322872,21.388129749355922,0.037037037037037035,2.2844927264592134,54.34605045941122,0.045112781954887216,1.5834162000663057,0.7579357418430274,0.4148148148148148
R1156,seq_43da3c4c1f178763,135,J_3T2D,1,John_fixed,4,0.2358,0.18227,44.645889487666516,0.3847531842098836,0.3655274888558692,673,7.61677009764513,12.046889161805318,0.1037037037037037,1.8502901758622643,20.36968532106751,0.045112781954887216,1.3527331349991536,0.7080365737454845,0.6222222222222222
R1156,seq_43da3c4c1f178763,135,J_3T2D,2,John_fixed,38,0.25324,0.25321,42.84167202487756,0.3112686670325559,0.30060422960725075,662,7.03283975217638,11.501866683265941,0.014814814814814815,1.5794336596432326,25.842244674520156,0.06766917293233082,0.60256474358764,0.747377571137412,0.34074074074074073
R1156,seq_43da3c4c1f178763,135,J_3T2D,3,John_fixed,36,0.33644,0.33465,16.888884196511096,0.586925460908519,0.5722379603399433,706,2.996485365275215,5.035837031087737,0.02962962962962963,0.7167737439893392,4.23087750920789,0.03007518796992481,0.5815809458754954,0.7302884120486458,0.7703703703703704
R1156,seq_43da3c4c1f178763,135,J_3T2D,4,John_fixed,38,0.46997,0.47464,11.544161266459325,0.7412664932803822,0.7352719033232629,662,2.0653402915577557,2.989668359185799,0.007407407407407408,0.7370528745787548,3.4467762042806633,0.03007518796992481,0.4221845638875535,0.5985068575207207,0.7703703703703704
R1156,seq_43da3c4c1f178763,135,J_3T2D,0,Simple,39,0.24964,0.25031,66.71438967298462,0.3360925571342238,0.317394578313253,664,12.706504964593059,22.512581523688294,0.037037037037037035,2.5494560112711127,54.50494640282885,0.06015037593984962,1.6265765283783031,0.7000234052837574,0.4148148148148148
R1156,seq_43da3c4c1f178763,135,J_3T2D,1,Simple,4,0.2358,0.2364,44.603197059674585,0.4031655467807428,0.3844725111441308,673,8.317302998057784,12.667570953746223,0.07407407407407407,2.2391851429935796,20.076931581718785,0.06766917293233082,1.3999917521011214,0.533839699393019,0.6222222222222222
R1156,seq_43da3c4c1f178763,135,J_3T2D,2,Simple,38,0.25324,0.25303,43.08860456131295,0.318401526457082,0.3062688821752266,662,7.4798574076543725,12.013769687005487,0.007407407407407408,1.868996547893687,26.10622483782134,0.06766917293233082,0.57421143542341,0.7427188195648875,0.34074074074074073
R1156,seq_43da3c4c1f178763,135,J_3T2D,3,Simple,36,0.33644,0.33772,16.89992542482177,0.594990719833556,0.5803824362606232,706,2.963393426085107,4.997180189322485,0.02962962962962963,0.7000918502662801,4.2372728632430245,0.03759398496240601,0.5799707797584582,0.7090467526892097,0.7555555555555555
R1156,seq_43da3c4c1f178763,135,J_3T2D,4,Simple,38,0.46997,0.47079,11.640698097472773,0.750567118067118,0.7454682779456193,662,2.0480526809500414,2.9938144354933147,0.007407407407407408,0.7050537959971104,3.4813233008437514,0.022556390977443608,0.4274657969806296,0.5811445418162404,0.725925925925926
R1156,seq_43da3c4c1f178763,135,J_3T2D,0,Geometry_historical,39,0.24964,0.25032,66.69522237008088,0.3358695728140173,0.3170180722891566,664,12.693511073102794,22.505214272936428,0.037037037037037035,2.5465852607932957,54.48435577094112,0.06015037593984962,1.0825765304393091,0.762394653203664,0.3851851851851852
R1156,seq_43da3c4c1f178763,135,J_3T2D,1,Geometry_historical,4,0.2358,0.23696,44.586256457256816,0.4045055673568746,0.38521545319465084,673,8.312734159090276,12.663311053738886,0.07407407407407407,2.2409953671566614,20.05693806486541,0.06766917293233082,1.0089931040160298,0.6052490582008948,0.6370370370370371
R1156,seq_43da3c4c1f178763,135,J_3T2D,2,Geometry_historical,38,0.25324,0.25344,43.073156223123995,0.3193017322183988,0.3074018126888218,662,7.474750000462203,12.007181844331292,0.007407407407407408,1.8692427194012358,26.087227840802324,0.07518796992481203,0.49750585092338245,0.7043828637278231,0.34074074074074073
R1156,seq_43da3c4c1f178763,135,J_3T2D,3,Geometry_historical,36,0.33644,0.32397,16.894940387424075,0.5977170805980576,0.5825070821529745,706,2.9475055141835114,4.98374889242031,0.037037037037037035,0.7195643921346477,4.210141200793334,0.03007518796992481,0.41246772086732564,0.5413056029098778,0.7407407407407407
R1156,seq_43da3c4c1f178763,135,J_3T2D,4,Geometry_historical,38,0.46997,0.4708,11.634207050197057,0.7491601248545693,0.7439577039274925,662,2.0278762288613508,2.976244152927369,0.007407407407407408,0.731575882214259,3.4596139452571,0.022556390977443608,0.28754422242624966,0.4517348561443263,0.725925925925926
R1156,seq_43da3c4c1f178763,135,V3_3T2D,0,Raw,18,0.26111,0.26111,44.611488414994234,0.28924395047008566,0.27729885057471265,696,6.894668328723801,11.021497546067199,0.0,2.2004987236997153,24.71189450461323,0.08270676691729323,0.6221324435435851,0.7175560824119376,0.3851851851851852
R1156,seq_43da3c4c1f178763,135,V3_3T2D,1,Raw,9,0.22224,0.22224,33.57812352040364,0.3119981356092467,0.30592592592592593,675,5.0771750972538525,8.843455629155502,0.014814814814814815,1.2818760087332834,2.8220164166362807,0.09022556390977443,0.9148759199592709,0.8774586298075282,0.4888888888888889
R1156,seq_43da3c4c1f178763,135,V3_3T2D,2,Raw,2,0.27631,0.27631,29.252803518236934,0.3116892572448128,0.2942073170731707,656,5.266573447493978,8.615098585633772,0.21481481481481482,1.5756018494650041,3.249547366248329,0.06766917293233082,0.9325031221890363,0.8062544271455651,0.6074074074074074
R1156,seq_43da3c4c1f178763,135,V3_3T2D,3,Raw,36,0.33644,0.33644,16.877804806189403,0.5707097401715994,0.5577195467422096,706,2.997899721645469,5.015613993967835,0.02962962962962963,0.9167259578981648,4.215172467432591,0.03007518796992481,0.5437291007860764,0.6622122169770431,0.7407407407407407
R1156,seq_43da3c4c1f178763,135,V3_3T2D,4,Raw,38,0.46997,0.46997,11.619967750186646,0.7332436185213963,0.7288519637462235,662,2.053756688571407,2.9944185619265893,0.0,0.8879685684473743,3.452327279613172,0.03007518796992481,0.3856167768196636,0.5448305364129457,0.725925925925926
R1156,seq_43da3c4c1f178763,135,V3_3T2D,0,John_adaptive,18,0.26111,0.24684,44.26590196076299,0.29962360251833936,0.28771551724137934,696,6.378115724037865,10.487507986383127,0.014814814814814815,1.6628334408359113,24.449282778199173,0.06766917293233082,0.6006532141069371,0.7585964235303678,0.3851851851851852
R1156,seq_43da3c4c1f178763,135,V3_3T2D,1,John_adaptive,9,0.22224,0.22512,33.56703556058782,0.34017118683785347,0.3322222222222222,675,4.995451776570231,8.74019214537296,0.022222222222222223,0.913822124321789,2.739646203071189,0.10526315789473684,1.0091465322911493,0.8738116122486359,0.4888888888888889
R1156,seq_43da3c4c1f178763,135,V3_3T2D,2,John_adaptive,2,0.27631,0.2674,29.326441562456964,0.33277755680533455,0.3155487804878049,656,5.179871237785036,8.544455118871104,0.17037037037037037,1.0782572700191135,3.2566576214030256,0.15037593984962405,1.2662639685902775,0.9467541253399381,0.6370370370370371
R1156,seq_43da3c4c1f178763,135,V3_3T2D,3,John_adaptive,36,0.33644,0.32117,16.93685960775164,0.5751645064983557,0.5591359773371105,706,3.0191258265744443,5.07424104383556,0.037037037037037035,0.5643544406624335,4.275104105760992,0.03759398496240601,0.6375210013582805,0.8175260252724194,0.7407407407407407
R1156,seq_43da3c4c1f178763,135,V3_3T2D,4,John_adaptive,38,0.46997,0.47651,11.526430256561895,0.7062558532002977,0.6993957703927492,662,2.1292539715372145,3.0364488553645055,0.014814814814814815,0.5598576152107434,3.4752599901308265,0.03759398496240601,0.5270319479067977,0.7123524180087591,0.7851851851851852
R1156,seq_43da3c4c1f178763,135,V3_3T2D,0,John_fixed,18,0.26111,0.24685,44.19666464260401,0.30507461336043207,0.29238505747126436,696,6.288676315604457,10.387860459495968,0.014814814814814815,1.5801682064848777,24.396918034758617,0.06766917293233082,0.603010860095711,0.7559080096574999,0.4
R1156,seq_43da3c4c1f178763,135,V3_3T2D,1,John_fixed,9,0.22224,0.22593,33.57573253099936,0.34207904749571416,0.33296296296296296,675,4.951415711481944,8.709640235121075,0.022222222222222223,0.864244669073914,2.7310140991150966,0.10526315789473684,0.9933377611602217,0.8830055196330369,0.4740740740740741
R1156,seq_43da3c4c1f178763,135,V3_3T2D,2,John_fixed,2,0.27631,0.26742,29.32197727813188,0.33205008982786766,0.31478658536585363,656,5.180692229904589,8.54591899339901,0.17037037037037037,1.081988954414714,3.254894588656814,0.15037593984962405,1.251623650260604,0.9497100142510619,0.6222222222222222
R1156,seq_43da3c4c1f178763,135,V3_3T2D,3,John_fixed,36,0.33644,0.33465,16.888884196511096,0.586925460908519,0.5722379603399433,706,2.996485365275215,5.035837031087737,0.02962962962962963,0.7167737439893392,4.23087750920789,0.03007518796992481,0.5815809458754954,0.7302884120486458,0.7703703703703704
R1156,seq_43da3c4c1f178763,135,V3_3T2D,4,John_fixed,38,0.46997,0.47464,11.544161266459325,0.7412664932803822,0.7352719033232629,662,2.0653402915577557,2.989668359185799,0.007407407407407408,0.7370528745787548,3.4467762042806633,0.03007518796992481,0.4221845638875535,0.5985068575207207,0.7703703703703704
R1156,seq_43da3c4c1f178763,135,V3_3T2D,0,Simple,18,0.26111,0.26376,44.59780282686718,0.30686930502354476,0.2948994252873563,696,6.824077211856826,10.968553522359494,0.0,1.9728372049267227,24.699368524453345,0.07518796992481203,0.5754973233519735,0.7566403568254076,0.37037037037037035
R1156,seq_43da3c4c1f178763,135,V3_3T2D,1,Simple,9,0.22224,0.2237,33.573351740398806,0.33048212589879256,0.3237037037037037,675,5.05593035008049,8.820497212659207,0.014814814814814815,1.0138973210783828,2.815512114807042,0.10526315789473684,0.9705378459495403,0.8791710671949707,0.4888888888888889
R1156,seq_43da3c4c1f178763,135,V3_3T2D,2,Simple,2,0.27631,0.27741,29.235575022757203,0.3338462746101635,0.3174542682926829,656,5.300554309222065,8.636907326771365,0.14074074074074075,0.9965246588048701,3.297349509738069,0.18045112781954886,1.1696513857825799,0.953253806324551,0.6074074074074074
R1156,seq_43da3c4c1f178763,135,V3_3T2D,3,Simple,36,0.33644,0.33772,16.89992542482177,0.594990719833556,0.5803824362606232,706,2.963393426085107,4.997180189322485,0.02962962962962963,0.7000918502662801,4.2372728632430245,0.03759398496240601,0.5799707797584582,0.7090467526892097,0.7555555555555555
R1156,seq_43da3c4c1f178763,135,V3_3T2D,4,Simple,38,0.46997,0.47079,11.640698097472773,0.750567118067118,0.7454682779456193,662,2.0480526809500414,2.9938144354933147,0.007407407407407408,0.7050537959971104,3.4813233008437514,0.022556390977443608,0.4274657969806296,0.5811445418162404,0.725925925925926
R1156,seq_43da3c4c1f178763,135,V3_3T2D,0,Geometry_historical,18,0.26111,0.24553,44.58079045842331,0.30612136983116517,0.29454022988505746,696,6.81867118623201,10.960940236268721,0.0,1.9722866114488982,24.679295989603947,0.08270676691729323,0.4922651068367343,0.6986762723717649,0.35555555555555557
R1156,seq_43da3c4c1f178763,135,V3_3T2D,1,Geometry_historical,9,0.22224,0.21746,33.57122412905492,0.3276249265138154,0.32037037037037036,675,5.0142909673942135,8.798205010021707,0.014814814814814815,1.0831990401952494,2.813543124285477,0.09022556390977443,0.7472139756090025,0.820414581447657,0.4888888888888889
R1156,seq_43da3c4c1f178763,135,V3_3T2D,2,Geometry_historical,2,0.27631,0.26367,29.280726523441494,0.3243363452391231,0.3071646341463415,656,5.177560633783609,8.606893980537142,0.1111111111111111,1.2256700832239342,3.251881871393529,0.06015037593984962,0.8373721350349693,0.8155659453045169,0.6222222222222222
R1156,seq_43da3c4c1f178763,135,V3_3T2D,3,Geometry_historical,36,0.33644,0.32397,16.894940387424075,0.5977170805980576,0.5825070821529745,706,2.9475055141835114,4.98374889242031,0.037037037037037035,0.7195643921346477,4.210141200793334,0.03007518796992481,0.41246772086732564,0.5413056029098778,0.7407407407407407
R1156,seq_43da3c4c1f178763,135,V3_3T2D,4,Geometry_historical,38,0.46997,0.4708,11.634207050197057,0.7491601248545693,0.7439577039274925,662,2.0278762288613508,2.976244152927369,0.007407407407407408,0.731575882214259,3.4596139452571,0.022556390977443608,0.28754422242624966,0.4517348561443263,0.725925925925926
R1189,seq_1eedfbc5839f67d6,118,J_5T,0,Raw,0,0.21249,0.21249,64.22568557006808,0.4683882854433702,0.452048417132216,537,5.730933233042422,9.771980301662568,0.025423728813559324,0.7374231241098035,54.46791923390646,0.1206896551724138,1.6673419531159839,0.984542517936167,0.3389830508474576
R1189,seq_1eedfbc5839f67d6,118,J_5T,1,Raw,0,0.1471,0.1471,35.097109753427254,0.30529774486342287,0.29236499068901306,537,6.842408732966485,11.029066034797014,0.00847457627118644,1.719729051294633,6.791810077378887,0.11206896551724138,0.9247085665070042,0.873016392203894,0.4406779661016949
R1189,seq_1eedfbc5839f67d6,118,J_5T,2,Raw,0,0.16895,0.16895,37.808450223127224,0.3268471641352997,0.3091247672253259,537,11.326130010871593,18.238846760402875,0.059322033898305086,2.6573950201249814,13.741841176523334,0.07758620689655173,1.9230824755311846,0.6639517948438067,0.5423728813559322
R1189,seq_1eedfbc5839f67d6,118,J_5T,3,Raw,0,0.15449,0.15449,58.449557212391106,0.31582155485757185,0.2956238361266294,537,10.31403876365415,16.525824942277424,0.0,3.346804697394413,32.50164860989581,0.08620689655172414,0.6240099353007357,0.8121173566646871,0.2542372881355932
R1189,seq_1eedfbc5839f67d6,118,J_5T,4,Raw,0,0.18745,0.18745,59.6446673605423,0.31947332916612575,0.30307262569832405,537,6.679981490543608,11.925507374937357,0.0,0.8762159178660626,36.73062381099663,0.04310344827586207,1.381360555987994,0.6937713842025015,0.3559322033898305
R1189,seq_1eedfbc5839f67d6,118,J_5T,0,John_adaptive,0,0.21249,0.21571,64.22942678017351,0.4695695723767757,0.4543761638733706,537,5.662325090207753,9.710866486147834,0.01694915254237288,0.5394362502264771,54.47642374595884,0.09482758620689655,1.6078863170678388,0.9860257354962634,0.3389830508474576
R1189,seq_1eedfbc5839f67d6,118,J_5T,1,John_adaptive,0,0.1471,0.13125,34.962301096295825,0.3162973855240805,0.3026070763500931,537,6.441833611310952,10.60122185560017,0.025423728813559324,1.2339139955610527,6.623134651422735,0.08620689655172414,0.901579628688678,0.85307849302442,0.4576271186440678
R1189,seq_1eedfbc5839f67d6,118,J_5T,2,John_adaptive,0,0.16895,0.16351,37.171745113332335,0.3375849315467959,0.319366852886406,537,10.415636529121572,17.124601126755465,0.09322033898305085,2.0883538939471995,13.910834352938867,0.06896551724137931,1.7992493006957593,0.7398759025779968,0.4745762711864407
R1189,seq_1eedfbc5839f67d6,118,J_5T,3,John_adaptive,0,0.15449,0.1598,58.03157120454784,0.31301900194908666,0.2886405959031657,537,9.3166742005483,15.40467899006917,0.0,2.5193142350670756,32.17654814941268,0.06896551724137931,0.6935134622503519,0.8699553756075649,0.3559322033898305
R1189,seq_1eedfbc5839f67d6,118,J_5T,4,John_adaptive,0,0.18745,0.19199,59.56632373953178,0.3343715606427471,0.313780260707635,537,6.576838773606902,11.829706957394071,0.0,0.6019924258142895,36.63714728975789,0.02586206896551724,1.3376144420046074,0.7193377198692128,0.3728813559322034
R1189,seq_1eedfbc5839f67d6,118,J_5T,0,John_fixed,0,0.21249,0.21574,64.23260306110369,0.47135370514607805,0.45670391061452514,537,5.650872573093414,9.700581762952844,0.01694915254237288,0.4927979594204096,54.481728555545146,0.09482758620689655,1.595369391704474,0.9897960990355934,0.3389830508474576
R1189,seq_1eedfbc5839f67d6,118,J_5T,1,John_fixed,0,0.1471,0.13123,34.96160965932609,0.31576183938472074,0.3021415270018622,537,6.439590496092653,10.598692621003632,0.025423728813559324,1.2312279045912875,6.622032477933505,0.08620689655172414,0.9016121465248694,0.8531106805344386,0.4576271186440678
R1189,seq_1eedfbc5839f67d6,118,J_5T,2,John_fixed,0,0.16895,0.16343,37.170670524516765,0.33727062720706785,0.31890130353817503,537,10.412119645747614,17.120338176875535,0.1016949152542373,2.087033689998607,13.914279823334095,0.06896551724137931,1.7969021448864608,0.7460190915955284,0.4745762711864407
R1189,seq_1eedfbc5839f67d6,118,J_5T,3,John_fixed,0,0.15449,0.1598,58.03259685968529,0.31251876654419025,0.2881750465549348,537,9.31936268789521,15.407771268561927,0.0,2.5211000755666966,32.17733884441596,0.06896551724137931,0.6933520168839571,0.8699719698365165,0.3559322033898305
R1189,seq_1eedfbc5839f67d6,118,J_5T,4,John_fixed,0,0.18745,0.19189,59.56913477402884,0.3347952894563065,0.31424581005586594,537,6.579288275552846,11.832163142859365,0.0,0.6104377078708322,36.64048592580991,0.02586206896551724,1.3392583507050841,0.7186354672331061,0.3728813559322034
R1189,seq_1eedfbc5839f67d6,118,J_5T,0,Simple,0,0.21249,0.21496,64.22447397860795,0.4727451867812037,0.45716945996275604,537,5.700999697327863,9.743839359269884,0.025423728813559324,0.5997955700350438,54.46622075734673,0.11206896551724138,1.6387852636309495,0.9691696792016251,0.3220338983050847
R1189,seq_1eedfbc5839f67d6,118,J_5T,1,Simple,0,0.1471,0.13243,35.0827748779594,0.3088093109809212,0.2956238361266294,537,6.780713071883132,10.976804499818776,0.01694915254237288,1.5073836795224056,6.775137891001069,0.11206896551724138,0.9254939451286399,0.880349406380704,0.4576271186440678
R1189,seq_1eedfbc5839f67d6,118,J_5T,2,Simple,0,0.16895,0.17063,37.785792794345056,0.3356623367216587,0.3165735567970205,537,11.284307986201247,18.19917660160409,0.059322033898305086,2.531043864638831,13.721958727162647,0.07758620689655173,1.9067571749880874,0.6940226401534267,0.5423728813559322
R1189,seq_1eedfbc5839f67d6,118,J_5T,3,Simple,0,0.15449,0.15417,58.432669088325326,0.3256941387237998,0.30446927374301674,537,10.23557284096066,16.46149294933197,0.0,3.079570875446543,32.48313715899971,0.07758620689655173,0.6233016198404684,0.8453836467293311,0.288135593220339
R1189,seq_1eedfbc5839f67d6,118,J_5T,4,Simple,0,0.18745,0.18918,59.642923823236785,0.3222137384743317,0.3054003724394786,537,6.647610061601525,11.90733346003792,0.0,0.7370675299352123,36.72889473844397,0.04310344827586207,1.3519440398715905,0.7243271791039321,0.3559322033898305
R1189,seq_1eedfbc5839f67d6,118,J_5T,0,Geometry_historical,0,0.21249,0.20916,64.20797302267793,0.4728125746663882,0.45763500931098694,537,5.688577810274191,9.737321975872788,0.025423728813559324,0.5939208360443274,54.44915693721681,0.10344827586206896,1.148821568323515,0.8483666219959561,0.3220338983050847
R1189,seq_1eedfbc5839f67d6,118,J_5T,1,Geometry_historical,0,0.1471,0.14821,35.071031328546155,0.30803570840647104,0.2956238361266294,537,6.772570546715033,10.970130362961545,0.01694915254237288,1.5086679475543605,6.755597224290565,0.10344827586206896,0.7611130824713039,0.792245066779593,0.423728813559322
R1189,seq_1eedfbc5839f67d6,118,J_5T,2,Geometry_historical,0,0.16895,0.17097,37.775019821329614,0.3346870114348927,0.31564245810055863,537,11.279430222784693,18.1913916802486,0.06779661016949153,2.520392491296286,13.701929649072238,0.07758620689655173,1.236958221112109,0.8292487067898906,0.5254237288135594
R1189,seq_1eedfbc5839f67d6,118,J_5T,3,Geometry_historical,0,0.15449,0.15192,58.415799500666736,0.32692665150292277,0.3054003724394786,537,10.229078495053528,16.454119148075886,0.0,3.078114467366323,32.46323613670802,0.07758620689655173,0.5755839552239082,0.7892494666182126,0.2711864406779661
R1189,seq_1eedfbc5839f67d6,118,J_5T,4,Geometry_historical,0,0.18745,0.18939,59.62492126553715,0.32246091361557466,0.3058659217877095,537,6.637195343758235,11.90175498104263,0.0,0.7299285747950467,36.70826726965409,0.04310344827586207,0.9253709160918152,0.652140664949333,0.3728813559322034
R1189,seq_1eedfbc5839f67d6,118,V3_5T,0,Raw,0,0.2198,0.2198,33.32951909292865,0.32082915319144134,0.30400372439478585,537,5.773949384568998,9.607346336601497,0.09322033898305085,1.6231501141258493,2.9411105760410763,0.09482758620689655,0.879870470237847,0.8426031425289111,0.4576271186440678
R1189,seq_1eedfbc5839f67d6,118,V3_5T,1,Raw,0,0.15518,0.15518,49.24136767735366,0.30368020044926824,0.287243947858473,537,7.648551286074303,12.991249745899806,0.0,2.228267861631115,30.122955127208062,0.08620689655172414,0.6173251183190157,0.7319125706282269,0.2033898305084746
R1189,seq_1eedfbc5839f67d6,118,V3_5T,2,Raw,0,0.13173,0.13173,51.39859185555252,0.3096754175673668,0.2881750465549348,537,6.109209748229949,10.751031611574856,0.11016949152542373,1.1052515850055944,27.76340484001003,0.008620689655172414,0.9795275590289031,0.698394461927613,0.3220338983050847
R1189,seq_1eedfbc5839f67d6,118,V3_5T,3,Raw,0,0.20999,0.20999,39.04278684693254,0.254217504482335,0.25093109869646185,537,5.7488070850031745,9.603142337496996,0.2966101694915254,1.5159496866316453,8.693246159809288,0.0603448275862069,1.1502769852081594,0.8438049101128055,0.4067796610169492
R1189,seq_1eedfbc5839f67d6,118,V3_5T,4,Raw,0,0.20093,0.20093,36.24103627844386,0.3338979758471285,0.31890130353817503,537,5.3745065078904215,9.053387720544187,0.01694915254237288,0.7943964856124199,9.696928701175363,0.04310344827586207,1.0324197479930453,0.7983667824970855,0.4915254237288136
R1189,seq_1eedfbc5839f67d6,118,V3_5T,0,John_adaptive,0,0.2198,0.22035,33.30707484890986,0.32481137036221785,0.3063314711359404,537,5.673527003387227,9.506316361394067,0.05084745762711865,1.3169655089423051,2.9539224821849963,0.08620689655172414,0.8505016680812748,0.9027542854569016,0.4915254237288136
R1189,seq_1eedfbc5839f67d6,118,V3_5T,1,John_adaptive,0,0.15518,0.15568,48.91207900084446,0.30131297022186854,0.2802607076350093,537,7.138121292117159,12.490019240372096,0.01694915254237288,1.712371727666511,30.026676464017196,0.06896551724137931,0.5575553789111145,0.7254734918729118,0.22033898305084745
R1189,seq_1eedfbc5839f67d6,118,V3_5T,2,John_adaptive,0,0.13173,0.18259,51.37187318630994,0.3181493353633185,0.2951582867783985,537,5.992323101798979,10.643648686107314,0.05084745762711865,0.7680892039076214,27.71259607252094,0.05172413793103448,1.1427744231574761,0.7305717973284819,0.3559322033898305
R1189,seq_1eedfbc5839f67d6,118,V3_5T,3,John_adaptive,0,0.20999,0.21157,39.01105088570066,0.2741461104808563,0.2676908752327747,537,5.716717026122738,9.577042961649212,0.1864406779661017,0.8910608656112267,8.731107824214913,0.20689655172413793,1.3666996718036653,1.0013669726813548,0.423728813559322
R1189,seq_1eedfbc5839f67d6,118,V3_5T,4,John_adaptive,0,0.20093,0.19711,36.32722879984542,0.3442292465067889,0.32821229050279327,537,5.334098595590949,9.066407331583001,0.00847457627118644,0.5837694437928258,9.73783762892349,0.04310344827586207,1.0043919857672916,0.8366117318159583,0.4745762711864407
R1189,seq_1eedfbc5839f67d6,118,V3_5T,0,John_fixed,0,0.2198,0.22043,33.28807975342582,0.3270846326460733,0.308659217877095,537,5.668507478600229,9.48053854077081,0.059322033898305086,1.1546687464991796,2.9551650138857255,0.1206896551724138,0.9443854158277177,0.9349086505991353,0.5084745762711864
R1189,seq_1eedfbc5839f67d6,118,V3_5T,1,John_fixed,0,0.15518,0.15558,48.88245365477017,0.30379458112508956,0.2811918063314711,537,7.101592563511701,12.450899220142096,0.01694915254237288,1.6796411527792694,30.020328000388655,0.06896551724137931,0.5632692217315395,0.7259715765135218,0.23728813559322035
R1189,seq_1eedfbc5839f67d6,118,V3_5T,2,John_fixed,0,0.13173,0.18345,51.374443403900315,0.3169822468021622,0.29376163873370575,537,6.001801095522701,10.65377021058627,0.05084745762711865,0.7919286459426812,27.718109764415853,0.05172413793103448,1.1325169864665994,0.7287106993260398,0.3559322033898305
R1189,seq_1eedfbc5839f67d6,118,V3_5T,3,John_fixed,0,0.20999,0.21151,38.999680729094166,0.27497988122988126,0.26908752327746743,537,5.708011305939618,9.574788021607473,0.17796610169491525,0.957762841055703,8.725589161771591,0.1896551724137931,1.351504765316291,1.0124171362758352,0.4406779661016949
R1189,seq_1eedfbc5839f67d6,118,V3_5T,4,John_fixed,0,0.20093,0.1977,36.297498824182874,0.3431698480427295,0.3272811918063315,537,5.334526825235552,9.060591780792555,0.00847457627118644,0.6182427565406938,9.71768438020047,0.04310344827586207,1.0133698617621836,0.818953553597256,0.4915254237288136
R1189,seq_1eedfbc5839f67d6,118,V3_5T,0,Simple,0,0.2198,0.22305,33.31118051982887,0.33436513462996514,0.3170391061452514,537,5.797284352586991,9.631927599875697,0.07627118644067797,1.178491649133746,2.9397594994257936,0.1724137931034483,0.9720464351327431,0.8911411534798712,0.4745762711864407
R1189,seq_1eedfbc5839f67d6,118,V3_5T,1,Simple,0,0.15518,0.15609,49.23100420838418,0.31155057277938636,0.2942271880819367,537,7.585744030557136,12.947461352945007,0.00847457627118644,2.0023230252017847,30.1129359044542,0.07758620689655173,0.5954824660642304,0.7286189748888758,0.22033898305084745
R1189,seq_1eedfbc5839f67d6,118,V3_5T,2,Simple,0,0.13173,0.1323,51.449210675731315,0.3141714217985405,0.2918994413407821,537,6.1224152086088655,10.759080032939814,0.05084745762711865,0.8076854806692884,27.83379299020717,0.06896551724137931,1.1152252346346656,0.7554412597343869,0.3389830508474576
R1189,seq_1eedfbc5839f67d6,118,V3_5T,3,Simple,0,0.20999,0.21089,39.084415156454256,0.29213086231094704,0.28258845437616387,537,5.775947437938934,9.594876872969738,0.1864406779661017,0.7846810526847953,8.77435419769618,0.20689655172413793,1.5552506434573385,0.9827761719055479,0.423728813559322
R1189,seq_1eedfbc5839f67d6,118,V3_5T,4,Simple,0,0.20093,0.20201,36.25021603834379,0.3392020761724152,0.3230912476722533,537,5.37576673934924,9.057757865616951,0.025423728813559324,0.648874667038061,9.703952412711399,0.04310344827586207,1.0058855882659794,0.7940854682016011,0.4915254237288136
R1189,seq_1eedfbc5839f67d6,118,V3_5T,0,Geometry_historical,0,0.2198,0.22166,33.32288116775042,0.3228416416446078,0.3058659217877095,537,5.73324158174702,9.5941320824808,0.05084745762711865,1.4443150823654514,2.929698010772203,0.08620689655172414,0.6589954047517284,0.7874582243666804,0.4915254237288136
R1189,seq_1eedfbc5839f67d6,118,V3_5T,1,Geometry_historical,0,0.15518,0.15605,49.21171911207256,0.3150918114371504,0.29748603351955305,537,7.577613595449717,12.938688638586713,0.00847457627118644,1.9995884771958348,30.094035995241153,0.07758620689655173,0.5106129441563122,0.6919437417972804,0.22033898305084745
R1189,seq_1eedfbc5839f67d6,118,V3_5T,2,Geometry_historical,0,0.13173,0.13411,51.33855535785958,0.3137410435609589,0.2914338919925512,537,6.070173809660056,10.720803695846808,0.05084745762711865,0.970578420889039,27.695387850085428,0.008620689655172414,0.48638480301581594,0.6216050265926999,0.3389830508474576
R1189,seq_1eedfbc5839f67d6,118,V3_5T,3,Geometry_historical,0,0.20999,0.19972,38.97727505758203,0.27951166065572847,0.2742085661080074,537,5.698844383901902,9.607493303729362,0.07627118644067797,1.0877035886241884,8.656071980624464,0.0603448275862069,0.7863769457903057,0.8649153097333677,0.423728813559322
R1189,seq_1eedfbc5839f67d6,118,V3_5T,4,Geometry_historical,0,0.20093,0.20396,36.19441908334542,0.3351906861970421,0.319366852886406,537,5.34766997758551,9.042976652758107,0.01694915254237288,0.6986336613597762,9.63713279600174,0.04310344827586207,0.6217222677926973,0.6445345909088662,0.4915254237288136
R1189,seq_1eedfbc5839f67d6,118,J_3T2D,0,Raw,0,0.21249,0.21249,64.22568557006808,0.4683882854433702,0.452048417132216,537,5.730933233042422,9.771980301662568,0.025423728813559324,0.7374231241098035,54.46791923390646,0.1206896551724138,1.6673419531159839,0.984542517936167,0.3389830508474576
R1189,seq_1eedfbc5839f67d6,118,J_3T2D,1,Raw,0,0.1471,0.1471,35.097109753427254,0.30529774486342287,0.29236499068901306,537,6.842408732966485,11.029066034797014,0.00847457627118644,1.719729051294633,6.791810077378887,0.11206896551724138,0.9247085665070042,0.873016392203894,0.4406779661016949
R1189,seq_1eedfbc5839f67d6,118,J_3T2D,2,Raw,0,0.16895,0.16895,37.808450223127224,0.3268471641352997,0.3091247672253259,537,11.326130010871593,18.238846760402875,0.059322033898305086,2.6573950201249814,13.741841176523334,0.07758620689655173,1.9230824755311846,0.6639517948438067,0.5423728813559322
R1189,seq_1eedfbc5839f67d6,118,J_3T2D,3,Raw,0,0.18806,0.18806,26.360954816802117,0.44818177937881315,0.44320297951582865,537,4.576388770085643,7.348692663145286,0.00847457627118644,0.9617410496838396,1.1625097357564123,0.017241379310344827,0.5307086151642226,0.638060496372103,0.5254237288135594
R1189,seq_1eedfbc5839f67d6,118,J_3T2D,4,Raw,0,0.22893,0.22893,27.575352420922005,0.5204544631451411,0.5256052141527002,537,3.7804011560839204,5.961638939645228,0.0423728813559322,0.9776143574934402,1.5844834684166216,0.008620689655172414,0.45259776848657657,0.5133539019820882,0.7288135593220338
R1189,seq_1eedfbc5839f67d6,118,J_3T2D,0,John_adaptive,0,0.21249,0.21571,64.22942678017351,0.4695695723767757,0.4543761638733706,537,5.662325090207753,9.710866486147834,0.01694915254237288,0.5394362502264771,54.47642374595884,0.09482758620689655,1.6078863170678388,0.9860257354962634,0.3389830508474576
R1189,seq_1eedfbc5839f67d6,118,J_3T2D,1,John_adaptive,0,0.1471,0.13125,34.962301096295825,0.3162973855240805,0.3026070763500931,537,6.441833611310952,10.60122185560017,0.025423728813559324,1.2339139955610527,6.623134651422735,0.08620689655172414,0.901579628688678,0.85307849302442,0.4576271186440678
R1189,seq_1eedfbc5839f67d6,118,J_3T2D,2,John_adaptive,0,0.16895,0.16351,37.171745113332335,0.3375849315467959,0.319366852886406,537,10.415636529121572,17.124601126755465,0.09322033898305085,2.0883538939471995,13.910834352938867,0.06896551724137931,1.7992493006957593,0.7398759025779968,0.4745762711864407
R1189,seq_1eedfbc5839f67d6,118,J_3T2D,3,John_adaptive,0,0.18806,0.18027,26.200430597722878,0.45567850228867185,0.45018621973929235,537,4.6178799949440625,7.406358611094351,0.01694915254237288,0.6260650057529618,1.1634263481431333,0.02586206896551724,0.6454047839380951,0.7083660104647287,0.5084745762711864
R1189,seq_1eedfbc5839f67d6,118,J_3T2D,4,John_adaptive,0,0.22893,0.24031,27.608188240009472,0.513413510924104,0.5125698324022346,537,3.866125428363352,6.184404358615399,0.05084745762711865,0.6179003647542686,1.5263533111394914,0.008620689655172414,0.5228909957514113,0.6259664525696549,0.6949152542372882
R1189,seq_1eedfbc5839f67d6,118,J_3T2D,0,John_fixed,0,0.21249,0.21574,64.23260306110369,0.47135370514607805,0.45670391061452514,537,5.650872573093414,9.700581762952844,0.01694915254237288,0.4927979594204096,54.481728555545146,0.09482758620689655,1.595369391704474,0.9897960990355934,0.3389830508474576
R1189,seq_1eedfbc5839f67d6,118,J_3T2D,1,John_fixed,0,0.1471,0.13123,34.96160965932609,0.31576183938472074,0.3021415270018622,537,6.439590496092653,10.598692621003632,0.025423728813559324,1.2312279045912875,6.622032477933505,0.08620689655172414,0.9016121465248694,0.8531106805344386,0.4576271186440678
R1189,seq_1eedfbc5839f67d6,118,J_3T2D,2,John_fixed,0,0.16895,0.16343,37.170670524516765,0.33727062720706785,0.31890130353817503,537,10.412119645747614,17.120338176875535,0.1016949152542373,2.087033689998607,13.914279823334095,0.06896551724137931,1.7969021448864608,0.7460190915955284,0.4745762711864407
R1189,seq_1eedfbc5839f67d6,118,J_3T2D,3,John_fixed,0,0.18806,0.17986,26.28175035222886,0.4463506596981173,0.44180633147113596,537,4.580111319504024,7.3704277928534525,0.00847457627118644,0.7955050769563582,1.1533335537705511,0.017241379310344827,0.5966087133268695,0.6714749765929359,0.5254237288135594
R1189,seq_1eedfbc5839f67d6,118,J_3T2D,4,John_fixed,0,0.22893,0.23442,27.562283668822662,0.5162213669099263,0.5204841713221602,537,3.8047561887635957,6.042929798948805,0.05084745762711865,0.8063387781058284,1.587441946452298,0.0,0.4725501253852171,0.5483653400198413,0.7288135593220338
R1189,seq_1eedfbc5839f67d6,118,J_3T2D,0,Simple,0,0.21249,0.21496,64.22447397860795,0.4727451867812037,0.45716945996275604,537,5.700999697327863,9.743839359269884,0.025423728813559324,0.5997955700350438,54.46622075734673,0.11206896551724138,1.6387852636309495,0.9691696792016251,0.3220338983050847
R1189,seq_1eedfbc5839f67d6,118,J_3T2D,1,Simple,0,0.1471,0.13243,35.0827748779594,0.3088093109809212,0.2956238361266294,537,6.780713071883132,10.976804499818776,0.01694915254237288,1.5073836795224056,6.775137891001069,0.11206896551724138,0.9254939451286399,0.880349406380704,0.4576271186440678
R1189,seq_1eedfbc5839f67d6,118,J_3T2D,2,Simple,0,0.16895,0.17063,37.785792794345056,0.3356623367216587,0.3165735567970205,537,11.284307986201247,18.19917660160409,0.059322033898305086,2.531043864638831,13.721958727162647,0.07758620689655173,1.9067571749880874,0.6940226401534267,0.5423728813559322
R1189,seq_1eedfbc5839f67d6,118,J_3T2D,3,Simple,0,0.18806,0.18246,26.385923876711082,0.45061648568004503,0.4478584729981378,537,4.571098939519542,7.36354519838848,0.00847457627118644,0.7963000864355886,1.2003329059427017,0.017241379310344827,0.5558546026850748,0.6772642407953672,0.5254237288135594
R1189,seq_1eedfbc5839f67d6,118,J_3T2D,4,Simple,0,0.22893,0.23268,27.602007729160768,0.5320953822542807,0.5363128491620112,537,3.772147168440849,5.9856224107053695,0.059322033898305086,0.7897726474528567,1.5484461247481391,0.0,0.47227918956695,0.5540233477750595,0.7288135593220338
R1189,seq_1eedfbc5839f67d6,118,J_3T2D,0,Geometry_historical,0,0.21249,0.20916,64.20797302267793,0.4728125746663882,0.45763500931098694,537,5.688577810274191,9.737321975872788,0.025423728813559324,0.5939208360443274,54.44915693721681,0.10344827586206896,1.148821568323515,0.8483666219959561,0.3220338983050847
R1189,seq_1eedfbc5839f67d6,118,J_3T2D,1,Geometry_historical,0,0.1471,0.14821,35.071031328546155,0.30803570840647104,0.2956238361266294,537,6.772570546715033,10.970130362961545,0.01694915254237288,1.5086679475543605,6.755597224290565,0.10344827586206896,0.7611130824713039,0.792245066779593,0.423728813559322
R1189,seq_1eedfbc5839f67d6,118,J_3T2D,2,Geometry_historical,0,0.16895,0.17097,37.775019821329614,0.3346870114348927,0.31564245810055863,537,11.279430222784693,18.1913916802486,0.06779661016949153,2.520392491296286,13.701929649072238,0.07758620689655173,1.236958221112109,0.8292487067898906,0.5254237288135594
R1189,seq_1eedfbc5839f67d6,118,J_3T2D,3,Geometry_historical,0,0.18806,0.18292,26.38283100964156,0.45294373117466347,0.45018621973929235,537,4.566914639053533,7.360485612926121,0.00847457627118644,0.8167307389430479,1.1935311509672104,0.017241379310344827,0.4508864885472488,0.5492294682046597,0.5423728813559322
R1189,seq_1eedfbc5839f67d6,118,J_3T2D,4,Geometry_historical,0,0.22893,0.22856,27.61109257632613,0.5288633035984731,0.5335195530726257,537,3.7606844711606056,5.981994252991878,0.059322033898305086,0.8037759636969871,1.5355631723708854,0.0,0.33738253228821474,0.4433462026349014,0.7288135593220338
R1189,seq_1eedfbc5839f67d6,118,V3_3T2D,0,Raw,0,0.2198,0.2198,33.32951909292865,0.32082915319144134,0.30400372439478585,537,5.773949384568998,9.607346336601497,0.09322033898305085,1.6231501141258493,2.9411105760410763,0.09482758620689655,0.879870470237847,0.8426031425289111,0.4576271186440678
R1189,seq_1eedfbc5839f67d6,118,V3_3T2D,1,Raw,0,0.15518,0.15518,49.24136767735366,0.30368020044926824,0.287243947858473,537,7.648551286074303,12.991249745899806,0.0,2.228267861631115,30.122955127208062,0.08620689655172414,0.6173251183190157,0.7319125706282269,0.2033898305084746
R1189,seq_1eedfbc5839f67d6,118,V3_3T2D,2,Raw,0,0.13173,0.13173,51.39859185555252,0.3096754175673668,0.2881750465549348,537,6.109209748229949,10.751031611574856,0.11016949152542373,1.1052515850055944,27.76340484001003,0.008620689655172414,0.9795275590289031,0.698394461927613,0.3220338983050847
R1189,seq_1eedfbc5839f67d6,118,V3_3T2D,3,Raw,0,0.18806,0.18806,26.360954816802117,0.44818177937881315,0.44320297951582865,537,4.576388770085643,7.348692663145286,0.00847457627118644,0.9617410496838396,1.1625097357564123,0.017241379310344827,0.5307086151642226,0.638060496372103,0.5254237288135594
R1189,seq_1eedfbc5839f67d6,118,V3_3T2D,4,Raw,0,0.22893,0.22893,27.575352420922005,0.5204544631451411,0.5256052141527002,537,3.7804011560839204,5.961638939645228,0.0423728813559322,0.9776143574934402,1.5844834684166216,0.008620689655172414,0.45259776848657657,0.5133539019820882,0.7288135593220338
R1189,seq_1eedfbc5839f67d6,118,V3_3T2D,0,John_adaptive,0,0.2198,0.22035,33.30707484890986,0.32481137036221785,0.3063314711359404,537,5.673527003387227,9.506316361394067,0.05084745762711865,1.3169655089423051,2.9539224821849963,0.08620689655172414,0.8505016680812748,0.9027542854569016,0.4915254237288136
R1189,seq_1eedfbc5839f67d6,118,V3_3T2D,1,John_adaptive,0,0.15518,0.15568,48.91207900084446,0.30131297022186854,0.2802607076350093,537,7.138121292117159,12.490019240372096,0.01694915254237288,1.712371727666511,30.026676464017196,0.06896551724137931,0.5575553789111145,0.7254734918729118,0.22033898305084745
R1189,seq_1eedfbc5839f67d6,118,V3_3T2D,2,John_adaptive,0,0.13173,0.18259,51.37187318630994,0.3181493353633185,0.2951582867783985,537,5.992323101798979,10.643648686107314,0.05084745762711865,0.7680892039076214,27.71259607252094,0.05172413793103448,1.1427744231574761,0.7305717973284819,0.3559322033898305
R1189,seq_1eedfbc5839f67d6,118,V3_3T2D,3,John_adaptive,0,0.18806,0.18027,26.200430597722878,0.45567850228867185,0.45018621973929235,537,4.6178799949440625,7.406358611094351,0.01694915254237288,0.6260650057529618,1.1634263481431333,0.02586206896551724,0.6454047839380951,0.7083660104647287,0.5084745762711864
R1189,seq_1eedfbc5839f67d6,118,V3_3T2D,4,John_adaptive,0,0.22893,0.24031,27.608188240009472,0.513413510924104,0.5125698324022346,537,3.866125428363352,6.184404358615399,0.05084745762711865,0.6179003647542686,1.5263533111394914,0.008620689655172414,0.5228909957514113,0.6259664525696549,0.6949152542372882
R1189,seq_1eedfbc5839f67d6,118,V3_3T2D,0,John_fixed,0,0.2198,0.22043,33.28807975342582,0.3270846326460733,0.308659217877095,537,5.668507478600229,9.48053854077081,0.059322033898305086,1.1546687464991796,2.9551650138857255,0.1206896551724138,0.9443854158277177,0.9349086505991353,0.5084745762711864
R1189,seq_1eedfbc5839f67d6,118,V3_3T2D,1,John_fixed,0,0.15518,0.15558,48.88245365477017,0.30379458112508956,0.2811918063314711,537,7.101592563511701,12.450899220142096,0.01694915254237288,1.6796411527792694,30.020328000388655,0.06896551724137931,0.5632692217315395,0.7259715765135218,0.23728813559322035
R1189,seq_1eedfbc5839f67d6,118,V3_3T2D,2,John_fixed,0,0.13173,0.18345,51.374443403900315,0.3169822468021622,0.29376163873370575,537,6.001801095522701,10.65377021058627,0.05084745762711865,0.7919286459426812,27.718109764415853,0.05172413793103448,1.1325169864665994,0.7287106993260398,0.3559322033898305
R1189,seq_1eedfbc5839f67d6,118,V3_3T2D,3,John_fixed,0,0.18806,0.17986,26.28175035222886,0.4463506596981173,0.44180633147113596,537,4.580111319504024,7.3704277928534525,0.00847457627118644,0.7955050769563582,1.1533335537705511,0.017241379310344827,0.5966087133268695,0.6714749765929359,0.5254237288135594
R1189,seq_1eedfbc5839f67d6,118,V3_3T2D,4,John_fixed,0,0.22893,0.23442,27.562283668822662,0.5162213669099263,0.5204841713221602,537,3.8047561887635957,6.042929798948805,0.05084745762711865,0.8063387781058284,1.587441946452298,0.0,0.4725501253852171,0.5483653400198413,0.7288135593220338
R1189,seq_1eedfbc5839f67d6,118,V3_3T2D,0,Simple,0,0.2198,0.22305,33.31118051982887,0.33436513462996514,0.3170391061452514,537,5.797284352586991,9.631927599875697,0.07627118644067797,1.178491649133746,2.9397594994257936,0.1724137931034483,0.9720464351327431,0.8911411534798712,0.4745762711864407
R1189,seq_1eedfbc5839f67d6,118,V3_3T2D,1,Simple,0,0.15518,0.15609,49.23100420838418,0.31155057277938636,0.2942271880819367,537,7.585744030557136,12.947461352945007,0.00847457627118644,2.0023230252017847,30.1129359044542,0.07758620689655173,0.5954824660642304,0.7286189748888758,0.22033898305084745
R1189,seq_1eedfbc5839f67d6,118,V3_3T2D,2,Simple,0,0.13173,0.1323,51.449210675731315,0.3141714217985405,0.2918994413407821,537,6.1224152086088655,10.759080032939814,0.05084745762711865,0.8076854806692884,27.83379299020717,0.06896551724137931,1.1152252346346656,0.7554412597343869,0.3389830508474576
R1189,seq_1eedfbc5839f67d6,118,V3_3T2D,3,Simple,0,0.18806,0.18246,26.385923876711082,0.45061648568004503,0.4478584729981378,537,4.571098939519542,7.36354519838848,0.00847457627118644,0.7963000864355886,1.2003329059427017,0.017241379310344827,0.5558546026850748,0.6772642407953672,0.5254237288135594
R1189,seq_1eedfbc5839f67d6,118,V3_3T2D,4,Simple,0,0.22893,0.23268,27.602007729160768,0.5320953822542807,0.5363128491620112,537,3.772147168440849,5.9856224107053695,0.059322033898305086,0.7897726474528567,1.5484461247481391,0.0,0.47227918956695,0.5540233477750595,0.7288135593220338
R1189,seq_1eedfbc5839f67d6,118,V3_3T2D,0,Geometry_historical,0,0.2198,0.22166,33.32288116775042,0.3228416416446078,0.3058659217877095,537,5.73324158174702,9.5941320824808,0.05084745762711865,1.4443150823654514,2.929698010772203,0.08620689655172414,0.6589954047517284,0.7874582243666804,0.4915254237288136
R1189,seq_1eedfbc5839f67d6,118,V3_3T2D,1,Geometry_historical,0,0.15518,0.15605,49.21171911207256,0.3150918114371504,0.29748603351955305,537,7.577613595449717,12.938688638586713,0.00847457627118644,1.9995884771958348,30.094035995241153,0.07758620689655173,0.5106129441563122,0.6919437417972804,0.22033898305084745
R1189,seq_1eedfbc5839f67d6,118,V3_3T2D,2,Geometry_historical,0,0.13173,0.13411,51.33855535785958,0.3137410435609589,0.2914338919925512,537,6.070173809660056,10.720803695846808,0.05084745762711865,0.970578420889039,27.695387850085428,0.008620689655172414,0.48638480301581594,0.6216050265926999,0.3389830508474576
R1189,seq_1eedfbc5839f67d6,118,V3_3T2D,3,Geometry_historical,0,0.18806,0.18292,26.38283100964156,0.45294373117466347,0.45018621973929235,537,4.566914639053533,7.360485612926121,0.00847457627118644,0.8167307389430479,1.1935311509672104,0.017241379310344827,0.4508864885472488,0.5492294682046597,0.5423728813559322
R1189,seq_1eedfbc5839f67d6,118,V3_3T2D,4,Geometry_historical,0,0.22893,0.22856,27.61109257632613,0.5288633035984731,0.5335195530726257,537,3.7606844711606056,5.981994252991878,0.059322033898305086,0.8037759636969871,1.5355631723708854,0.0,0.33738253228821474,0.4433462026349014,0.7288135593220338
R1190,seq_1eedfbc5839f67d6,118,J_5T,0,Raw,0,0.22154,0.22154,64.06451645422644,0.47071146838095995,0.4621771217712177,542,5.549047881320147,9.483286397795863,0.025423728813559324,0.7374231241098035,54.46791923390646,0.1206896551724138,1.6673419531159839,0.984542517936167,0.3389830508474576
R1190,seq_1eedfbc5839f67d6,118,J_5T,1,Raw,0,0.1622,0.1622,35.55487053681685,0.2949074348438755,0.2882841328413284,542,6.871084761763889,10.941929348329847,0.00847457627118644,1.719729051294633,6.791810077378887,0.11206896551724138,0.9247085665070042,0.873016392203894,0.4406779661016949
R1190,seq_1eedfbc5839f67d6,118,J_5T,2,Raw,0,0.16808,0.16808,38.043084188815776,0.3530023413497991,0.34086715867158673,542,11.282735506912102,18.107536599662698,0.059322033898305086,2.6573950201249814,13.741841176523334,0.07758620689655173,1.9230824755311846,0.6639517948438067,0.5423728813559322
R1190,seq_1eedfbc5839f67d6,118,J_5T,3,Raw,0,0.17029,0.17029,58.21402883003979,0.3383738377912108,0.3238007380073801,542,10.057483814060785,16.199923253895697,0.0,3.346804697394413,32.50164860989581,0.08620689655172414,0.6240099353007357,0.8121173566646871,0.2542372881355932
R1190,seq_1eedfbc5839f67d6,118,J_5T,4,Raw,0,0.19217,0.19217,59.38773589397254,0.32659149348767985,0.31273062730627305,542,6.344832375415121,11.58062737781021,0.0,0.8762159178660626,36.73062381099663,0.04310344827586207,1.381360555987994,0.6937713842025015,0.3559322033898305
R1190,seq_1eedfbc5839f67d6,118,J_5T,0,John_adaptive,0,0.22154,0.22623,64.0670468488041,0.46857834373724205,0.4612546125461255,542,5.4733237319686,9.418401069812429,0.01694915254237288,0.5394362502264771,54.47642374595884,0.09482758620689655,1.6078863170678388,0.9860257354962634,0.3389830508474576
R1190,seq_1eedfbc5839f67d6,118,J_5T,1,John_adaptive,0,0.1622,0.1326,35.42844912913778,0.3199876571168944,0.3095018450184502,542,6.445814511848759,10.52335987549593,0.025423728813559324,1.2339139955610527,6.623134651422735,0.08620689655172414,0.901579628688678,0.85307849302442,0.4576271186440678
R1190,seq_1eedfbc5839f67d6,118,J_5T,2,John_adaptive,0,0.16808,0.1669,37.35817250118964,0.3525932106970243,0.33994464944649444,542,10.333860649743594,16.917253916004718,0.09322033898305085,2.0883538939471995,13.910834352938867,0.06896551724137931,1.7992493006957593,0.7398759025779968,0.4745762711864407
R1190,seq_1eedfbc5839f67d6,118,J_5T,3,John_adaptive,0,0.17029,0.17111,57.78840210302442,0.3151309730758884,0.30212177121771217,542,9.05785928315586,15.075502801003166,0.0,2.5193142350670756,32.17654814941268,0.06896551724137931,0.6935134622503519,0.8699553756075649,0.3559322033898305
R1190,seq_1eedfbc5839f67d6,118,J_5T,4,John_adaptive,0,0.19217,0.18257,59.30887823434603,0.3401383574053065,0.3247232472324723,542,6.220673886750406,11.469588227410144,0.0,0.6019924258142895,36.63714728975789,0.02586206896551724,1.3376144420046074,0.7193377198692128,0.3728813559322034
R1190,seq_1eedfbc5839f67d6,118,J_5T,0,John_fixed,0,0.22154,0.22731,64.06952400791742,0.4712559450906908,0.4635608856088561,542,5.457247229791181,9.404571940766376,0.01694915254237288,0.4927979594204096,54.481728555545146,0.09482758620689655,1.595369391704474,0.9897960990355934,0.3389830508474576
R1190,seq_1eedfbc5839f67d6,118,J_5T,1,John_fixed,0,0.1622,0.1326,35.42778841906862,0.3199876571168944,0.3095018450184502,542,6.443346695193694,10.520885002340522,0.025423728813559324,1.2312279045912875,6.622032477933505,0.08620689655172414,0.9016121465248694,0.8531106805344386,0.4576271186440678
R1190,seq_1eedfbc5839f67d6,118,J_5T,2,John_fixed,0,0.16808,0.16682,37.35683777528953,0.3525932106970243,0.33994464944649444,542,10.329955736724276,16.91268597295084,0.1016949152542373,2.087033689998607,13.914279823334095,0.06896551724137931,1.7969021448864608,0.7460190915955284,0.4745762711864407
R1190,seq_1eedfbc5839f67d6,118,J_5T,3,John_fixed,0,0.17029,0.17111,57.78945876480182,0.3147072442623291,0.3016605166051661,542,9.06057356836614,15.078612858607134,0.0,2.5211000755666966,32.17733884441596,0.06896551724137931,0.6933520168839571,0.8699719698365165,0.3559322033898305
R1190,seq_1eedfbc5839f67d6,118,J_5T,4,John_fixed,0,0.19217,0.18243,59.31169229048772,0.3401383574053065,0.3247232472324723,542,6.223771810437636,11.472589567054854,0.0,0.6104377078708322,36.64048592580991,0.02586206896551724,1.3392583507050841,0.7186354672331061,0.3728813559322034
R1190,seq_1eedfbc5839f67d6,118,J_5T,0,Simple,0,0.22154,0.21367,64.06206153751634,0.4707626001587866,0.4635608856088561,542,5.514802015183166,9.450670683705004,0.025423728813559324,0.5997955700350438,54.46622075734673,0.11206896551724138,1.6387852636309495,0.9691696792016251,0.3220338983050847
R1190,seq_1eedfbc5839f67d6,118,J_5T,1,Simple,0,0.1622,0.1975,35.5405354855176,0.30851237980475266,0.3007380073800738,542,6.8006770750672345,10.886253470468874,0.01694915254237288,1.5073836795224056,6.775137891001069,0.11206896551724138,0.9254939451286399,0.880349406380704,0.4576271186440678
R1190,seq_1eedfbc5839f67d6,118,J_5T,2,Simple,0,0.16808,0.16818,38.02071337262938,0.3557805777085439,0.34363468634686345,542,11.237095903112323,18.065180391796904,0.059322033898305086,2.531043864638831,13.721958727162647,0.07758620689655173,1.9067571749880874,0.6940226401534267,0.5423728813559322
R1190,seq_1eedfbc5839f67d6,118,J_5T,3,Simple,0,0.17029,0.14557,58.19666174608294,0.34405744326295173,0.3297970479704797,542,9.980480775012055,16.136411770920493,0.0,3.079570875446543,32.48313715899971,0.07758620689655173,0.6233016198404684,0.8453836467293311,0.288135593220339
R1190,seq_1eedfbc5839f67d6,118,J_5T,4,Simple,0,0.19217,0.19223,59.38623757124882,0.33148967322696143,0.3173431734317343,542,6.308610954994349,11.558183007368289,0.0,0.7370675299352123,36.72889473844397,0.04310344827586207,1.3519440398715905,0.7243271791039321,0.3559322033898305
R1190,seq_1eedfbc5839f67d6,118,J_5T,0,Geometry_historical,0,0.22154,0.22636,64.04573658796807,0.4689558675787489,0.4617158671586716,542,5.502822368587635,9.445126343458792,0.025423728813559324,0.5939208360443274,54.44915693721681,0.10344827586206896,1.148821568323515,0.8483666219959561,0.3220338983050847
R1190,seq_1eedfbc5839f67d6,118,J_5T,1,Geometry_historical,0,0.1622,0.15835,35.52857870836528,0.30967855120397497,0.30212177121771217,542,6.79233826780114,10.879657898410501,0.01694915254237288,1.5086679475543605,6.755597224290565,0.10344827586206896,0.7611130824713039,0.792245066779593,0.423728813559322
R1190,seq_1eedfbc5839f67d6,118,J_5T,2,Geometry_historical,0,0.16808,0.16906,38.01053547156646,0.3552872974483145,0.34363468634686345,542,11.231551035752103,18.057505745811373,0.06779661016949153,2.520392491296286,13.701929649072238,0.07758620689655173,1.236958221112109,0.8292487067898906,0.5254237288135594
R1190,seq_1eedfbc5839f67d6,118,J_5T,3,Geometry_historical,0,0.17029,0.14313,58.179866370286106,0.343497310128666,0.32933579335793356,542,9.97351508176923,16.1289478066377,0.0,3.078114467366323,32.46323613670802,0.07758620689655173,0.5755839552239082,0.7892494666182126,0.2711864406779661
R1190,seq_1eedfbc5839f67d6,118,J_5T,4,Geometry_historical,0,0.19217,0.19247,59.36791862613149,0.3302202446799904,0.31642066420664205,542,6.294236852394835,11.550115320158268,0.0,0.7299285747950467,36.70826726965409,0.04310344827586207,0.9253709160918152,0.652140664949333,0.3728813559322034
R1190,seq_1eedfbc5839f67d6,118,V3_5T,0,Raw,0,0.22411,0.22411,33.18460671481205,0.34095920557784964,0.3334870848708487,542,5.834425017553671,9.658658106057167,0.09322033898305085,1.6231501141258493,2.9411105760410763,0.09482758620689655,0.879870470237847,0.8426031425289111,0.4576271186440678
R1190,seq_1eedfbc5839f67d6,118,V3_5T,1,Raw,0,0.15544,0.15544,48.86681305816334,0.331336548338667,0.31273062730627305,542,7.584747984862479,12.981570423236189,0.0,2.228267861631115,30.122955127208062,0.08620689655172414,0.6173251183190157,0.7319125706282269,0.2033898305084746
R1190,seq_1eedfbc5839f67d6,118,V3_5T,2,Raw,0,0.21603,0.21603,51.147023982293426,0.30093486433528804,0.28505535055350556,542,5.921564166777259,10.607087479836931,0.11016949152542373,1.1052515850055944,27.76340484001003,0.008620689655172414,0.9795275590289031,0.698394461927613,0.3220338983050847
R1190,seq_1eedfbc5839f67d6,118,V3_5T,3,Raw,0,0.2216,0.2216,38.92947234628198,0.26567442679730824,0.2606088560885609,542,5.579872354746769,9.35152696396215,0.2966101694915254,1.5159496866316453,8.693246159809288,0.0603448275862069,1.1502769852081594,0.8438049101128055,0.4067796610169492
R1190,seq_1eedfbc5839f67d6,118,V3_5T,4,Raw,0,0.23813,0.23813,35.84414877948184,0.33819960054070225,0.32887453874538747,542,5.205687495280053,8.846613340268703,0.01694915254237288,0.7943964856124199,9.696928701175363,0.04310344827586207,1.0324197479930453,0.7983667824970855,0.4915254237288136
R1190,seq_1eedfbc5839f67d6,118,V3_5T,0,John_adaptive,0,0.22411,0.22363,33.162941075262516,0.3485412480645531,0.33948339483394835,542,5.714401526136226,9.54936739013284,0.05084745762711865,1.3169655089423051,2.9539224821849963,0.08620689655172414,0.8505016680812748,0.9027542854569016,0.4915254237288136
R1190,seq_1eedfbc5839f67d6,118,V3_5T,1,John_adaptive,0,0.15544,0.15367,48.53894113896405,0.3213150491222525,0.3011992619926199,542,7.084539698537728,12.483945800451137,0.01694915254237288,1.712371727666511,30.026676464017196,0.06896551724137931,0.5575553789111145,0.7254734918729118,0.22033898305084745
R1190,seq_1eedfbc5839f67d6,118,V3_5T,2,John_adaptive,0,0.21603,0.20701,51.12003927884327,0.3097969709198523,0.2933579335793358,542,5.79889161052127,10.496875814293848,0.05084745762711865,0.7680892039076214,27.71259607252094,0.05172413793103448,1.1427744231574761,0.7305717973284819,0.3559322033898305
R1190,seq_1eedfbc5839f67d6,118,V3_5T,3,John_adaptive,0,0.2216,0.21322,38.896543249677215,0.29449280121949617,0.2882841328413284,542,5.540715617638506,9.316800224067313,0.1864406779661017,0.8910608656112267,8.731107824214913,0.20689655172413793,1.3666996718036653,1.0013669726813548,0.423728813559322
R1190,seq_1eedfbc5839f67d6,118,V3_5T,4,John_adaptive,0,0.23813,0.24117,35.92463894389937,0.3461302292340428,0.3353321033210332,542,5.1788052470324395,8.867058903853634,0.00847457627118644,0.5837694437928258,9.73783762892349,0.04310344827586207,1.0043919857672916,0.8366117318159583,0.4745762711864407
R1190,seq_1eedfbc5839f67d6,118,V3_5T,0,John_fixed,0,0.22411,0.22288,33.14724530200755,0.35583600133388266,0.3464022140221402,542,5.701644218469076,9.52323706263278,0.059322033898305086,1.1546687464991796,2.9551650138857255,0.1206896551724138,0.9443854158277177,0.9349086505991353,0.5084745762711864
R1190,seq_1eedfbc5839f67d6,118,V3_5T,1,John_fixed,0,0.15544,0.1534,48.509762007539265,0.3205380601037381,0.3007380073800738,542,7.048698130545985,12.445735969170736,0.01694915254237288,1.6796411527792694,30.020328000388655,0.06896551724137931,0.5632692217315395,0.7259715765135218,0.23728813559322035
R1190,seq_1eedfbc5839f67d6,118,V3_5T,2,John_fixed,0,0.21603,0.20874,51.12247404394901,0.308863047263471,0.2924354243542435,542,5.8084823403048125,10.507459775690007,0.05084745762711865,0.7919286459426812,27.718109764415853,0.05172413793103448,1.1325169864665994,0.7287106993260398,0.3559322033898305
R1190,seq_1eedfbc5839f67d6,118,V3_5T,3,John_fixed,0,0.2216,0.21305,38.886389918217105,0.28823699252724677,0.2836715867158672,542,5.5294193649526076,9.312613046151268,0.17796610169491525,0.957762841055703,8.725589161771591,0.1896551724137931,1.351504765316291,1.0124171362758352,0.4406779661016949
R1190,seq_1eedfbc5839f67d6,118,V3_5T,4,John_fixed,0,0.23813,0.24136,35.89720211664366,0.34519344826548215,0.3348708487084871,542,5.174463012143726,8.859540131264568,0.00847457627118644,0.6182427565406938,9.71768438020047,0.04310344827586207,1.0133698617621836,0.818953553597256,0.4915254237288136
R1190,seq_1eedfbc5839f67d6,118,V3_5T,0,Simple,0,0.22411,0.22792,33.16267999014971,0.3601379729028034,0.35239852398523985,542,5.861473395123765,9.676883470498534,0.07627118644067797,1.178491649133746,2.9397594994257936,0.1724137931034483,0.9720464351327431,0.8911411534798712,0.4745762711864407
R1190,seq_1eedfbc5839f67d6,118,V3_5T,1,Simple,0,0.15544,0.15601,48.85609911341152,0.33943718122743555,0.3196494464944649,542,7.526967869074442,12.93781535112052,0.00847457627118644,2.0023230252017847,30.1129359044542,0.07758620689655173,0.5954824660642304,0.7286189748888758,0.22033898305084745
R1190,seq_1eedfbc5839f67d6,118,V3_5T,2,Simple,0,0.21603,0.21738,51.200456676207665,0.3141833449036839,0.29704797047970477,542,5.925914587682841,10.613348219030303,0.05084745762711865,0.8076854806692884,27.83379299020717,0.06896551724137931,1.1152252346346656,0.7554412597343869,0.3389830508474576
R1190,seq_1eedfbc5839f67d6,118,V3_5T,3,Simple,0,0.2216,0.21507,38.98369427899409,0.29525850209112925,0.28690036900369004,542,5.647325610407778,9.357085206987891,0.1864406779661017,0.7846810526847953,8.77435419769618,0.20689655172413793,1.5552506434573385,0.9827761719055479,0.423728813559322
R1190,seq_1eedfbc5839f67d6,118,V3_5T,4,Simple,0,0.23813,0.23416,35.85184164743259,0.34389956206693495,0.3339483394833948,542,5.19878766760765,8.85119822045013,0.025423728813559324,0.648874667038061,9.703952412711399,0.04310344827586207,1.0058855882659794,0.7940854682016011,0.4915254237288136
R1190,seq_1eedfbc5839f67d6,118,V3_5T,0,Geometry_historical,0,0.22411,0.22571,33.175925954292715,0.3526109777698761,0.34501845018450183,542,5.784027783860673,9.640223301476386,0.05084745762711865,1.4443150823654514,2.929698010772203,0.08620689655172414,0.6589954047517284,0.7874582243666804,0.4915254237288136
R1190,seq_1eedfbc5839f67d6,118,V3_5T,1,Geometry_historical,0,0.15544,0.15613,48.83759986801266,0.3382728441520814,0.3191881918819188,542,7.521180417930859,12.93169513913125,0.00847457627118644,1.9995884771958348,30.094035995241153,0.07758620689655173,0.5106129441563122,0.6919437417972804,0.22033898305084745
R1190,seq_1eedfbc5839f67d6,118,V3_5T,2,Geometry_historical,0,0.21603,0.21782,51.08658807335874,0.30394300261885004,0.2878228782287823,542,5.880905424850791,10.578531063969828,0.05084745762711865,0.970578420889039,27.695387850085428,0.008620689655172414,0.48638480301581594,0.6216050265926999,0.3389830508474576
R1190,seq_1eedfbc5839f67d6,118,V3_5T,3,Geometry_historical,0,0.2216,0.21939,38.8673602575266,0.2805872740724436,0.275830258302583,542,5.528505846513694,9.36070981173195,0.07627118644067797,1.0877035886241884,8.656071980624464,0.0603448275862069,0.7863769457903057,0.8649153097333677,0.423728813559322
R1190,seq_1eedfbc5839f67d6,118,V3_5T,4,Geometry_historical,0,0.23813,0.24266,35.79705845665799,0.3424063695250136,0.3325645756457565,542,5.183404695025559,8.84289601748125,0.01694915254237288,0.6986336613597762,9.63713279600174,0.04310344827586207,0.6217222677926973,0.6445345909088662,0.4915254237288136
R1190,seq_1eedfbc5839f67d6,118,J_3T2D,0,Raw,0,0.22154,0.22154,64.06451645422644,0.47071146838095995,0.4621771217712177,542,5.549047881320147,9.483286397795863,0.025423728813559324,0.7374231241098035,54.46791923390646,0.1206896551724138,1.6673419531159839,0.984542517936167,0.3389830508474576
R1190,seq_1eedfbc5839f67d6,118,J_3T2D,1,Raw,0,0.1622,0.1622,35.55487053681685,0.2949074348438755,0.2882841328413284,542,6.871084761763889,10.941929348329847,0.00847457627118644,1.719729051294633,6.791810077378887,0.11206896551724138,0.9247085665070042,0.873016392203894,0.4406779661016949
R1190,seq_1eedfbc5839f67d6,118,J_3T2D,2,Raw,0,0.16808,0.16808,38.043084188815776,0.3530023413497991,0.34086715867158673,542,11.282735506912102,18.107536599662698,0.059322033898305086,2.6573950201249814,13.741841176523334,0.07758620689655173,1.9230824755311846,0.6639517948438067,0.5423728813559322
R1190,seq_1eedfbc5839f67d6,118,J_3T2D,3,Raw,0,0.18644,0.18644,26.347120147525324,0.49255132814454844,0.49308118081180813,542,4.3426081767071,7.111792888268353,0.00847457627118644,0.9617410496838396,1.1625097357564123,0.017241379310344827,0.5307086151642226,0.638060496372103,0.5254237288135594
R1190,seq_1eedfbc5839f67d6,118,J_3T2D,4,Raw,0,0.27034,0.27034,27.63430335819729,0.5924248362278024,0.6010147601476015,542,3.4195090787057913,5.499066996352643,0.0423728813559322,0.9776143574934402,1.5844834684166216,0.008620689655172414,0.45259776848657657,0.5133539019820882,0.7288135593220338
R1190,seq_1eedfbc5839f67d6,118,J_3T2D,0,John_adaptive,0,0.22154,0.22623,64.0670468488041,0.46857834373724205,0.4612546125461255,542,5.4733237319686,9.418401069812429,0.01694915254237288,0.5394362502264771,54.47642374595884,0.09482758620689655,1.6078863170678388,0.9860257354962634,0.3389830508474576
R1190,seq_1eedfbc5839f67d6,118,J_3T2D,1,John_adaptive,0,0.1622,0.1326,35.42844912913778,0.3199876571168944,0.3095018450184502,542,6.445814511848759,10.52335987549593,0.025423728813559324,1.2339139955610527,6.623134651422735,0.08620689655172414,0.901579628688678,0.85307849302442,0.4576271186440678
R1190,seq_1eedfbc5839f67d6,118,J_3T2D,2,John_adaptive,0,0.16808,0.1669,37.35817250118964,0.3525932106970243,0.33994464944649444,542,10.333860649743594,16.917253916004718,0.09322033898305085,2.0883538939471995,13.910834352938867,0.06896551724137931,1.7992493006957593,0.7398759025779968,0.4745762711864407
R1190,seq_1eedfbc5839f67d6,118,J_3T2D,3,John_adaptive,0,0.18644,0.20103,26.199689318222536,0.5024287212316874,0.503690036900369,542,4.409916917059147,7.185737570561994,0.01694915254237288,0.6260650057529618,1.1634263481431333,0.02586206896551724,0.6454047839380951,0.7083660104647287,0.5084745762711864
R1190,seq_1eedfbc5839f67d6,118,J_3T2D,4,John_adaptive,0,0.27034,0.2649,27.66919484070271,0.5562960168362712,0.5599630996309963,542,3.5392382308874186,5.739497640760688,0.05084745762711865,0.6179003647542686,1.5263533111394914,0.008620689655172414,0.5228909957514113,0.6259664525696549,0.6949152542372882
R1190,seq_1eedfbc5839f67d6,118,J_3T2D,0,John_fixed,0,0.22154,0.22731,64.06952400791742,0.4712559450906908,0.4635608856088561,542,5.457247229791181,9.404571940766376,0.01694915254237288,0.4927979594204096,54.481728555545146,0.09482758620689655,1.595369391704474,0.9897960990355934,0.3389830508474576
R1190,seq_1eedfbc5839f67d6,118,J_3T2D,1,John_fixed,0,0.1622,0.1326,35.42778841906862,0.3199876571168944,0.3095018450184502,542,6.443346695193694,10.520885002340522,0.025423728813559324,1.2312279045912875,6.622032477933505,0.08620689655172414,0.9016121465248694,0.8531106805344386,0.4576271186440678
R1190,seq_1eedfbc5839f67d6,118,J_3T2D,2,John_fixed,0,0.16808,0.16682,37.35683777528953,0.3525932106970243,0.33994464944649444,542,10.329955736724276,16.91268597295084,0.1016949152542373,2.087033689998607,13.914279823334095,0.06896551724137931,1.7969021448864608,0.7460190915955284,0.4745762711864407
R1190,seq_1eedfbc5839f67d6,118,J_3T2D,3,John_fixed,0,0.18644,0.20552,26.274828733515097,0.5018145696111798,0.503690036900369,542,4.359422850816126,7.143275988917081,0.00847457627118644,0.7955050769563582,1.1533335537705511,0.017241379310344827,0.5966087133268695,0.6714749765929359,0.5254237288135594
R1190,seq_1eedfbc5839f67d6,118,J_3T2D,4,John_fixed,0,0.27034,0.27249,27.623459476138912,0.5865029450304874,0.5936346863468634,542,3.453305798056649,5.586474821645827,0.05084745762711865,0.8063387781058284,1.587441946452298,0.0,0.4725501253852171,0.5483653400198413,0.7288135593220338
R1190,seq_1eedfbc5839f67d6,118,J_3T2D,0,Simple,0,0.22154,0.21367,64.06206153751634,0.4707626001587866,0.4635608856088561,542,5.514802015183166,9.450670683705004,0.025423728813559324,0.5997955700350438,54.46622075734673,0.11206896551724138,1.6387852636309495,0.9691696792016251,0.3220338983050847
R1190,seq_1eedfbc5839f67d6,118,J_3T2D,1,Simple,0,0.1622,0.1975,35.5405354855176,0.30851237980475266,0.3007380073800738,542,6.8006770750672345,10.886253470468874,0.01694915254237288,1.5073836795224056,6.775137891001069,0.11206896551724138,0.9254939451286399,0.880349406380704,0.4576271186440678
R1190,seq_1eedfbc5839f67d6,118,J_3T2D,2,Simple,0,0.16808,0.16818,38.02071337262938,0.3557805777085439,0.34363468634686345,542,11.237095903112323,18.065180391796904,0.059322033898305086,2.531043864638831,13.721958727162647,0.07758620689655173,1.9067571749880874,0.6940226401534267,0.5423728813559322
R1190,seq_1eedfbc5839f67d6,118,J_3T2D,3,Simple,0,0.18644,0.18609,26.371972336475675,0.5102038615809802,0.511070110701107,542,4.351303176323216,7.136965499439471,0.00847457627118644,0.7963000864355886,1.2003329059427017,0.017241379310344827,0.5558546026850748,0.6772642407953672,0.5254237288135594
R1190,seq_1eedfbc5839f67d6,118,J_3T2D,4,Simple,0,0.27034,0.26823,27.661589871327912,0.5960150431019076,0.6037822878228782,542,3.426364040853875,5.532330227289636,0.059322033898305086,0.7897726474528567,1.5484461247481391,0.0,0.47227918956695,0.5540233477750595,0.7288135593220338
R1190,seq_1eedfbc5839f67d6,118,J_3T2D,0,Geometry_historical,0,0.22154,0.22636,64.04573658796807,0.4689558675787489,0.4617158671586716,542,5.502822368587635,9.445126343458792,0.025423728813559324,0.5939208360443274,54.44915693721681,0.10344827586206896,1.148821568323515,0.8483666219959561,0.3220338983050847
R1190,seq_1eedfbc5839f67d6,118,J_3T2D,1,Geometry_historical,0,0.1622,0.15835,35.52857870836528,0.30967855120397497,0.30212177121771217,542,6.79233826780114,10.879657898410501,0.01694915254237288,1.5086679475543605,6.755597224290565,0.10344827586206896,0.7611130824713039,0.792245066779593,0.423728813559322
R1190,seq_1eedfbc5839f67d6,118,J_3T2D,2,Geometry_historical,0,0.16808,0.16906,38.01053547156646,0.3552872974483145,0.34363468634686345,542,11.231551035752103,18.057505745811373,0.06779661016949153,2.520392491296286,13.701929649072238,0.07758620689655173,1.236958221112109,0.8292487067898906,0.5254237288135594
R1190,seq_1eedfbc5839f67d6,118,J_3T2D,3,Geometry_historical,0,0.18644,0.20848,26.370017554803848,0.5109651295032651,0.5115313653136532,542,4.337695256164567,7.126629262125415,0.00847457627118644,0.8167307389430479,1.1935311509672104,0.017241379310344827,0.4508864885472488,0.5492294682046597,0.5423728813559322
R1190,seq_1eedfbc5839f67d6,118,J_3T2D,4,Geometry_historical,0,0.27034,0.2707,27.67013799893291,0.5965483433703772,0.6051660516605166,542,3.4057147783406276,5.519359217402842,0.059322033898305086,0.8037759636969871,1.5355631723708854,0.0,0.33738253228821474,0.4433462026349014,0.7288135593220338
R1190,seq_1eedfbc5839f67d6,118,V3_3T2D,0,Raw,0,0.22411,0.22411,33.18460671481205,0.34095920557784964,0.3334870848708487,542,5.834425017553671,9.658658106057167,0.09322033898305085,1.6231501141258493,2.9411105760410763,0.09482758620689655,0.879870470237847,0.8426031425289111,0.4576271186440678
R1190,seq_1eedfbc5839f67d6,118,V3_3T2D,1,Raw,0,0.15544,0.15544,48.86681305816334,0.331336548338667,0.31273062730627305,542,7.584747984862479,12.981570423236189,0.0,2.228267861631115,30.122955127208062,0.08620689655172414,0.6173251183190157,0.7319125706282269,0.2033898305084746
R1190,seq_1eedfbc5839f67d6,118,V3_3T2D,2,Raw,0,0.21603,0.21603,51.147023982293426,0.30093486433528804,0.28505535055350556,542,5.921564166777259,10.607087479836931,0.11016949152542373,1.1052515850055944,27.76340484001003,0.008620689655172414,0.9795275590289031,0.698394461927613,0.3220338983050847
R1190,seq_1eedfbc5839f67d6,118,V3_3T2D,3,Raw,0,0.18644,0.18644,26.347120147525324,0.49255132814454844,0.49308118081180813,542,4.3426081767071,7.111792888268353,0.00847457627118644,0.9617410496838396,1.1625097357564123,0.017241379310344827,0.5307086151642226,0.638060496372103,0.5254237288135594
R1190,seq_1eedfbc5839f67d6,118,V3_3T2D,4,Raw,0,0.27034,0.27034,27.63430335819729,0.5924248362278024,0.6010147601476015,542,3.4195090787057913,5.499066996352643,0.0423728813559322,0.9776143574934402,1.5844834684166216,0.008620689655172414,0.45259776848657657,0.5133539019820882,0.7288135593220338
R1190,seq_1eedfbc5839f67d6,118,V3_3T2D,0,John_adaptive,0,0.22411,0.22363,33.162941075262516,0.3485412480645531,0.33948339483394835,542,5.714401526136226,9.54936739013284,0.05084745762711865,1.3169655089423051,2.9539224821849963,0.08620689655172414,0.8505016680812748,0.9027542854569016,0.4915254237288136
R1190,seq_1eedfbc5839f67d6,118,V3_3T2D,1,John_adaptive,0,0.15544,0.15367,48.53894113896405,0.3213150491222525,0.3011992619926199,542,7.084539698537728,12.483945800451137,0.01694915254237288,1.712371727666511,30.026676464017196,0.06896551724137931,0.5575553789111145,0.7254734918729118,0.22033898305084745
R1190,seq_1eedfbc5839f67d6,118,V3_3T2D,2,John_adaptive,0,0.21603,0.20701,51.12003927884327,0.3097969709198523,0.2933579335793358,542,5.79889161052127,10.496875814293848,0.05084745762711865,0.7680892039076214,27.71259607252094,0.05172413793103448,1.1427744231574761,0.7305717973284819,0.3559322033898305
R1190,seq_1eedfbc5839f67d6,118,V3_3T2D,3,John_adaptive,0,0.18644,0.20103,26.199689318222536,0.5024287212316874,0.503690036900369,542,4.409916917059147,7.185737570561994,0.01694915254237288,0.6260650057529618,1.1634263481431333,0.02586206896551724,0.6454047839380951,0.7083660104647287,0.5084745762711864
R1190,seq_1eedfbc5839f67d6,118,V3_3T2D,4,John_adaptive,0,0.27034,0.2649,27.66919484070271,0.5562960168362712,0.5599630996309963,542,3.5392382308874186,5.739497640760688,0.05084745762711865,0.6179003647542686,1.5263533111394914,0.008620689655172414,0.5228909957514113,0.6259664525696549,0.6949152542372882
R1190,seq_1eedfbc5839f67d6,118,V3_3T2D,0,John_fixed,0,0.22411,0.22288,33.14724530200755,0.35583600133388266,0.3464022140221402,542,5.701644218469076,9.52323706263278,0.059322033898305086,1.1546687464991796,2.9551650138857255,0.1206896551724138,0.9443854158277177,0.9349086505991353,0.5084745762711864
R1190,seq_1eedfbc5839f67d6,118,V3_3T2D,1,John_fixed,0,0.15544,0.1534,48.509762007539265,0.3205380601037381,0.3007380073800738,542,7.048698130545985,12.445735969170736,0.01694915254237288,1.6796411527792694,30.020328000388655,0.06896551724137931,0.5632692217315395,0.7259715765135218,0.23728813559322035
R1190,seq_1eedfbc5839f67d6,118,V3_3T2D,2,John_fixed,0,0.21603,0.20874,51.12247404394901,0.308863047263471,0.2924354243542435,542,5.8084823403048125,10.507459775690007,0.05084745762711865,0.7919286459426812,27.718109764415853,0.05172413793103448,1.1325169864665994,0.7287106993260398,0.3559322033898305
R1190,seq_1eedfbc5839f67d6,118,V3_3T2D,3,John_fixed,0,0.18644,0.20552,26.274828733515097,0.5018145696111798,0.503690036900369,542,4.359422850816126,7.143275988917081,0.00847457627118644,0.7955050769563582,1.1533335537705511,0.017241379310344827,0.5966087133268695,0.6714749765929359,0.5254237288135594
R1190,seq_1eedfbc5839f67d6,118,V3_3T2D,4,John_fixed,0,0.27034,0.27249,27.623459476138912,0.5865029450304874,0.5936346863468634,542,3.453305798056649,5.586474821645827,0.05084745762711865,0.8063387781058284,1.587441946452298,0.0,0.4725501253852171,0.5483653400198413,0.7288135593220338
R1190,seq_1eedfbc5839f67d6,118,V3_3T2D,0,Simple,0,0.22411,0.22792,33.16267999014971,0.3601379729028034,0.35239852398523985,542,5.861473395123765,9.676883470498534,0.07627118644067797,1.178491649133746,2.9397594994257936,0.1724137931034483,0.9720464351327431,0.8911411534798712,0.4745762711864407
R1190,seq_1eedfbc5839f67d6,118,V3_3T2D,1,Simple,0,0.15544,0.15601,48.85609911341152,0.33943718122743555,0.3196494464944649,542,7.526967869074442,12.93781535112052,0.00847457627118644,2.0023230252017847,30.1129359044542,0.07758620689655173,0.5954824660642304,0.7286189748888758,0.22033898305084745
R1190,seq_1eedfbc5839f67d6,118,V3_3T2D,2,Simple,0,0.21603,0.21738,51.200456676207665,0.3141833449036839,0.29704797047970477,542,5.925914587682841,10.613348219030303,0.05084745762711865,0.8076854806692884,27.83379299020717,0.06896551724137931,1.1152252346346656,0.7554412597343869,0.3389830508474576
R1190,seq_1eedfbc5839f67d6,118,V3_3T2D,3,Simple,0,0.18644,0.18609,26.371972336475675,0.5102038615809802,0.511070110701107,542,4.351303176323216,7.136965499439471,0.00847457627118644,0.7963000864355886,1.2003329059427017,0.017241379310344827,0.5558546026850748,0.6772642407953672,0.5254237288135594
R1190,seq_1eedfbc5839f67d6,118,V3_3T2D,4,Simple,0,0.27034,0.26823,27.661589871327912,0.5960150431019076,0.6037822878228782,542,3.426364040853875,5.532330227289636,0.059322033898305086,0.7897726474528567,1.5484461247481391,0.0,0.47227918956695,0.5540233477750595,0.7288135593220338
R1190,seq_1eedfbc5839f67d6,118,V3_3T2D,0,Geometry_historical,0,0.22411,0.22571,33.175925954292715,0.3526109777698761,0.34501845018450183,542,5.784027783860673,9.640223301476386,0.05084745762711865,1.4443150823654514,2.929698010772203,0.08620689655172414,0.6589954047517284,0.7874582243666804,0.4915254237288136
R1190,seq_1eedfbc5839f67d6,118,V3_3T2D,1,Geometry_historical,0,0.15544,0.15613,48.83759986801266,0.3382728441520814,0.3191881918819188,542,7.521180417930859,12.93169513913125,0.00847457627118644,1.9995884771958348,30.094035995241153,0.07758620689655173,0.5106129441563122,0.6919437417972804,0.22033898305084745
R1190,seq_1eedfbc5839f67d6,118,V3_3T2D,2,Geometry_historical,0,0.21603,0.21782,51.08658807335874,0.30394300261885004,0.2878228782287823,542,5.880905424850791,10.578531063969828,0.05084745762711865,0.970578420889039,27.695387850085428,0.008620689655172414,0.48638480301581594,0.6216050265926999,0.3389830508474576
R1190,seq_1eedfbc5839f67d6,118,V3_3T2D,3,Geometry_historical,0,0.18644,0.20848,26.370017554803848,0.5109651295032651,0.5115313653136532,542,4.337695256164567,7.126629262125415,0.00847457627118644,0.8167307389430479,1.1935311509672104,0.017241379310344827,0.4508864885472488,0.5492294682046597,0.5423728813559322
R1190,seq_1eedfbc5839f67d6,118,V3_3T2D,4,Geometry_historical,0,0.27034,0.2707,27.67013799893291,0.5965483433703772,0.6051660516605166,542,3.4057147783406276,5.519359217402842,0.059322033898305086,0.8037759636969871,1.5355631723708854,0.0,0.33738253228821474,0.4433462026349014,0.7288135593220338
